<?xml version="1.0" encoding="UTF-8"?>
<biography birthDate="1942" fullName="Abdurehim Amet" displayName="Abdurehim Amet" nonEnglishName="" sex="male" nationality="Uygur">
  <bioText>Abdurehim Amet, male, Uygur nationality, is a native of Shufu, Xinjiang Uygur Autonomous Region. He was born in November 1942, joined the CPC in May 1965, and started to work in August 1964. He graduated from the Mechanism Department of the Xinjiang Industry Institute. Abdurehim held leading posts in his native Xinjiang Uygur Autonomous Region, where he served as deputy secretary of the CPC Yining County Committee, and director of the Yining County Revolutionary Committee. Subsequently, he served as a member of the standing committee of the Xinjiang Uygur Autonomous Regional CPC Committee. He also served as chairman of the standing committee of the Xinjiang Uygur Autonomous Regional People's Congress. Abdurehim Amet currently serves as vice-chairman of the 11th Ethnic Affairs Committee of the NPC and is a member of the 11th Standing Committee of the NPC.</bioText>
  <posts>
    <post description="Vice-Chairman, 11th Ethnic Affairs Committee of the NPC"/>
    <post description="Member, 11th Standing Committee of the NPC"/>
  </posts>
  <birthLocations>
    <birthLocation location="Xinjiang Uygur Autonomous Region"/>
    <birthLocation location="Shufu County"/>
  </birthLocations>
  <workHistoryEntry startDate="2008">
    <workRoles>
      <workRole role="Vice-Chairman"/>
      <workRole institution="11th Ethnic Affairs Committee of the NPC"/>
    </workRoles>
  </workHistoryEntry>
  <workHistoryEntry startDate="2008">
    <workRoles>
      <workRole role="Member"/>
      <workRole institution="11th Standing Committee of the NPC"/>
    </workRoles>
  </workHistoryEntry>
  <workHistoryEntry startDate="2004" endDate="2008">
    <workRoles>
      <workRole role="Chairman"/>
      <workRole institution="Autonomous Regional People's Congress"/>
      <workRole institution="Standing Committee"/>
      <workRole location="Xinjiang Uygur Autonomous Region"/>
    </workRoles>
  </workHistoryEntry>
  <workHistoryEntry startDate="2001" endDate="2004">
    <workRoles>
      <workRole role="Vice-Chairman"/>
      <workRole institution="Autonomous Regional People's Congress"/>
      <workRole institution="Standing Committee"/>
      <workRole location="Xinjiang Uygur Autonomous Region"/>
    </workRoles>
  </workHistoryEntry>
  <workHistoryEntry startDate="1993" endDate="2001">
    <workRoles>
      <workRole role="Member"/>
      <workRole institution="CPC"/>
      <workRole institution="Autonomous Regional Committee"/>
      <workRole institution="Standing Committee"/>
      <workRole location="Xinjiang Uygur Autonomous Region"/>
    </workRoles>
  </workHistoryEntry>
  <workHistoryEntry startDate="1983" endDate="1993">
    <workRoles>
      <workRole role="Deputy Secretary"/>
      <workRole institution="CPC"/>
      <workRole institution="Autonomous Regional Committee"/>
      <workRole institution="Commission for Discipline Inspection"/>
      <workRole location="Xinjiang Uygur Autonomous Region"/>
    </workRoles>
  </workHistoryEntry>
  <workHistoryEntry startDate="1981" endDate="1983">
    <workRoles>
      <workRole role="Deputy Secretary"/>
      <workRole institution="CPC"/>
      <workRole institution="Autonomous Regional Committee"/>
      <workRole location="Xinjiang Uygur Autonomous Region"/>
    </workRoles>
  </workHistoryEntry>
  <workHistoryEntry startDate="1979" endDate="1981">
    <workRoles>
      <workRole role="Section Chief"/>
      <workRole institution="CPC"/>
      <workRole institution="Autonomous Regional Committee"/>
      <workRole institution="Organization Department"/>
      <workRole location="Xinjiang Uygur Autonomous Region"/>
    </workRoles>
  </workHistoryEntry>
  <workHistoryEntry startDate="1977" endDate="1979">
    <workRoles>
      <workRole role="Secretary"/>
      <workRole institution="CPC"/>
      <workRole institution="Autonomous County Committee"/>
      <workRole location="Xinjiang Uygur Autonomous Region"/>
      <workRole location="Nilka County"/>
    </workRoles>
  </workHistoryEntry>
  <workHistoryEntry startDate="1975" endDate="1977">
    <workRoles>
      <workRole role="Director"/>
      <workRole institution="Cultural Revolution"/>
      <workRole institution="Revolutionary Committee"/>
      <workRole location="Xinjiang Uygur Autonomous Region"/>
      <workRole location="Yining County"/>
    </workRoles>
  </workHistoryEntry>
  <workHistoryEntry startDate="1975" endDate="1977">
    <workRoles>
      <workRole role="Deputy Secretary"/>
      <workRole institution="CPC"/>
      <workRole institution="Autonomous County Committee"/>
      <workRole location="Xinjiang Uygur Autonomous Region"/>
      <workRole location="Yining County"/>
    </workRoles>
  </workHistoryEntry>
  <workHistoryEntry startDate="1973" endDate="1975">
    <workRoles>
      <workRole role="Secretary"/>
      <workRole institution="Alstan Commune"/>
      <workRole location="Xinjiang Uygur Autonomous Region"/>
      <workRole location="Yining County"/>
    </workRoles>
  </workHistoryEntry>
  <workHistoryEntry startDate="1971" endDate="1973">
    <workRoles>
      <workRole role="Deputy Director"/>
      <workRole institution="Tianshan Commune"/>
      <workRole institution="Cultural Revolution"/>
      <workRole institution="Revolutionary Committee"/>
      <workRole location="Xinjiang Uygur Autonomous Region"/>
      <workRole location="Yining County"/>
    </workRoles>
  </workHistoryEntry>
  <workHistoryEntry startDate="1966" endDate="1971">
    <workRoles>
      <workRole role="Deputy Secretary"/>
      <workRole institution="Turpan Yuzi Commune"/>
      <workRole institution="CPC"/>
      <workRole institution="Party Committee"/>
      <workRole location="Xinjiang Uygur Autonomous Region"/>
      <workRole location="Yining County"/>
    </workRoles>
  </workHistoryEntry>
  <workHistoryEntry startDate="1965">
    <workRoles>
      <workRole role="Joined"/>
      <workRole institution="CPC"/>
    </workRoles>
  </workHistoryEntry>
  <workHistoryEntry startDate="1964" endDate="1965">
    <workRoles>
      <workRole role="Worker"/>
      <workRole institution="Turpan Yuzi Commune"/>
      <workRole location="Xinjiang Uygur Autonomous Region"/>
      <workRole location="Yining County"/>
    </workRoles>
  </workHistoryEntry>
  <workHistoryEntry startDate="1959" endDate="1964">
    <workRoles>
      <workRole role="Student"/>
      <workRole institution="Xinjiang Industry Institute"/>
      <workRole institution="Mechanism Department"/>
      <workRole location="Xinjiang Uygur Autonomous Region"/>
    </workRoles>
  </workHistoryEntry>
  <workHistory/>
</biography>
