<?xml version="1.0" encoding="UTF-8"?>
<biography birthDate="1944" fullName="Abudukader Naisierding" displayName="Abudukader Naisierding" nonEnglishName="" sex="male" nationality="the Uygur">
  <bioText>Abudukader Naisierding, male, the Uygur nationality, is a native of Urumqi, Xinjiang Uygur Autonomous Region. He was born in December 1944, joined the CPC in June 1973, and attained the academic credentials of graduate student in Party School of the Central Committee of CPC. Abudukader held leading posts in Kashi Prefecture, where he served as special commissioner to the administrative office of the prefectural CPC Committee. Abudukader was 9th and 10th vice-chairman of the Xinjiang Uygur Autonomous Regional People's Government and Vice-Chairman of 9th CPPCC Xinjiang Uygur Autonomous Regional Committee.</bioText>
  <posts>
    <post description="Former Vice-Chairman of the Xinjiang Uygur Autonomous Region"/>
  </posts>
  <birthLocations>
    <birthLocation location="Xinjiang Uygur Autonomous Region"/>
    <birthLocation location="Urumqi City"/>
  </birthLocations>
  <workHistoryEntry startDate="1998" endDate="2008">
    <workRoles>
      <workRole role="Vice-Chairman"/>
      <workRole institution="Autonomous Region People's Government"/>
      <workRole location="Xinjiang Uygur Autonomous Region"/>
    </workRoles>
  </workHistoryEntry>
  <workHistoryEntry startDate="1993" endDate="1998">
    <workRoles>
      <workRole role="Special Commissioner"/>
      <workRole institution="Prefectural Administrative Office"/>
      <workRole location="Xinjiang Uygur Autonomous Region"/>
      <workRole location="Kashi Prefecture"/>
    </workRoles>
  </workHistoryEntry>
  <workHistoryEntry startDate="1985" endDate="1998">
    <workRoles>
      <workRole role="Member"/>
      <workRole institution="CPC"/>
      <workRole institution="Autonomous Prefectural Committee"/>
      <workRole location="Xinjiang Uygur Autonomous Region"/>
      <workRole location="Kashi Prefecture"/>
    </workRoles>
  </workHistoryEntry>
  <workHistoryEntry startDate="1985" endDate="1998">
    <workRoles>
      <workRole role="Deputy Secretary"/>
      <workRole institution="CPC"/>
      <workRole institution="Autonomous Prefectural Committee"/>
      <workRole location="Xinjiang Uygur Autonomous Region"/>
      <workRole location="Kashi Prefecture"/>
    </workRoles>
  </workHistoryEntry>
  <workHistoryEntry startDate="1973">
    <workRoles>
      <workRole role="Joined"/>
      <workRole institution="CPC"/>
    </workRoles>
  </workHistoryEntry>
  <workHistoryEntry startDate="1967" endDate="1985">
    <workRoles>
      <workRole role="Assistant Commissioner"/>
      <workRole institution="Education Bureau"/>
      <workRole location="Xinjiang Uygur Autonomous Region"/>
      <workRole location="Jianshi"/>
    </workRoles>
  </workHistoryEntry>
  <workHistoryEntry startDate="1967" endDate="1985">
    <workRoles>
      <workRole role="Bureau Chief"/>
      <workRole institution="Education Bureau"/>
      <workRole location="Xinjiang Uygur Autonomous Region"/>
      <workRole location="Jianshi"/>
    </workRoles>
  </workHistoryEntry>
  <workHistoryEntry startDate="1967" endDate="1985">
    <workRoles>
      <workRole role="Cadre"/>
      <workRole location="Xinjiang Uygur Autonomous Region"/>
      <workRole location="Kashi Prefecture"/>
    </workRoles>
  </workHistoryEntry>
  <workHistory/>
</biography>
