<?xml version="1.0" encoding="UTF-8"?>
<biography birthDate="1943" fullName="Abudureyimu Ajiyiming" displayName="Abudureyimu Ajiyiming" nonEnglishName="" sex="male" nationality="the Uygur">
  <bioText>Abudureyimu Ajiyiming, male, the Uygur nationality, is a native of Xinjiang, Kashi. He was born in March 1943, graduated from a specialized middle school, and became a senior accountant. He began working in August 1962, and he held several accountancy positions in the Xinjiang Uygur Autonomous Regional branch of the People's Bank of China. He also held executive positions in returned Overseas Chinese organizations in this region. He was a member of the ninth session of the Standing Committee of CPPCC National Committee; and the ninth session of the Executive Committee of All-China Federation of Industry and Commerce. He became vice-chairman of the Xinjiang Uygur Autonomous Region, chairman of the executive committee of the regional Federation of Industry and Commerce, and honorary chairman of the regional Federation of Returned Overseas Chinese.</bioText>
  <posts>
    <post description="Former Vice-Chairman of the Xinjiang Uygur Autonomous Region"/>
  </posts>
  <birthLocations>
    <birthLocation location="Xinjiang Uygur Autonomous Region"/>
    <birthLocation location="Kashi Prefecture"/>
  </birthLocations>
  <workHistoryEntry startDate="2003" endDate="2008">
    <workRoles>
      <workRole role="Honorary Chairman"/>
      <workRole institution="Xinjiang Federation of Returned Overseas Chinese"/>
      <workRole location="Xinjiang Uygur Autonomous Region"/>
    </workRoles>
  </workHistoryEntry>
  <workHistoryEntry startDate="2003" endDate="2008">
    <workRoles>
      <workRole role="Vice-Chairman"/>
      <workRole institution="8th CPC"/>
      <workRole institution="Autonomous Regional Committee"/>
      <workRole location="Xinjiang Uygur Autonomous Region"/>
    </workRoles>
  </workHistoryEntry>
  <workHistoryEntry startDate="2003" endDate="2008">
    <workRoles>
      <workRole role="Vice-Chairman"/>
      <workRole institution="Autonomous Region People's Government"/>
      <workRole location="Xinjiang Uygur Autonomous Region"/>
    </workRoles>
  </workHistoryEntry>
  <workHistoryEntry startDate="1998" endDate="2003">
    <workRoles>
      <workRole role="Vice-Chairman"/>
      <workRole institution="7th CPC"/>
      <workRole institution="Autonomous Regional Committee"/>
      <workRole location="Xinjiang Uygur Autonomous Region"/>
    </workRoles>
  </workHistoryEntry>
  <workHistoryEntry startDate="1998" endDate="2003">
    <workRoles>
      <workRole role="Member"/>
      <workRole institution="9th CPPCC"/>
      <workRole institution="National Committee"/>
      <workRole institution="Standing Committee"/>
    </workRoles>
  </workHistoryEntry>
  <workHistoryEntry startDate="1997" endDate="2007">
    <workRoles>
      <workRole role="Chairman"/>
      <workRole institution="Xinjinang Federation of Industry and Commerce"/>
      <workRole institution="Executive Committee"/>
      <workRole location="Xinjiang Uygur Autonomous Region"/>
    </workRoles>
  </workHistoryEntry>
  <workHistoryEntry startDate="1997" endDate="2007">
    <workRoles>
      <workRole role="Member"/>
      <workRole institution="All-China Federation of Industry and Commerce"/>
      <workRole institution="Executive Committee"/>
    </workRoles>
  </workHistoryEntry>
  <workHistoryEntry startDate="1993" endDate="1998">
    <workRoles>
      <workRole role="Deputy"/>
      <workRole institution="8th NPC"/>
    </workRoles>
  </workHistoryEntry>
  <workHistoryEntry startDate="1993" endDate="1998">
    <workRoles>
      <workRole role="Member"/>
      <workRole institution="6th CPC"/>
      <workRole institution="Autonomous Regional Committee"/>
      <workRole location="Xinjiang Uygur Autonomous Region"/>
    </workRoles>
  </workHistoryEntry>
  <workHistoryEntry startDate="1988" endDate="1993">
    <workRoles>
      <workRole role="Member"/>
      <workRole institution="5th CPC"/>
      <workRole institution="Autonomous Regional Committee"/>
      <workRole location="Xinjiang Uygur Autonomous Region"/>
    </workRoles>
  </workHistoryEntry>
  <workHistoryEntry startDate="1962" endDate="1988">
    <workRoles>
      <workRole role="Deputy Office Chief"/>
      <workRole institution="People's Bank of China"/>
      <workRole institution="Regional Branch"/>
      <workRole location="Xinjiang Uygur Autonomous Region"/>
    </workRoles>
  </workHistoryEntry>
  <workHistoryEntry startDate="1962" endDate="1988">
    <workRoles>
      <workRole role="Vice-Chairman"/>
      <workRole institution="Urumqi Federation of Returned Overseas Chinese"/>
      <workRole institution="Executive Committee"/>
      <workRole location="Xinjiang Uygur Autonomous Region"/>
      <workRole location="Urumqi City"/>
    </workRoles>
  </workHistoryEntry>
  <workHistoryEntry startDate="1962" endDate="1988">
    <workRoles>
      <workRole role="Chief Accountant"/>
      <workRole institution="People's Bank of China"/>
      <workRole institution="Regional Branch"/>
      <workRole location="Xinjiang Uygur Autonomous Region"/>
    </workRoles>
  </workHistoryEntry>
  <workHistoryEntry startDate="1962" endDate="1988">
    <workRoles>
      <workRole role="Deputy Chief Accountant"/>
      <workRole institution="People's Bank of China"/>
      <workRole institution="Regional Branch"/>
      <workRole location="Xinjiang Uygur Autonomous Region"/>
    </workRoles>
  </workHistoryEntry>
  <workHistoryEntry startDate="1962" endDate="1988">
    <workRoles>
      <workRole role="Department Head"/>
      <workRole institution="People's Bank of China"/>
      <workRole institution="Regional Branch"/>
      <workRole location="Xinjiang Uygur Autonomous Region"/>
    </workRoles>
  </workHistoryEntry>
  <workHistoryEntry startDate="">
    <workRoles>
      <workRole role="Cashier Assistant"/>
      <workRole institution="People's Bank of China"/>
      <workRole institution="Regional Branch"/>
      <workRole location="Xinjiang Uygur Autonomous Region"/>
    </workRoles>
  </workHistoryEntry>
  <workHistoryEntry startDate="">
    <workRoles>
      <workRole role="Comprehensive Group Leader"/>
      <workRole institution="People's Bank of China"/>
      <workRole institution="Regional Branch"/>
      <workRole location="Xinjiang Uygur Autonomous Region"/>
    </workRoles>
  </workHistoryEntry>
  <workHistoryEntry startDate="">
    <workRoles>
      <workRole role="Office Worker"/>
      <workRole institution="People's Bank of China"/>
      <workRole institution="Regional Branch"/>
      <workRole location="Xinjiang Uygur Autonomous Region"/>
    </workRoles>
  </workHistoryEntry>
  <workHistory/>
</biography>
