<?xml version="1.0" encoding="UTF-8"?>
<biography birthDate="1950" fullName="Agya Losangtudain" displayName="Agya Losangtudain" nonEnglishName="" sex="male" nationality="Mongol">
  <bioText>Agya Losangtudain, male, Mongol nationality, was born in 1950 in Haiyan, Qinghai Province. He is a "Living Buddha" of the Taer (Gumbum) Monastery in Qinghai Province. Beginning in 1965, he studied the Tibetan language and scripture at the Zhaxi Lhunbo Lamasery in Xigaze County in the Tibet Autonomous Region. After 1981, he was active in Buddhist and youth associations in Qinghai Province, and he subsequently became deputy secretary-general of the 6th CPPCC Qinghai provincial committee. He became vice-chairman of the 6th Council of Buddhist Associations in China in 1993, and he became vice-chairman of the All-China Youth Federation in 1995. Agya Losangtudain was made vice-chairman of the 7th and 8th CPPCC Qinghai provincial committees, and he was a standing committee member of the 9th CPPCC national committee.</bioText>
  <posts>
    <post description="Former Vice-Chairman of the CPPCC Qinghai Provincial Committee, Former Vice-Chairman of the Buddhist Association of China"/>
  </posts>
  <birthLocations>
    <birthLocation location="Qinghai Province"/>
    <birthLocation location="Haiyan"/>
  </birthLocations>
  <workHistoryEntry startDate="1998" endDate="2000">
    <workRoles>
      <workRole role="Member"/>
      <workRole institution="9th CPPCC"/>
      <workRole institution="National Committee"/>
      <workRole institution="Standing Committee"/>
    </workRoles>
  </workHistoryEntry>
  <workHistoryEntry startDate="1998" endDate="2000">
    <workRoles>
      <workRole role="Member"/>
      <workRole institution="9th CPPCC"/>
      <workRole institution="National Committee"/>
    </workRoles>
  </workHistoryEntry>
  <workHistoryEntry startDate="1995" endDate="2000">
    <workRoles>
      <workRole role="Vice-Chairman"/>
      <workRole institution="All-China Youth Federation"/>
    </workRoles>
  </workHistoryEntry>
  <workHistoryEntry startDate="1993" endDate="1998">
    <workRoles>
      <workRole role="Member"/>
      <workRole institution="8th CPPCC"/>
      <workRole institution="National Committee"/>
    </workRoles>
  </workHistoryEntry>
  <workHistoryEntry startDate="1993" endDate="1998">
    <workRoles>
      <workRole role="Vice-Chairman"/>
      <workRole institution="CPPCC"/>
      <workRole institution="Provincial Committee"/>
      <workRole location="Qinghai Province"/>
    </workRoles>
  </workHistoryEntry>
  <workHistoryEntry startDate="1993" endDate="1998">
    <workRoles>
      <workRole role="Vice-Chairman"/>
      <workRole institution="Buddhist Association of China"/>
    </workRoles>
  </workHistoryEntry>
  <workHistoryEntry startDate="1988" endDate="1993">
    <workRoles>
      <workRole role="Member"/>
      <workRole institution="7th CPPCC"/>
      <workRole institution="National Committee"/>
    </workRoles>
  </workHistoryEntry>
  <workHistoryEntry startDate="">
    <workRoles>
      <workRole role="Deputy Secretary-General"/>
      <workRole institution="CPPCC"/>
      <workRole institution="Provincial Committee"/>
      <workRole location="Qinghai Province"/>
    </workRoles>
  </workHistoryEntry>
  <workHistoryEntry startDate="">
    <workRoles>
      <workRole role="Chairman"/>
      <workRole institution="Buddhist Association of China"/>
      <workRole institution="Council"/>
    </workRoles>
  </workHistoryEntry>
  <workHistoryEntry startDate="">
    <workRoles>
      <workRole role="Director"/>
    </workRoles>
  </workHistoryEntry>
  <workHistoryEntry startDate="">
    <workRoles>
      <workRole role="Member"/>
      <workRole institution="Buddhist Association of China"/>
      <workRole institution="Council"/>
    </workRoles>
  </workHistoryEntry>
  <workHistoryEntry startDate="">
    <workRoles>
      <workRole role="Vice-Chairman"/>
      <workRole institution="Provincial Youth Federation"/>
      <workRole location="Qinghai Province"/>
    </workRoles>
  </workHistoryEntry>
  <workHistoryEntry startDate="">
    <workRoles>
      <workRole role="Member"/>
      <workRole institution="All-China Youth Federation"/>
    </workRoles>
  </workHistoryEntry>
  <workHistoryEntry startDate="1981" endDate="1988">
    <workRoles>
      <workRole role="Vice-Chairman"/>
      <workRole institution="Provincial Buddhist Association"/>
      <workRole location="Qinghai Province"/>
    </workRoles>
  </workHistoryEntry>
  <workHistoryEntry startDate="1965" endDate="????">
    <workRoles>
      <workRole role="Student"/>
      <workRole institution="Zhaxi Lhunbo Lamasery"/>
      <workRole location="Tibet Autonomous Region"/>
    </workRoles>
  </workHistoryEntry>
  <workHistoryEntry startDate="">
    <workRoles>
      <workRole role="(&quot;Living Buddha,&quot; Taer (Gumbum) Monastery, Qinghai Province)"/>
    </workRoles>
  </workHistoryEntry>
  <workHistory/>
</biography>
