<?xml version="1.0" encoding="UTF-8"?>
<biography birthDate="1960" fullName="Ai Baojun" displayName="Ai Baojun" nonEnglishName="" sex="male" nationality="Han">
  <bioText>Ai Baojun, male, Han nationality, a native of Liaoyang City, Liaoning Province, was born in February 1960. He joined the CPC in 1982. He received a bachelor's degree in industrial automation Northeastern in 1983 and earned a master's degree in enterprise project management in 1988—both from Northeastern University. He began working in July 1983 and first held several accountancy positions in Northeastern University. Then, he studied in the United States from 1990 to 1991. Ai has extensive experience in finance, accounting, and assets management of the steel industry. He joined Baoshan Iron and Steel Corporation in 1994 and served in several executive positions. He was director and deputy general manager of the corporation. In 1998, he was also general accountant. Ai later became the chief accountant, vice-president, and general manager of Baoshan Iron and Steel Corporation. He became vice-mayor of Shanghai in 2008.</bioText>
  <posts>
    <post description="Vice Mayor, People's Government, Shanghai Municipality"/>
  </posts>
  <birthLocations>
    <birthLocation location="Liaoning Province"/>
    <birthLocation location="Liaoyang City"/>
  </birthLocations>
  <workHistoryEntry startDate="2008">
    <workRoles>
      <workRole role="Vice Mayor"/>
      <workRole institution="People's Government"/>
      <workRole location="Shanghai Municipality"/>
    </workRoles>
  </workHistoryEntry>
  <workHistoryEntry startDate="2003" endDate="2008">
    <workRoles>
      <workRole role="Deputy"/>
      <workRole institution="10th NPC"/>
    </workRoles>
  </workHistoryEntry>
  <workHistoryEntry startDate="1998" endDate="2007">
    <workRoles>
      <workRole role="General Manager"/>
      <workRole institution="Baoshan Iron and Steel Corporation"/>
    </workRoles>
  </workHistoryEntry>
  <workHistoryEntry startDate="1998" endDate="2007">
    <workRoles>
      <workRole role="Chief Accountant"/>
      <workRole institution="Baoshan Iron and Steel Corporation"/>
    </workRoles>
  </workHistoryEntry>
  <workHistoryEntry startDate="1998" endDate="2007">
    <workRoles>
      <workRole role="President"/>
      <workRole institution="Baoshan Iron and Steel Corporation"/>
    </workRoles>
  </workHistoryEntry>
  <workHistoryEntry startDate="1994" endDate="1998">
    <workRoles>
      <workRole role="Deputy Chief"/>
      <workRole institution="Baoshan Iron and Steel Corporation"/>
      <workRole institution="Programming Finance Department"/>
    </workRoles>
  </workHistoryEntry>
  <workHistoryEntry startDate="1994" endDate="1998">
    <workRoles>
      <workRole role="Deputy Chief"/>
      <workRole institution="Baoshan Iron and Steel Corporation"/>
      <workRole institution="Finance Department"/>
    </workRoles>
  </workHistoryEntry>
  <workHistoryEntry startDate="1994" endDate="2000">
    <workRoles>
      <workRole role="Deputy General Manager"/>
      <workRole institution="Baoshan Iron and Steel Corporation"/>
    </workRoles>
  </workHistoryEntry>
  <workHistoryEntry startDate="1983">
    <workRoles>
      <workRole role="Graduate"/>
      <workRole institution="Northeastern University (NEU)"/>
    </workRoles>
  </workHistoryEntry>
  <workHistoryEntry startDate="1983" endDate="1994">
    <workRoles>
      <workRole role="Deputy General Accountant"/>
      <workRole institution="Northeastern University (NEU)"/>
    </workRoles>
  </workHistoryEntry>
  <workHistoryEntry startDate="1983" endDate="1984">
    <workRoles>
      <workRole role="Teacher"/>
      <workRole institution="Northeastern University (NEU)"/>
      <workRole institution="Management Department"/>
    </workRoles>
  </workHistoryEntry>
  <workHistory/>
</biography>
