<?xml version="1.0" encoding="UTF-8"?>
<biography birthDate="1951" fullName="Ai Husheng" displayName="Ai Husheng" nonEnglishName="" sex="male" nationality="Han">
  <bioText>Ai Husheng, male, Han nationality, is a native of Yuxian County of Henan Province. He was born in 1951 and started to work in 1967. He graduated from Liaoning University and holds a Master Degree. Ai serves as Chief-of-Staff of Chengdu Military Region of PLA since 2007. He is currently an Alternate Member of 17th CPC Central Committee.</bioText>
  <posts>
    <post description="Alternate Member, 17th CPC, Central Committee"/>
    <post description="Chief-of-Staff, PLA, Regions, Chengdu Military Region, Sichuan Province, Chengdu City"/>
  </posts>
  <birthLocations>
    <birthLocation location="Henan Province"/>
    <birthLocation location="Yuxian County"/>
  </birthLocations>
  <workHistoryEntry startDate="2007">
    <workRoles>
      <workRole role="Alternate Member"/>
      <workRole institution="17th CPC"/>
      <workRole institution="Central Committee"/>
    </workRoles>
  </workHistoryEntry>
  <workHistoryEntry startDate="2007">
    <workRoles>
      <workRole role="Lieutenant General"/>
      <workRole institution="PLA"/>
    </workRoles>
  </workHistoryEntry>
  <workHistoryEntry startDate="2007">
    <workRoles>
      <workRole role="Chief-of-Staff"/>
      <workRole institution="PLA"/>
      <workRole institution="Regions"/>
      <workRole institution="Chengdu Military Region"/>
      <workRole location="Sichuan Province"/>
      <workRole location="Chengdu City"/>
    </workRoles>
  </workHistoryEntry>
  <workHistoryEntry startDate="2003" endDate="2008">
    <workRoles>
      <workRole role="Deputy"/>
      <workRole institution="10th NPC"/>
    </workRoles>
  </workHistoryEntry>
  <workHistoryEntry startDate="2002" endDate="2007">
    <workRoles>
      <workRole role="Commander"/>
      <workRole institution="PLA"/>
      <workRole institution="Services and Arms"/>
      <workRole institution="39th Group Army"/>
    </workRoles>
  </workHistoryEntry>
  <workHistoryEntry startDate="2002" endDate="2007">
    <workRoles>
      <workRole role="Major General"/>
      <workRole institution="PLA"/>
    </workRoles>
  </workHistoryEntry>
  <workHistory/>
</biography>
