<?xml version="1.0" encoding="UTF-8"?>
<biography birthDate="1943" fullName="Ai Pishan" displayName="Ai Pishan" nonEnglishName="" sex="male" nationality="Han">
  <bioText>Ai Pishan, male, Han nationality, is a native of Mizhi, Shaanxi Province. He joined the CPC in 1964 and graduated from the Department of Law, Northwest Institute of Politics and Law in 1968. He began working in September 1968. Ai spent almost forty years in Party and public security work in Shaanxi province. He was director of the Shaanxi General Office of Public Security, deputy secretary of the Shaanxi Provincial Committee, director of the Provincial Law-and-Order Comprehensive Administration Committee, and director of the Provincial Health Care Committee. He was delegate to the 16th CPC National Congress, Deputy of the 9th National People’s Congress, Member of the 10th CPPCC National Committee, and chairman of the CPPCC 9th Shaanxi Provincial Committee.</bioText>
  <posts>
    <post description="Former Chairman of the CPPCC 9th Shaanxi Provincial Committee"/>
  </posts>
  <birthLocations>
    <birthLocation location="Shaanxi Province"/>
    <birthLocation location="Mizhi"/>
  </birthLocations>
  <workHistoryEntry startDate="2003" endDate="2006">
    <workRoles>
      <workRole role="Chairman"/>
      <workRole institution="CPPCC"/>
      <workRole institution="Provincial Committee"/>
      <workRole location="Shaanxi Province"/>
    </workRoles>
  </workHistoryEntry>
  <workHistoryEntry startDate="2002" endDate="2007">
    <workRoles>
      <workRole role="Delegate"/>
      <workRole institution="16th CPC"/>
      <workRole institution="National Congress"/>
    </workRoles>
  </workHistoryEntry>
  <workHistoryEntry startDate="2002" endDate="2003">
    <workRoles>
      <workRole role="Vice-Chairman"/>
      <workRole institution="CPPCC"/>
      <workRole institution="Provincial Committee"/>
      <workRole location="Shaanxi Province"/>
    </workRoles>
  </workHistoryEntry>
  <workHistoryEntry startDate="1998" endDate="2003">
    <workRoles>
      <workRole role="Deputy"/>
      <workRole institution="9th NPC"/>
    </workRoles>
  </workHistoryEntry>
  <workHistoryEntry startDate="1998" endDate="2003">
    <workRoles>
      <workRole role="Delegate"/>
      <workRole institution="Provincial People's Congress"/>
      <workRole location="Shaanxi Province"/>
    </workRoles>
  </workHistoryEntry>
  <workHistoryEntry startDate="1997" endDate="2002">
    <workRoles>
      <workRole role="Deputy Secretary"/>
      <workRole institution="CPC"/>
      <workRole institution="Provincial Committee"/>
      <workRole location="Shaanxi Province"/>
    </workRoles>
  </workHistoryEntry>
  <workHistoryEntry startDate="1997" endDate="2002">
    <workRoles>
      <workRole role="Director"/>
      <workRole institution="Provincial Law-and-Order Comprehensive Administration Committee"/>
      <workRole location="Shaanxi Province"/>
    </workRoles>
  </workHistoryEntry>
  <workHistoryEntry startDate="1997" endDate="2002">
    <workRoles>
      <workRole role="Director"/>
      <workRole institution="Provincial Health Care Committee"/>
      <workRole location="Shaanxi Province"/>
    </workRoles>
  </workHistoryEntry>
  <workHistoryEntry startDate="1993" endDate="1997">
    <workRoles>
      <workRole role="Member"/>
      <workRole institution="CPC"/>
      <workRole institution="Provincial Committee"/>
      <workRole institution="Standing Committee"/>
      <workRole location="Shaanxi Province"/>
    </workRoles>
  </workHistoryEntry>
  <workHistoryEntry startDate="1985" endDate="1993">
    <workRoles>
      <workRole role="Secretary"/>
      <workRole institution="Public Security Department"/>
      <workRole institution="General Office"/>
      <workRole institution="CPC"/>
      <workRole institution="Leading Party Group"/>
      <workRole location="Shaanxi Province"/>
    </workRoles>
  </workHistoryEntry>
  <workHistoryEntry startDate="1985" endDate="1997">
    <workRoles>
      <workRole role="Director"/>
      <workRole institution="Public Security Department"/>
      <workRole institution="General Office"/>
      <workRole location="Shaanxi Province"/>
    </workRoles>
  </workHistoryEntry>
  <workHistoryEntry startDate="1985" endDate="1993">
    <workRoles>
      <workRole role="Deputy Secretary"/>
      <workRole institution="Public Security Department"/>
      <workRole institution="General Office"/>
      <workRole institution="CPC"/>
      <workRole institution="Leading Party Group"/>
      <workRole location="Shaanxi Province"/>
    </workRoles>
  </workHistoryEntry>
  <workHistoryEntry startDate="1985" endDate="1993">
    <workRoles>
      <workRole role="Deputy Director"/>
      <workRole institution="Public Security Department"/>
      <workRole institution="General Office"/>
      <workRole location="Shaanxi Province"/>
    </workRoles>
  </workHistoryEntry>
  <workHistoryEntry startDate="">
    <workRoles>
      <workRole role="Cadre"/>
      <workRole institution="Cultural Revolution"/>
      <workRole institution="Revolutionary Committee"/>
      <workRole institution="Political and Workers Group"/>
      <workRole location="Shaanxi Province"/>
      <workRole location="Yan'an City"/>
    </workRoles>
  </workHistoryEntry>
  <workHistoryEntry startDate="">
    <workRoles>
      <workRole role="Cadre"/>
      <workRole institution="Public Security Department"/>
      <workRole institution="Political and Legislative Group"/>
      <workRole location="Shaanxi Province"/>
      <workRole location="Yan'an City"/>
    </workRoles>
  </workHistoryEntry>
  <workHistoryEntry startDate="">
    <workRoles>
      <workRole role="Deputy Section Chief"/>
      <workRole institution="Public Security Department"/>
      <workRole location="Shaanxi Province"/>
      <workRole location="Yan'an City"/>
    </workRoles>
  </workHistoryEntry>
  <workHistoryEntry startDate="">
    <workRoles>
      <workRole role="Deputy Director"/>
      <workRole institution="Public Security Department"/>
      <workRole institution="Political and Legislative Group"/>
      <workRole location="Shaanxi Province"/>
      <workRole location="Yan'an City"/>
    </workRoles>
  </workHistoryEntry>
  <workHistoryEntry startDate="">
    <workRoles>
      <workRole role="Member"/>
      <workRole institution="CPC"/>
      <workRole institution="County Committee"/>
      <workRole location="Shaanxi Province"/>
      <workRole location="Yan'an City"/>
    </workRoles>
  </workHistoryEntry>
  <workHistoryEntry startDate="">
    <workRoles>
      <workRole role="Secretary"/>
      <workRole institution="CPC"/>
      <workRole institution="Provincial Committee"/>
      <workRole institution="Political and Legislative Affairs Committee"/>
      <workRole location="Shaanxi Province"/>
    </workRoles>
  </workHistoryEntry>
  <workHistoryEntry startDate="">
    <workRoles>
      <workRole role="Alternate Member"/>
      <workRole institution="CPC"/>
      <workRole institution="Provincial Committee"/>
      <workRole location="Shaanxi Province"/>
    </workRoles>
  </workHistoryEntry>
  <workHistoryEntry startDate="">
    <workRoles>
      <workRole role="Deputy Secretary"/>
      <workRole institution="CPC"/>
      <workRole institution="County Committee"/>
      <workRole location="Shaanxi Province"/>
      <workRole location="Yan'an City"/>
    </workRoles>
  </workHistoryEntry>
  <workHistoryEntry startDate="1968">
    <workRoles>
      <workRole role="Graduate"/>
      <workRole institution="Northwest Institute of Politics and Law"/>
    </workRoles>
  </workHistoryEntry>
  <workHistoryEntry startDate="1964">
    <workRoles>
      <workRole role="Joined"/>
      <workRole institution="CPC"/>
    </workRoles>
  </workHistoryEntry>
  <workHistory/>
</biography>
