<?xml version="1.0" encoding="UTF-8"?>
<biography birthDate="1928" fullName="Ai Zhisheng was born in 1928" displayName="Ai Zhisheng" nonEnglishName="" sex="male" nationality="a native of Hanyan County">
  <bioText>Ai Zhisheng was born in 1928, Han nationality, a native of Hanyan County, Hunan Province. He began working in 1948 and joined the CPC in 1948. He graduated from the Department of Civil Engineering, Tsinghua University. He was Director of the State Administration of Radio Film and Television. He was an alternate member of the 12th CPC Central Committee and a member of the 13th and 14th CPC Central Committees.</bioText>
  <posts>
    <post description="Former Director of the State Administration of Radio Film and Television"/>
  </posts>
  <birthLocations>
    <birthLocation location="Hunan Province"/>
    <birthLocation location="Hanyan County"/>
  </birthLocations>
  <workHistoryEntry startDate="1992" endDate="1997">
    <workRoles>
      <workRole role="Member"/>
      <workRole institution="14th CPC"/>
      <workRole institution="Central Committee"/>
    </workRoles>
  </workHistoryEntry>
  <workHistoryEntry startDate="1987" endDate="1992">
    <workRoles>
      <workRole role="Member"/>
      <workRole institution="13th CPC"/>
      <workRole institution="Central Committee"/>
    </workRoles>
  </workHistoryEntry>
  <workHistoryEntry startDate="1985" endDate="1994">
    <workRoles>
      <workRole role="Director"/>
      <workRole institution="State Administration of Radio, Film and Television"/>
    </workRoles>
  </workHistoryEntry>
  <workHistoryEntry startDate="1983" endDate="1985">
    <workRoles>
      <workRole role="Secretary-General"/>
      <workRole institution="State Council"/>
    </workRoles>
  </workHistoryEntry>
  <workHistoryEntry startDate="1982" endDate="1987">
    <workRoles>
      <workRole role="Alternate Member"/>
      <workRole institution="12th CPC"/>
      <workRole institution="Central Committee"/>
    </workRoles>
  </workHistoryEntry>
  <workHistoryEntry startDate="1979" endDate="1983">
    <workRoles>
      <workRole role="Deputy Secretary"/>
      <workRole institution="Tsinghua University"/>
      <workRole institution="CPC"/>
      <workRole institution="Party Committee"/>
      <workRole location="Beijing Municipality"/>
    </workRoles>
  </workHistoryEntry>
  <workHistoryEntry startDate="1979" endDate="1983">
    <workRoles>
      <workRole role="Vice-President"/>
      <workRole institution="Tsinghua University"/>
      <workRole location="Beijing Municipality"/>
    </workRoles>
  </workHistoryEntry>
  <workHistoryEntry startDate="1973" endDate="1977">
    <workRoles>
      <workRole role="Worker"/>
      <workRole institution="Cultural Revolution"/>
      <workRole institution="Sent to do manual labor"/>
    </workRoles>
  </workHistoryEntry>
  <workHistoryEntry startDate="1966" endDate="1971">
    <workRoles>
      <workRole role="Worker"/>
      <workRole institution="Cultural Revolution"/>
      <workRole institution="Sent to do manual labor"/>
    </workRoles>
  </workHistoryEntry>
  <workHistoryEntry startDate="1960" endDate="1966">
    <workRoles>
      <workRole role="Deputy Secretary"/>
      <workRole institution="Tsinghua University"/>
      <workRole institution="CPC"/>
      <workRole institution="Party Committee"/>
      <workRole location="Beijing Municipality"/>
    </workRoles>
  </workHistoryEntry>
  <workHistoryEntry startDate="1950" endDate="1960">
    <workRoles>
      <workRole role="Deputy Secretary"/>
      <workRole institution="Tsinghua University"/>
      <workRole institution="CPC"/>
      <workRole institution="Party Branch"/>
      <workRole location="Beijing Municipality"/>
    </workRoles>
  </workHistoryEntry>
  <workHistory/>
</biography>
