<?xml version="1.0" encoding="UTF-8"?>
<biography birthDate="1932" fullName="Alice Cheung Wing-chun" displayName="Alice Cheung Wing-chun" nonEnglishName="" sex="female" nationality="Han">
  <bioText>Alice Cheung Wing-chun, female, Han nationality, was born in 1932 in Wujin, Jiangsu Province. She graduated from a secondary school in Hong Kong in 1951 and in 1966 graduated from an industrial school in Cambridge, U.K. She returned to Hong Kong and became an executive in several businesses. She also became vice-chairman of the Chinese General Chamber of Commerce in Hong Kong. In 1988, Cheung became a member of the 7th CPPCC National Committee. In 1992, she became a member of the All-China Federation of Industry and Commerce and was also a member of the first group of advisors to China on Hong Kong affairs. She participated in the preparations for the first Hong Kong SAR government in 1996, and she was also involved in management training for senior mainland Chinese officials. Cheung was a member of the standing committees of the 8th and 9th CPPCC National Committees.</bioText>
  <posts>
    <post description="Standing Committee Member of the 9th CPPCC National Committee, Hong Kong Businesswoman"/>
  </posts>
  <birthLocations>
    <birthLocation location="Jiangsu Province"/>
    <birthLocation location="Wujin County"/>
  </birthLocations>
  <workHistoryEntry startDate="2003">
    <workRoles>
      <workRole role="Person-in-Charge"/>
      <workRole institution="Chinese General Chamber of Commerce"/>
      <workRole institution="Training Programs for Senior Chinese Officials"/>
      <workRole location="Hong Kong SAR"/>
    </workRoles>
  </workHistoryEntry>
  <workHistoryEntry startDate="1998" endDate="2003">
    <workRoles>
      <workRole role="Member"/>
      <workRole institution="9th CPPCC"/>
      <workRole institution="National Committee"/>
      <workRole institution="Standing Committee"/>
    </workRoles>
  </workHistoryEntry>
  <workHistoryEntry startDate="1996" endDate="2002">
    <workRoles>
      <workRole role="Member"/>
      <workRole institution="1st Hong Kong SAR Government"/>
      <workRole institution="Selection Committee"/>
    </workRoles>
  </workHistoryEntry>
  <workHistoryEntry startDate="1995" endDate="1997">
    <workRoles>
      <workRole role="Member"/>
      <workRole institution="Hong Kong SAR Preparatory Committee"/>
    </workRoles>
  </workHistoryEntry>
  <workHistoryEntry startDate="1993" endDate="1998">
    <workRoles>
      <workRole role="Member"/>
      <workRole institution="8th CPPCC"/>
      <workRole institution="National Committee"/>
      <workRole institution="Standing Committee"/>
    </workRoles>
  </workHistoryEntry>
  <workHistoryEntry startDate="1992">
    <workRoles>
      <workRole role="Advisor"/>
    </workRoles>
  </workHistoryEntry>
  <workHistoryEntry startDate="1992" endDate="1997">
    <workRoles>
      <workRole role="Member"/>
      <workRole institution="All-China Federation of Industry and Commerce"/>
      <workRole institution="Standing Committee"/>
    </workRoles>
  </workHistoryEntry>
  <workHistoryEntry startDate="1992" endDate="1997">
    <workRoles>
      <workRole role="Member"/>
      <workRole institution="All-China Federation of Industry and Commerce"/>
      <workRole institution="Executive Committee"/>
    </workRoles>
  </workHistoryEntry>
  <workHistoryEntry startDate="1988" endDate="1993">
    <workRoles>
      <workRole role="Member"/>
      <workRole institution="7th CPPCC"/>
      <workRole institution="National Committee"/>
    </workRoles>
  </workHistoryEntry>
  <workHistoryEntry startDate="">
    <workRoles>
      <workRole role="General Manager"/>
      <workRole institution="Yung Shing Enterprise Co."/>
      <workRole location="Hong Kong SAR"/>
    </workRoles>
  </workHistoryEntry>
  <workHistoryEntry startDate="">
    <workRoles>
      <workRole role="Vice-Chairman"/>
      <workRole institution="Chinese General Chamber of Commerce"/>
    </workRoles>
  </workHistoryEntry>
  <workHistoryEntry startDate="">
    <workRoles>
      <workRole role="Vice-President"/>
      <workRole institution="Jinli Supermarket Co., Ltd"/>
      <workRole location="Ltd Hong Kong SAR"/>
    </workRoles>
  </workHistoryEntry>
  <workHistoryEntry startDate="">
    <workRoles>
      <workRole role="Chairman"/>
      <workRole institution="Hong Kong Management Association"/>
      <workRole institution="Business Enterprise Management Center"/>
      <workRole location="Hong Kong SAR"/>
    </workRoles>
  </workHistoryEntry>
  <workHistoryEntry startDate="">
    <workRoles>
      <workRole role="Managing Director"/>
      <workRole institution="Taching Petroleum Co., Ltd"/>
      <workRole location="Ltd Hong Kong SAR"/>
    </workRoles>
  </workHistoryEntry>
  <workHistoryEntry startDate="1961">
    <workRoles>
      <workRole role="Graduate"/>
    </workRoles>
  </workHistoryEntry>
  <workHistory/>
</biography>
