<?xml version="1.0" encoding="UTF-8"?>
<biography birthDate="1950" fullName="Aman Haji" displayName="Aman Haji" nonEnglishName="" sex="male" nationality="Uygur">
  <bioText>Aman Haji, male, Uygur nationality, is a native of Atushi, Xinjiang. He was born in 1950, started to work in February 1969, and joined the CPC in 1983. Aman is a senior engineer and graduated from Xi'an Jiaotong University, majoring in Electrical Machinery in 1976. Aman has spent most of his career with the Highway Administration of Xinjiang Uygur Autonomous Region, where his duties included directing the sectors of communications, electric power, telecommunications, and urban and rural construction. Aman had also led the Party committee of the Highway Administration, and he presently served as vice-chairman of his native area. However, in November 2004, he was found guilty of taking bribes and removed from his post.</bioText>
  <posts>
    <post description="Former Vice Chairman of Xinjiang Uygur Autonomous Region, Senior Engineer"/>
  </posts>
  <birthLocations>
    <birthLocation location="Xinjiang Uygur Autonomous Region"/>
    <birthLocation location="Atushi"/>
  </birthLocations>
  <workHistoryEntry startDate="2003" endDate="2004">
    <workRoles>
      <workRole role="Vice-Chairman"/>
      <workRole institution="Autonomous Region People's Government"/>
      <workRole location="Xinjiang Uygur Autonomous Region"/>
    </workRoles>
  </workHistoryEntry>
  <workHistoryEntry startDate="1999" endDate="2003">
    <workRoles>
      <workRole role="Deputy Secretary"/>
      <workRole institution="Autonomous Region People's Government"/>
      <workRole institution="High-Grade Highway Administration"/>
      <workRole institution="CPC"/>
      <workRole institution="Leading Party Group"/>
      <workRole location="Xinjiang Uygur Autonomous Region"/>
    </workRoles>
  </workHistoryEntry>
  <workHistoryEntry startDate="1995" endDate="1996">
    <workRoles>
      <workRole role="Director"/>
      <workRole institution="Autonomous Region People's Government"/>
      <workRole institution="High-Grade Highway Administration"/>
      <workRole location="Xinjiang Uygur Autonomous Region"/>
    </workRoles>
  </workHistoryEntry>
  <workHistoryEntry startDate="1992" endDate="1995">
    <workRoles>
      <workRole role="Director"/>
      <workRole institution="Autonomous Region People's Government"/>
      <workRole institution="Communications Department"/>
      <workRole institution="Planning Division"/>
      <workRole location="Xinjiang Uygur Autonomous Region"/>
    </workRoles>
  </workHistoryEntry>
  <workHistoryEntry startDate="1984" endDate="1992">
    <workRoles>
      <workRole role="Deputy Director"/>
      <workRole institution="Autonomous Region People's Government"/>
      <workRole institution="Communications Department"/>
      <workRole institution="Planning Division"/>
      <workRole location="Xinjiang Uygur Autonomous Region"/>
    </workRoles>
  </workHistoryEntry>
  <workHistoryEntry startDate="1983">
    <workRoles>
      <workRole role="Joined"/>
      <workRole institution="CPC"/>
    </workRoles>
  </workHistoryEntry>
  <workHistoryEntry startDate="1976" endDate="1979">
    <workRoles>
      <workRole role="Cadre"/>
      <workRole institution="Autonomous Region People's Government"/>
      <workRole institution="Communications Department"/>
      <workRole institution="Publicity Section"/>
      <workRole location="Xinjiang Uygur Autonomous Region"/>
    </workRoles>
  </workHistoryEntry>
  <workHistoryEntry startDate="1976">
    <workRoles>
      <workRole role="Graduate"/>
      <workRole institution="Xi'an Jiaotong University"/>
      <workRole location="Shaanxi Province"/>
      <workRole location="Xi'an City"/>
    </workRoles>
  </workHistoryEntry>
  <workHistoryEntry startDate="1962" endDate="1971">
    <workRoles>
      <workRole role="Worker"/>
      <workRole institution="Wulasitai Farm"/>
      <workRole location="Xinjiang Uygur Autonomous Region"/>
      <workRole location="Bayinguoleng Prefecture"/>
    </workRoles>
  </workHistoryEntry>
  <workHistory/>
</biography>
