<?xml version="1.0" encoding="UTF-8"?>
<biography birthDate="1932" fullName="Amudun Niyaz" displayName="Amudun Niyaz" nonEnglishName="" sex="male" nationality="Uygur">
  <bioText>Amudun Niyaz, male, Uygur nationality, is a native of Luntai, Xinjiang Uygur Autonomous Region. He was born in 1932 and joined the CPC in 1953. Niyaz spent most of his career in government and party positions in Xinjiang Uygur Autonomous Region, including serving as mayor of Urumqi City and vice-chairman of the Xinjiang Regional People's Government. He was elected deputy secretary of the CPC Committee Xinjian Uygur Autonomous Region in 1991 and served two terms as Chairman of the Standing Committee of the Xinjiang Uygur Autonomous Regional People's Congress. Niyaz was a delegate to the 13th and 15th CPC National Congresses. He was also a deputy to the 4th and 8th NPCs.</bioText>
  <posts>
    <post description="Chairman, Standing Committee of Xinjiang Uygur Autonomous Regional People's Congress"/>
  </posts>
  <birthLocations>
    <birthLocation location="Xinjiang Uygur Autonomous Region"/>
    <birthLocation location="Luntai"/>
  </birthLocations>
  <workHistoryEntry startDate="">
    <workRoles>
      <workRole role="Member"/>
      <workRole institution="CPC"/>
      <workRole institution="Central Committee"/>
      <workRole institution="Central Commission for Discipline Inspection"/>
    </workRoles>
  </workHistoryEntry>
  <workHistoryEntry startDate="1997" endDate="2002">
    <workRoles>
      <workRole role="Delegate"/>
      <workRole institution="15th CPC"/>
      <workRole institution="National Congress"/>
    </workRoles>
  </workHistoryEntry>
  <workHistoryEntry startDate="1993" endDate="1998">
    <workRoles>
      <workRole role="Deputy"/>
      <workRole institution="8th NPC"/>
    </workRoles>
  </workHistoryEntry>
  <workHistoryEntry startDate="1987" endDate="1992">
    <workRoles>
      <workRole role="Delegate"/>
      <workRole institution="13th CPC"/>
      <workRole institution="National Congress"/>
    </workRoles>
  </workHistoryEntry>
  <workHistoryEntry startDate="1985" endDate="????">
    <workRoles>
      <workRole role="Secretary"/>
      <workRole institution="CPC"/>
      <workRole institution="Autonomous Regional Committee"/>
      <workRole institution="Political Science and Law Committee"/>
      <workRole location="Xinjiang Uygur Autonomous Region"/>
    </workRoles>
  </workHistoryEntry>
  <workHistoryEntry startDate="1985" endDate="????">
    <workRoles>
      <workRole role="Deputy Secretary"/>
      <workRole institution="CPC"/>
      <workRole institution="Autonomous Regional Committee"/>
      <workRole location="Xinjiang Uygur Autonomous Region"/>
    </workRoles>
  </workHistoryEntry>
  <workHistoryEntry startDate="1983">
    <workRoles>
      <workRole role="Chairman"/>
      <workRole institution="Autonomous Regional People's Congress"/>
      <workRole institution="Standing Committee"/>
      <workRole location="Xinjiang Uygur Autonomous Region"/>
    </workRoles>
  </workHistoryEntry>
  <workHistoryEntry startDate="1979" endDate="1983">
    <workRoles>
      <workRole role="Vice-Chairman"/>
      <workRole institution="Autonomous Region People's Government"/>
      <workRole location="Xinjiang Uygur Autonomous Region"/>
    </workRoles>
  </workHistoryEntry>
  <workHistoryEntry startDate="1978" endDate="1983">
    <workRoles>
      <workRole role="Vice-Chairman"/>
      <workRole institution="5th Ethnic Affairs Committee of the NPC"/>
    </workRoles>
  </workHistoryEntry>
  <workHistoryEntry startDate="1975" endDate="1978">
    <workRoles>
      <workRole role="Deputy"/>
      <workRole institution="4th NPC"/>
    </workRoles>
  </workHistoryEntry>
  <workHistoryEntry startDate="1973" endDate="1978">
    <workRoles>
      <workRole role="Secretary"/>
      <workRole institution="CPC"/>
      <workRole institution="Autonomous City Committee"/>
      <workRole location="Xinjiang Uygur Autonomous Region"/>
      <workRole location="Urumqi City"/>
    </workRoles>
  </workHistoryEntry>
  <workHistoryEntry startDate="1973" endDate="1978">
    <workRoles>
      <workRole role="Deputy Secretary"/>
      <workRole institution="CPC"/>
      <workRole institution="Autonomous City Committee"/>
      <workRole location="Xinjiang Uygur Autonomous Region"/>
      <workRole location="Urumqi City"/>
    </workRoles>
  </workHistoryEntry>
  <workHistoryEntry startDate="1966" endDate="1967">
    <workRoles>
      <workRole role="Mayor"/>
      <workRole institution="People's Government"/>
      <workRole location="Xinjiang Uygur Autonomous Region"/>
      <workRole location="Urumqi City"/>
    </workRoles>
  </workHistoryEntry>
  <workHistoryEntry startDate="1962" endDate="1966">
    <workRoles>
      <workRole role="Deputy Director"/>
      <workRole institution="Commerce Department"/>
      <workRole location="Xinjiang Uygur Autonomous Region"/>
    </workRoles>
  </workHistoryEntry>
  <workHistoryEntry startDate="1962" endDate="1966">
    <workRoles>
      <workRole role="Deputy Director"/>
      <workRole institution="Supply and Marketing Cooperatives"/>
      <workRole location="Xinjiang Uygur Autonomous Region"/>
    </workRoles>
  </workHistoryEntry>
  <workHistoryEntry startDate="1960" endDate="1962">
    <workRoles>
      <workRole role="Member"/>
      <workRole institution="CPC"/>
      <workRole institution="Autonomous County Committee"/>
      <workRole institution="Secretariat"/>
      <workRole location="Xinjiang Uygur Autonomous Region"/>
      <workRole location="Luntai"/>
    </workRoles>
  </workHistoryEntry>
  <workHistoryEntry startDate="1955" endDate="1960">
    <workRoles>
      <workRole role="Secretary"/>
      <workRole institution="CYLC"/>
      <workRole institution="Autonomous Prefecture-Level"/>
      <workRole location="Xinjiang Uygur Autonomous Region"/>
      <workRole location="Korla"/>
    </workRoles>
  </workHistoryEntry>
  <workHistoryEntry startDate="1953">
    <workRoles>
      <workRole role="Joined"/>
      <workRole institution="CPC"/>
    </workRoles>
  </workHistoryEntry>
  <workHistory/>
</biography>
