<?xml version="1.0" encoding="UTF-8"?>
<biography birthDate="1952" fullName="An Jian" displayName="An Jian" nonEnglishName="" sex="male" nationality="Hebei Province. He was born in 1952">
  <bioText>An Jian, male. Han nationality is a native of Anping County, Hebei Province. He was born in 1952, entered the work force in 1969 and joined the CPC in 1972. He was Vice Chairman of 11th NPC Legislative Affairs Commission from 2008 to 2010. On August 28, 2010, he was removed from post of Vice Chairman of 11th NPC Legislative Affairs Commission. Since Sept. 2010, he serves as Vice Director of State Council Legislative Affairs Office.</bioText>
  <posts>
    <post description="Deputy Director, Legislative Affairs Office of the State Council"/>
    <post description="Vice-Chairman, China Law Society"/>
  </posts>
  <birthLocations>
    <birthLocation location="Hebei Province"/>
    <birthLocation location="Anping County"/>
  </birthLocations>
  <workHistoryEntry startDate="2010">
    <workRoles>
      <workRole role="Deputy Director"/>
      <workRole institution="Legislative Affairs Office of the State Council"/>
    </workRoles>
  </workHistoryEntry>
  <workHistoryEntry startDate="2010">
    <workRoles>
      <workRole role="Member"/>
      <workRole institution="Legislative Affairs Office of the State Council"/>
      <workRole institution="CPC"/>
      <workRole institution="Leading Party Group"/>
    </workRoles>
  </workHistoryEntry>
  <workHistoryEntry startDate="2010">
    <workRoles>
      <workRole role="Vice-Chairman"/>
      <workRole institution="China Law Society"/>
    </workRoles>
  </workHistoryEntry>
  <workHistoryEntry startDate="2008" endDate="2010">
    <workRoles>
      <workRole role="Vice-Chairman"/>
      <workRole institution="11th Legislative Affairs Committee of the NPC"/>
    </workRoles>
  </workHistoryEntry>
  <workHistoryEntry startDate="2008" endDate="2010">
    <workRoles>
      <workRole role="Director"/>
      <workRole institution="Legislative Affairs Committee of the NPC"/>
      <workRole institution="Economic Law Office"/>
    </workRoles>
  </workHistoryEntry>
  <workHistory/>
</biography>
