<?xml version="1.0" encoding="UTF-8"?>
<biography birthDate="1945" fullName="An Min" displayName="An Min" nonEnglishName="" sex="male" nationality="Han">
  <bioText>An Min, male, Han nationality, is a native of Suide, Shaanxi province. He was born in 1945, graduated from the International Relations Institute, and joined the CPC in 1979. An has specialized in import-export and Taiwan relations. He served as director of the Taiwan, Hong Kong and Macao Affairs Department of the Ministry of Foreign Trade until 2001. An Min was appointed vice-minister of the Ministry of Commerce in 2003.</bioText>
  <posts>
    <post description="Former Vice-Minister of the Ministry of Commerce"/>
  </posts>
  <birthLocations>
    <birthLocation location="Shaanxi Province"/>
    <birthLocation location="Suide"/>
  </birthLocations>
  <workHistoryEntry startDate="2003" endDate="2005">
    <workRoles>
      <workRole role="Member"/>
      <workRole institution="Ministry of Commerce"/>
      <workRole institution="CPC"/>
      <workRole institution="Leading Party Group"/>
    </workRoles>
  </workHistoryEntry>
  <workHistoryEntry startDate="2003" endDate="2005">
    <workRoles>
      <workRole role="Vice-Minister"/>
      <workRole institution="Ministry of Commerce"/>
    </workRoles>
  </workHistoryEntry>
  <workHistoryEntry startDate="2001" endDate="2003">
    <workRoles>
      <workRole role="Vice-Minister"/>
      <workRole institution="Ministry of Foreign Trade and Economic Cooperation"/>
    </workRoles>
  </workHistoryEntry>
  <workHistoryEntry startDate="1996" endDate="2001">
    <workRoles>
      <workRole role="Member"/>
      <workRole institution="Ministry of Foreign Trade and Economic Cooperation"/>
      <workRole institution="CPC"/>
      <workRole institution="Leading Party Group"/>
    </workRoles>
  </workHistoryEntry>
  <workHistoryEntry startDate="1996" endDate="2001">
    <workRoles>
      <workRole role="Assistant Minister"/>
      <workRole institution="Ministry of Foreign Trade and Economic Cooperation"/>
    </workRoles>
  </workHistoryEntry>
  <workHistoryEntry startDate="1993" endDate="1996">
    <workRoles>
      <workRole role="Director"/>
      <workRole institution="Ministry of Foreign Trade and Economic Cooperation"/>
      <workRole institution="Taiwan, Hong Kong and Macao Affairs Department"/>
    </workRoles>
  </workHistoryEntry>
  <workHistoryEntry startDate="1992" endDate="1993">
    <workRoles>
      <workRole role="Director"/>
      <workRole institution="Ministry of Foreign Economic Relations and Trade"/>
      <workRole institution="Taiwan, Hong Kong and Macao Affairs Department"/>
    </workRoles>
  </workHistoryEntry>
  <workHistoryEntry startDate="1990" endDate="1992">
    <workRoles>
      <workRole role="Director"/>
      <workRole institution="Ministry of Foreign Economic Relations and Trade"/>
      <workRole institution="Economic and Trade Relations with Taiwan Department"/>
    </workRoles>
  </workHistoryEntry>
  <workHistoryEntry startDate="1988" endDate="1990">
    <workRoles>
      <workRole role="Deputy Director"/>
      <workRole institution="Ministry of Foreign Economic Relations and Trade"/>
      <workRole institution="Economic and Trade Relations with Taiwan Department"/>
    </workRoles>
  </workHistoryEntry>
  <workHistoryEntry startDate="1986" endDate="1988">
    <workRoles>
      <workRole role="Deputy Director"/>
      <workRole institution="Ministry of Foreign Economic Relations and Trade"/>
      <workRole institution="Office of Trade with Taiwan"/>
    </workRoles>
  </workHistoryEntry>
  <workHistoryEntry startDate="1982" endDate="1986">
    <workRoles>
      <workRole role="Division Chief"/>
      <workRole institution="Ministry of Foreign Economic Relations and Trade"/>
      <workRole institution="Import and Export Department"/>
    </workRoles>
  </workHistoryEntry>
  <workHistoryEntry startDate="1982" endDate="1986">
    <workRoles>
      <workRole role="Deputy Division Chief"/>
      <workRole institution="Ministry of Foreign Economic Relations and Trade"/>
      <workRole institution="Import and Export Department"/>
    </workRoles>
  </workHistoryEntry>
  <workHistoryEntry startDate="1982" endDate="1986">
    <workRoles>
      <workRole role="Staff Member"/>
      <workRole institution="Ministry of Foreign Economic Relations and Trade"/>
      <workRole institution="Import and Export Department"/>
    </workRoles>
  </workHistoryEntry>
  <workHistoryEntry startDate="1979" endDate="1982">
    <workRoles>
      <workRole role="Staff Member"/>
      <workRole institution="Ministry of Foreign Trade and Economic Cooperation"/>
      <workRole institution="Fourth Bureau"/>
    </workRoles>
  </workHistoryEntry>
  <workHistoryEntry startDate="1979">
    <workRoles>
      <workRole role="Joined"/>
      <workRole institution="CPC"/>
    </workRoles>
  </workHistoryEntry>
  <workHistoryEntry startDate="1975" endDate="1979">
    <workRoles>
      <workRole role="Controller"/>
      <workRole institution="Huainan Chemical Fertilizer Plant"/>
      <workRole institution="Production Section"/>
      <workRole location="Anhui Province"/>
      <workRole location="Huainan City"/>
    </workRoles>
  </workHistoryEntry>
  <workHistoryEntry startDate="1975" endDate="1979">
    <workRoles>
      <workRole role="Technician"/>
      <workRole institution="Huainan Chemical Fertilizer Plant"/>
      <workRole location="Anhui Province"/>
      <workRole location="Huainan City"/>
    </workRoles>
  </workHistoryEntry>
  <workHistoryEntry startDate="1970" endDate="1975">
    <workRoles>
      <workRole role="Teacher, Chengguan Middle School"/>
      <workRole location="Hebei Province"/>
      <workRole location="Chicheng County"/>
    </workRoles>
  </workHistoryEntry>
  <workHistoryEntry startDate="1970">
    <workRoles>
      <workRole role="Graduate"/>
      <workRole institution="University of International Relations"/>
      <workRole institution="English Department"/>
      <workRole location="Beijing Municipality"/>
    </workRoles>
  </workHistoryEntry>
  <workHistory/>
</biography>
