<?xml version="1.0" encoding="UTF-8"?>
<biography birthDate="1930" fullName="An Zhendong" displayName="An Zhendong" nonEnglishName="" sex="male" nationality="Han">
  <bioText>An Zhendong, male, Han nationality, was born in 1930 in Tangshan, Hebei Province. He majored in electrical communications and graduated from an industrial college in Hebei in 1951. He spent the next 30 years as an engineer and supervisor in the electrical industry in Heilongjiang Province. He gained note in the field of electric automatic controls and management of railway communications, and he developed an explosion-preventing rectification device for the mining industry. He joined the Jiusan Society in 1981, and was made vice-governor of Heilongjiang Province in 1983. He served continuously as an executive in this society for 20 years, while also serving in the Heilongjiang Provincial People's Congress. He was a member of the 6th, 7th and 8th NPC and he was a member of the standing committee of the 9th CPPCC National Committee.</bioText>
  <posts>
    <post description="Vice-Chairman of the Central Committee of the Jiusan Society, Standing Committee Member of the 9th CPPCC National Committee"/>
  </posts>
  <birthLocations>
    <birthLocation location="Hebei Province"/>
    <birthLocation location="Tangshan City"/>
  </birthLocations>
  <workHistoryEntry startDate="2003" endDate="2008">
    <workRoles>
      <workRole role="Vice-Chairman"/>
      <workRole institution="Provincial People's Congress"/>
      <workRole institution="Standing Committee"/>
      <workRole location="Heilongjiang Province"/>
    </workRoles>
  </workHistoryEntry>
  <workHistoryEntry startDate="1998" endDate="2003">
    <workRoles>
      <workRole role="Member"/>
      <workRole institution="9th CPPCC"/>
      <workRole institution="National Committee"/>
      <workRole institution="Standing Committee"/>
    </workRoles>
  </workHistoryEntry>
  <workHistoryEntry startDate="1997">
    <workRoles>
      <workRole role="Vice-Chairman"/>
      <workRole institution="Jiusan Society"/>
      <workRole institution="Central Committee"/>
    </workRoles>
  </workHistoryEntry>
  <workHistoryEntry startDate="1993" endDate="1998">
    <workRoles>
      <workRole role="Member"/>
      <workRole institution="8th NPC"/>
    </workRoles>
  </workHistoryEntry>
  <workHistoryEntry startDate="1988" endDate="1993">
    <workRoles>
      <workRole role="Member"/>
      <workRole institution="7th NPC"/>
    </workRoles>
  </workHistoryEntry>
  <workHistoryEntry startDate="1983" endDate="1988">
    <workRoles>
      <workRole role="Member"/>
      <workRole institution="6th NPC"/>
    </workRoles>
  </workHistoryEntry>
  <workHistoryEntry startDate="1983" endDate="????">
    <workRoles>
      <workRole role="Vice-Governor"/>
      <workRole institution="People's Government"/>
      <workRole location="Heilongjiang Province"/>
    </workRoles>
  </workHistoryEntry>
  <workHistoryEntry startDate="1981">
    <workRoles>
      <workRole role="Joined"/>
      <workRole institution="Jiusan Society"/>
    </workRoles>
  </workHistoryEntry>
  <workHistoryEntry startDate="">
    <workRoles>
      <workRole role="Chief Engineer"/>
      <workRole institution="No. 2 Light Industry Bureau"/>
      <workRole location="Heilongjiang Province"/>
      <workRole location="Harbin City"/>
    </workRoles>
  </workHistoryEntry>
  <workHistoryEntry startDate="">
    <workRoles>
      <workRole role="Deputy Director"/>
      <workRole institution="Rectification Equipment Factory"/>
      <workRole location="Heilongjiang Province"/>
      <workRole location="Harbin City"/>
    </workRoles>
  </workHistoryEntry>
  <workHistoryEntry startDate="">
    <workRoles>
      <workRole role="Engineer"/>
      <workRole institution="Railway Administration"/>
      <workRole institution="Electric Power Division"/>
      <workRole location="Heilongjiang Province"/>
      <workRole location="Qiqihar City"/>
    </workRoles>
  </workHistoryEntry>
  <workHistoryEntry startDate="1951">
    <workRoles>
      <workRole role="Graduate"/>
      <workRole institution="Hebei Engineering College"/>
      <workRole institution="Electrical Communications Department"/>
      <workRole location="Hebei Province"/>
    </workRoles>
  </workHistoryEntry>
  <workHistory/>
</biography>
