<?xml version="1.0" encoding="UTF-8"?>
<biography birthDate="Hunan Province, Zhijing" fullName="An Zhisheng" displayName="An Zhisheng" nonEnglishName="" sex="male" nationality="Han">
  <bioText>An Zhisheng, male, Han nationality, is a native of Zhijing, Hunan Province. His ancestral home is in Liu'an, Anhui Province. He graduated from Nanjing University in 1962. An Zhisheng's research interests include loess and the environment, stratigraphy, palaeoclimatology and palaeopedology, magnetostratigraphy and micromorphology. He has been a member of the academic community and has served as the director of the Chinese Academy of Sciences.</bioText>
  <posts>
    <post description="President, INQUA Commission on Loess"/>
  </posts>
  <birthLocations/>
  <workHistoryEntry startDate="2008">
    <workRoles>
      <workRole role="President"/>
      <workRole institution="INQUA Commission on Loess"/>
    </workRoles>
  </workHistoryEntry>
  <workHistoryEntry startDate="1999" endDate="2002">
    <workRoles>
      <workRole role="Director"/>
      <workRole institution="Chinese Academy of Sciences"/>
    </workRoles>
  </workHistoryEntry>
  <workHistoryEntry startDate="1995" endDate="2000">
    <workRoles>
      <workRole role="Director"/>
      <workRole institution="State Key Laboratory of Loess and Quaternary Geology"/>
    </workRoles>
  </workHistoryEntry>
  <workHistoryEntry startDate="1991">
    <workRoles>
      <workRole role="Member"/>
      <workRole institution="Chinese Academy of Sciences"/>
    </workRoles>
  </workHistoryEntry>
  <workHistoryEntry startDate="1966">
    <workRoles>
      <workRole role="Graduate"/>
      <workRole institution="Chinese Academy of Sciences"/>
      <workRole institution="Geological Research Institute"/>
    </workRoles>
  </workHistoryEntry>
  <workHistoryEntry startDate="1962">
    <workRoles>
      <workRole role="Graduate"/>
      <workRole institution="Nanjing University"/>
      <workRole location="Jiangsu Province"/>
      <workRole location="Nanjing City"/>
    </workRoles>
  </workHistoryEntry>
  <workHistory/>
</biography>
