<?xml version="1.0" encoding="UTF-8"?>
<biography birthDate="1952" fullName="Anwar Amut" displayName="Anwar Amut" nonEnglishName="" sex="male" nationality="Uygur Ethnic Group">
  <bioText>Anwar Amut, male, Uygur Ethnic Group, is a native of Urumqi. He was born in 1952 and graduated from the geophysics department of Beijing University in 1977. Presently, he is a professor of the economics and management department of Xinjiang University and a doctoral candidate at Dalian Science and Engineering University. Professor Anwar Amut's successful forecast of the 6.8 earthquake of the Wuqa area of Xinjiang received the nation's provincial level Advanced Science and Technology award. His publications include "Petroleum" and "National Security". He was appointed president of Xinjiang University in 2000.</bioText>
  <posts>
    <post description="President of Xinjiang University"/>
  </posts>
  <birthLocations>
    <birthLocation location="Xinjiang Uygur Autonomous Region"/>
    <birthLocation location="Urumqi City"/>
  </birthLocations>
  <workHistoryEntry startDate="2000">
    <workRoles>
      <workRole role="President"/>
      <workRole institution="Xinjiang University"/>
      <workRole location="Xinjiang Uygur Autonomous Region"/>
      <workRole location="Urumqi City"/>
    </workRoles>
  </workHistoryEntry>
  <workHistoryEntry startDate="1999" endDate="2000">
    <workRoles>
      <workRole role="Deputy Director"/>
      <workRole institution="Seismic Bureau"/>
      <workRole location="Xinjiang Uygur Autonomous Region"/>
    </workRoles>
  </workHistoryEntry>
  <workHistoryEntry startDate="1999" endDate="2000">
    <workRoles>
      <workRole role="President"/>
      <workRole institution="Xinjiang Engineering Institute"/>
      <workRole location="Xinjiang Uygur Autonomous Region"/>
    </workRoles>
  </workHistoryEntry>
  <workHistoryEntry startDate="1977">
    <workRoles>
      <workRole role="Graduate"/>
      <workRole institution="Beijing University"/>
      <workRole institution="Geophysics Department"/>
      <workRole location="Beijing Municipality"/>
    </workRoles>
  </workHistoryEntry>
  <workHistory/>
</biography>
