<?xml version="1.0" encoding="UTF-8"?>
<biography birthDate="1953" fullName="Arken Imirbaki" displayName="Arken Imirbaki" nonEnglishName="" sex="male" nationality="Uygur">
  <bioText>Arken Imirbaki, male, Uygur nationality, is a native of Xinjiang province. He was born in 1953, graduated from the Northwest College of Light Industry, and joined the CPC in 1980. He was appointed vice-chairman of the Xinjiang Uygur Autonomous Region in 2001.</bioText>
  <posts>
    <post description="Vice-Chairman of the Xinjiang Uygur Autonomous Region"/>
  </posts>
  <birthLocations>
    <birthLocation location="Xinjiang Uygur Autonomous Region"/>
    <birthLocation location="Yingjisha County"/>
  </birthLocations>
  <workHistoryEntry startDate="2001">
    <workRoles>
      <workRole role="Member"/>
      <workRole institution="CPC"/>
      <workRole institution="Autonomous Regional Committee"/>
      <workRole location="Xinjiang Uygur Autonomous Region"/>
    </workRoles>
  </workHistoryEntry>
  <workHistoryEntry startDate="2001">
    <workRoles>
      <workRole role="Vice-Chairman"/>
      <workRole institution="Autonomous Region People's Government"/>
      <workRole location="Xinjiang Uygur Autonomous Region"/>
    </workRoles>
  </workHistoryEntry>
  <workHistoryEntry startDate="1999" endDate="2001">
    <workRoles>
      <workRole role="Secretary-General"/>
      <workRole institution="Autonomous Region People's Government"/>
      <workRole location="Xinjiang Uygur Autonomous Region"/>
    </workRoles>
  </workHistoryEntry>
  <workHistoryEntry startDate="1997" endDate="1999">
    <workRoles>
      <workRole role="Deputy Secretary"/>
      <workRole institution="Electronics Industry Department"/>
      <workRole institution="CPC"/>
      <workRole institution="Party Committee"/>
      <workRole location="Xinjiang Uygur Autonomous Region"/>
    </workRoles>
  </workHistoryEntry>
  <workHistoryEntry startDate="1997" endDate="1999">
    <workRoles>
      <workRole role="Director General"/>
      <workRole institution="Electronics Industry Department"/>
      <workRole location="Xinjiang Uygur Autonomous Region"/>
    </workRoles>
  </workHistoryEntry>
  <workHistoryEntry startDate="1994" endDate="1997">
    <workRoles>
      <workRole role="Deputy Director-General"/>
      <workRole institution="Economic and Trade Commission"/>
      <workRole location="Xinjiang Uygur Autonomous Region"/>
    </workRoles>
  </workHistoryEntry>
  <workHistoryEntry startDate="1992" endDate="1994">
    <workRoles>
      <workRole role="Assistant to Mayor"/>
      <workRole institution="People's Government"/>
      <workRole location="Xinjiang Uygur Autonomous Region"/>
      <workRole location="Urumqi City"/>
    </workRoles>
  </workHistoryEntry>
  <workHistoryEntry startDate="1980">
    <workRoles>
      <workRole role="Joined"/>
      <workRole institution="CPC"/>
    </workRoles>
  </workHistoryEntry>
  <workHistory/>
</biography>
