<?xml version="1.0" encoding="UTF-8"?>
<biography birthDate="1923" fullName="Aronhan'aji" displayName="Aronhan'aji" nonEnglishName="" sex="male" nationality="Uygur">
  <bioText>Aronhan'aji, male, Uygur nationality, is a native of Keshen, Xinjiang Uygur Autonomous Region. He was born in 1923. Aronhan'aji served as vice-chairman of the Islamic Association of China, vice-president of the 8th CPPCC of the Xinjiang Uygur Autonomous Region, and president of the Islamic Association of the Xinjiang Uygur Autonomous Region. He studied in the scripture hall of Kashi, and was appointed a member of the CPPCC of the city as well as director of the Islamic Association there. Subsequently Aronhan'aji served as vice-president of the 6th and 7th sessions of the regional CPPCC. In 2003, he was elected as vice-president of the Xinjiang Uygur Autonomous Region.</bioText>
  <posts>
    <post description="Former Vice-President of the Xinjiang Uygur Autonomous Region, Former Vice-Chairman of the Islamic Association of China, Former President of the Islamic Association of the Xinjiang Uygur Autonomous Region"/>
  </posts>
  <birthLocations>
    <birthLocation location="Xinjiang Uygur Autonomous Region"/>
    <birthLocation location="Keshen"/>
  </birthLocations>
  <workHistoryEntry startDate="2003" endDate="2005">
    <workRoles>
      <workRole role="Vice-President"/>
      <workRole institution="Autonomous Region People's Government"/>
      <workRole location="Xinjiang Uygur Autonomous Region"/>
    </workRoles>
  </workHistoryEntry>
  <workHistoryEntry startDate="">
    <workRoles>
      <workRole role="President"/>
      <workRole institution="Xinjiang Uygur Islamic Association"/>
    </workRoles>
  </workHistoryEntry>
  <workHistoryEntry startDate="">
    <workRoles>
      <workRole role="Vice-President"/>
      <workRole institution="CPPCC"/>
      <workRole institution="Autonomous Regional Committee"/>
      <workRole location="Xinjiang Uygur Autonomous Region"/>
      <workRole location="Keshen"/>
    </workRoles>
  </workHistoryEntry>
  <workHistoryEntry startDate="">
    <workRoles>
      <workRole role="Vice-Chairman"/>
      <workRole institution="China Islamic Association"/>
    </workRoles>
  </workHistoryEntry>
  <workHistory/>
</biography>
