<?xml version="1.0" encoding="UTF-8"?>
<biography birthDate="1947" fullName="Ashat Kerimbay" displayName="Ashat Kerimbay" nonEnglishName="" sex="male" nationality="Kazak">
  <bioText>Ashat Kerimbay, male, Kazak nationality, is a native of Yining, Xinjiang Uygur Autonomous Region. Ashat was born in 1947, graduated from Chinese Language and Literature Department of Xingjiang University and joined the CPC in 1975. Ashat spent much of his career in party leadership positions and judicial positions in Ili Prefecture. In 1993, he became vice-chairman of the People's Government of Xingjiang Uygur Autonomous Region. Later, he became a standing committee member of the 6th CPC Xingjian Uygur Autonomous Regional Committee. Ashat was an alternate member of the 15th and 16th CPC Central Committees. In 2007, he became a member of the 17th CPC Central Committee.</bioText>
  <posts>
    <post description="Member, 17th CPC, Central Committee"/>
    <post description="Chairman, CPPCC, Autonomous Regional Committee, Xinjiang Uygur Autonomous Region"/>
  </posts>
  <birthLocations>
    <birthLocation location="Xinjiang Uygur Autonomous Region"/>
    <birthLocation location="Yining City"/>
  </birthLocations>
  <workHistoryEntry startDate="2007">
    <workRoles>
      <workRole role="Member"/>
      <workRole institution="17th CPC"/>
      <workRole institution="Central Committee"/>
    </workRoles>
  </workHistoryEntry>
  <workHistoryEntry startDate="2003" endDate="2008">
    <workRoles>
      <workRole role="Member"/>
      <workRole institution="10th CPPCC"/>
      <workRole institution="National Committee"/>
    </workRoles>
  </workHistoryEntry>
  <workHistoryEntry startDate="2003">
    <workRoles>
      <workRole role="Chairman"/>
      <workRole institution="CPPCC"/>
      <workRole institution="Autonomous Regional Committee"/>
      <workRole location="Xinjiang Uygur Autonomous Region"/>
    </workRoles>
  </workHistoryEntry>
  <workHistoryEntry startDate="2002" endDate="2007">
    <workRoles>
      <workRole role="Alternate Member"/>
      <workRole institution="16th CPC"/>
      <workRole institution="Central Committee"/>
    </workRoles>
  </workHistoryEntry>
  <workHistoryEntry startDate="2001" endDate="2006">
    <workRoles>
      <workRole role="Member"/>
      <workRole institution="CPC"/>
      <workRole institution="Autonomous Regional Committee"/>
      <workRole institution="Standing Committee"/>
      <workRole location="Xinjiang Uygur Autonomous Region"/>
    </workRoles>
  </workHistoryEntry>
  <workHistoryEntry startDate="1997" endDate="2002">
    <workRoles>
      <workRole role="Alternate Member"/>
      <workRole institution="15th CPC"/>
      <workRole institution="Central Committee"/>
    </workRoles>
  </workHistoryEntry>
  <workHistoryEntry startDate="1996" endDate="2006">
    <workRoles>
      <workRole role="Deputy Secretary"/>
      <workRole institution="CPC"/>
      <workRole institution="Autonomous Regional Committee"/>
      <workRole location="Xinjiang Uygur Autonomous Region"/>
    </workRoles>
  </workHistoryEntry>
  <workHistoryEntry startDate="1993" endDate="1998">
    <workRoles>
      <workRole role="Deputy"/>
      <workRole institution="8th NPC"/>
    </workRoles>
  </workHistoryEntry>
  <workHistoryEntry startDate="1993" endDate="1996">
    <workRoles>
      <workRole role="Vice-Chairman"/>
      <workRole institution="Autonomous Region People's Government"/>
      <workRole location="Xinjiang Uygur Autonomous Region"/>
    </workRoles>
  </workHistoryEntry>
  <workHistoryEntry startDate="1988" endDate="1993">
    <workRoles>
      <workRole role="Governor"/>
      <workRole institution="People's Government"/>
      <workRole location="Xinjiang Uygur Autonomous Region"/>
      <workRole location="Ili Kazak Prefecture"/>
    </workRoles>
  </workHistoryEntry>
  <workHistoryEntry startDate="1988" endDate="1993">
    <workRoles>
      <workRole role="Magistrate"/>
      <workRole institution="Intermediate People's Court"/>
      <workRole location="Xinjiang Uygur Autonomous Region"/>
      <workRole location="Ili Kazak Prefecture"/>
    </workRoles>
  </workHistoryEntry>
  <workHistoryEntry startDate="1988" endDate="1993">
    <workRoles>
      <workRole role="Deputy"/>
      <workRole institution="7th NPC"/>
    </workRoles>
  </workHistoryEntry>
  <workHistoryEntry startDate="1988" endDate="1993">
    <workRoles>
      <workRole role="Deputy Secretary"/>
      <workRole institution="CPC"/>
      <workRole institution="Autonomous Prefectural Committee"/>
      <workRole location="Xinjiang Uygur Autonomous Region"/>
      <workRole location="Ili Kazak Prefecture"/>
    </workRoles>
  </workHistoryEntry>
  <workHistoryEntry startDate="1987" endDate="1988">
    <workRoles>
      <workRole role="Secretary"/>
      <workRole institution="Ili Teachers' College"/>
      <workRole institution="CPC"/>
      <workRole institution="Party Committee"/>
      <workRole location="Xinjiang Uygur Autonomous Region"/>
      <workRole location="Yili"/>
    </workRoles>
  </workHistoryEntry>
  <workHistoryEntry startDate="1984" endDate="1987">
    <workRoles>
      <workRole role="Deputy Commissioner"/>
      <workRole institution="Prefectural Administrative Office"/>
      <workRole location="Xinjiang Uygur Autonomous Region"/>
      <workRole location="Yili"/>
    </workRoles>
  </workHistoryEntry>
  <workHistoryEntry startDate="1976" endDate="1983">
    <workRoles>
      <workRole role="Deputy Head"/>
      <workRole institution="CPC"/>
      <workRole institution="Autonomous Prefectural Committee"/>
      <workRole institution="Organization Department"/>
      <workRole location="Xinjiang Uygur Autonomous Region"/>
      <workRole location="Yili"/>
    </workRoles>
  </workHistoryEntry>
  <workHistoryEntry startDate="1975">
    <workRoles>
      <workRole role="Joined"/>
      <workRole institution="CPC"/>
    </workRoles>
  </workHistoryEntry>
  <workHistoryEntry startDate="1972" endDate="1976">
    <workRoles>
      <workRole role="Magistrate"/>
      <workRole institution="County (District) People's Court"/>
      <workRole location="Xinjiang Uygur Autonomous Region"/>
      <workRole location="Yining County"/>
    </workRoles>
  </workHistoryEntry>
  <workHistoryEntry startDate="1970" endDate="1972">
    <workRoles>
      <workRole role="Soldier"/>
      <workRole institution="PLA"/>
    </workRoles>
  </workHistoryEntry>
  <workHistoryEntry startDate="1970">
    <workRoles>
      <workRole role="Graduate"/>
      <workRole institution="Xinjiang University"/>
      <workRole institution="Chinese Language and Literature Department"/>
      <workRole location="Xinjiang Uygur Autonomous Region"/>
    </workRoles>
  </workHistoryEntry>
  <workHistory/>
</biography>
