<?xml version="1.0" encoding="UTF-8"?>
<biography birthDate="1945" fullName="Ashanbaike Turdi" displayName="Ashanbaike Turdi" nonEnglishName="" sex="male" nationality="Kirgiz">
  <bioText>Ashanbaike Turdi, male, Kirgiz nationality, is a native of Wuyi, Xinjiang Uygur Autonomous Region. He was born in 1945, joined the CPC in 1974, and graduated from the Suzhou Normal School with the academic credentials of special secondary school teacher. Ashanbaike held leading posts in the Kezilesu district, where he served as governor until 1998. He was elected deputy director of the standing committee of the 10th NPC of Xinjiang Uygur Autonomous Region in 2003.</bioText>
  <posts>
    <post description="Deputy Director of the Standing Committee of the Xinjiang Uygur Autonomous Regional People's Congress"/>
  </posts>
  <birthLocations>
    <birthLocation location="Xinjiang Uygur Autonomous Region"/>
    <birthLocation location="Wuyi"/>
  </birthLocations>
  <workHistoryEntry startDate="2001">
    <workRoles>
      <workRole role="Deputy Director"/>
      <workRole institution="Autonomous Regional People's Congress"/>
      <workRole institution="Standing Committee"/>
      <workRole location="Xinjiang Uygur Autonomous Region"/>
    </workRoles>
  </workHistoryEntry>
  <workHistoryEntry startDate="1998" endDate="2001">
    <workRoles>
      <workRole role="Director"/>
      <workRole institution="Autonomous District People's Congress"/>
      <workRole institution="Standing Committee"/>
      <workRole location="Xinjiang Uygur Autonomous Region"/>
      <workRole location="Kezilesu District"/>
    </workRoles>
  </workHistoryEntry>
  <workHistoryEntry startDate="1993" endDate="1998">
    <workRoles>
      <workRole role="Deputy Secretary"/>
      <workRole institution="CPC"/>
      <workRole institution="Autonomous District Committee"/>
      <workRole location="Xinjiang Uygur Autonomous Region"/>
      <workRole location="Kezilesu District"/>
    </workRoles>
  </workHistoryEntry>
  <workHistoryEntry startDate="1992" endDate="1993">
    <workRoles>
      <workRole role="Subcomissioner"/>
      <workRole location="Xinjiang Uygur Autonomous Region"/>
      <workRole location="Kezilesu District"/>
    </workRoles>
  </workHistoryEntry>
  <workHistoryEntry startDate="1990" endDate="1992">
    <workRoles>
      <workRole role="Secretary"/>
      <workRole institution="CPC"/>
      <workRole institution="Autonomous District Committee"/>
      <workRole institution="Commission for Discipline Inspection"/>
      <workRole location="Xinjiang Uygur Autonomous Region"/>
      <workRole location="Kezilesu District"/>
    </workRoles>
  </workHistoryEntry>
  <workHistoryEntry startDate="1990" endDate="1992">
    <workRoles>
      <workRole role="Member"/>
      <workRole institution="CPC"/>
      <workRole institution="Autonomous District Committee"/>
      <workRole institution="Standing Committee"/>
      <workRole location="Xinjiang Uygur Autonomous Region"/>
      <workRole location="Kezilesu District"/>
    </workRoles>
  </workHistoryEntry>
  <workHistoryEntry startDate="1987" endDate="1990">
    <workRoles>
      <workRole role="Magistrate"/>
      <workRole institution="County (District) People's Court"/>
      <workRole location="Xinjiang Uygur Autonomous Region"/>
      <workRole location="Wuqia County"/>
    </workRoles>
  </workHistoryEntry>
  <workHistoryEntry startDate="1974">
    <workRoles>
      <workRole role="Joined"/>
      <workRole institution="CPC"/>
    </workRoles>
  </workHistoryEntry>
  <workHistoryEntry startDate="1971" endDate="1987">
    <workRoles>
      <workRole role="Director"/>
      <workRole institution="Education Bureau"/>
      <workRole location="Xinjiang Uygur Autonomous Region"/>
      <workRole location="Wuqia County"/>
    </workRoles>
  </workHistoryEntry>
  <workHistoryEntry startDate="1964" endDate="1971">
    <workRoles>
      <workRole role="Culture and Education Secretary"/>
      <workRole institution="People's Government"/>
      <workRole location="Xinjiang Uygur Autonomous Region"/>
      <workRole location="Kezilesu District"/>
    </workRoles>
  </workHistoryEntry>
  <workHistoryEntry startDate="1962" endDate="1964">
    <workRoles>
      <workRole role="Student"/>
      <workRole institution="Kezilesu Normal School"/>
      <workRole location="Xinjiang Uygur Autonomous Region"/>
      <workRole location="Kezilesu District"/>
    </workRoles>
  </workHistoryEntry>
  <workHistory/>
</biography>
