<?xml version="1.0" encoding="UTF-8"?>
<biography birthDate="1937" fullName="Ba Sang" displayName="Ba Sang" nonEnglishName="" sex="female" nationality="Zang minority Nationality">
  <bioText>Ba Sang, female, Zang minority Nationality, was born in 1937 in Gongga,Tibet. She joined the CPC in May, 1959. She began to work in June, 1957 and studied in Tibet College in Xianyang, Shanxi province from June 1957 to May 1959. From January 1993 to November 1994, she served as the deputy-secretary of the Party Committee in Tibet Autonomous Region, the Secretary of the Disciplinary Commission of the Autonomous Region, the vice-chairman of the CPPCC of the Autonomous Region. In December 1998, she served as the vice-chairman of the National Women's Association. Ba Sang was an alternate member of the 9th CPC Central Committee, and a member of the 10th, 11th and 12th CPC Central Committees. She was also elected as a member of the Disciplinary Commission of CPC in the 13th and 14th CPC National Congress.</bioText>
  <posts>
    <post description="Member, 12th CPC Central Committee"/>
  </posts>
  <birthLocations>
    <birthLocation location="Tibet Autonomous Region"/>
    <birthLocation location="Gongga"/>
  </birthLocations>
  <workHistoryEntry startDate="1993" endDate="1994">
    <workRoles>
      <workRole role="Deputy Secretary"/>
      <workRole institution="CPC"/>
      <workRole institution="Autonomous Regional Committee"/>
      <workRole location="Tibet Autonomous Region"/>
    </workRoles>
  </workHistoryEntry>
  <workHistoryEntry startDate="1993" endDate="1994">
    <workRoles>
      <workRole role="Secretary"/>
      <workRole institution="CPC"/>
      <workRole institution="Autonomous Regional Committee"/>
      <workRole institution="Commission for Discipline Inspection"/>
      <workRole location="Tibet Autonomous Region"/>
    </workRoles>
  </workHistoryEntry>
  <workHistoryEntry startDate="1992" endDate="1997">
    <workRoles>
      <workRole role="Member"/>
      <workRole institution="14th CPC"/>
      <workRole institution="Central Committee"/>
      <workRole institution="Central Commission for Discipline Inspection"/>
    </workRoles>
  </workHistoryEntry>
  <workHistoryEntry startDate="1987" endDate="1992">
    <workRoles>
      <workRole role="Member"/>
      <workRole institution="13th CPC"/>
      <workRole institution="Central Committee"/>
      <workRole institution="Central Commission for Discipline Inspection"/>
    </workRoles>
  </workHistoryEntry>
  <workHistoryEntry startDate="1982" endDate="1987">
    <workRoles>
      <workRole role="Member"/>
      <workRole institution="12th CPC"/>
      <workRole institution="Central Committee"/>
    </workRoles>
  </workHistoryEntry>
  <workHistoryEntry startDate="1977" endDate="1982">
    <workRoles>
      <workRole role="Member"/>
      <workRole institution="11th CPC"/>
      <workRole institution="Central Committee"/>
    </workRoles>
  </workHistoryEntry>
  <workHistoryEntry startDate="1973" endDate="1977">
    <workRoles>
      <workRole role="Member"/>
      <workRole institution="10th CPC"/>
      <workRole institution="Central Committee"/>
    </workRoles>
  </workHistoryEntry>
  <workHistory/>
</biography>
