<?xml version="1.0" encoding="UTF-8"?>
<biography birthDate="1955" fullName="Bater" displayName="Bagatur (Bater, Bateer)" nonEnglishName="" sex="male" nationality="Mongolian">
  <bioText>Bater, male, Mongolian nationality, is a native of Kangping, Liaoning province. He was born in 1955, joined the CPC in 1981, and received a postgraduate education. He obtained a master's degree of political economics, and started to work in 1973. He was elected deputy secretary of the CPC Inner Mongolia Autonomous Regional Committee in 2001, and secretary of the CPC Inner Mongolia Autonomous Regional Commission for Discipline Inspection in 1999. He is a member of the 17th CPC Central Commission for Discipline Inspection. In 2008, he became Acting Chairman and Vice-Chairman of the Inner Mongolia Autonomous Region. In 2009 he became Chairman of the Inner Mongolia Autonomous Region.</bioText>
  <posts>
    <post description="Member, 17th CPC, Central Committee, Central Commission for Discipline Inspection"/>
    <post description="Chairman, Autonomous Region People's Government, Inner Mongolia Autonomous Region"/>
  </posts>
  <birthLocations>
    <birthLocation location="Liaoning Province"/>
  </birthLocations>
  <workHistoryEntry startDate="2009">
    <workRoles>
      <workRole role="Chairman"/>
      <workRole institution="Autonomous Region People's Government"/>
      <workRole location="Inner Mongolia Autonomous Region"/>
    </workRoles>
  </workHistoryEntry>
  <workHistoryEntry startDate="2008" endDate="2009">
    <workRoles>
      <workRole role="Acting Chairman"/>
      <workRole institution="Autonomous Region People's Government"/>
      <workRole location="Inner Mongolia Autonomous Region"/>
    </workRoles>
  </workHistoryEntry>
  <workHistoryEntry startDate="2008" endDate="2009">
    <workRoles>
      <workRole role="Vice-Chairman"/>
      <workRole institution="Autonomous Region People's Government"/>
      <workRole location="Inner Mongolia Autonomous Region"/>
    </workRoles>
  </workHistoryEntry>
  <workHistoryEntry startDate="2007">
    <workRoles>
      <workRole role="Member"/>
      <workRole institution="17th CPC"/>
      <workRole institution="Central Committee"/>
      <workRole institution="Central Commission for Discipline Inspection"/>
    </workRoles>
  </workHistoryEntry>
  <workHistoryEntry startDate="2002" endDate="2007">
    <workRoles>
      <workRole role="Member"/>
      <workRole institution="16th CPC"/>
      <workRole institution="Central Committee"/>
      <workRole institution="Central Commission for Discipline Inspection"/>
    </workRoles>
  </workHistoryEntry>
  <workHistoryEntry startDate="2001">
    <workRoles>
      <workRole role="Deputy Secretary"/>
      <workRole institution="CPC"/>
      <workRole institution="Autonomous Regional Committee"/>
      <workRole location="Inner Mongolia Autonomous Region"/>
    </workRoles>
  </workHistoryEntry>
  <workHistoryEntry startDate="1999" endDate="1999">
    <workRoles>
      <workRole role="Chairman"/>
      <workRole institution="Autonomous City People's Congress"/>
      <workRole location="Inner Mongolia Autonomous Region"/>
      <workRole location="Wuhai City"/>
    </workRoles>
  </workHistoryEntry>
  <workHistoryEntry startDate="1999">
    <workRoles>
      <workRole role="Member"/>
      <workRole institution="CPC"/>
      <workRole institution="Autonomous Regional Committee"/>
      <workRole institution="Standing Committee"/>
      <workRole location="Inner Mongolia Autonomous Region"/>
    </workRoles>
  </workHistoryEntry>
  <workHistoryEntry startDate="1999" endDate="2001">
    <workRoles>
      <workRole role="Secretary"/>
      <workRole institution="CPC"/>
      <workRole institution="Autonomous Regional Committee"/>
      <workRole institution="Commission for Discipline Inspection"/>
      <workRole location="Inner Mongolia Autonomous Region"/>
    </workRoles>
  </workHistoryEntry>
  <workHistoryEntry startDate="1997" endDate="2002">
    <workRoles>
      <workRole role="Alternate Member"/>
      <workRole institution="15th CPC"/>
      <workRole institution="Central Committee"/>
    </workRoles>
  </workHistoryEntry>
  <workHistoryEntry startDate="1997" endDate="2002">
    <workRoles>
      <workRole role="Alternate Member"/>
      <workRole institution="15th CPC"/>
      <workRole institution="Central Committee"/>
    </workRoles>
  </workHistoryEntry>
  <workHistoryEntry startDate="1994" endDate="1998">
    <workRoles>
      <workRole role="Mayor"/>
      <workRole institution="People's Government"/>
      <workRole location="Inner Mongolia Autonomous Region"/>
      <workRole location="Wuhai City"/>
    </workRoles>
  </workHistoryEntry>
  <workHistoryEntry startDate="1994" endDate="1999">
    <workRoles>
      <workRole role="Secretary"/>
      <workRole institution="CPC"/>
      <workRole institution="Autonomous City Committee"/>
      <workRole location="Inner Mongolia Autonomous Region"/>
      <workRole location="Wuhai City"/>
    </workRoles>
  </workHistoryEntry>
  <workHistoryEntry startDate="1992" endDate="1994">
    <workRoles>
      <workRole role="Deputy Secretary"/>
      <workRole institution="CPC"/>
      <workRole institution="Autonomous City Committee"/>
      <workRole location="Inner Mongolia Autonomous Region"/>
      <workRole location="Wuhai City"/>
    </workRoles>
  </workHistoryEntry>
  <workHistoryEntry startDate="1991" endDate="1992">
    <workRoles>
      <workRole role="Director Assistant"/>
      <workRole institution="People's Government"/>
      <workRole location="Beijing"/>
      <workRole location="Chaoyang District"/>
    </workRoles>
  </workHistoryEntry>
  <workHistoryEntry startDate="1989" endDate="1990">
    <workRoles>
      <workRole role="Student"/>
      <workRole institution="Tokyo Training Center of Japan"/>
      <workRole location="Japan"/>
      <workRole location="Tokyo"/>
    </workRoles>
  </workHistoryEntry>
  <workHistoryEntry startDate="1988" endDate="1989">
    <workRoles>
      <workRole role="Student"/>
      <workRole institution="CPC"/>
      <workRole institution="Central Committee"/>
      <workRole institution="Central Party School"/>
    </workRoles>
  </workHistoryEntry>
  <workHistoryEntry startDate="1986" endDate="1992">
    <workRoles>
      <workRole role="Secretary"/>
      <workRole institution="CYLC"/>
      <workRole institution="Autonomous Regional-Level"/>
      <workRole location="Inner Mongolia Autonomous Region"/>
    </workRoles>
  </workHistoryEntry>
  <workHistoryEntry startDate="1984" endDate="1986">
    <workRoles>
      <workRole role="Deputy Secretary"/>
      <workRole institution="CYLC"/>
      <workRole institution="Autonomous Regional-Level"/>
      <workRole location="Inner Mongolia Autonomous Region"/>
    </workRoles>
  </workHistoryEntry>
  <workHistoryEntry startDate="1983" endDate="1984">
    <workRoles>
      <workRole role="Chairman"/>
      <workRole institution="CYLC"/>
      <workRole institution="Autonomous League-Level"/>
      <workRole location="Inner Mongolia Autonomous Region"/>
      <workRole location="Hulun Buir League"/>
    </workRoles>
  </workHistoryEntry>
  <workHistoryEntry startDate="1982" endDate="1983">
    <workRoles>
      <workRole role="Student"/>
      <workRole institution="CPC"/>
      <workRole institution="Autonomous Regional Committee"/>
      <workRole institution="Party School"/>
      <workRole location="Inner Mongolia Autonomous Region"/>
    </workRoles>
  </workHistoryEntry>
  <workHistoryEntry startDate="1981">
    <workRoles>
      <workRole role="Joined"/>
      <workRole institution="CPC"/>
    </workRoles>
  </workHistoryEntry>
  <workHistoryEntry startDate="1980" endDate="1983">
    <workRoles>
      <workRole role="Clerk"/>
      <workRole institution="CPC"/>
      <workRole institution="League Committee"/>
      <workRole institution="Organization Department"/>
      <workRole location="Inner Mongolia Autonomous Region"/>
      <workRole location="Hulun Buir League"/>
    </workRoles>
  </workHistoryEntry>
  <workHistoryEntry startDate="1980" endDate="1983">
    <workRoles>
      <workRole role="Teacher"/>
      <workRole institution="CPC"/>
      <workRole institution="League Committee"/>
      <workRole institution="Party School"/>
      <workRole location="Inner Mongolia Autonomous Region"/>
      <workRole location="Hulun Buir League"/>
    </workRoles>
  </workHistoryEntry>
  <workHistoryEntry startDate="1978" endDate="1980">
    <workRoles>
      <workRole role="Student"/>
      <workRole institution="Hailar Mongolian Teachers' School"/>
      <workRole institution="Mongolian Language Department"/>
      <workRole location="Inner Mongolia Autonomous Region"/>
    </workRoles>
  </workHistoryEntry>
  <workHistoryEntry startDate="1973" endDate="1978">
    <workRoles>
      <workRole role="Worker"/>
      <workRole location="Inner Mongolia Autonomous Region"/>
      <workRole location="Hulun Buir League"/>
      <workRole location="Ewenke Banner"/>
    </workRoles>
  </workHistoryEntry>
  <workHistory/>
</biography>
