<?xml version="1.0" encoding="UTF-8"?>
<biography birthDate="1943" fullName="Bai Keming" displayName="Bai Keming" nonEnglishName="" sex="male" nationality="Han">
  <bioText>Bai Keming, male, Han nationality, is a native of Jingbian, Shaanxi Province. He was born in 1943. studied at the Harbin Military Engineering Institute, and joined the CPC in 1975. After working briefly in Harbin, Heilongjiang Province, Bai was transferred to Shaanxi Province and then to Beijing, where he served in the Ministry of Education and the State Education Commission. In the mid- 1990s, he worked in publicity organs of the CPC Central Committee, and in 2000, he became president of People's Daily. A year later, Bai was transferred to Hainan Province, where he became secretary of the CPC Hainan Provincial Committee. The next year he left Hainan and was appointed secretary of the CPC Hebei Provincial Committee. In 2007, Bai no longer held the positions in Heibei Province and he was appointed Chairman of Education, Science, Culture and Public Health Committee, National People's Congress in 2008. Bai was a Delegate to 15th CPC NPC. He was also a Member of the 16th CPC Central Committee.</bioText>
  <posts>
    <post description="Chairman, 11th Education, Science, Culture and Health Committee of the NPC"/>
  </posts>
  <birthLocations>
    <birthLocation location="Shaanxi Province"/>
    <birthLocation location="Jingbian"/>
  </birthLocations>
  <workHistoryEntry startDate="2008">
    <workRoles>
      <workRole role="Chairman"/>
      <workRole institution="Education, Science, Culture and Health Committee of the NPC"/>
    </workRoles>
  </workHistoryEntry>
  <workHistoryEntry startDate="2003" endDate="2007">
    <workRoles>
      <workRole role="Chairman"/>
      <workRole institution="Provincial People's Congress"/>
      <workRole institution="Standing Committee"/>
      <workRole location="Hebei Province"/>
    </workRoles>
  </workHistoryEntry>
  <workHistoryEntry startDate="2002" endDate="2007">
    <workRoles>
      <workRole role="Member"/>
      <workRole institution="16th CPC"/>
      <workRole institution="Central Committee"/>
    </workRoles>
  </workHistoryEntry>
  <workHistoryEntry startDate="2002" endDate="2007">
    <workRoles>
      <workRole role="Secretary"/>
      <workRole institution="CPC"/>
      <workRole institution="Provincial Committee"/>
      <workRole location="Hebei Province"/>
    </workRoles>
  </workHistoryEntry>
  <workHistoryEntry startDate="2001" endDate="2002">
    <workRoles>
      <workRole role="Secretary"/>
      <workRole institution="CPC"/>
      <workRole institution="Provincial Committee"/>
      <workRole location="Hainan Province"/>
    </workRoles>
  </workHistoryEntry>
  <workHistoryEntry startDate="2001" endDate="2002">
    <workRoles>
      <workRole role="Member"/>
      <workRole institution="CPC"/>
      <workRole institution="Provincial Committee"/>
      <workRole institution="Standing Committee"/>
      <workRole location="Hainan Province"/>
    </workRoles>
  </workHistoryEntry>
  <workHistoryEntry startDate="2000" endDate="2001">
    <workRoles>
      <workRole role="Chairman"/>
      <workRole institution="Provincial People's Congress"/>
      <workRole institution="Standing Committee"/>
      <workRole location="Hainan Province"/>
    </workRoles>
  </workHistoryEntry>
  <workHistoryEntry startDate="2000" endDate="2001">
    <workRoles>
      <workRole role="President"/>
      <workRole institution="CPC"/>
      <workRole institution="Central Committee"/>
      <workRole institution="People's Daily"/>
    </workRoles>
  </workHistoryEntry>
  <workHistoryEntry startDate="2000" endDate="2001">
    <workRoles>
      <workRole role="Deputy Director"/>
      <workRole institution="CPC"/>
      <workRole institution="Central Committee"/>
      <workRole institution="General Office"/>
    </workRoles>
  </workHistoryEntry>
  <workHistoryEntry startDate="1997" endDate="2002">
    <workRoles>
      <workRole role="Delegate"/>
      <workRole institution="15th CPC"/>
      <workRole institution="National Congress"/>
    </workRoles>
  </workHistoryEntry>
  <workHistoryEntry startDate="1993" endDate="2000">
    <workRoles>
      <workRole role="Deputy Head"/>
      <workRole institution="CPC"/>
      <workRole institution="Central Committee"/>
      <workRole institution="Publicity Department"/>
    </workRoles>
  </workHistoryEntry>
  <workHistoryEntry startDate="1993" endDate="1993">
    <workRoles>
      <workRole role="Secretary-General"/>
      <workRole institution="CPC"/>
      <workRole institution="Central Committee"/>
      <workRole institution="Publicity Department"/>
    </workRoles>
  </workHistoryEntry>
  <workHistoryEntry startDate="1989" endDate="1993">
    <workRoles>
      <workRole role="Head"/>
      <workRole institution="Research Office of the State Council"/>
      <workRole institution="Education, Science, Culture and Public Health Group"/>
    </workRoles>
  </workHistoryEntry>
  <workHistoryEntry startDate="1989" endDate="1989">
    <workRoles>
      <workRole role="Secretary"/>
      <workRole institution="Research Office of the State Council"/>
      <workRole institution="Education, Science, Culture and Public Health Group"/>
      <workRole institution="Culture and Public Health Group CPC"/>
      <workRole institution="Party Committee"/>
    </workRoles>
  </workHistoryEntry>
  <workHistoryEntry startDate="1986" endDate="1989">
    <workRoles>
      <workRole role="Deputy Director"/>
      <workRole institution="Ministry of Education"/>
      <workRole institution="General Office"/>
    </workRoles>
  </workHistoryEntry>
  <workHistoryEntry startDate="">
    <workRoles>
      <workRole role="Member"/>
      <workRole institution="State Education Commission"/>
    </workRoles>
  </workHistoryEntry>
  <workHistoryEntry startDate="1978" endDate="1986">
    <workRoles>
      <workRole role="Vice-Division Chief"/>
      <workRole institution="Ministry of Education"/>
      <workRole institution="General Office"/>
    </workRoles>
  </workHistoryEntry>
  <workHistoryEntry startDate="1978" endDate="1986">
    <workRoles>
      <workRole role="Deputy Division Chief"/>
      <workRole institution="Ministry of Education"/>
      <workRole institution="General Office"/>
    </workRoles>
  </workHistoryEntry>
  <workHistoryEntry startDate="1975">
    <workRoles>
      <workRole role="Joined"/>
      <workRole institution="CPC"/>
    </workRoles>
  </workHistoryEntry>
  <workHistoryEntry startDate="1973" endDate="1978">
    <workRoles>
      <workRole role="Worker"/>
      <workRole institution="National Defense Industry Committee"/>
      <workRole location="Shaanxi Province"/>
    </workRoles>
  </workHistoryEntry>
  <workHistoryEntry startDate="1970" endDate="1973">
    <workRoles>
      <workRole role="Teacher"/>
      <workRole institution="Harbin Shipbuilding Institute"/>
      <workRole location="Heilongjiang Province"/>
      <workRole location="Harbin City"/>
    </workRoles>
  </workHistoryEntry>
  <workHistoryEntry startDate="1968" endDate="1970">
    <workRoles>
      <workRole role="Worker"/>
      <workRole institution="Metallurgy and Geology Bureau"/>
      <workRole location="Heilongjiang Province"/>
      <workRole location="Harbin City"/>
    </workRoles>
  </workHistoryEntry>
  <workHistoryEntry startDate="1962" endDate="1968">
    <workRoles>
      <workRole role="Student"/>
      <workRole institution="Military Engineering Institute of the Chinese PLA"/>
      <workRole institution="Department of Missile Engineering"/>
      <workRole location="Heilongjiang Province"/>
      <workRole location="Harbin City"/>
    </workRoles>
  </workHistoryEntry>
  <workHistory/>
</biography>
