<?xml version="1.0" encoding="UTF-8"?>
<biography birthDate="1955" fullName="Bai Aying" displayName="Bai Aying" nonEnglishName="" sex="male" nationality="Han">
  <bioText>Bai Aying, male, Han nationality, is a native of Tongchuan City, Shaanxi Province. He was born in 1955, entered the work force in 1972 and joined the CPC in 1975. Since 2006, he is Director and Secretary of CPC Party Committee of State-Owed Property Supervision Committee of Shaanxi Province. Since 2011, he is Deputy Director of Shaanxi Province Provincial People's Congress Standing Committee.</bioText>
  <posts>
    <post description="Deputy Director, Provincial People's Congress, Standing Committee, Shaanxi Province"/>
  </posts>
  <birthLocations>
    <birthLocation location="Shaanxi Province"/>
    <birthLocation location="Tongchuan City"/>
  </birthLocations>
  <workHistoryEntry startDate="2011">
    <workRoles>
      <workRole role="Deputy Director"/>
      <workRole institution="Provincial People's Congress"/>
      <workRole institution="Standing Committee"/>
      <workRole location="Shaanxi Province"/>
    </workRoles>
  </workHistoryEntry>
  <workHistoryEntry startDate="2008">
    <workRoles>
      <workRole role="Secretary"/>
      <workRole institution="State-Owed Property Supervision Committee"/>
      <workRole institution="CPC"/>
      <workRole institution="Party Committee"/>
      <workRole location="Shaanxi Province"/>
    </workRoles>
  </workHistoryEntry>
  <workHistoryEntry startDate="2008">
    <workRoles>
      <workRole role="Deputy"/>
      <workRole institution="11th NPC"/>
    </workRoles>
  </workHistoryEntry>
  <workHistoryEntry startDate="2006">
    <workRoles>
      <workRole role="Director"/>
      <workRole institution="State-Owed Property Supervision Committee"/>
      <workRole location="Shaanxi Province"/>
    </workRoles>
  </workHistoryEntry>
  <workHistoryEntry startDate="2006" endDate="2008">
    <workRoles>
      <workRole role="Deputy Secretary"/>
      <workRole institution="State-Owed Property Supervision Committee"/>
      <workRole institution="CPC"/>
      <workRole institution="Party Committee"/>
      <workRole location="Shaanxi Province"/>
    </workRoles>
  </workHistoryEntry>
  <workHistoryEntry startDate="2003" endDate="2006">
    <workRoles>
      <workRole role="Deputy Director"/>
      <workRole institution="CPC"/>
      <workRole institution="Provincial Committee"/>
      <workRole institution="Publicity Department"/>
      <workRole location="Shaanxi Province"/>
    </workRoles>
  </workHistoryEntry>
  <workHistoryEntry startDate="2003" endDate="2006">
    <workRoles>
      <workRole role="Director"/>
      <workRole institution="Provincial Guidance Committee on Ethical and Cultural Construction"/>
      <workRole location="Shaanxi Province"/>
    </workRoles>
  </workHistoryEntry>
  <workHistoryEntry startDate="1996" endDate="2003">
    <workRoles>
      <workRole role="Deputy Director"/>
      <workRole institution="Committee of Science, Technology and Industry for National Defense"/>
      <workRole location="Technology and Industry for National Defense Shaanxi Province"/>
    </workRoles>
  </workHistoryEntry>
  <workHistory/>
</biography>
