<?xml version="1.0" encoding="UTF-8"?>
<biography birthDate="1941" fullName="Bai Lichen" displayName="Bai Lichen" nonEnglishName="" sex="male" nationality="Hui">
  <bioText>Bai Lichen, male, Hui nationality, is a native of Lingyuan, Liaoning Province. He was born in 1941, joined the CPC in 1971, and graduated from Shenyang Agricultural College. Initially, Bai worked in agricultural positions in Liaoning Province. In the early 1980s, he was secretary of the CPC Yingkou City Committee and mayor of Yingkou City in Liaoning Province. Later he became assistant to the governor and vice governor of Liaoning Province. In 1986, he was transferred to Ningxia Hui Autonomous Region as Deputy Secretary of the CPC Ningxia Hui Autonomous Regional Committee and as chairman of the Ningxia Hui Autonomous Region People's Congress. By 1997, Bai was in Beijing in central government positions. Bai was a member of the 16th CPC Central Committee. He is also vice-chairman of the 9th CPPCC National Committee and president of the 2nd Council of All-China Federation of Supply and Marketing Cooperatives. He is now a member of the 17th CPC Central Committee and Vice Chairman of the 11th CPPCC National Committee.</bioText>
  <posts>
    <post description="Member, 17th CPC, Central Committee"/>
    <post description="Vice-Chairman, 11th CPPCC, National Committee"/>
  </posts>
  <birthLocations>
    <birthLocation location="Liaoning Province"/>
    <birthLocation location="Lingyuan"/>
  </birthLocations>
  <workHistoryEntry startDate="2008">
    <workRoles>
      <workRole role="Vice-Chairman"/>
      <workRole institution="11th CPPCC"/>
      <workRole institution="National Committee"/>
    </workRoles>
  </workHistoryEntry>
  <workHistoryEntry startDate="2007">
    <workRoles>
      <workRole role="Member"/>
      <workRole institution="17th CPC"/>
      <workRole institution="Central Committee"/>
    </workRoles>
  </workHistoryEntry>
  <workHistoryEntry startDate="2003" endDate="2008">
    <workRoles>
      <workRole role="Vice-Chairman"/>
      <workRole institution="10th CPPCC"/>
      <workRole institution="National Committee"/>
    </workRoles>
  </workHistoryEntry>
  <workHistoryEntry startDate="2002" endDate="2007">
    <workRoles>
      <workRole role="Member"/>
      <workRole institution="16th CPC"/>
      <workRole institution="Central Committee"/>
    </workRoles>
  </workHistoryEntry>
  <workHistoryEntry startDate="1999">
    <workRoles>
      <workRole role="President, 2nd Council"/>
      <workRole institution="All-China Federation of Supply and Marketing Cooperatives"/>
    </workRoles>
  </workHistoryEntry>
  <workHistoryEntry startDate="1998" endDate="2003">
    <workRoles>
      <workRole role="Director"/>
      <workRole institution="All-China Federation of Supply and Marketing Cooperatives"/>
    </workRoles>
  </workHistoryEntry>
  <workHistoryEntry startDate="1998" endDate="2003">
    <workRoles>
      <workRole role="Vice-Chairman"/>
      <workRole institution="9th CPPCC"/>
      <workRole institution="National Committee"/>
    </workRoles>
  </workHistoryEntry>
  <workHistoryEntry startDate="1997" endDate="2000">
    <workRoles>
      <workRole role="Secretary"/>
      <workRole institution="All-China Federation of Supply and Marketing Cooperatives"/>
      <workRole institution="CPC"/>
      <workRole institution="Leading Party Group"/>
    </workRoles>
  </workHistoryEntry>
  <workHistoryEntry startDate="1997" endDate="2002">
    <workRoles>
      <workRole role="Member"/>
      <workRole institution="15th CPC"/>
      <workRole institution="Central Committee"/>
    </workRoles>
  </workHistoryEntry>
  <workHistoryEntry startDate="1992" endDate="1997">
    <workRoles>
      <workRole role="Member"/>
      <workRole institution="14th CPC"/>
      <workRole institution="Central Committee"/>
    </workRoles>
  </workHistoryEntry>
  <workHistoryEntry startDate="1987" endDate="1997">
    <workRoles>
      <workRole role="Deputy Secretary"/>
      <workRole institution="CPC"/>
      <workRole institution="Autonomous Regional Committee"/>
      <workRole location="Ningxia Hui Autonomous Region"/>
    </workRoles>
  </workHistoryEntry>
  <workHistoryEntry startDate="1987" endDate="1992">
    <workRoles>
      <workRole role="Member"/>
      <workRole institution="13th CPC"/>
      <workRole institution="Central Committee"/>
    </workRoles>
  </workHistoryEntry>
  <workHistoryEntry startDate="1987" endDate="1997">
    <workRoles>
      <workRole role="Chairman"/>
      <workRole institution="Autonomous Regional People's Congress"/>
      <workRole location="Ningxia Hui Autonomous Region"/>
    </workRoles>
  </workHistoryEntry>
  <workHistoryEntry startDate="1986" endDate="1987">
    <workRoles>
      <workRole role="Acting Chairman"/>
      <workRole institution="Autonomous Regional People's Congress"/>
      <workRole location="Ningxia Hui Autonomous Region"/>
    </workRoles>
  </workHistoryEntry>
  <workHistoryEntry startDate="1985" endDate="1986">
    <workRoles>
      <workRole role="Vice-Governor"/>
      <workRole institution="People's Government"/>
      <workRole location="Liaoning Province"/>
    </workRoles>
  </workHistoryEntry>
  <workHistoryEntry startDate="1985" endDate="1986">
    <workRoles>
      <workRole role="Member"/>
      <workRole institution="CPC"/>
      <workRole institution="Provincial Committee"/>
      <workRole institution="Standing Committee"/>
      <workRole location="Liaoning Province"/>
    </workRoles>
  </workHistoryEntry>
  <workHistoryEntry startDate="1984" endDate="1985">
    <workRoles>
      <workRole role="Assistant to Governor"/>
      <workRole institution="People's Government"/>
      <workRole location="Liaoning Province"/>
    </workRoles>
  </workHistoryEntry>
  <workHistoryEntry startDate="1984" endDate="1985">
    <workRoles>
      <workRole role="Secretary"/>
      <workRole institution="CPC"/>
      <workRole institution="City Committee"/>
      <workRole location="Liaoning Province"/>
      <workRole location="Panjin City"/>
    </workRoles>
  </workHistoryEntry>
  <workHistoryEntry startDate="1983" endDate="1984">
    <workRoles>
      <workRole role="Deputy Secretary"/>
      <workRole institution="CPC"/>
      <workRole institution="City Committee"/>
      <workRole location="Liaoning Province"/>
      <workRole location="Yingkou City"/>
    </workRoles>
  </workHistoryEntry>
  <workHistoryEntry startDate="1983" endDate="1984">
    <workRoles>
      <workRole role="Mayor"/>
      <workRole institution="People's Government"/>
      <workRole location="Liaoning Province"/>
      <workRole location="Yingkou City"/>
    </workRoles>
  </workHistoryEntry>
  <workHistoryEntry startDate="1972" endDate="1980">
    <workRoles>
      <workRole role="Deputy Section Chief"/>
      <workRole institution="Personnel Supervision Bureau"/>
      <workRole location="Liaoning Province"/>
      <workRole location="Yingkou City"/>
    </workRoles>
  </workHistoryEntry>
  <workHistoryEntry startDate="1972" endDate="1980">
    <workRoles>
      <workRole role="Clerk"/>
      <workRole institution="CPC"/>
      <workRole institution="City Committee"/>
      <workRole institution="Organization Department"/>
      <workRole location="Liaoning Province"/>
      <workRole location="Yingkou City"/>
    </workRoles>
  </workHistoryEntry>
  <workHistoryEntry startDate="1971">
    <workRoles>
      <workRole role="Joined"/>
      <workRole institution="CPC"/>
    </workRoles>
  </workHistoryEntry>
  <workHistoryEntry startDate="1964" endDate="1968">
    <workRoles>
      <workRole role="Technician"/>
      <workRole institution="Yingkou Agricultural College"/>
      <workRole institution="Agricultural Machinery Institute"/>
      <workRole location="Liaoning Province"/>
      <workRole location="Yingkou City"/>
    </workRoles>
  </workHistoryEntry>
  <workHistoryEntry startDate="1964">
    <workRoles>
      <workRole role="Graduate"/>
      <workRole institution="Shenyang Agricultural College"/>
      <workRole institution="Agricultural Engineering Department"/>
      <workRole location="Liaoning Province"/>
    </workRoles>
  </workHistoryEntry>
  <workHistory/>
</biography>
