<?xml version="1.0" encoding="UTF-8"?>
<biography birthDate="1942" fullName="Bai Dahua" displayName="Bai Dahua" nonEnglishName="" sex="male" nationality="Hui">
  <bioText>Bai Dahua, male, Hui nationality, was born in 1942 in Jilin City, Jilin Province. He graduated from Qinghua University in 1966, and, starting in 1978, he worked for many years at the No. 2 Automobile Works in Changchun, Jilin Province, rising from technician to deputy director of the chassis plant. Bai joined the China Democratic National Construction Association in 1987, and he subsequently held senior posts in this association, both at the provincial and central levels. In 1991, he was made deputy director of the State Administration for Industry and Commerce and concurrently director of the State Trademark Association. Bai was a member of the 7th, 8th CPPCC National Committees and a member of standing committee of 9th CPPCC.</bioText>
  <posts>
    <post description="Vice-Chairman of the 7th Central Committee of the China DemocraticNational Construction Association, Standing Committee Member of the 9th CPPCC National Committee"/>
  </posts>
  <birthLocations>
    <birthLocation location="Jilin Province"/>
    <birthLocation location="Jilin City"/>
  </birthLocations>
  <workHistoryEntry startDate="1998" endDate="2003">
    <workRoles>
      <workRole role="Member"/>
      <workRole institution="9th CPPCC"/>
      <workRole institution="National Committee"/>
      <workRole institution="Standing Committee"/>
    </workRoles>
  </workHistoryEntry>
  <workHistoryEntry startDate="1997" endDate="2002">
    <workRoles>
      <workRole role="Vice-Chairman"/>
      <workRole institution="7th China Democratic National Construction Association"/>
      <workRole institution="Central Committee"/>
    </workRoles>
  </workHistoryEntry>
  <workHistoryEntry startDate="1993" endDate="1998">
    <workRoles>
      <workRole role="Member"/>
      <workRole institution="8th CPPCC"/>
      <workRole institution="National Committee"/>
    </workRoles>
  </workHistoryEntry>
  <workHistoryEntry startDate="1991" endDate="2001">
    <workRoles>
      <workRole role="Vice-Chairman"/>
      <workRole institution="Jilin Federation of Industry and Commerce"/>
      <workRole location="Jilin Province"/>
    </workRoles>
  </workHistoryEntry>
  <workHistoryEntry startDate="1991" endDate="1998">
    <workRoles>
      <workRole role="Director"/>
      <workRole institution="State Administration of Industry and Commerce"/>
      <workRole institution="Trademark Bureau"/>
    </workRoles>
  </workHistoryEntry>
  <workHistoryEntry startDate="1991" endDate="2001">
    <workRoles>
      <workRole role="Deputy Director"/>
      <workRole institution="State Administration of Industry and Commerce"/>
    </workRoles>
  </workHistoryEntry>
  <workHistoryEntry startDate="">
    <workRoles>
      <workRole role="Vice-Chairman"/>
      <workRole institution="China Democratic National Construction Association"/>
      <workRole institution="City Committee"/>
      <workRole location="Jilin Province"/>
      <workRole location="Changchun City"/>
    </workRoles>
  </workHistoryEntry>
  <workHistoryEntry startDate="1988" endDate="1993">
    <workRoles>
      <workRole role="Member"/>
      <workRole institution="7th CPPCC"/>
      <workRole institution="National Committee"/>
    </workRoles>
  </workHistoryEntry>
  <workHistoryEntry startDate="1987">
    <workRoles>
      <workRole role="Joined"/>
      <workRole institution="China Democratic National Construction Association"/>
    </workRoles>
  </workHistoryEntry>
  <workHistoryEntry startDate="">
    <workRoles>
      <workRole role="Deputy Director"/>
      <workRole institution="No. 2 Automobile Works"/>
      <workRole institution="Chassis Plant"/>
      <workRole location="Jilin Province"/>
      <workRole location="Changchun City"/>
    </workRoles>
  </workHistoryEntry>
  <workHistoryEntry startDate="">
    <workRoles>
      <workRole role="Senior Engineer"/>
      <workRole institution="No. 2 Automobile Works"/>
      <workRole institution="Chassis Plant"/>
      <workRole location="Jilin Province"/>
      <workRole location="Changchun City"/>
    </workRoles>
  </workHistoryEntry>
  <workHistoryEntry startDate="1978" endDate="1987">
    <workRoles>
      <workRole role="Engineer"/>
      <workRole institution="No. 2 Automobile Works"/>
      <workRole institution="Chassis Plant"/>
      <workRole location="Jilin Province"/>
      <workRole location="Changchun City"/>
    </workRoles>
  </workHistoryEntry>
  <workHistoryEntry startDate="1978" endDate="1987">
    <workRoles>
      <workRole role="Technician"/>
      <workRole institution="No. 2 Automobile Works"/>
      <workRole institution="Chassis Plant"/>
      <workRole location="Jilin Province"/>
      <workRole location="Changchun City"/>
    </workRoles>
  </workHistoryEntry>
  <workHistoryEntry startDate="1966">
    <workRoles>
      <workRole role="Graduate"/>
      <workRole institution="Tsinghua University"/>
      <workRole location="Beijing Municipality"/>
    </workRoles>
  </workHistoryEntry>
  <workHistory/>
</biography>
