<?xml version="1.0" encoding="UTF-8"?>
<biography birthDate="1912" fullName="Bai Rubing" displayName="Bai Rubing" nonEnglishName="" sex="male" nationality="Han Nationality">
  <bioText>Bai Rubing, male, Han Nationality, was born in March 1912 in Yuanjiagou, Qingjian County, Shaanxi Province. He was a member of CPC Central Consultative Committee, a member of the 10th and 11th Central Committee and the first Secretary of CPC Provincial Committee of Shandong. He started the revolutionary work in 1925 and joined the Communist Youth League of China in November 1927, then joined the CPC in June 1928. During the first National Revolutionary War, he took part in the student and the peasant movement. During the period of the second National Revolutionary War, he took part in the work for construction of the Revolutionary Base area in northern Shensi and for the development of Red Army in northern Shensi. He served as the CPC secretary of the County Party Committee of Hengshan and Yanchang, a commissioner of Special Committee of Northern Shensi. During the Anti-Japanese War, he engaged in establishing the Anti-Japanese guerrilla base areas in the enemy's rear. In June 1958, he served as the Secretary of the CPC Provincial Committee and the Vice-governor of Shandong Province. In December 1963, he served as the Secretary of the CPC Provincial Committee and the Provincial Governor of Shandong Province. In June 1970, he served as the deputy-director of the Revolutionary Committee of Shandong Province. In April 1971, he served as the CPC deputy-Secretary of Provincial Committee and the deputy-director of the Revolutionary Committee of Shandong Province. In August 1973, he served as the deputy-Secretary of the Provincial Committee and the deputy-Director of the provincial Revolutionary Committee. In November 1974, he served as the Secretary of the Provincial Committee and the director of the Provincial Revolutionary Committee. From December 1979 to December 1982, he served as the Secretary of the Provincial Committee. He used to serve as a member of the East China Bureau of the CPC Central Committee, the Commissar of Jinan Military Area Command and the chairman of the 4th CPPCC Committee of Shandong Province. He was also a representative of the 7th,the 8th, the 10th, the 11th, the 12th and the 13th National Congress of CPC. In September 1982 and November 1987, he was elected as a member of the 10th and the 11th Central Committee of CPC. In September 1982 and November 1987, he was successively elected as a member of the Central Consultative Committee of CPC. And he was a representative of the 2nd, 3rd, 4th and 5th NPC and a member of the 2nd CPPCC. He died in Jinan on April 8th 1994.</bioText>
  <posts>
    <post description="Member, 11th CPC Central Committee"/>
  </posts>
  <birthLocations>
    <birthLocation location="Shaanxi Province"/>
    <birthLocation location="Qingjian County"/>
  </birthLocations>
  <workHistoryEntry startDate="1977" endDate="1982">
    <workRoles>
      <workRole role="Member"/>
      <workRole institution="11th CPC"/>
      <workRole institution="Central Committee"/>
    </workRoles>
  </workHistoryEntry>
  <workHistoryEntry startDate="1973" endDate="1977">
    <workRoles>
      <workRole role="Member"/>
      <workRole institution="10th CPC"/>
      <workRole institution="Central Committee"/>
    </workRoles>
  </workHistoryEntry>
  <workHistory/>
</biography>
