<?xml version="1.0" encoding="UTF-8"?>
<biography birthDate="1944" fullName="Bai Runzhang" displayName="Bai Runzhang" nonEnglishName="" sex="male" nationality="Han">
  <bioText>Bai Runzhang, male, Han nationality, is a native of Shijiazhuang, Hebei province. He was born in 1944, joined the CPC in 1975 and graduated from the department of chemical engineering of the Tianjin Institute of Technology. Bai held leading posts in Luzhai county and Xinji city. He served as secretary of the CPC Shijiazhuang city committee until 1993. He was a member of the 5th and 6th CPC Hebei provincial committees, and he served as vice-chairman of the standing committee of the 10th Hebei Provincial People's Congress.</bioText>
  <posts>
    <post description="Vice-Chairman of the Standing Committee of the 10th Hebeii Provincial People's Congress"/>
  </posts>
  <birthLocations>
    <birthLocation location="Hebei Province"/>
    <birthLocation location="Shijiazhuang City"/>
  </birthLocations>
  <workHistoryEntry startDate="2003">
    <workRoles>
      <workRole role="Vice-Chairman"/>
      <workRole institution="Provincial People's Congress"/>
      <workRole institution="Standing Committee"/>
      <workRole location="Hebei Province"/>
    </workRoles>
  </workHistoryEntry>
  <workHistoryEntry startDate="1997" endDate="2002">
    <workRoles>
      <workRole role="Secretary"/>
      <workRole institution="CPC"/>
      <workRole institution="City Committee"/>
      <workRole location="Hebei Province"/>
      <workRole location="Tangshan City"/>
    </workRoles>
  </workHistoryEntry>
  <workHistoryEntry startDate="1993" endDate="1998">
    <workRoles>
      <workRole role="Deputy"/>
      <workRole institution="8th NPC"/>
    </workRoles>
  </workHistoryEntry>
  <workHistoryEntry startDate="1993" endDate="1997">
    <workRoles>
      <workRole role="Secretary"/>
      <workRole institution="CPC"/>
      <workRole institution="City Committee"/>
      <workRole location="Hebei Province"/>
      <workRole location="Hengshui City"/>
    </workRoles>
  </workHistoryEntry>
  <workHistoryEntry startDate="1993">
    <workRoles>
      <workRole role="Acting Secretary"/>
      <workRole institution="CPC"/>
      <workRole institution="City Committee"/>
      <workRole location="Hebei Province"/>
      <workRole location="Shijiazhuang City"/>
    </workRoles>
  </workHistoryEntry>
  <workHistoryEntry startDate="1991" endDate="1993">
    <workRoles>
      <workRole role="Commissioner"/>
      <workRole institution="Administrative Office"/>
      <workRole location="Hebei Province"/>
      <workRole location="Shijiazhuang City"/>
    </workRoles>
  </workHistoryEntry>
  <workHistoryEntry startDate="1989" endDate="1993">
    <workRoles>
      <workRole role="Deputy Secretary"/>
      <workRole institution="CPC"/>
      <workRole institution="City Committee"/>
      <workRole location="Hebei Province"/>
      <workRole location="Shijiazhuang City"/>
    </workRoles>
  </workHistoryEntry>
  <workHistoryEntry startDate="1986" endDate="1989">
    <workRoles>
      <workRole role="Secretary"/>
      <workRole institution="CPC"/>
      <workRole institution="City Committee"/>
      <workRole location="Hebei Province"/>
      <workRole location="Xinji City"/>
    </workRoles>
  </workHistoryEntry>
  <workHistoryEntry startDate="1985" endDate="1986">
    <workRoles>
      <workRole role="Secretary"/>
      <workRole institution="CPC"/>
      <workRole institution="Autonomous County Committee"/>
      <workRole location="Guangxi Zhuang Autonomous Region"/>
      <workRole location="Luzhai County"/>
    </workRoles>
  </workHistoryEntry>
  <workHistoryEntry startDate="1983" endDate="1985">
    <workRoles>
      <workRole role="Deputy Secretary"/>
      <workRole institution="CPC"/>
      <workRole institution="Autonomous County Committee"/>
      <workRole location="Guangxi Zhuang Autonomous Region"/>
      <workRole location="Luzhai County"/>
    </workRoles>
  </workHistoryEntry>
  <workHistoryEntry startDate="1982" endDate="1983">
    <workRoles>
      <workRole role="Deputy Secretary"/>
      <workRole institution="Hu Tuo He Chemical Fertilizer Factory"/>
      <workRole institution="CPC"/>
      <workRole institution="Party Committee"/>
      <workRole location="Hebei Province"/>
      <workRole location="Shijiazhuang City"/>
    </workRoles>
  </workHistoryEntry>
  <workHistoryEntry startDate="1982" endDate="1983">
    <workRoles>
      <workRole role="Director"/>
      <workRole institution="Hu Tuo He Chemical Fertilizer Factory"/>
      <workRole location="Hebei Province"/>
      <workRole location="Shijiazhuang City"/>
    </workRoles>
  </workHistoryEntry>
  <workHistoryEntry startDate="1981" endDate="1982">
    <workRoles>
      <workRole role="Deputy Section Chief"/>
      <workRole institution="Chemical Industry Bureau"/>
      <workRole location="Hebei Province"/>
      <workRole location="Shijiazhuang City"/>
    </workRoles>
  </workHistoryEntry>
  <workHistoryEntry startDate="1975">
    <workRoles>
      <workRole role="Joined"/>
      <workRole institution="CPC"/>
    </workRoles>
  </workHistoryEntry>
  <workHistoryEntry startDate="1971" endDate="1981">
    <workRoles>
      <workRole role="Secretary"/>
      <workRole institution="Xinjiang Production and Construction Corps"/>
      <workRole institution="Production Section"/>
      <workRole institution="CPC"/>
      <workRole institution="Party Branch"/>
      <workRole location="Xinjiang Uygur Autonomous Region"/>
    </workRoles>
  </workHistoryEntry>
  <workHistoryEntry startDate="1971" endDate="1981">
    <workRoles>
      <workRole role="Technician"/>
      <workRole institution="Xinjiang Production and Construction Corps"/>
      <workRole institution="Production Section"/>
      <workRole location="Xinjiang Uygur Autonomous Region"/>
    </workRoles>
  </workHistoryEntry>
  <workHistoryEntry startDate="1968" endDate="1971">
    <workRoles>
      <workRole role="Worker"/>
      <workRole location="Hebei Province"/>
    </workRoles>
  </workHistoryEntry>
  <workHistoryEntry startDate="1963" endDate="1968">
    <workRoles>
      <workRole role="Student"/>
      <workRole institution="Tianjin Institute of Technology"/>
      <workRole institution="Chemical Engineering Department"/>
      <workRole location="Tianjin Municipality"/>
    </workRoles>
  </workHistoryEntry>
  <workHistory/>
</biography>
