<?xml version="1.0" encoding="UTF-8"?>
<biography birthDate="1945" fullName="Bai Jingfu" displayName="Bai Jingfu" nonEnglishName="" sex="male" nationality="Han">
  <bioText>Bai Jingfu, male, Han nationality, is a native of Fengrun County of Hebei province. He was born in 1945, graduated from the law department of Department of Law of Jilin University in 1970, and joined the CPC in 1973. He became deputy secretary of the CPC Committee of the Ministry of Public Security in 2005. Bai served as deputy secretary of the CPC Committee of the Ministry of Public Security from 1993 to 2008. He currently serves as Vice-Director of Internal and Judicial Affairs Committee of 11th NPC. He was an alternate member of the 16th CPC Central Committee and is now a member of the 17th CPC Central Committee.</bioText>
  <posts>
    <post description="Member, 17th CPC, Central Committee"/>
    <post description="Deputy Director, 11th Internal and Judicial Affairs Committee of the NPC"/>
  </posts>
  <birthLocations>
    <birthLocation location="Hebei Province"/>
    <birthLocation location="Fengrun County"/>
  </birthLocations>
  <workHistoryEntry startDate="2008">
    <workRoles>
      <workRole role="Member"/>
      <workRole institution="11th Standing Committee of the NPC"/>
    </workRoles>
  </workHistoryEntry>
  <workHistoryEntry startDate="2008">
    <workRoles>
      <workRole role="Deputy Director"/>
      <workRole institution="11th Internal and Judicial Affairs Committee of the NPC"/>
    </workRoles>
  </workHistoryEntry>
  <workHistoryEntry startDate="2007">
    <workRoles>
      <workRole role="Member"/>
      <workRole institution="17th CPC"/>
      <workRole institution="Central Committee"/>
    </workRoles>
  </workHistoryEntry>
  <workHistoryEntry startDate="2005" endDate="2008">
    <workRoles>
      <workRole role="Executive Vice-Minister"/>
      <workRole institution="Ministry of Public Security"/>
    </workRoles>
  </workHistoryEntry>
  <workHistoryEntry startDate="2002" endDate="2007">
    <workRoles>
      <workRole role="Alternate Member"/>
      <workRole institution="16th CPC"/>
      <workRole institution="Central Committee"/>
    </workRoles>
  </workHistoryEntry>
  <workHistoryEntry startDate="1993" endDate="2008">
    <workRoles>
      <workRole role="Deputy Secretary"/>
      <workRole institution="Ministry of Public Security"/>
      <workRole institution="CPC"/>
      <workRole institution="Party Committee"/>
    </workRoles>
  </workHistoryEntry>
  <workHistoryEntry startDate="1991" endDate="2005">
    <workRoles>
      <workRole role="Vice-Minister"/>
      <workRole institution="Ministry of Public Security"/>
    </workRoles>
  </workHistoryEntry>
  <workHistoryEntry startDate="1988" endDate="1991">
    <workRoles>
      <workRole role="Secretary-General"/>
      <workRole institution="CPC"/>
      <workRole institution="Provincial Committee"/>
      <workRole institution="Politics and Law Committee"/>
      <workRole location="Heilongjiang Province"/>
    </workRoles>
  </workHistoryEntry>
  <workHistoryEntry startDate="1985" endDate="1988">
    <workRoles>
      <workRole role="Member"/>
      <workRole institution="CPC"/>
      <workRole institution="Provincial Committee"/>
      <workRole institution="Standing Committee"/>
      <workRole location="Heilongjiang Province"/>
    </workRoles>
  </workHistoryEntry>
  <workHistoryEntry startDate="1985" endDate="1988">
    <workRoles>
      <workRole role="Secretary"/>
      <workRole institution="CPC"/>
      <workRole institution="Provincial Committee"/>
      <workRole institution="Politics and Law Committee"/>
      <workRole location="Heilongjiang Province"/>
    </workRoles>
  </workHistoryEntry>
  <workHistoryEntry startDate="1985" endDate="1987">
    <workRoles>
      <workRole role="CPC, Provincial Committee, Standing Committee Heilongjiang Province"/>
    </workRoles>
  </workHistoryEntry>
  <workHistoryEntry startDate="1983" endDate="1985">
    <workRoles>
      <workRole role="Vice-Mayor"/>
      <workRole institution="People's Government"/>
      <workRole location="Heilongjiang Province"/>
      <workRole location="Qitaihe City"/>
    </workRoles>
  </workHistoryEntry>
  <workHistoryEntry startDate="1983" endDate="1985">
    <workRoles>
      <workRole role="Deputy Secretary"/>
      <workRole institution="CPC"/>
      <workRole institution="City Committee"/>
      <workRole location="Heilongjiang Province"/>
      <workRole location="Qitaihe City"/>
    </workRoles>
  </workHistoryEntry>
  <workHistoryEntry startDate="1982" endDate="1983">
    <workRoles>
      <workRole role="Director"/>
      <workRole institution="Public Security Bureau"/>
      <workRole location="Heilongjiang Province"/>
      <workRole location="Qitaihe City"/>
    </workRoles>
  </workHistoryEntry>
  <workHistoryEntry startDate="1979" endDate="1982">
    <workRoles>
      <workRole role="Deputy Chief Procurator"/>
      <workRole institution="County (City) People's Procuratorate"/>
      <workRole location="Heilongjiang Province"/>
      <workRole location="Qitaihe City"/>
    </workRoles>
  </workHistoryEntry>
  <workHistoryEntry startDate="1979" endDate="1982">
    <workRoles>
      <workRole role="Director"/>
      <workRole institution="County (City) People's Procuratorate"/>
      <workRole institution="Lawsuit Department"/>
      <workRole location="Heilongjiang Province"/>
      <workRole location="Qitaihe City"/>
    </workRoles>
  </workHistoryEntry>
  <workHistoryEntry startDate="1973" endDate="1979">
    <workRoles>
      <workRole role="Deputy Director"/>
      <workRole institution="CPC"/>
      <workRole institution="City Committee"/>
      <workRole institution="General Office"/>
      <workRole location="Heilongjiang Province"/>
      <workRole location="Qitaihe City"/>
    </workRoles>
  </workHistoryEntry>
  <workHistoryEntry startDate="1973">
    <workRoles>
      <workRole role="Joined"/>
      <workRole institution="CPC"/>
    </workRoles>
  </workHistoryEntry>
  <workHistoryEntry startDate="1970" endDate="1973">
    <workRoles>
      <workRole role="Clerk"/>
      <workRole institution="Public Security Bureau"/>
      <workRole location="Heilongjiang Province"/>
      <workRole location="Qitaihe City"/>
    </workRoles>
  </workHistoryEntry>
  <workHistoryEntry startDate="1965" endDate="1970">
    <workRoles>
      <workRole role="Student"/>
      <workRole institution="Jilin University"/>
      <workRole institution="Law Department"/>
      <workRole location="Jilin Province"/>
      <workRole location="Changchun City"/>
    </workRoles>
  </workHistoryEntry>
  <workHistory/>
</biography>
