<?xml version="1.0" encoding="UTF-8"?>
<biography birthDate="1948" fullName="Bai Zhijian" displayName="Bai Zhijian" nonEnglishName="" sex="male" nationality="Han">
  <bioText>Bai Zhijian, male, Han nationality, is a native of Wuhan City, Hubei province. He was born in 1948 and graduated from Xiamen Aquatic Product Institute, he started work in 1968 and joined the CPC in 1976, ha was a senior engineer. In 2002, he became Director of the Department of Liaison Office, Macao Special Administrative Region. He was a member of the 16th CPC Central Committee and in 2007 became a member of the 17th CPC Central Committee.</bioText>
  <posts>
    <post description="Member, 17th CPC, Central Committee"/>
    <post description="Director, Central People's Government, Liaison Office, Macao SAR"/>
  </posts>
  <birthLocations>
    <birthLocation location="Hubei Province"/>
    <birthLocation location="Wuhan City"/>
  </birthLocations>
  <workHistoryEntry startDate="2007">
    <workRoles>
      <workRole role="Member"/>
      <workRole institution="17th CPC"/>
      <workRole institution="Central Committee"/>
    </workRoles>
  </workHistoryEntry>
  <workHistoryEntry startDate="2002" endDate="2007">
    <workRoles>
      <workRole role="Member"/>
      <workRole institution="16th CPC"/>
      <workRole institution="Central Committee"/>
    </workRoles>
  </workHistoryEntry>
  <workHistoryEntry startDate="2002">
    <workRoles>
      <workRole role="Director"/>
      <workRole institution="Central People's Government"/>
      <workRole institution="Liaison Office"/>
      <workRole location="Macao SAR"/>
    </workRoles>
  </workHistoryEntry>
  <workHistoryEntry startDate="1998" endDate="2001">
    <workRoles>
      <workRole role="Deputy Chairman"/>
      <workRole institution="Autonomous Region People's Government"/>
      <workRole location="Inner Mongolia Autonomous Region"/>
    </workRoles>
  </workHistoryEntry>
  <workHistoryEntry startDate="1997" endDate="2002">
    <workRoles>
      <workRole role="Member"/>
      <workRole institution="15th CPC"/>
      <workRole institution="Central Committee"/>
    </workRoles>
  </workHistoryEntry>
  <workHistoryEntry startDate="1997" endDate="2002">
    <workRoles>
      <workRole role="Member"/>
      <workRole institution="15th CPC"/>
      <workRole institution="Central Committee"/>
      <workRole institution="Central Commission for Discipline Inspection"/>
    </workRoles>
  </workHistoryEntry>
  <workHistoryEntry startDate="1996" endDate="1998">
    <workRoles>
      <workRole role="Member"/>
      <workRole institution="Ministry of Agriculture"/>
      <workRole institution="CPC"/>
      <workRole institution="Party Committee"/>
    </workRoles>
  </workHistoryEntry>
  <workHistoryEntry startDate="1996" endDate="1998">
    <workRoles>
      <workRole role="Minister"/>
      <workRole institution="Ministry of Agriculture"/>
    </workRoles>
  </workHistoryEntry>
  <workHistoryEntry startDate="1993" endDate="1993">
    <workRoles>
      <workRole role="Chief"/>
      <workRole institution="Ministry of Agriculture"/>
      <workRole institution="Personnel Department"/>
    </workRoles>
  </workHistoryEntry>
  <workHistoryEntry startDate="1989" endDate="1993">
    <workRoles>
      <workRole role="Deputy General Manager"/>
      <workRole institution="Ministry of Agriculture"/>
      <workRole institution="National Aquatic Products Administration"/>
      <workRole institution="General Office"/>
    </workRoles>
  </workHistoryEntry>
  <workHistoryEntry startDate="1988" endDate="1989">
    <workRoles>
      <workRole role="Assistant General Manager"/>
      <workRole institution="Ministry of Agriculture"/>
      <workRole institution="National Aquatic Products Administration"/>
      <workRole institution="General Office"/>
    </workRoles>
  </workHistoryEntry>
  <workHistoryEntry startDate="1986" endDate="1988">
    <workRoles>
      <workRole role="Division Chief"/>
      <workRole institution="Ministry of Agriculture"/>
      <workRole institution="Agricultural Bureau"/>
      <workRole institution="Animal Husbandry and Fisheries"/>
      <workRole institution="General Office"/>
    </workRoles>
  </workHistoryEntry>
  <workHistoryEntry startDate="1983" endDate="1986">
    <workRoles>
      <workRole role="Deputy Division Chief"/>
      <workRole institution="Ministry of Agriculture"/>
      <workRole institution="Agricultural Bureau"/>
      <workRole institution="Animal Husbandry and Fisheries"/>
      <workRole institution="General Office"/>
    </workRoles>
  </workHistoryEntry>
  <workHistoryEntry startDate="1977" endDate="1983">
    <workRoles>
      <workRole role="Secretary"/>
      <workRole institution="Ministry of Agriculture"/>
      <workRole institution="National Aquatic Products Administration"/>
    </workRoles>
  </workHistoryEntry>
  <workHistoryEntry startDate="1977" endDate="1983">
    <workRoles>
      <workRole role="Secretary"/>
      <workRole institution="Ministry of Agriculture"/>
      <workRole institution="Agricultural Bureau"/>
      <workRole institution="Animal Husbandry and Fisheries"/>
    </workRoles>
  </workHistoryEntry>
  <workHistoryEntry startDate="1976" endDate="1977">
    <workRoles>
      <workRole role="Worker"/>
      <workRole institution="Chinese Academy of Agricultural Sciences"/>
      <workRole institution="Aquatic Products Department"/>
    </workRoles>
  </workHistoryEntry>
  <workHistoryEntry startDate="1973" endDate="1976">
    <workRoles>
      <workRole role="Student"/>
      <workRole institution="Xiamen Aquatic Products Institute"/>
      <workRole institution="Aquatic Products Process Department"/>
      <workRole location="Fujian Province"/>
      <workRole location="Xiamen City"/>
    </workRoles>
  </workHistoryEntry>
  <workHistory/>
</biography>
