<?xml version="1.0" encoding="UTF-8"?>
<biography displayName="Bai Xiangqun" nonEnglishName="" sex="male" nationality="Chinese">
  <bioText>Information on this official is limited because China Vitae has not yet prepared a full biographical sketch.</bioText>
  <posts>
    <post description="Vice-Chairman, Autonomous Region People's Government, Inner Mongolia Autonomous Region"/>
  </posts>
  <birthLocations/>
  <workHistoryEntry startDate="2012">
    <workRoles>
      <workRole role="Vice-Chairman"/>
      <workRole institution="Autonomous Region People's Government"/>
      <workRole location="Inner Mongolia Autonomous Region"/>
    </workRoles>
  </workHistoryEntry>
  <workHistory/>
</biography>
