<?xml version="1.0" encoding="UTF-8"?>
<biography birthDate="1940" fullName="Bai Yilong" displayName="Bai Yilong" nonEnglishName="" sex="male" nationality="Han">
  <bioText>Bai Yilong, male, Han nationality, is a native of Xiangyun, Yunnan Province. His ancestral home is in Tianjin. He was born in 1940, graduated from the Chinese University of Science and Technology in 1963. He is a specialist in mechanics. Instead of usually presuming that the material becomes unstable at a stress maximum, Bai Yilong derived the model equations governing the thermo-plastic shear deformation. Then he obtained the criterion to the shear instability, the evolving law of localization and some new features of the late-stage shear band, which were referred to as the 'Bai Model' and 'Bai Criterion' in some references. According to the analysis on the localization, he applied the concept of instability and shear band to ductile limit and failure, and explained some previously unexplainable observations. By creating the technique of sub-microsecond stress pulse, he founded the experimental and non-equilibrium statistical basis of numerous micro damages occurring in materials subjected to impact loading.</bioText>
  <posts>
    <post description="Specialist in Mechanics, Member of the Chinese Academy of Sciences"/>
  </posts>
  <birthLocations>
    <birthLocation location="Yunnan Province"/>
    <birthLocation location="Xiangyun"/>
  </birthLocations>
  <workHistoryEntry startDate="">
    <workRoles>
      <workRole role="(Winner, National Natural Sciences Prize (class-2))"/>
    </workRoles>
  </workHistoryEntry>
  <workHistoryEntry startDate="1996">
    <workRoles>
      <workRole role="Deputy Director"/>
      <workRole institution="Chinese Academy of Sciences"/>
      <workRole institution="Division of Mathematics and Physics"/>
    </workRoles>
  </workHistoryEntry>
  <workHistoryEntry startDate="">
    <workRoles>
      <workRole role="Editor-in-Chief"/>
      <workRole institution="Scientia Sinica"/>
    </workRoles>
  </workHistoryEntry>
  <workHistoryEntry startDate="1993">
    <workRoles>
      <workRole role="Director"/>
      <workRole institution="Chinese Academy of Sciences"/>
      <workRole institution="Laboratory for Non-Linear Mechanics of Continuous Media"/>
    </workRoles>
  </workHistoryEntry>
  <workHistoryEntry startDate="1992">
    <workRoles>
      <workRole role="Member"/>
      <workRole institution="Chinese Academy of Sciences"/>
      <workRole institution="Division of Mathematics and Physics"/>
    </workRoles>
  </workHistoryEntry>
  <workHistoryEntry startDate="1991">
    <workRoles>
      <workRole role="Member"/>
      <workRole institution="Chinese Academy of Sciences"/>
    </workRoles>
  </workHistoryEntry>
  <workHistoryEntry startDate="1990" endDate="1994">
    <workRoles>
      <workRole role="Secretary-General"/>
      <workRole institution="Mechanics Society of China"/>
    </workRoles>
  </workHistoryEntry>
  <workHistoryEntry startDate="1988" endDate="1993">
    <workRoles>
      <workRole role="Deputy Director"/>
      <workRole institution="Chinese Academy of Sciences"/>
      <workRole institution="Laboratory for Non-Linear Mechanics of Continuous Media"/>
    </workRoles>
  </workHistoryEntry>
  <workHistoryEntry startDate="1987" endDate="1994">
    <workRoles>
      <workRole role="Deputy Director"/>
      <workRole institution="Chinese Academy of Sciences"/>
      <workRole institution="Mechanics Research Institute"/>
    </workRoles>
  </workHistoryEntry>
  <workHistoryEntry startDate="1987" endDate="1987">
    <workRoles>
      <workRole role="Professor"/>
      <workRole institution="Chinese Academy of Sciences"/>
      <workRole institution="Mechanics Research Institute"/>
    </workRoles>
  </workHistoryEntry>
  <workHistoryEntry startDate="1986" endDate="1986">
    <workRoles>
      <workRole role="Researcher"/>
      <workRole institution="Chinese Academy of Sciences"/>
      <workRole institution="Mechanics Research Institute"/>
    </workRoles>
  </workHistoryEntry>
  <workHistoryEntry startDate="1984" endDate="1984">
    <workRoles>
      <workRole role="Chairman"/>
      <workRole institution="Chinese Academy of Sciences"/>
      <workRole institution="Mechanics Research Institute"/>
      <workRole institution="Academic Committee"/>
    </workRoles>
  </workHistoryEntry>
  <workHistoryEntry startDate="1982" endDate="1985">
    <workRoles>
      <workRole role="Assistant Researcher"/>
      <workRole institution="Chinese Academy of Sciences"/>
      <workRole institution="Mechanics Research Institute"/>
    </workRoles>
  </workHistoryEntry>
  <workHistoryEntry startDate="1980" endDate="1981">
    <workRoles>
      <workRole role="Researcher"/>
      <workRole institution="University of Cambridge"/>
      <workRole location="United Kingdom"/>
      <workRole location="Cambridge"/>
    </workRoles>
  </workHistoryEntry>
  <workHistoryEntry startDate="1979" endDate="1980">
    <workRoles>
      <workRole role="Researcher"/>
      <workRole institution="Oxford University"/>
      <workRole location="United Kingdom"/>
      <workRole location="Oxford"/>
    </workRoles>
  </workHistoryEntry>
  <workHistoryEntry startDate="1966" endDate="1978">
    <workRoles>
      <workRole role="Research Trainee"/>
      <workRole institution="Chinese Academy of Sciences"/>
      <workRole institution="Mechanics Research Institute"/>
    </workRoles>
  </workHistoryEntry>
  <workHistoryEntry startDate="1963" endDate="1966">
    <workRoles>
      <workRole role="Postgraduate Student"/>
      <workRole institution="Chinese Academy of Sciences"/>
      <workRole institution="Mechanics Research Institute"/>
    </workRoles>
  </workHistoryEntry>
  <workHistoryEntry startDate="1963">
    <workRoles>
      <workRole role="Graduate"/>
      <workRole institution="University of Science and Technology of China"/>
      <workRole location="Anhui Province"/>
    </workRoles>
  </workHistoryEntry>
  <workHistory/>
</biography>
