<?xml version="1.0" encoding="UTF-8"?>
<biography birthDate="1932" fullName="Bai Qingcai" displayName="Bai Qingcai" nonEnglishName="" sex="male" nationality="Han">
  <bioText>Bai Qingcai, male, Han nationality, was born in 1932 in Wutai, Shanxi Province. He joined the CPC in 1955 and spent the next 30 years working in financial institutions and rising steadily in Party posts in Shanxi Province. He was vice-governor of Shanxi Province from 1983 to 1985, and he was a standing committee member of the CPC Shanxi Provincial Committee during 1985-1990. Bai then served successively as vice-governor and governor of Shaanxi Province from 1990 to 1994, and he was deputy secretary of the CPC Shaanxi Provincial Committee from 1990 to1995. He was elected vice-president of the 2nd Council of the All-China Federation of Supply and Marketing Cooperatives in 1995. Bai was a delegate to the 13th and 15th CPC National Congresses and a member of the 14th CPC Central Committee. He was also a member of the 7th and 8th NPC National Congresses and a member of the standing committee of the 9th NPC.</bioText>
  <posts>
    <post description="Member of the 9th NPC Standing Committee, Former Governor of Shaanxi Province"/>
  </posts>
  <birthLocations>
    <birthLocation location="Shanxi Province"/>
    <birthLocation location="Wutai County"/>
  </birthLocations>
  <workHistoryEntry startDate="1998" endDate="2003">
    <workRoles>
      <workRole role="Deputy Director"/>
      <workRole institution="9th Environmental and Resources Protection Committee of the NPC"/>
    </workRoles>
  </workHistoryEntry>
  <workHistoryEntry startDate="1998" endDate="2003">
    <workRoles>
      <workRole role="Member"/>
      <workRole institution="9th Standing Committee of the NPC"/>
    </workRoles>
  </workHistoryEntry>
  <workHistoryEntry startDate="1997" endDate="2002">
    <workRoles>
      <workRole role="Delegate"/>
      <workRole institution="15th CPC"/>
      <workRole institution="National Congress"/>
    </workRoles>
  </workHistoryEntry>
  <workHistoryEntry startDate="1995" endDate="1997">
    <workRoles>
      <workRole role="Director"/>
      <workRole institution="All-China Federation of Supply and Marketing Cooperatives"/>
    </workRoles>
  </workHistoryEntry>
  <workHistoryEntry startDate="1993" endDate="1998">
    <workRoles>
      <workRole role="Member"/>
      <workRole institution="8th NPC"/>
    </workRoles>
  </workHistoryEntry>
  <workHistoryEntry startDate="1992" endDate="1997">
    <workRoles>
      <workRole role="Member"/>
      <workRole institution="14th CPC"/>
      <workRole institution="Central Committee"/>
    </workRoles>
  </workHistoryEntry>
  <workHistoryEntry startDate="1990" endDate="1994">
    <workRoles>
      <workRole role="Deputy Secretary"/>
      <workRole institution="CPC"/>
      <workRole institution="Provincial Committee"/>
      <workRole location="Shanxi Province"/>
    </workRoles>
  </workHistoryEntry>
  <workHistoryEntry startDate="1990" endDate="1994">
    <workRoles>
      <workRole role="Governor"/>
      <workRole institution="People's Government"/>
      <workRole location="Shanxi Province"/>
    </workRoles>
  </workHistoryEntry>
  <workHistoryEntry startDate="1988" endDate="1993">
    <workRoles>
      <workRole role="Member"/>
      <workRole institution="7th NPC"/>
    </workRoles>
  </workHistoryEntry>
  <workHistoryEntry startDate="1987" endDate="1992">
    <workRoles>
      <workRole role="Delegate"/>
      <workRole institution="13th CPC"/>
      <workRole institution="National Congress"/>
    </workRoles>
  </workHistoryEntry>
  <workHistoryEntry startDate="1985" endDate="1990">
    <workRoles>
      <workRole role="Member"/>
      <workRole institution="CPC"/>
      <workRole institution="Provincial Committee"/>
      <workRole institution="Standing Committee"/>
      <workRole location="Shanxi Province"/>
    </workRoles>
  </workHistoryEntry>
  <workHistoryEntry startDate="1985" endDate="1990">
    <workRoles>
      <workRole role="Deputy Secretary"/>
      <workRole institution="CPC"/>
      <workRole institution="Provincial Committee"/>
      <workRole location="Shanxi Province"/>
    </workRoles>
  </workHistoryEntry>
  <workHistoryEntry startDate="1985" endDate="1990">
    <workRoles>
      <workRole role="Executive Vice-Governor"/>
      <workRole institution="People's Government"/>
      <workRole location="Shanxi Province"/>
    </workRoles>
  </workHistoryEntry>
  <workHistoryEntry startDate="1983" endDate="1985">
    <workRoles>
      <workRole role="Vice-Governor"/>
      <workRole institution="People's Government"/>
      <workRole location="Shanxi Province"/>
    </workRoles>
  </workHistoryEntry>
  <workHistoryEntry startDate="1975" endDate="1981">
    <workRoles>
      <workRole role="Director"/>
      <workRole institution="Finance and Trade Office"/>
      <workRole location="Shanxi Province"/>
    </workRoles>
  </workHistoryEntry>
  <workHistoryEntry startDate="1973" endDate="1975">
    <workRoles>
      <workRole role="Deputy Secretary"/>
      <workRole institution="CPC"/>
      <workRole institution="County Committee"/>
      <workRole location="Shanxi Province"/>
      <workRole location="Penglu County"/>
    </workRoles>
  </workHistoryEntry>
  <workHistoryEntry startDate="1970" endDate="1973">
    <workRoles>
      <workRole role="Secretary"/>
      <workRole institution="Provincial Planning Committee"/>
      <workRole institution="General Office"/>
      <workRole institution="CPC"/>
      <workRole institution="Party Committee"/>
      <workRole location="Shanxi Province"/>
    </workRoles>
  </workHistoryEntry>
  <workHistoryEntry startDate="1966" endDate="1970">
    <workRoles>
      <workRole role="Worker"/>
      <workRole institution="Cultural Revolution"/>
      <workRole institution="Sent to do manual labor"/>
    </workRoles>
  </workHistoryEntry>
  <workHistoryEntry startDate="1955">
    <workRoles>
      <workRole role="Joined"/>
      <workRole institution="CPC"/>
    </workRoles>
  </workHistoryEntry>
  <workHistoryEntry startDate="1949" endDate="1959">
    <workRoles>
      <workRole role="Clerk"/>
      <workRole institution="People's Bank of China"/>
      <workRole institution="Provincial Branch"/>
      <workRole location="Shanxi Province"/>
    </workRoles>
  </workHistoryEntry>
  <workHistoryEntry startDate="1949">
    <workRoles>
      <workRole role="Joined"/>
    </workRoles>
  </workHistoryEntry>
  <workHistory/>
</biography>
