<?xml version="1.0" encoding="UTF-8"?>
<biography birthDate="1942" fullName="Bai Lutang" displayName="Bai Lutang" nonEnglishName="" sex="male" nationality="Han">
  <bioText>Bai Lutang, male, Han nationality, is a native of Yanan, Shaanxi province. He was born in 1942, joined the CPC in 1963, and graduated from the mining department of Xi'an Mining Institute. He is an engineer. Bai held leading posts in Handan city, where he served as deputy secretary of the CPC committee until 1992. He was vice-chairman of the 9th and 10th Hebei Provincial People's Congress.</bioText>
  <posts>
    <post description="Vice-Chairman of the Standing Committee of the 10th Hebei Provincial People's Congress, Former Chairman of Hebei Federation of Trade Unions"/>
  </posts>
  <birthLocations>
    <birthLocation location="Shaanxi Province"/>
    <birthLocation location="Yan'an Prefecture"/>
  </birthLocations>
  <workHistoryEntry startDate="1998" endDate="2005">
    <workRoles>
      <workRole role="Chairman"/>
      <workRole institution="Hebei Federation of Trade Unions"/>
      <workRole location="Hebei Province"/>
    </workRoles>
  </workHistoryEntry>
  <workHistoryEntry startDate="1998" endDate="2005">
    <workRoles>
      <workRole role="Member"/>
      <workRole institution="Provincial People's Congress"/>
      <workRole institution="Standing Committee"/>
      <workRole institution="CPC"/>
      <workRole institution="Leading Party Group"/>
      <workRole location="Hebei Province"/>
    </workRoles>
  </workHistoryEntry>
  <workHistoryEntry startDate="1998" endDate="2005">
    <workRoles>
      <workRole role="Vice-Chairman"/>
      <workRole institution="Provincial People's Congress"/>
      <workRole institution="Standing Committee"/>
      <workRole location="Hebei Province"/>
    </workRoles>
  </workHistoryEntry>
  <workHistoryEntry startDate="1993" endDate="1998">
    <workRoles>
      <workRole role="Secretary"/>
      <workRole institution="Provincial Labor Department"/>
      <workRole institution="CPC"/>
      <workRole institution="Leading Party Group"/>
      <workRole location="Hebei Province"/>
    </workRoles>
  </workHistoryEntry>
  <workHistoryEntry startDate="1993" endDate="1998">
    <workRoles>
      <workRole role="Director"/>
      <workRole institution="Provincial Labor Department"/>
      <workRole location="Hebei Province"/>
    </workRoles>
  </workHistoryEntry>
  <workHistoryEntry startDate="1992" endDate="1993">
    <workRoles>
      <workRole role="Secretary"/>
      <workRole institution="CPC"/>
      <workRole institution="City Committee"/>
      <workRole location="Hebei Province"/>
      <workRole location="Handan City"/>
    </workRoles>
  </workHistoryEntry>
  <workHistoryEntry startDate="1984" endDate="1992">
    <workRoles>
      <workRole role="Mayor"/>
      <workRole institution="People's Government"/>
      <workRole location="Hebei Province"/>
      <workRole location="Handan City"/>
    </workRoles>
  </workHistoryEntry>
  <workHistoryEntry startDate="1984" endDate="1992">
    <workRoles>
      <workRole role="Deputy Secretary"/>
      <workRole institution="CPC"/>
      <workRole institution="City Committee"/>
      <workRole location="Hebei Province"/>
      <workRole location="Handan City"/>
    </workRoles>
  </workHistoryEntry>
  <workHistoryEntry startDate="1983" endDate="1984">
    <workRoles>
      <workRole role="Deputy Commissioner"/>
      <workRole institution="Administrative Office"/>
      <workRole location="Hebei Province"/>
      <workRole location="Handan City"/>
    </workRoles>
  </workHistoryEntry>
  <workHistoryEntry startDate="1983" endDate="1984">
    <workRoles>
      <workRole role="Member"/>
      <workRole institution="CPC"/>
      <workRole institution="City Committee"/>
      <workRole institution="Standing Committee"/>
      <workRole location="Hebei Province"/>
      <workRole location="Handan City"/>
    </workRoles>
  </workHistoryEntry>
  <workHistoryEntry startDate="1982" endDate="1983">
    <workRoles>
      <workRole role="Member"/>
      <workRole institution="Bureau of Mines and Geology"/>
      <workRole institution="CPC"/>
      <workRole institution="Party Committee"/>
      <workRole institution="Standing Committee"/>
      <workRole location="Hebei Province"/>
      <workRole location="Handan City"/>
    </workRoles>
  </workHistoryEntry>
  <workHistoryEntry startDate="1982" endDate="1983">
    <workRoles>
      <workRole role="Deputy Director"/>
      <workRole institution="Bureau of Mines and Geology"/>
      <workRole location="Hebei Province"/>
      <workRole location="Handan City"/>
    </workRoles>
  </workHistoryEntry>
  <workHistoryEntry startDate="1975" endDate="1982">
    <workRoles>
      <workRole role="Deputy Section Chief"/>
      <workRole institution="Bureau of Mines and Geology"/>
      <workRole location="Hebei Province"/>
      <workRole location="Handan City"/>
    </workRoles>
  </workHistoryEntry>
  <workHistoryEntry startDate="1968" endDate="1975">
    <workRoles>
      <workRole role="Principal"/>
      <workRole institution="Ministry of Coal Industry"/>
      <workRole institution="Fenxi Bureau of Mines"/>
      <workRole location="Shanxi Province"/>
      <workRole location="Fenxi County (Shuiyu Mine"/>
    </workRoles>
  </workHistoryEntry>
  <workHistoryEntry startDate="1968" endDate="1975">
    <workRoles>
      <workRole role="Deputy Director"/>
      <workRole institution="Ministry of Coal Industry"/>
      <workRole institution="Fenxi Bureau of Mines"/>
      <workRole location="Shanxi Province"/>
      <workRole location="Fenxi County (Shuiyu Mine"/>
    </workRoles>
  </workHistoryEntry>
  <workHistoryEntry startDate="1968" endDate="1975">
    <workRoles>
      <workRole role="Team Leader"/>
      <workRole institution="Ministry of Coal Industry"/>
      <workRole institution="Fenxi Bureau of Mines"/>
      <workRole location="Shanxi Province"/>
      <workRole location="Fenxi County"/>
    </workRoles>
  </workHistoryEntry>
  <workHistoryEntry startDate="1968" endDate="1975">
    <workRoles>
      <workRole role="Political Director"/>
      <workRole institution="Ministry of Coal Industry"/>
      <workRole institution="Fenxi Bureau of Mines"/>
      <workRole location="Shanxi Province"/>
      <workRole location="Fenxi County"/>
    </workRoles>
  </workHistoryEntry>
  <workHistoryEntry startDate="1963" endDate="1968">
    <workRoles>
      <workRole role="Student"/>
      <workRole institution="Xi'an Mining Institute"/>
      <workRole institution="Mining Department"/>
      <workRole location="Shaanxi Province"/>
      <workRole location="Xi'an City"/>
    </workRoles>
  </workHistoryEntry>
  <workHistoryEntry startDate="1963">
    <workRoles>
      <workRole role="Joined"/>
      <workRole institution="CPC"/>
    </workRoles>
  </workHistoryEntry>
  <workHistory/>
</biography>
