<?xml version="1.0" encoding="UTF-8"?>
<biography birthDate="1946" fullName="Bai Enpei" displayName="Bai Enpei" nonEnglishName="" sex="male" nationality="Han">
  <bioText>Bai Enpei, male, Han nationality, is a native of Qingjian, Shaanxi Province. He was born in 1946 and joined the CPC in 1973. Bai graduated from the Nautical Instrument and Automatic Control Department of Northwest China Engineering University. In the 1970s, Bai worked in heavy industry and consumer goods factories in Shaanxi Province, especially in Yan'an. During the 1990s, he moved to the Inner Mongolia Autonomous Region, where he assumed positions of responsibility in Party and government. In the late 1990s, he was vice-governor, acting governor, and governor of Qinghai Province and secretary of the CPC Qinghai Province Committee. In 2001, Bai moved to Yunnan and became secretary of the CPC Yunnan Provincial Committee. Bai was an alternate member of the 13th and 14th CPC Central Committees and a member of 15th and 16th CPC Central Committees. He is currently a member of the 17th CPC Central Committee.</bioText>
  <posts>
    <post description="Member, 17th CPC, Central Committee"/>
    <post description="Chairman, Provincial People's Congress, Standing Committee, Yunnan Province"/>
  </posts>
  <birthLocations>
    <birthLocation location="Shaanxi Province"/>
    <birthLocation location="Qingjian County"/>
  </birthLocations>
  <workHistoryEntry startDate="2007">
    <workRoles>
      <workRole role="Member"/>
      <workRole institution="17th CPC"/>
      <workRole institution="Central Committee"/>
    </workRoles>
  </workHistoryEntry>
  <workHistoryEntry startDate="2003">
    <workRoles>
      <workRole role="Chairman"/>
      <workRole institution="Provincial People's Congress"/>
      <workRole institution="Standing Committee"/>
      <workRole location="Yunnan Province"/>
    </workRoles>
  </workHistoryEntry>
  <workHistoryEntry startDate="2002" endDate="2007">
    <workRoles>
      <workRole role="Member"/>
      <workRole institution="16th CPC"/>
      <workRole institution="Central Committee"/>
    </workRoles>
  </workHistoryEntry>
  <workHistoryEntry startDate="2001">
    <workRoles>
      <workRole role="Member"/>
      <workRole institution="CPC"/>
      <workRole institution="Provincial Committee"/>
      <workRole institution="Standing Committee"/>
      <workRole location="Yunnan Province"/>
    </workRoles>
  </workHistoryEntry>
  <workHistoryEntry startDate="2001" endDate="2011">
    <workRoles>
      <workRole role="Secretary"/>
      <workRole institution="CPC"/>
      <workRole institution="Provincial Committee"/>
      <workRole location="Yunnan Province"/>
    </workRoles>
  </workHistoryEntry>
  <workHistoryEntry startDate="2000" endDate="2001">
    <workRoles>
      <workRole role="Chairman"/>
      <workRole institution="Provincial People's Congress"/>
      <workRole institution="Standing Committee"/>
      <workRole location="Qinghai Province"/>
    </workRoles>
  </workHistoryEntry>
  <workHistoryEntry startDate="1999" endDate="2001">
    <workRoles>
      <workRole role="Secretary"/>
      <workRole institution="CPC"/>
      <workRole institution="Provincial Committee"/>
      <workRole location="Qinghai Province"/>
    </workRoles>
  </workHistoryEntry>
  <workHistoryEntry startDate="1998" endDate="1999">
    <workRoles>
      <workRole role="Governor"/>
      <workRole institution="People's Government"/>
      <workRole location="Qinghai Province"/>
    </workRoles>
  </workHistoryEntry>
  <workHistoryEntry startDate="1997" endDate="1999">
    <workRoles>
      <workRole role="Deputy Secretary"/>
      <workRole institution="CPC"/>
      <workRole institution="Provincial Committee"/>
      <workRole location="Qinghai Province"/>
    </workRoles>
  </workHistoryEntry>
  <workHistoryEntry startDate="1997" endDate="1998">
    <workRoles>
      <workRole role="Vice-Governor"/>
      <workRole institution="People's Government"/>
      <workRole location="Qinghai Province"/>
    </workRoles>
  </workHistoryEntry>
  <workHistoryEntry startDate="1997" endDate="2002">
    <workRoles>
      <workRole role="Member"/>
      <workRole institution="15th CPC"/>
      <workRole institution="Central Committee"/>
    </workRoles>
  </workHistoryEntry>
  <workHistoryEntry startDate="1992" endDate="1997">
    <workRoles>
      <workRole role="Deputy Secretary"/>
      <workRole institution="CPC"/>
      <workRole institution="Autonomous Regional Committee"/>
      <workRole location="Inner Mongolia Autonomous Region"/>
    </workRoles>
  </workHistoryEntry>
  <workHistoryEntry startDate="1992" endDate="1997">
    <workRoles>
      <workRole role="Alternate Member"/>
      <workRole institution="14th CPC"/>
      <workRole institution="Central Committee"/>
    </workRoles>
  </workHistoryEntry>
  <workHistoryEntry startDate="1990" endDate="1993">
    <workRoles>
      <workRole role="Member"/>
      <workRole institution="CPC"/>
      <workRole institution="Autonomous Regional Committee"/>
      <workRole institution="Standing Committee"/>
      <workRole location="Inner Mongolia Autonomous Region"/>
    </workRoles>
  </workHistoryEntry>
  <workHistoryEntry startDate="1990" endDate="1993">
    <workRoles>
      <workRole role="Head"/>
      <workRole institution="CPC"/>
      <workRole institution="Autonomous Regional Committee"/>
      <workRole institution="Organization Department"/>
      <workRole location="Inner Mongolia Autonomous Region"/>
    </workRoles>
  </workHistoryEntry>
  <workHistoryEntry startDate="1987" endDate="1992">
    <workRoles>
      <workRole role="Alternate Member"/>
      <workRole institution="13th CPC"/>
      <workRole institution="Central Committee"/>
    </workRoles>
  </workHistoryEntry>
  <workHistoryEntry startDate="1983" endDate="1983">
    <workRoles>
      <workRole role="Deputy Secretary"/>
      <workRole institution="Yan'an Cigarette Factory"/>
      <workRole institution="CPC"/>
      <workRole institution="Party Committee"/>
      <workRole location="Shaanxi Province"/>
      <workRole location="Yan'an City"/>
    </workRoles>
  </workHistoryEntry>
  <workHistoryEntry startDate="1983" endDate="1990">
    <workRoles>
      <workRole role="Deputy Secretary and Secretary"/>
      <workRole institution="CPC"/>
      <workRole institution="Prefectural Committee"/>
      <workRole location="Shaanxi Province"/>
      <workRole location="Yan'an City"/>
    </workRoles>
  </workHistoryEntry>
  <workHistoryEntry startDate="1974" endDate="1983">
    <workRoles>
      <workRole role="Deputy Secretary"/>
      <workRole institution="Yan'an Diesel Engine Plant"/>
      <workRole institution="CPC"/>
      <workRole institution="Party Committee"/>
      <workRole location="Shaanxi Province"/>
      <workRole location="Yan'an City"/>
    </workRoles>
  </workHistoryEntry>
  <workHistoryEntry startDate="1974" endDate="1983">
    <workRoles>
      <workRole role="Deputy Director and Director"/>
      <workRole institution="Yan'an Diesel Engine Plant"/>
      <workRole location="Shaanxi Province"/>
      <workRole location="Yan'an City"/>
    </workRoles>
  </workHistoryEntry>
  <workHistoryEntry startDate="1973">
    <workRoles>
      <workRole role="Joined"/>
      <workRole institution="CPC"/>
    </workRoles>
  </workHistoryEntry>
  <workHistoryEntry startDate="1972" endDate="1974">
    <workRoles>
      <workRole role="Technician"/>
      <workRole institution="Yan'an Diesel Engine Plant"/>
      <workRole location="Shaanxi Province"/>
      <workRole location="Yan'an City"/>
    </workRoles>
  </workHistoryEntry>
  <workHistoryEntry startDate="1970" endDate="1972">
    <workRoles>
      <workRole role="Cultural Revolution, Sent to do manual labor (Independent Division Farm of Shaanxi Provincial Military Command)"/>
    </workRoles>
  </workHistoryEntry>
  <workHistoryEntry startDate="1970">
    <workRoles>
      <workRole role="Graduate"/>
      <workRole institution="Northwest China Engineering University"/>
      <workRole location="Shaanxi Province"/>
    </workRoles>
  </workHistoryEntry>
  <workHistory/>
</biography>
