<?xml version="1.0" encoding="UTF-8"?>
<biography birthDate="1953" fullName="Bai Chunli" displayName="Bai Chunli" nonEnglishName="" sex="male" nationality="Manchu">
  <bioText>Bai Chunli, male, Manchu nationality, is a native of Dandong, Liaoning Province. He was born in 1953 and earned a doctorate at the Chinese Academy of Sciences Institute of Chemistry. As a post-doctoral researcher at the California Institute of Technology's jet propulsion laboratory, Bai Chunli started his exploration into the atomic world. In March of 1989, Bai's research group developed China's first atomic force microscope, which was used to observe the surface structure of several conductors, semi-conductors and insulators. Bai, who has received various awards from the state and the science academy, is now remolding the sweep tunnel microscope probe to adapt the microscope to low-temperature and vacuum conditions. Bai Chunli is a Chinese Academy of Sciences academician and physical chemist as well as a research fellow of the Chinese Academy of Sciences Institute of Chemistry. He was an alternate member of the 16th CPC Central Committee and is now an alternate member of the 17th CPC Central Committee. In 2007, he was awarded as the Honorary Fellow by Royal Society of Chemistry. He is the first Chinese that gets this distinct honor. Bai was also the 6th and 7th Vice-President of Chinese Science and Technology Association. In 2011, he became President of the Chinese Academy of Sciences.</bioText>
  <posts>
    <post description="Alternate Member, 17th CPC, Central Committee"/>
    <post description="President, Chinese Academy of Sciences"/>
  </posts>
  <birthLocations>
    <birthLocation location="Liaoning Province"/>
    <birthLocation location="Dandong City"/>
  </birthLocations>
  <workHistoryEntry startDate="2011">
    <workRoles>
      <workRole role="President"/>
      <workRole institution="Chinese Academy of Sciences"/>
    </workRoles>
  </workHistoryEntry>
  <workHistoryEntry startDate="2007">
    <workRoles>
      <workRole role="Alternate Member"/>
      <workRole institution="17th CPC"/>
      <workRole institution="Central Committee"/>
    </workRoles>
  </workHistoryEntry>
  <workHistoryEntry startDate="2002" endDate="2007">
    <workRoles>
      <workRole role="Alternate Member"/>
      <workRole institution="16th CPC"/>
      <workRole institution="Central Committee"/>
    </workRoles>
  </workHistoryEntry>
  <workHistoryEntry startDate="1999">
    <workRoles>
      <workRole role="Member"/>
      <workRole institution="State Academic Degrees Committee"/>
    </workRoles>
  </workHistoryEntry>
  <workHistoryEntry startDate="1998">
    <workRoles>
      <workRole role="Director"/>
      <workRole institution="China Chemistry Association"/>
    </workRoles>
  </workHistoryEntry>
  <workHistoryEntry startDate="1997" endDate="2002">
    <workRoles>
      <workRole role="Alternate Member"/>
      <workRole institution="15th CPC"/>
      <workRole institution="Central Committee"/>
    </workRoles>
  </workHistoryEntry>
  <workHistoryEntry startDate="1996" endDate="2011">
    <workRoles>
      <workRole role="Vice-President"/>
      <workRole institution="Chinese Academy of Sciences"/>
    </workRoles>
  </workHistoryEntry>
  <workHistoryEntry startDate="1995" endDate="2000">
    <workRoles>
      <workRole role="Vice-Chairman"/>
      <workRole institution="All-China Youth Federation"/>
    </workRoles>
  </workHistoryEntry>
  <workHistoryEntry startDate="1993" endDate="1998">
    <workRoles>
      <workRole role="Member"/>
      <workRole institution="8th CPPCC"/>
      <workRole institution="National Committee"/>
    </workRoles>
  </workHistoryEntry>
  <workHistoryEntry startDate="1992" endDate="1997">
    <workRoles>
      <workRole role="Vice-Dean"/>
      <workRole institution="Chinese Academy of Sciences"/>
      <workRole institution="Chemistry Research Institute"/>
    </workRoles>
  </workHistoryEntry>
  <workHistoryEntry startDate="1989">
    <workRoles>
      <workRole role="Developer"/>
    </workRoles>
  </workHistoryEntry>
  <workHistoryEntry startDate="1987" endDate="1992">
    <workRoles>
      <workRole role="Researcher"/>
      <workRole institution="Chinese Academy of Sciences"/>
      <workRole institution="Chemistry Research Institute"/>
    </workRoles>
  </workHistoryEntry>
  <workHistoryEntry startDate="1985" endDate="1987">
    <workRoles>
      <workRole role="Post-Doctoral Researcher"/>
      <workRole institution="California Institute of Technology"/>
      <workRole institution="Jet Propulsion Laboratory"/>
      <workRole location="USA"/>
      <workRole location="California"/>
      <workRole location="Pasadena"/>
    </workRoles>
  </workHistoryEntry>
  <workHistoryEntry startDate="1981" endDate="1985">
    <workRoles>
      <workRole role="Graduate Student"/>
      <workRole institution="Chinese Academy of Sciences"/>
      <workRole institution="Chemistry Research Institute"/>
    </workRoles>
  </workHistoryEntry>
  <workHistoryEntry startDate="1978" endDate="1981">
    <workRoles>
      <workRole role="Graduate Student"/>
      <workRole institution="Chinese Academy of Sciences"/>
      <workRole institution="Chemistry Research Institute"/>
    </workRoles>
  </workHistoryEntry>
  <workHistoryEntry startDate="1978" endDate="1978">
    <workRoles>
      <workRole role="Internship"/>
      <workRole institution="Chinese Academy of Sciences"/>
      <workRole institution="Applied Chemistry Institute"/>
      <workRole location="Jilin Province"/>
      <workRole location="Changchun City"/>
    </workRoles>
  </workHistoryEntry>
  <workHistoryEntry startDate="1974">
    <workRoles>
      <workRole role="Joined"/>
      <workRole institution="CPC"/>
    </workRoles>
  </workHistoryEntry>
  <workHistoryEntry startDate="1974" endDate="1978">
    <workRoles>
      <workRole role="Student"/>
      <workRole institution="Beijing University"/>
      <workRole institution="Chemistry Department"/>
      <workRole location="Beijing Municipality"/>
    </workRoles>
  </workHistoryEntry>
  <workHistoryEntry startDate="1970" endDate="1974">
    <workRoles>
      <workRole role="Soldier"/>
      <workRole institution="Production and Construction Corps"/>
      <workRole location="Inner Mongolia Autonomous Region"/>
    </workRoles>
  </workHistoryEntry>
  <workHistory/>
</biography>
