<?xml version="1.0" encoding="UTF-8"?>
<biography birthDate="1916" fullName="Bai Dongcai" displayName="Bai Dongcai" nonEnglishName="" sex="male" nationality="Han">
  <bioText>Bai Dongcai, male, Han nationality, is a native of Qingjian, Shaanxi Province. He was born in 1916, joined the CPC in 1935. He was the secretary of CPC, Provincial Committee Jiangxi Province, and was the governor of Jiangxi Province. He was the deputy to the 2nd, 3rd, 5th National People's Congress and a delegate to the 10th, 11th, 12th, 13th, and 14th CPC National Congress. He was also a member of 12th CPC, Central Committee.</bioText>
  <posts>
    <post description="Member of the 12th CPC Central Committee"/>
  </posts>
  <birthLocations>
    <birthLocation location="Shaanxi Province"/>
    <birthLocation location="Qingjian County"/>
  </birthLocations>
  <workHistoryEntry startDate="1992" endDate="1997">
    <workRoles>
      <workRole role="Delegate"/>
      <workRole institution="14th CPC"/>
      <workRole institution="National Congress"/>
    </workRoles>
  </workHistoryEntry>
  <workHistoryEntry startDate="1987" endDate="1992">
    <workRoles>
      <workRole role="Delegate"/>
      <workRole institution="13th CPC"/>
      <workRole institution="National Congress"/>
    </workRoles>
  </workHistoryEntry>
  <workHistoryEntry startDate="1982" endDate="1987">
    <workRoles>
      <workRole role="Member"/>
      <workRole institution="12th CPC"/>
      <workRole institution="Central Committee"/>
    </workRoles>
  </workHistoryEntry>
  <workHistoryEntry startDate="1982" endDate="1987">
    <workRoles>
      <workRole role="Delegate"/>
      <workRole institution="12th CPC"/>
      <workRole institution="National Congress"/>
    </workRoles>
  </workHistoryEntry>
  <workHistoryEntry startDate="1979" endDate="1982">
    <workRoles>
      <workRole role="Governor"/>
      <workRole institution="People's Government"/>
      <workRole location="Jiangxi Province"/>
    </workRoles>
  </workHistoryEntry>
  <workHistoryEntry startDate="1978" endDate="1983">
    <workRoles>
      <workRole role="Deputy"/>
      <workRole institution="5th NPC"/>
    </workRoles>
  </workHistoryEntry>
  <workHistoryEntry startDate="1977" endDate="1982">
    <workRoles>
      <workRole role="Delegate"/>
      <workRole institution="11th CPC"/>
      <workRole institution="National Congress"/>
    </workRoles>
  </workHistoryEntry>
  <workHistoryEntry startDate="1977" endDate="1982">
    <workRoles>
      <workRole role="Member"/>
      <workRole institution="11th CPC"/>
      <workRole institution="Central Committee"/>
    </workRoles>
  </workHistoryEntry>
  <workHistoryEntry startDate="1973" endDate="1977">
    <workRoles>
      <workRole role="Delegate"/>
      <workRole institution="10th CPC"/>
      <workRole institution="National Congress"/>
    </workRoles>
  </workHistoryEntry>
  <workHistoryEntry startDate="1973" endDate="1977">
    <workRoles>
      <workRole role="Alternate Member"/>
      <workRole institution="10th CPC"/>
      <workRole institution="Central Committee"/>
    </workRoles>
  </workHistoryEntry>
  <workHistoryEntry startDate="1972" endDate="1982">
    <workRoles>
      <workRole role="Secretary"/>
      <workRole institution="CPC"/>
      <workRole institution="Provincial Committee"/>
      <workRole location="Jiangxi Province"/>
    </workRoles>
  </workHistoryEntry>
  <workHistoryEntry startDate="1965" endDate="1975">
    <workRoles>
      <workRole role="Deputy"/>
      <workRole institution="3rd NPC"/>
    </workRoles>
  </workHistoryEntry>
  <workHistoryEntry startDate="1959" endDate="1965">
    <workRoles>
      <workRole role="Deputy"/>
      <workRole institution="2nd NPC"/>
    </workRoles>
  </workHistoryEntry>
  <workHistory/>
</biography>
