<?xml version="1.0" encoding="UTF-8"?>
<biography displayName="Baimachilin" nonEnglishName="" sex="male" nationality="Chinese">
  <bioText>Information on this official is limited because China Vitae has not yet prepared a full biographical sketch.</bioText>
  <posts>
    <post description="Deputy Secretary, CPC, Autonomous Regional Committee, Tibet Autonomous Region"/>
  </posts>
  <birthLocations/>
  <workHistoryEntry startDate="2010">
    <workRoles>
      <workRole role="Deputy Secretary"/>
      <workRole institution="CPC"/>
      <workRole institution="Autonomous Regional Committee"/>
      <workRole location="Tibet Autonomous Region"/>
    </workRoles>
  </workHistoryEntry>
  <workHistory/>
</biography>
