<?xml version="1.0" encoding="UTF-8"?>
<biography birthDate="1938" fullName="Baiqen Erdini Qoigyi Gyaincain" displayName="Bainqen Erdini Qoigyi Gyaincain" nonEnglishName="" sex="male" nationality="Tibetan">
  <bioText>Baiqen Erdini Qoigyi Gyaincain, male, Tibetan nationality，is a native of Xunhua County, Qinghai Province. He was born in 1938 and died in 1989. He was the 10th Panchen Lama, and Vice-Chairman of the 2nd CPPCC National Committee.</bioText>
  <posts>
    <post description="Vice-Chairman of the 2nd CPPCC National Committee, 10th Panchen Lama"/>
  </posts>
  <birthLocations>
    <birthLocation location="Qinghai Province"/>
    <birthLocation location="Xunhua County"/>
  </birthLocations>
  <workHistoryEntry startDate="1988" endDate="1993">
    <workRoles>
      <workRole role="Vice-Chairman"/>
      <workRole institution="7th Standing Committee of the NPC"/>
    </workRoles>
  </workHistoryEntry>
  <workHistoryEntry startDate="1983" endDate="1988">
    <workRoles>
      <workRole role="Vice-Chairman"/>
      <workRole institution="6th Standing Committee of the NPC"/>
    </workRoles>
  </workHistoryEntry>
  <workHistoryEntry startDate="1979" endDate="1983">
    <workRoles>
      <workRole role="Vice-Chairman"/>
      <workRole institution="5th CPPCC"/>
      <workRole institution="National Committee"/>
    </workRoles>
  </workHistoryEntry>
  <workHistoryEntry startDate="1978" endDate="1983">
    <workRoles>
      <workRole role="Vice-Chairman"/>
      <workRole institution="5th Standing Committee of the NPC"/>
    </workRoles>
  </workHistoryEntry>
  <workHistoryEntry startDate="1959" endDate="1965">
    <workRoles>
      <workRole role="Vice-Chairman"/>
      <workRole institution="2nd Standing Committee of the NPC"/>
    </workRoles>
  </workHistoryEntry>
  <workHistoryEntry startDate="1954" endDate="1959">
    <workRoles>
      <workRole role="Vice-Chairman"/>
      <workRole institution="2nd CPPCC"/>
      <workRole institution="National Committee"/>
    </workRoles>
  </workHistoryEntry>
  <workHistory/>
</biography>
