<?xml version="1.0" encoding="UTF-8"?>
<biography birthDate="1894" fullName="Bao Erhan" displayName="Bao Erhan" nonEnglishName="" sex="male" nationality="Uygur">
  <bioText>Bao Erhan, male, Uygur nationality, born in 1894 in Russia and was back Xinjiang in 1912. He joined the CPC in 1949, was the Vice-Chairman of 2nd, 3rd, 5th, 6th CPPCC, National Committee. He was the member of 1st, 2nd, 3rd, National People’s Congress.</bioText>
  <posts>
    <post description="Vice-Chairman of the 2nd CPPCC National Committee"/>
  </posts>
  <birthLocations>
    <birthLocation location="Russia"/>
  </birthLocations>
  <workHistoryEntry startDate="1983" endDate="1988">
    <workRoles>
      <workRole role="Vice-Chairman"/>
      <workRole institution="6th CPPCC"/>
      <workRole institution="National Committee"/>
    </workRoles>
  </workHistoryEntry>
  <workHistoryEntry startDate="1978" endDate="1983">
    <workRoles>
      <workRole role="Vice-Chairman"/>
      <workRole institution="5th CPPCC"/>
      <workRole institution="National Committee"/>
    </workRoles>
  </workHistoryEntry>
  <workHistoryEntry startDate="1959" endDate="1964">
    <workRoles>
      <workRole role="Vice-Chairman"/>
      <workRole institution="3rd CPPCC"/>
      <workRole institution="National Committee"/>
    </workRoles>
  </workHistoryEntry>
  <workHistoryEntry startDate="1954" endDate="1959">
    <workRoles>
      <workRole role="Vice-Chairman"/>
      <workRole institution="2nd CPPCC"/>
      <workRole institution="National Committee"/>
    </workRoles>
  </workHistoryEntry>
  <workHistory/>
</biography>
