<?xml version="1.0" encoding="UTF-8"?>
<biography birthDate="1941" fullName="Bao Peide" displayName="Bao Peide" nonEnglishName="" sex="male" nationality="Han">
  <bioText>Bao Peide, male, Han nationality, spent most of his career at the Chinese Civil Aviation Bureau, where he was director of the general office until 1993, and deputy commissioner until 2002. In 2002 he served as vice-chairman of the China Transportation Association and in the following year he was appointed vice-chairman of the Song Qingling Foundation. Bao Peide was a member of the 10th CPPCC.</bioText>
  <posts>
    <post description="Vice-Chairman of the Song Qingling Foundation"/>
  </posts>
  <birthLocations/>
  <workHistoryEntry startDate="2003">
    <workRoles>
      <workRole role="Vice-Chairman"/>
      <workRole institution="Song Qingling Foundation"/>
    </workRoles>
  </workHistoryEntry>
  <workHistoryEntry startDate="2003" endDate="2008">
    <workRoles>
      <workRole role="Member"/>
      <workRole institution="10th CPPCC"/>
      <workRole institution="National Committee"/>
    </workRoles>
  </workHistoryEntry>
  <workHistoryEntry startDate="1993" endDate="2002">
    <workRoles>
      <workRole role="Deputy Commissioner"/>
      <workRole institution="Civil Aviation Administration of China"/>
    </workRoles>
  </workHistoryEntry>
  <workHistoryEntry startDate="1991" endDate="1993">
    <workRoles>
      <workRole role="Director"/>
      <workRole institution="Civil Aviation Administration of China"/>
      <workRole institution="General Office"/>
    </workRoles>
  </workHistoryEntry>
  <workHistoryEntry startDate="1986" endDate="1991">
    <workRoles>
      <workRole role="Secretary"/>
      <workRole institution="Civil Aviation Administration of China"/>
      <workRole institution="CPC"/>
      <workRole institution="Party Committee"/>
      <workRole location="Guangdong Province"/>
      <workRole location="Guangzhou City"/>
    </workRoles>
  </workHistoryEntry>
  <workHistoryEntry startDate="1984" endDate="1986">
    <workRoles>
      <workRole role="Director"/>
      <workRole institution="Civil Aviation Administration of China"/>
      <workRole institution="General Administration"/>
      <workRole location="Guangdong Province"/>
      <workRole location="Guangzhou City"/>
    </workRoles>
  </workHistoryEntry>
  <workHistoryEntry startDate="1970" endDate="1984">
    <workRoles>
      <workRole role="Department Head"/>
      <workRole institution="Civil Aviation Administration of China"/>
    </workRoles>
  </workHistoryEntry>
  <workHistoryEntry startDate="1970" endDate="1984">
    <workRoles>
      <workRole role="Assistant Deputy Office Chief"/>
      <workRole institution="Civil Aviation Administration of China"/>
    </workRoles>
  </workHistoryEntry>
  <workHistoryEntry startDate="1970" endDate="1984">
    <workRoles>
      <workRole role="Clerk"/>
      <workRole institution="Civil Aviation Administration of China"/>
    </workRoles>
  </workHistoryEntry>
  <workHistoryEntry startDate="1960" endDate="1970">
    <workRoles>
      <workRole role="Aviation Business Assistant"/>
      <workRole institution="Civil Aviation Administration of China"/>
      <workRole institution="General Administration"/>
      <workRole location="Sichuan Province"/>
      <workRole location="Chengdu City"/>
    </workRoles>
  </workHistoryEntry>
  <workHistoryEntry startDate="1960" endDate="1970">
    <workRoles>
      <workRole role="Dispatcher"/>
      <workRole institution="Civil Aviation Administration of China"/>
      <workRole institution="General Administration"/>
      <workRole location="Sichuan Province"/>
      <workRole location="Chengdu City"/>
    </workRoles>
  </workHistoryEntry>
  <workHistory/>
</biography>
