<?xml version="1.0" encoding="UTF-8"?>
<biography birthDate="1946" fullName="Bao Junchen" displayName="Bao Junchen" nonEnglishName="" sex="male" nationality="Mongolian">
  <bioText>Bao Junchen, male, Mongolian nationality, is a native of Kangping county, Liaoning province. He was born in 1946, attended Inner Mongolia University, started to work in 1969 and joined the CPC in 1975. Bao held leading posts with the CPC Ih Ju League Committee, where he served as deputy secretary until 1994. He was elected vice-chairman of the 9th CPPCC Inner Mongolia Autonomous Regional Committee in 2003.</bioText>
  <posts>
    <post description="Member of the Standing Committee of 11th CPPCC National Committee, Vice-Chairman of the 9th CPPCC Inner Mongolia Autonomous Regional Committee"/>
  </posts>
  <birthLocations>
    <birthLocation location="Liaoning Province"/>
    <birthLocation location="Kangping County"/>
  </birthLocations>
  <workHistoryEntry startDate="2008">
    <workRoles>
      <workRole role="Member"/>
      <workRole institution="11th CPPCC"/>
      <workRole institution="National Committee"/>
      <workRole institution="Standing Committee"/>
    </workRoles>
  </workHistoryEntry>
  <workHistoryEntry startDate="2003">
    <workRoles>
      <workRole role="Vice-Chairman"/>
      <workRole institution="CPPCC"/>
      <workRole institution="Autonomous Regional Committee"/>
      <workRole location="Inner Mongolia Autonomous Region"/>
    </workRoles>
  </workHistoryEntry>
  <workHistoryEntry startDate="1998" endDate="2003">
    <workRoles>
      <workRole role="Deputy Director"/>
      <workRole institution="CPC"/>
      <workRole institution="Autonomous Regional Committee"/>
      <workRole institution="Organization Department"/>
      <workRole location="Inner Mongolia Autonomous Region"/>
    </workRoles>
  </workHistoryEntry>
  <workHistoryEntry startDate="1996" endDate="1998">
    <workRoles>
      <workRole role="Director"/>
      <workRole institution="Autonomous League People's Congress"/>
      <workRole institution="Working Committee"/>
      <workRole location="Inner Mongolia Autonomous Region"/>
      <workRole location="Xilin Gol League"/>
    </workRoles>
  </workHistoryEntry>
  <workHistoryEntry startDate="1996" endDate="1998">
    <workRoles>
      <workRole role="Secretary"/>
      <workRole institution="CPC"/>
      <workRole institution="League Committee"/>
      <workRole location="Inner Mongolia Autonomous Region"/>
      <workRole location="Xilin Gol League"/>
    </workRoles>
  </workHistoryEntry>
  <workHistoryEntry startDate="1994" endDate="1996">
    <workRoles>
      <workRole role="Head"/>
      <workRole institution="Administrative Office"/>
      <workRole location="Inner Mongolia Autonomous Region"/>
      <workRole location="Xilin Gol League"/>
    </workRoles>
  </workHistoryEntry>
  <workHistoryEntry startDate="1994" endDate="1996">
    <workRoles>
      <workRole role="Deputy Secretary"/>
      <workRole institution="CPC"/>
      <workRole institution="League Committee"/>
      <workRole location="Inner Mongolia Autonomous Region"/>
      <workRole location="Xilin Gol League"/>
    </workRoles>
  </workHistoryEntry>
  <workHistoryEntry startDate="1989" endDate="1994">
    <workRoles>
      <workRole role="Deputy Secretary"/>
      <workRole institution="CPC"/>
      <workRole institution="League Committee"/>
      <workRole location="Inner Mongolia Autonomous Region"/>
      <workRole location="Ih Ju League"/>
    </workRoles>
  </workHistoryEntry>
  <workHistoryEntry startDate="1984" endDate="1989">
    <workRoles>
      <workRole role="Director"/>
      <workRole institution="CPC"/>
      <workRole institution="League Committee"/>
      <workRole institution="Propaganda Department"/>
      <workRole location="Inner Mongolia Autonomous Region"/>
      <workRole location="Ih Ju League"/>
    </workRoles>
  </workHistoryEntry>
  <workHistoryEntry startDate="1984" endDate="1989">
    <workRoles>
      <workRole role="Member"/>
      <workRole institution="CPC"/>
      <workRole institution="League Committee"/>
      <workRole institution="Standing Committee"/>
      <workRole location="Inner Mongolia Autonomous Region"/>
      <workRole location="Ih Ju League"/>
    </workRoles>
  </workHistoryEntry>
  <workHistoryEntry startDate="1983" endDate="1984">
    <workRoles>
      <workRole role="Secretary-General"/>
      <workRole institution="CPC"/>
      <workRole institution="League Committee"/>
      <workRole location="Inner Mongolia Autonomous Region"/>
      <workRole location="Ih Ju League"/>
    </workRoles>
  </workHistoryEntry>
  <workHistoryEntry startDate="1981" endDate="1983">
    <workRoles>
      <workRole role="Secretary"/>
      <workRole institution="CPC"/>
      <workRole institution="League Committee"/>
      <workRole institution="Administration Office"/>
      <workRole location="Inner Mongolia Autonomous Region"/>
      <workRole location="Ih Ju League"/>
    </workRoles>
  </workHistoryEntry>
  <workHistoryEntry startDate="1975">
    <workRoles>
      <workRole role="Joined"/>
      <workRole institution="CPC"/>
    </workRoles>
  </workHistoryEntry>
  <workHistoryEntry startDate="1972" endDate="1981">
    <workRoles>
      <workRole role="Deputy Director"/>
      <workRole institution="Erdos Newspaper"/>
      <workRole institution="Chinese Editing Office"/>
      <workRole location="Inner Mongolia Autonomous Region"/>
      <workRole location="Ih Ju League"/>
    </workRoles>
  </workHistoryEntry>
  <workHistoryEntry startDate="1972" endDate="1981">
    <workRoles>
      <workRole role="Editor"/>
      <workRole institution="Erdos Newspaper"/>
      <workRole institution="Chinese Editing Office"/>
      <workRole location="Inner Mongolia Autonomous Region"/>
      <workRole location="Ih Ju League"/>
    </workRoles>
  </workHistoryEntry>
  <workHistoryEntry startDate="1970" endDate="1972">
    <workRoles>
      <workRole role="Teacher"/>
      <workRole location="Inner Mongolia Autonomous Region"/>
      <workRole location="Chifeng City"/>
    </workRoles>
  </workHistoryEntry>
  <workHistoryEntry startDate="1969" endDate="1970">
    <workRoles>
      <workRole role="Worker, PLA, No. 1584 Army"/>
    </workRoles>
  </workHistoryEntry>
  <workHistoryEntry startDate="1965" endDate="1969">
    <workRoles>
      <workRole role="Student"/>
      <workRole institution="Inner Mongolia University"/>
      <workRole institution="Chinese Department"/>
      <workRole location="Inner Mongolia Autonomous Region"/>
    </workRoles>
  </workHistoryEntry>
  <workHistory/>
</biography>
