<?xml version="1.0" encoding="UTF-8"?>
<biography birthDate="1945" fullName="Bao Xinbao" displayName="Bao Xinbao" nonEnglishName="" sex="male" nationality="Han">
  <bioText>Bao Xinbao, male, Han nationality, is a native of Zhenjiang City, Jiangsu province. He was born in 1945, joined the CPC, and graduated from the Party school of the CPC Central Committee. Bao is currently a member of the Shanghai Municipal CPC Committee and vice-chairman of the standing committee of the Shanghai City People's Congress.</bioText>
  <posts>
    <post description="Vice-Chairman of the Standing Committee of the Shanghai City People's Congress"/>
  </posts>
  <birthLocations>
    <birthLocation location="Jiangsu Province"/>
    <birthLocation location="Zhenjiang City"/>
  </birthLocations>
  <workHistoryEntry startDate="2003">
    <workRoles>
      <workRole role="Vice-Chairman"/>
      <workRole institution="Municipal People's Congress"/>
      <workRole institution="Standing Committee"/>
      <workRole location="Shanghai Municipality"/>
    </workRoles>
  </workHistoryEntry>
  <workHistoryEntry startDate="2002">
    <workRoles>
      <workRole role="Delegate"/>
      <workRole institution="16th CPC"/>
      <workRole institution="National Congress"/>
    </workRoles>
  </workHistoryEntry>
  <workHistoryEntry startDate="1998" endDate="2003">
    <workRoles>
      <workRole role="Chairman"/>
      <workRole institution="General Labor Union"/>
      <workRole location="Shanghai Municipality"/>
    </workRoles>
  </workHistoryEntry>
  <workHistoryEntry startDate="1998">
    <workRoles>
      <workRole role="Deputy Secretary"/>
      <workRole institution="Municipal People's Congress"/>
      <workRole institution="Standing Committee"/>
      <workRole institution="CPC"/>
      <workRole institution="Leading Party Group"/>
      <workRole location="Shanghai Municipality"/>
    </workRoles>
  </workHistoryEntry>
  <workHistoryEntry startDate="1998">
    <workRoles>
      <workRole role="Vice-Chairman"/>
      <workRole institution="Municipal People's Congress"/>
      <workRole institution="Standing Committee"/>
      <workRole location="Shanghai Municipality"/>
    </workRoles>
  </workHistoryEntry>
  <workHistoryEntry startDate="1997" endDate="2002">
    <workRoles>
      <workRole role="Delegate"/>
      <workRole institution="15th CPC"/>
      <workRole institution="National Congress"/>
    </workRoles>
  </workHistoryEntry>
  <workHistoryEntry startDate="1994" endDate="1998">
    <workRoles>
      <workRole role="Secretary"/>
      <workRole institution="Shanghai General Trade Union"/>
      <workRole institution="CPC"/>
      <workRole institution="Leading Party Group"/>
      <workRole location="Shanghai Municipality"/>
    </workRoles>
  </workHistoryEntry>
  <workHistoryEntry startDate="1994" endDate="1998">
    <workRoles>
      <workRole role="Chairman"/>
      <workRole institution="Shanghai General Trade Union"/>
      <workRole location="Shanghai Municipality"/>
    </workRoles>
  </workHistoryEntry>
  <workHistoryEntry startDate="1992" endDate="1993">
    <workRoles>
      <workRole role="Secretary"/>
      <workRole institution="CPC"/>
      <workRole institution="District Committee"/>
      <workRole location="Shanghai"/>
      <workRole location="Minxing District"/>
    </workRoles>
  </workHistoryEntry>
  <workHistoryEntry startDate="1992" endDate="1997">
    <workRoles>
      <workRole role="Delegate"/>
      <workRole institution="14th CPC"/>
      <workRole institution="National Congress"/>
    </workRoles>
  </workHistoryEntry>
  <workHistoryEntry startDate="1988" endDate="1992">
    <workRoles>
      <workRole role="Secretary"/>
      <workRole institution="CPC"/>
      <workRole institution="District Committee"/>
      <workRole location="Shanghai"/>
      <workRole location="Baoshan District"/>
    </workRoles>
  </workHistoryEntry>
  <workHistoryEntry startDate="1987" endDate="1992">
    <workRoles>
      <workRole role="Delegate"/>
      <workRole institution="13th CPC"/>
      <workRole institution="National Congress"/>
    </workRoles>
  </workHistoryEntry>
  <workHistoryEntry startDate="1985" endDate="1988">
    <workRoles>
      <workRole role="Secretary"/>
      <workRole institution="Metallurgy and Geology Bureau"/>
      <workRole institution="CPC"/>
      <workRole institution="Party Committee"/>
      <workRole location="Shanghai Municipality"/>
    </workRoles>
  </workHistoryEntry>
  <workHistoryEntry startDate="1983" endDate="1985">
    <workRoles>
      <workRole role="Student"/>
      <workRole institution="CPC"/>
      <workRole institution="Central Committee"/>
      <workRole institution="Central Party School"/>
      <workRole institution="Marxism and Leninism Research Institute"/>
    </workRoles>
  </workHistoryEntry>
  <workHistoryEntry startDate="1981" endDate="1983">
    <workRoles>
      <workRole role="Deputy Director"/>
      <workRole institution="Metallurgy and Geology Bureau"/>
      <workRole institution="Cadre Division"/>
      <workRole location="Shanghai Municipality"/>
    </workRoles>
  </workHistoryEntry>
  <workHistoryEntry startDate="1978" endDate="1981">
    <workRoles>
      <workRole role="Deputy Secretary"/>
      <workRole institution="Shanghai Yuelong Chemical Factory"/>
      <workRole institution="CPC"/>
      <workRole institution="Party Committee"/>
      <workRole location="Shanghai Municipality"/>
    </workRoles>
  </workHistoryEntry>
  <workHistoryEntry startDate="1968" endDate="1978">
    <workRoles>
      <workRole role="Worker"/>
      <workRole institution="Shanghai Yuelong Chemical Factory"/>
      <workRole institution="No. 2 Workshop"/>
      <workRole location="Shanghai Municipality"/>
    </workRoles>
  </workHistoryEntry>
  <workHistoryEntry startDate="1968" endDate="1978">
    <workRoles>
      <workRole role="Secretary"/>
      <workRole institution="Shanghai Yuelong Chemical Factory"/>
      <workRole institution="Factory Office"/>
      <workRole location="Shanghai Municipality"/>
    </workRoles>
  </workHistoryEntry>
  <workHistoryEntry startDate="1968" endDate="1978">
    <workRoles>
      <workRole role="Secretary"/>
      <workRole institution="Shanghai Yuelong Chemical Factory"/>
      <workRole institution="No. 3 Workshop"/>
      <workRole institution="CPC"/>
      <workRole institution="Party Branch"/>
      <workRole location="Shanghai Municipality"/>
    </workRoles>
  </workHistoryEntry>
  <workHistoryEntry startDate="1965" endDate="1968">
    <workRoles>
      <workRole role="Student"/>
      <workRole institution="Fudan University"/>
      <workRole institution="Foreign Language Department"/>
      <workRole location="Shanghai Municipality"/>
    </workRoles>
  </workHistoryEntry>
  <workHistoryEntry startDate="1965">
    <workRoles>
      <workRole role="Joined"/>
      <workRole institution="CPC"/>
    </workRoles>
  </workHistoryEntry>
  <workHistoryEntry startDate="1963" endDate="1965">
    <workRoles>
      <workRole role="Student"/>
      <workRole institution="Fudan University"/>
      <workRole institution="Physics Department"/>
      <workRole location="Shanghai Municipality"/>
    </workRoles>
  </workHistoryEntry>
  <workHistory/>
</biography>
