<?xml version="1.0" encoding="UTF-8"?>
<biography birthDate="1942" fullName="Bao Yujun" displayName="Bao Yujun" nonEnglishName="" sex="male" nationality="Mongol">
  <bioText>Bao Yujun, male, Mongol nationality, was born in 1942 in Nantong, Jiangsu, Province. He joined the CPC in 1965, and he graduated from the journalism faculty of the People's University of China in 1966. He held high-ranking positions in the "People's Daily," becoming deputy editor-in-chief in 1988. Bao also held executive positions in several press associations, including the China Association for Newspaper Management and the Chinese Advertising Association. Bao was elected vice-chairman of the 8th Executive Committee of the All-China Federation of Industry and Commerce in 1996. He was the Deputy Secretary of the CPPCC; he is the president of China Private Enterprises Association and the Honorary President of China Enterprises International Development Association, member of Committee for Social and Legal Affairs of CPPCC.</bioText>
  <posts>
    <post description="President, China Private Enterprises Association"/>
    <post description="Vice-Chairman, All-China Federation of Industry and Commerce, Executive Committee"/>
  </posts>
  <birthLocations>
    <birthLocation location="Jiangsu Province"/>
    <birthLocation location="Nantong City"/>
  </birthLocations>
  <workHistoryEntry startDate="1998">
    <workRoles>
      <workRole role="President"/>
      <workRole institution="China Private Enterprises Association"/>
    </workRoles>
  </workHistoryEntry>
  <workHistoryEntry startDate="1998">
    <workRoles>
      <workRole role="Member"/>
      <workRole institution="CPPCC"/>
      <workRole institution="National Committee"/>
      <workRole institution="Committee for Social and Legal Affairs"/>
    </workRoles>
  </workHistoryEntry>
  <workHistoryEntry startDate="1996">
    <workRoles>
      <workRole role="Vice-Chairman"/>
      <workRole institution="All-China Federation of Industry and Commerce"/>
      <workRole institution="Executive Committee"/>
    </workRoles>
  </workHistoryEntry>
  <workHistoryEntry startDate="1993" endDate="1996">
    <workRoles>
      <workRole role="Honorary President"/>
      <workRole institution="National Association of University and College Newspapers"/>
    </workRoles>
  </workHistoryEntry>
  <workHistoryEntry startDate="">
    <workRoles>
      <workRole role="Vice-President"/>
      <workRole institution="Chinese Advertising Association"/>
    </workRoles>
  </workHistoryEntry>
  <workHistoryEntry startDate="">
    <workRoles>
      <workRole role="Vice-President"/>
      <workRole institution="Chinese Health Press Association"/>
    </workRoles>
  </workHistoryEntry>
  <workHistoryEntry startDate="">
    <workRoles>
      <workRole role="President"/>
      <workRole institution="China National Association for Newspaper Management"/>
    </workRoles>
  </workHistoryEntry>
  <workHistoryEntry startDate="1988" endDate="1996">
    <workRoles>
      <workRole role="Deputy Editor-in-Chief"/>
      <workRole institution="People's Daily"/>
    </workRoles>
  </workHistoryEntry>
  <workHistoryEntry startDate="1988" endDate="????">
    <workRoles>
      <workRole role="Secretary-General"/>
      <workRole institution="People's Daily"/>
    </workRoles>
  </workHistoryEntry>
  <workHistoryEntry startDate="1988" endDate="????">
    <workRoles>
      <workRole role="Chief Editor"/>
      <workRole institution="People's Daily"/>
      <workRole institution="Third Page"/>
    </workRoles>
  </workHistoryEntry>
  <workHistoryEntry startDate="1988" endDate="????">
    <workRoles>
      <workRole role="Member"/>
      <workRole institution="People's Daily"/>
      <workRole institution="Editorial Board"/>
    </workRoles>
  </workHistoryEntry>
  <workHistoryEntry startDate="1988" endDate="????">
    <workRoles>
      <workRole role="Director"/>
      <workRole institution="People's Daily"/>
      <workRole institution="Scientific and Educational Department"/>
    </workRoles>
  </workHistoryEntry>
  <workHistoryEntry startDate="1988" endDate="????">
    <workRoles>
      <workRole role="Director"/>
      <workRole institution="People's Daily"/>
      <workRole institution="Political and Cultural Department"/>
    </workRoles>
  </workHistoryEntry>
  <workHistoryEntry startDate="1966">
    <workRoles>
      <workRole role="Graduate"/>
      <workRole institution="People's University of China"/>
      <workRole institution="Journalism Department"/>
      <workRole location="Beijing Municipality"/>
    </workRoles>
  </workHistoryEntry>
  <workHistoryEntry startDate="1965">
    <workRoles>
      <workRole role="Joined"/>
      <workRole institution="CPC"/>
    </workRoles>
  </workHistoryEntry>
  <workHistory/>
</biography>
