<?xml version="1.0" encoding="UTF-8"?>
<biography birthDate="Jiangsu Province, Nantong City" fullName="Bao Zheng" displayName="Bao Zheng" nonEnglishName="" sex="male" nationality="Han">
  <bioText>Bao Zheng, male, Han nationality, is a native of Nantong, Jiangsu Province. He graduated from the PLA Institute of Communication Engineering in 1953. Bao Zheng invented the "Impact Flashover Method" for measuring the faults of buried electric cable in the early 1970s. He conducted a systematic and deep study into digital signal processing, statistical signal processing, array signal processing and self-adaptive signal processing. He also developed a radar monitor for moving objects, which is applied in factories, institutes, and the army. Bao has dedicated himself to the research of space signal super identification, radar imaging, space-time 2D signal processing. Bao Zheng is an electronics expert professor at the Xi'an Electronics Science and Technology University.</bioText>
  <posts>
    <post description="Electronics Expert Professor of the Xi'an Electronics Science and Technology University"/>
  </posts>
  <birthLocations/>
  <workHistoryEntry startDate="1991">
    <workRoles>
      <workRole role="Academician"/>
      <workRole institution="Chinese Academy of Sciences"/>
    </workRoles>
  </workHistoryEntry>
  <workHistoryEntry startDate="1960">
    <workRoles>
      <workRole role="Developer"/>
    </workRoles>
  </workHistoryEntry>
  <workHistoryEntry startDate="1953">
    <workRoles>
      <workRole role="Graduate"/>
      <workRole institution="PLA Institute of Communications Engineering"/>
    </workRoles>
  </workHistoryEntry>
  <workHistory/>
</biography>
