<?xml version="1.0" encoding="UTF-8"?>
<biography birthDate="1967" fullName="Bao Yueqiao" displayName="Bao Yueqiao" nonEnglishName="" sex="male" nationality="Han">
  <bioText>Bao Yueqiao, male, Han nationality, is a native of Yuyao, Zhejiang Province. He was born in 1967 and graduated from the Mathematics Department of Zhejiang University in 1989. Less than ten years after graduating from university, Bao became the president of Beijing Our Game Computer Technology Company. Before taking that position, he served as a software department programmer and the chief engineer of the Beijing Hope Computer Company – from 1993 to 1998. The Chinese Academy of Sciences designated him as a senior engineer during his time with Beijing Hope and he was also evaluated as a trans-century young scientist of the academy. He was elected as one of the top ten figures of 2001 in China's information technology industry. In 2006, he resigned as president of Beijing Our Game Computer Technology Company.</bioText>
  <posts>
    <post description="Former President of the Beijing Our Game Computer Technology Company Limited"/>
  </posts>
  <birthLocations>
    <birthLocation location="Zhejiang Province"/>
    <birthLocation location="Yuyao County"/>
  </birthLocations>
  <workHistoryEntry startDate="1998" endDate="2006">
    <workRoles>
      <workRole role="President"/>
      <workRole institution="Beijing Our Game Computer Technology Company"/>
      <workRole location="Beijing Municipality"/>
    </workRoles>
  </workHistoryEntry>
  <workHistoryEntry startDate="1993" endDate="1998">
    <workRoles>
      <workRole role="Programmer"/>
      <workRole institution="Beijing Hope Computer Company"/>
      <workRole institution="Software Department"/>
      <workRole location="Beijing Municipality"/>
    </workRoles>
  </workHistoryEntry>
  <workHistoryEntry startDate="1993" endDate="1998">
    <workRoles>
      <workRole role="Chief Engineer"/>
      <workRole institution="Beijing Hope Computer Company"/>
      <workRole location="Beijing Municipality"/>
    </workRoles>
  </workHistoryEntry>
  <workHistoryEntry startDate="1989">
    <workRoles>
      <workRole role="Graduate"/>
      <workRole institution="Zhejiang University"/>
      <workRole institution="Mathematics Department"/>
      <workRole location="Zhejiang Province"/>
    </workRoles>
  </workHistoryEntry>
  <workHistoryEntry startDate="1989" endDate="1993">
    <workRoles>
      <workRole role="Programmer"/>
      <workRole location="Zhejiang Province"/>
      <workRole location="Hangzhou City (Computer Center"/>
    </workRoles>
  </workHistoryEntry>
  <workHistory/>
</biography>
