<?xml version="1.0" encoding="UTF-8"?>
<biography birthDate="1952" fullName="Bao Hong" displayName="Bao Hong" nonEnglishName="" sex="female" nationality="Han">
  <bioText>Bao Hong, female, Han nationality, is a native of Jinan City, Shandong Province. She was born in 1952 and graduated from Fudan University in 1978. From 2005 to 2009, she was General Office Director of China Science Association. Since 2009, she is Deputy Commissioner, State Intellectual Property Office.</bioText>
  <posts>
    <post description="Deputy Commissioner of the State Intellectual Property Office"/>
  </posts>
  <birthLocations>
    <birthLocation location="Shandong Province"/>
    <birthLocation location="Jinan City"/>
  </birthLocations>
  <workHistoryEntry startDate="2009">
    <workRoles>
      <workRole role="Deputy Commissioner"/>
      <workRole institution="State Intellectual Property Office"/>
    </workRoles>
  </workHistoryEntry>
  <workHistoryEntry startDate="2009">
    <workRoles>
      <workRole role="Member"/>
      <workRole institution="State Intellectual Property Office"/>
      <workRole institution="CPC"/>
      <workRole institution="Leading Party Group"/>
    </workRoles>
  </workHistoryEntry>
  <workHistoryEntry startDate="2005" endDate="2009">
    <workRoles>
      <workRole role="Director"/>
      <workRole institution="China Association for Science and Technology"/>
      <workRole institution="General Office"/>
    </workRoles>
  </workHistoryEntry>
  <workHistoryEntry startDate="2003" endDate="2005">
    <workRoles>
      <workRole role="Deputy Director"/>
      <workRole institution="China Association for Science and Technology"/>
      <workRole institution="General Office"/>
    </workRoles>
  </workHistoryEntry>
  <workHistoryEntry startDate="1998" endDate="2003">
    <workRoles>
      <workRole role="Deputy Director"/>
      <workRole institution="Ministry of Science and Technology"/>
      <workRole institution="General Office"/>
    </workRoles>
  </workHistoryEntry>
  <workHistoryEntry startDate="1985" endDate="1998">
    <workRoles>
      <workRole role="Assistant Inspector"/>
      <workRole institution="State Science and Technology Commission"/>
      <workRole institution="Comprehensive Planning Department"/>
    </workRoles>
  </workHistoryEntry>
  <workHistoryEntry startDate="1978" endDate="1985">
    <workRoles>
      <workRole role="Staff Member"/>
      <workRole institution="National Institute of Metrology"/>
    </workRoles>
  </workHistoryEntry>
  <workHistoryEntry startDate="1978">
    <workRoles>
      <workRole role="Graduate"/>
      <workRole institution="Fudan University"/>
      <workRole location="Shanghai Municipality"/>
    </workRoles>
  </workHistoryEntry>
  <workHistory/>
</biography>
