<?xml version="1.0" encoding="UTF-8"?>
<biography birthDate="1952" fullName="Bao Kexin" displayName="Bao Kexin" nonEnglishName="" sex="male" nationality="Han">
  <bioText>Bao Kexin, male, Han nationality, is a native of Wenzhou, Zhejiang province. He was born in 1952, graduated from the Beijing Institute of Economics, and joined the CPC in 1973. Bao is an economist. Bao Kexin spent most of his career at the State Planning Commission, where he served as director of the Foreign Economic Relations and Trade Department until 1998. Bao was appointed deputy governor of Guizhou province in 2002.</bioText>
  <posts>
    <post description="Former Deputy Governor of Guizhou Province"/>
  </posts>
  <birthLocations>
    <birthLocation location="Zhejiang Province"/>
    <birthLocation location="Wenzhou City"/>
  </birthLocations>
  <workHistoryEntry startDate="2002" endDate="2007">
    <workRoles>
      <workRole role="Vice-Governor"/>
      <workRole institution="People's Government"/>
      <workRole location="Guizhou Province"/>
    </workRoles>
  </workHistoryEntry>
  <workHistoryEntry startDate="2001" endDate="2002">
    <workRoles>
      <workRole role="Director"/>
      <workRole institution="National Development and Reform Commission"/>
      <workRole institution="Investment Department"/>
    </workRoles>
  </workHistoryEntry>
  <workHistoryEntry startDate="1998" endDate="2001">
    <workRoles>
      <workRole role="Director"/>
      <workRole institution="National Development and Reform Commission"/>
      <workRole institution="Economy and Trade Circulation Department"/>
    </workRoles>
  </workHistoryEntry>
  <workHistoryEntry startDate="1993" endDate="1998">
    <workRoles>
      <workRole role="Director"/>
      <workRole institution="National Development and Reform Commission"/>
      <workRole institution="Economic Research Center"/>
      <workRole institution="State Planning Commission"/>
      <workRole institution="Foreign Economic Relations and Trade Department"/>
    </workRoles>
  </workHistoryEntry>
  <workHistoryEntry startDate="1993" endDate="1998">
    <workRoles>
      <workRole role="Deputy Director"/>
      <workRole institution="National Development and Reform Commission"/>
      <workRole institution="Economic Research Center"/>
      <workRole institution="State Planning Commission"/>
      <workRole institution="Foreign Economic Relations and Trade Department"/>
    </workRoles>
  </workHistoryEntry>
  <workHistoryEntry startDate="1992" endDate="1993">
    <workRoles>
      <workRole role="Deputy Director"/>
      <workRole institution="Planning Committee"/>
      <workRole location="Guangdong Province"/>
      <workRole location="Guangzhou City"/>
    </workRoles>
  </workHistoryEntry>
  <workHistoryEntry startDate="1985" endDate="1993">
    <workRoles>
      <workRole role="Chief"/>
      <workRole institution="National Development and Reform Commission"/>
      <workRole institution="Economic Research Center"/>
      <workRole institution="State Planning Commission"/>
      <workRole institution="Economics and Trade Bureau"/>
    </workRoles>
  </workHistoryEntry>
  <workHistoryEntry startDate="1985" endDate="1993">
    <workRoles>
      <workRole role="Deputy Chief"/>
      <workRole institution="National Development and Reform Commission"/>
      <workRole institution="Economic Research Center"/>
      <workRole institution="State Planning Commission"/>
      <workRole institution="Economics and Trade Bureau"/>
    </workRoles>
  </workHistoryEntry>
  <workHistoryEntry startDate="1982" endDate="1985">
    <workRoles>
      <workRole role="Staff Member"/>
      <workRole institution="National Development and Reform Commission"/>
      <workRole institution="Economic Research Center"/>
      <workRole institution="State Planning Commission"/>
      <workRole institution="Economics and Trade Bureau"/>
    </workRoles>
  </workHistoryEntry>
  <workHistoryEntry startDate="1979" endDate="1982">
    <workRoles>
      <workRole role="Graduate"/>
      <workRole institution="Beijing Institute of Economics"/>
      <workRole institution="Finance and Trade Department"/>
      <workRole location="Beijing Municipality"/>
    </workRoles>
  </workHistoryEntry>
  <workHistoryEntry startDate="1978" endDate="1979">
    <workRoles>
      <workRole role="Student"/>
      <workRole institution="Shanxi Institute of Finance and Economics"/>
      <workRole institution="Trade and Economics Department"/>
      <workRole location="Shanxi Province"/>
    </workRoles>
  </workHistoryEntry>
  <workHistoryEntry startDate="1973">
    <workRoles>
      <workRole role="Joined"/>
      <workRole institution="CPC"/>
    </workRoles>
  </workHistoryEntry>
  <workHistoryEntry startDate="1968" endDate="1978">
    <workRoles>
      <workRole role="Cultural Revolution, Sent to do manual labor Shanxi Province, Yanggao County (Daquanshan Commune)"/>
    </workRoles>
  </workHistoryEntry>
  <workHistory/>
</biography>
