<?xml version="1.0" encoding="UTF-8"?>
<biography birthDate="1938" fullName="Baoriledai" displayName="Baoriledai" nonEnglishName="" sex="female" nationality="Mongol">
  <bioText>Baoriledai, female, Mongol nationality, born in 1938, is a native of Ordos, Inner Mongolia Autonomous Region. She joined the CPC in 1958 and was awarded the prize of National Woman Pace-setter in 1960. She was the member of 9th, 10th and 11th CPC Central Committee.</bioText>
  <posts>
    <post description="Member, 11th CPC Central Committee"/>
  </posts>
  <birthLocations>
    <birthLocation location="Inner Mongolia Autonomous Region"/>
    <birthLocation location="Ordos City"/>
  </birthLocations>
  <workHistoryEntry startDate="1979" endDate="2003">
    <workRoles>
      <workRole role="Member"/>
      <workRole institution="CPPCC"/>
      <workRole institution="Autonomous Regional Committee"/>
      <workRole institution="Standing Committee"/>
      <workRole location="Inner Mongolia Autonomous Region"/>
    </workRoles>
  </workHistoryEntry>
  <workHistoryEntry startDate="1977" endDate="1982">
    <workRoles>
      <workRole role="Member"/>
      <workRole institution="11th CPC"/>
      <workRole institution="Central Committee"/>
    </workRoles>
  </workHistoryEntry>
  <workHistoryEntry startDate="1977" endDate="1982">
    <workRoles>
      <workRole role="Deputy Director"/>
      <workRole institution="Autonomous Regional People's Congress"/>
      <workRole institution="Standing Committee"/>
      <workRole location="Inner Mongolia Autonomous Region"/>
    </workRoles>
  </workHistoryEntry>
  <workHistoryEntry startDate="1973" endDate="1977">
    <workRoles>
      <workRole role="Member"/>
      <workRole institution="10th CPC"/>
      <workRole institution="Central Committee"/>
    </workRoles>
  </workHistoryEntry>
  <workHistoryEntry startDate="1969" endDate="1973">
    <workRoles>
      <workRole role="Member"/>
      <workRole institution="9th CPC"/>
      <workRole institution="Central Committee"/>
    </workRoles>
  </workHistoryEntry>
  <workHistoryEntry startDate="1958">
    <workRoles>
      <workRole role="Joined"/>
      <workRole institution="CPC"/>
    </workRoles>
  </workHistoryEntry>
  <workHistory/>
</biography>
