<?xml version="1.0" encoding="UTF-8"?>
<biography birthDate="1945" fullName="Baoyindeliger" displayName="Baoyindeliger" nonEnglishName="" sex="male" nationality="Mongolian">
  <bioText>Baoyindeliger, male, Mongolian nationality, is a native of Urad Front Banner, Inner Mongolia. He was born in 1945, attended Agriculture and Animal Husbandry College, started to work in 1970, and joined the CPC in 1972. He has held leading Party posts in Inner Mongolia, and was elected vice-chairman of the Inner Mongolia Autonomous Regional People's Congress in 2003.</bioText>
  <posts>
    <post description="Vice-Chairman of the Inner Mongolia Autonomous Regional People's Congress, Member of the Leading Party Group"/>
  </posts>
  <birthLocations>
    <birthLocation location="Inner Mongolia Autonomous Region"/>
    <birthLocation location="Urad Front Banner"/>
  </birthLocations>
  <workHistoryEntry startDate="2003">
    <workRoles>
      <workRole role="Member"/>
      <workRole institution="Autonomous Regional People's Congress"/>
      <workRole institution="CPC"/>
      <workRole institution="Leading Party Group"/>
      <workRole location="Inner Mongolia Autonomous Region"/>
    </workRoles>
  </workHistoryEntry>
  <workHistoryEntry startDate="2003">
    <workRoles>
      <workRole role="Vice-Chairman"/>
      <workRole institution="Autonomous Regional People's Congress"/>
      <workRole location="Inner Mongolia Autonomous Region"/>
    </workRoles>
  </workHistoryEntry>
  <workHistoryEntry startDate="1995" endDate="2003">
    <workRoles>
      <workRole role="Member"/>
      <workRole institution="CPC"/>
      <workRole institution="Autonomous Regional Committee"/>
      <workRole institution="Standing Committee"/>
      <workRole location="Inner Mongolia Autonomous Region"/>
    </workRoles>
  </workHistoryEntry>
  <workHistoryEntry startDate="1995" endDate="2003">
    <workRoles>
      <workRole role="Member"/>
      <workRole institution="Autonomous Region People's Government"/>
      <workRole institution="CPC"/>
      <workRole institution="Leading Party Group"/>
      <workRole location="Inner Mongolia Autonomous Region"/>
    </workRoles>
  </workHistoryEntry>
  <workHistoryEntry startDate="1995" endDate="2003">
    <workRoles>
      <workRole role="Vice-Chairman"/>
      <workRole institution="Autonomous Region People's Government"/>
      <workRole location="Inner Mongolia Autonomous Region"/>
    </workRoles>
  </workHistoryEntry>
  <workHistoryEntry startDate="1992" endDate="1995">
    <workRoles>
      <workRole role="Deputy Secretary"/>
      <workRole institution="CPC"/>
      <workRole institution="League Committee"/>
      <workRole location="Inner Mongolia Autonomous Region"/>
      <workRole location="Bayannur League"/>
    </workRoles>
  </workHistoryEntry>
  <workHistoryEntry startDate="1992" endDate="1995">
    <workRoles>
      <workRole role="League Head"/>
      <workRole location="Inner Mongolia Autonomous Region"/>
      <workRole location="Bayannur League"/>
    </workRoles>
  </workHistoryEntry>
  <workHistoryEntry startDate="1983" endDate="1992">
    <workRoles>
      <workRole role="Deputy League Head"/>
      <workRole location="Inner Mongolia Autonomous Region"/>
      <workRole location="Bayannur League"/>
    </workRoles>
  </workHistoryEntry>
  <workHistoryEntry startDate="1981" endDate="1983">
    <workRoles>
      <workRole role="Deputy Banner Head"/>
      <workRole location="Inner Mongolia Autonomous Region"/>
      <workRole location="Urad Front Banner"/>
    </workRoles>
  </workHistoryEntry>
  <workHistoryEntry startDate="1977" endDate="1981">
    <workRoles>
      <workRole role="Deputy Director"/>
      <workRole institution="CPC"/>
      <workRole institution="Banner Committee"/>
      <workRole institution="Standing Committee"/>
      <workRole location="Inner Mongolia Autonomous Region"/>
      <workRole location="Urad Front Banner"/>
    </workRoles>
  </workHistoryEntry>
  <workHistoryEntry startDate="1974" endDate="1981">
    <workRoles>
      <workRole role="Deputy Director"/>
      <workRole institution="Innovation Commission"/>
      <workRole location="Inner Mongolia Autonomous Region"/>
      <workRole location="Urad Front Banner"/>
    </workRoles>
  </workHistoryEntry>
  <workHistoryEntry startDate="1974" endDate="1977">
    <workRoles>
      <workRole role="Deputy Secretary"/>
      <workRole institution="Baiyanhua Commune"/>
      <workRole institution="CPC"/>
      <workRole institution="Party Committee"/>
    </workRoles>
  </workHistoryEntry>
  <workHistoryEntry startDate="1973" endDate="1974">
    <workRoles>
      <workRole role="Secretary"/>
      <workRole institution="Planning Commission"/>
      <workRole location="Inner Mongolia Autonomous Region"/>
      <workRole location="Urad Front Banner"/>
    </workRoles>
  </workHistoryEntry>
  <workHistoryEntry startDate="1972">
    <workRoles>
      <workRole role="Joined"/>
      <workRole institution="CPC"/>
    </workRoles>
  </workHistoryEntry>
  <workHistoryEntry startDate="1971" endDate="1973">
    <workRoles>
      <workRole role="Clerk"/>
      <workRole location="Inner Mongolia Autonomous Region"/>
      <workRole location="Urad Front Banner"/>
    </workRoles>
  </workHistoryEntry>
  <workHistoryEntry startDate="1970" endDate="1971">
    <workRoles>
      <workRole role="Cultural Revolution, Sent to do manual labor Tianjin Municipality (Army Reclamation Farm)"/>
    </workRoles>
  </workHistoryEntry>
  <workHistoryEntry startDate="1965" endDate="1970">
    <workRoles>
      <workRole role="Student"/>
      <workRole institution="Inner Mongolia Agriculture and Animal Husbandry College"/>
      <workRole institution="Machine and Water Conservancy Department"/>
      <workRole location="Inner Mongolia Autonomous Region"/>
    </workRoles>
  </workHistoryEntry>
  <workHistory/>
</biography>
