<?xml version="1.0" encoding="UTF-8"?>
<biography fullName="Batubagen" displayName="Batubagen" nonEnglishName="" sex="male" nationality="Mongolian">
  <bioText>Batubagen, male, Mongolian nationality, is a native of Jilin Province. He was born in 1924, joined the CPC in 1946. He was the Chairman of the 6th, 7th Standing Committee of NPC Inner Mongolia Autonomous Region and Alternate Member of 12th and 13th CPC Central Committee.</bioText>
  <posts>
    <post description="Alternate Member, 13th CPC Central Committee"/>
  </posts>
  <birthLocations/>
  <workHistoryEntry startDate="1987" endDate="1992">
    <workRoles>
      <workRole role="Alternate Member"/>
      <workRole institution="13th CPC"/>
      <workRole institution="Central Committee"/>
    </workRoles>
  </workHistoryEntry>
  <workHistoryEntry startDate="1982" endDate="1987">
    <workRoles>
      <workRole role="Alternate Member"/>
      <workRole institution="12th CPC"/>
      <workRole institution="Central Committee"/>
    </workRoles>
  </workHistoryEntry>
  <workHistory/>
</biography>
