<?xml version="1.0" encoding="UTF-8"?>
<biography birthDate="1955" fullName="Bayanqolu" displayName="Bayanqolu" nonEnglishName="" sex="male" nationality="Mongolian">
  <bioText>Bayanqolu, male, Mongolian nationality, is a native of Otog Front Banner of Inner Mongolia Autonomous Region. He was born in 1955, started to work in 1976 and joined CPC at same year. Bayanqolu graduated from Department of Economics Management of Jinin University with a Master Degree in 1997. He serves as Secretary of the CPC Ningbo City Committee, Director of Ningbo City People’s Congress, and Member of Standing Committee of the CPC Provincial Committee of Zhejiang Province from 2003 to 2010. Bayanqolu was Member of 8th National Committee of the CPPCC, Member of Standing Committee of 9th National Committee of the CPPCC. Currently, he is currently an Alternate Member of 17th CPC Central Committee and Deputy Secretary of the Jilin CPC Provincial Committee.</bioText>
  <posts>
    <post description="Alternate Member, 17th CPC, Central Committee"/>
    <post description="Deputy Secretary, CPC, Provincial Committee, Jilin Province"/>
  </posts>
  <birthLocations>
    <birthLocation location="Inner Mongolia Autonomous Region"/>
    <birthLocation location="Otog Front Banner"/>
  </birthLocations>
  <workHistoryEntry startDate="2010">
    <workRoles>
      <workRole role="Deputy Secretary"/>
      <workRole institution="CPC"/>
      <workRole institution="Provincial Committee"/>
      <workRole location="Jilin Province"/>
    </workRoles>
  </workHistoryEntry>
  <workHistoryEntry startDate="2010">
    <workRoles>
      <workRole role="Member"/>
      <workRole institution="CPC"/>
      <workRole institution="Provincial Committee"/>
      <workRole institution="Standing Committee"/>
      <workRole location="Jilin Province"/>
    </workRoles>
  </workHistoryEntry>
  <workHistoryEntry startDate="2010">
    <workRoles>
      <workRole role="Member"/>
      <workRole institution="CPC"/>
      <workRole institution="Provincial Committee"/>
      <workRole location="Jilin Province"/>
    </workRoles>
  </workHistoryEntry>
  <workHistoryEntry startDate="2007">
    <workRoles>
      <workRole role="Alternate Member"/>
      <workRole institution="17th CPC"/>
      <workRole institution="Central Committee"/>
    </workRoles>
  </workHistoryEntry>
  <workHistoryEntry startDate="2007" endDate="2010">
    <workRoles>
      <workRole role="Chairman"/>
      <workRole institution="City People's Congress"/>
      <workRole location="Zhejiang Province"/>
      <workRole location="Ningbo City"/>
    </workRoles>
  </workHistoryEntry>
  <workHistoryEntry startDate="2003" endDate="2010">
    <workRoles>
      <workRole role="Member"/>
      <workRole institution="CPC"/>
      <workRole institution="Provincial Committee"/>
      <workRole institution="Standing Committee"/>
      <workRole location="Zhejiang Province"/>
    </workRoles>
  </workHistoryEntry>
  <workHistoryEntry startDate="2003" endDate="2010">
    <workRoles>
      <workRole role="Secretary"/>
      <workRole institution="CPC"/>
      <workRole institution="City Committee"/>
      <workRole location="Zhejiang Province"/>
      <workRole location="Ningbo City"/>
    </workRoles>
  </workHistoryEntry>
  <workHistoryEntry startDate="2001" endDate="2004">
    <workRoles>
      <workRole role="Vice-Governor"/>
      <workRole institution="People's Government"/>
      <workRole location="Zhejiang Province"/>
    </workRoles>
  </workHistoryEntry>
  <workHistoryEntry startDate="1998" endDate="2001">
    <workRoles>
      <workRole role="Executive Secretary"/>
      <workRole institution="CYLC"/>
      <workRole institution="Central Committee"/>
      <workRole institution="Secretariat"/>
    </workRoles>
  </workHistoryEntry>
  <workHistoryEntry startDate="1998" endDate="2001">
    <workRoles>
      <workRole role="Chairman"/>
      <workRole institution="All-China Youth Federation"/>
    </workRoles>
  </workHistoryEntry>
  <workHistoryEntry startDate="1994" endDate="1997">
    <workRoles>
      <workRole role="Postgraduate"/>
      <workRole institution="Jinan University"/>
      <workRole institution="Economics Management Department"/>
      <workRole location="Shandong Province"/>
      <workRole location="Jinan City"/>
    </workRoles>
  </workHistoryEntry>
  <workHistoryEntry startDate="1993" endDate="1998">
    <workRoles>
      <workRole role="Executive Vice-Chairman"/>
      <workRole institution="All-China Youth Federation"/>
    </workRoles>
  </workHistoryEntry>
  <workHistoryEntry startDate="1993" endDate="1998">
    <workRoles>
      <workRole role="Secretary"/>
      <workRole institution="CYLC"/>
      <workRole institution="Central Committee"/>
      <workRole institution="Secretariat"/>
    </workRoles>
  </workHistoryEntry>
  <workHistoryEntry startDate="1992" endDate="1993">
    <workRoles>
      <workRole role="Chairman"/>
      <workRole institution="Inner Mongolia Youth Federation"/>
    </workRoles>
  </workHistoryEntry>
  <workHistoryEntry startDate="1992" endDate="1993">
    <workRoles>
      <workRole role="Secretary"/>
      <workRole institution="CYLC"/>
      <workRole institution="Autonomous Regional-Level"/>
      <workRole location="Inner Mongolia Autonomous Region"/>
    </workRoles>
  </workHistoryEntry>
  <workHistoryEntry startDate="1991" endDate="1992">
    <workRoles>
      <workRole role="Deputy Secretary"/>
      <workRole institution="CYLC"/>
      <workRole institution="Autonomous Regional-Level"/>
      <workRole location="Inner Mongolia Autonomous Region"/>
    </workRoles>
  </workHistoryEntry>
  <workHistoryEntry startDate="1988" endDate="1991">
    <workRoles>
      <workRole role="Secretary"/>
      <workRole institution="CPC"/>
      <workRole institution="Banner Committee"/>
      <workRole location="Inner Mongolia Autonomous Region"/>
      <workRole location="Ejin Horo Banner"/>
    </workRoles>
  </workHistoryEntry>
  <workHistoryEntry startDate="1985" endDate="1988">
    <workRoles>
      <workRole role="Deputy Secretary"/>
      <workRole institution="CPC"/>
      <workRole institution="Banner Committee"/>
      <workRole location="Inner Mongolia Autonomous Region"/>
      <workRole location="Ejin Horo Banner"/>
    </workRoles>
  </workHistoryEntry>
  <workHistoryEntry startDate="1985" endDate="1988">
    <workRoles>
      <workRole role="Magistrate"/>
      <workRole institution="County (District) People's Court"/>
      <workRole location="Inner Mongolia Autonomous Region"/>
      <workRole location="Ejin Horo Banner"/>
    </workRoles>
  </workHistoryEntry>
  <workHistoryEntry startDate="1982" endDate="1985">
    <workRoles>
      <workRole role="Director"/>
      <workRole institution="CPC"/>
      <workRole institution="League Committee"/>
      <workRole institution="Organization Department"/>
      <workRole location="Inner Mongolia Autonomous Region"/>
      <workRole location="Ih Ju League"/>
    </workRoles>
  </workHistoryEntry>
  <workHistoryEntry startDate="1980" endDate="1982">
    <workRoles>
      <workRole role="Student"/>
      <workRole institution="Inner Mongolia Normal University"/>
      <workRole institution="Political Education College"/>
      <workRole location="Inner Mongolia Autonomous Region"/>
      <workRole location="Hohhot City"/>
    </workRoles>
  </workHistoryEntry>
  <workHistory/>
</biography>
