<?xml version="1.0" encoding="UTF-8"?>
<biography birthDate="1955" fullName="Bi Jingquan" displayName="Bi Jingquan" nonEnglishName="" sex="male" nationality="Han">
  <bioText>Bi Jingquan, male, Han nationality, was born in 1955, and graduated from the Economics Department of Beijing University in 1982. Bi has over twenty years experience in price control. He was editor-in-chief of Time-Bargain, published in 1994. In 2001, he worked on resolution of problems produced by China's entry into the World Trade Organization. Bi also led his group to complete a report entitled "Countermeasures Research on Promoting Competence of China's Various Industries in the Transitional Term." In 2004, he compiled the planning outline for the development of China's logistic industry. He also wrote and released many articles on topics such as trade, circulation, economic reforms and price administration. Bi is currently vice-president of the China Consumer Association, director of the China Cereal Economic Institution, and executive director of the China Price Study Society.</bioText>
  <posts>
    <post description="Deputy Secretary-General of the State Council, Vice-President of the China Consumer Association"/>
  </posts>
  <birthLocations/>
  <workHistoryEntry startDate="2008">
    <workRoles>
      <workRole role="Deputy Secretary-General"/>
      <workRole institution="State Council"/>
    </workRoles>
  </workHistoryEntry>
  <workHistoryEntry startDate="2005">
    <workRoles>
      <workRole role="Vice-President"/>
      <workRole institution="China Consumer Association"/>
    </workRoles>
  </workHistoryEntry>
  <workHistoryEntry startDate="2005">
    <workRoles>
      <workRole role="Secretary-General"/>
      <workRole institution="National Development and Reform Commission"/>
    </workRoles>
  </workHistoryEntry>
  <workHistoryEntry startDate="1993">
    <workRoles>
      <workRole role="Student"/>
      <workRole institution="College of Administrative Cadres"/>
    </workRoles>
  </workHistoryEntry>
  <workHistoryEntry startDate="1982">
    <workRoles>
      <workRole role="Graduate"/>
      <workRole institution="Beijing University"/>
      <workRole institution="Economics Department"/>
      <workRole location="Beijing Municipality"/>
    </workRoles>
  </workHistoryEntry>
  <workHistoryEntry startDate="1982" endDate="1993">
    <workRoles>
      <workRole role="Deputy Division Director"/>
      <workRole institution="National Price Bureau"/>
      <workRole institution="Agriculture Department"/>
    </workRoles>
  </workHistoryEntry>
  <workHistoryEntry startDate="1982" endDate="1993">
    <workRoles>
      <workRole role="Division Director"/>
      <workRole institution="National Price Bureau"/>
      <workRole institution="Planning Department"/>
    </workRoles>
  </workHistoryEntry>
  <workHistoryEntry startDate="1982" endDate="1993">
    <workRoles>
      <workRole role="Deputy Director-General"/>
      <workRole institution="National Price Bureau"/>
      <workRole institution="Composite Affairs Department"/>
    </workRoles>
  </workHistoryEntry>
  <workHistory/>
</biography>
