<?xml version="1.0" encoding="UTF-8"?>
<biography birthDate="1931" fullName="Bian Changtai" displayName="Bian Changtai" nonEnglishName="" sex="male" nationality="Han">
  <bioText>Bian Changtai, male, Han nationality, born in 1931, is a native of Liaoning Province. Bian, a CPC member, was a professor at the Northeast China University of Finance and Economics. He was chairman of the Dalian Municipal Committee of the Revolutionary Committee of the Chinese Kuomintang, and he was also a member of that party's central committee. He was the vice-president of Dalian Association of Promotion for Chinese Culture, the consultant of Association for Dalian municipal Economy and Administrative Association for Industry and Commerce. Bian was a member of the 7th and 8th CPPCC National Committees and a standing committee member of the 9th CPPCC National Committee.</bioText>
  <posts>
    <post description="Standing Committee Member of the 9th CPPCC National Committee"/>
  </posts>
  <birthLocations>
    <birthLocation location="Liaoning Province"/>
  </birthLocations>
  <workHistoryEntry startDate="1998" endDate="2003">
    <workRoles>
      <workRole role="Member"/>
      <workRole institution="9th CPPCC"/>
      <workRole institution="National Committee"/>
      <workRole institution="Standing Committee"/>
    </workRoles>
  </workHistoryEntry>
  <workHistoryEntry startDate="1993" endDate="1998">
    <workRoles>
      <workRole role="Member"/>
      <workRole institution="8th CPPCC"/>
      <workRole institution="National Committee"/>
    </workRoles>
  </workHistoryEntry>
  <workHistoryEntry startDate="1988" endDate="1993">
    <workRoles>
      <workRole role="Member"/>
      <workRole institution="7th CPPCC"/>
      <workRole institution="National Committee"/>
    </workRoles>
  </workHistoryEntry>
  <workHistoryEntry startDate="">
    <workRoles>
      <workRole role="Member"/>
      <workRole institution="Revolutionary Committee of Chinese Kuomintang (RCCK)"/>
      <workRole institution="Standing Committee"/>
    </workRoles>
  </workHistoryEntry>
  <workHistoryEntry startDate="">
    <workRoles>
      <workRole role="Vice-Chairman"/>
      <workRole institution="Revolutionary Committee of Chinese Kuomintang (RCCK)"/>
      <workRole institution="City Committee"/>
      <workRole location="Liaoning Province"/>
      <workRole location="Dalian City"/>
    </workRoles>
  </workHistoryEntry>
  <workHistoryEntry startDate="">
    <workRoles>
      <workRole role="Professor"/>
      <workRole institution="Northeast China University of Finance and Economics"/>
      <workRole location="Liaoning Province"/>
    </workRoles>
  </workHistoryEntry>
  <workHistoryEntry startDate="">
    <workRoles>
      <workRole role="Joined"/>
      <workRole institution="CPC"/>
    </workRoles>
  </workHistoryEntry>
  <workHistory/>
</biography>
