<?xml version="1.0" encoding="UTF-8"?>
<biography birthDate="1957" fullName="Bing Zhigang" displayName="Bing Zhigang" nonEnglishName="" sex="male" nationality="Han">
  <bioText>Bing Zhigang, male, Han nationality, is a native of Gaizhou City of Liaoning Province. He was born in 1957, entered the work force and joined the CPC in 1975. Bing served as Head and Secretary of Leading Party Group of Local Government Tax Bureau of Liaoning Province from 2000 to 2003, and served as Head and Secretary of Leading Party Group of Finances Department of Liaoning Provincial People's Government from 2003 to 2010. On July 2010, Bing was appointed as Vice-Governor of Liaoning Provincial People’s Government.</bioText>
  <posts>
    <post description="Vice-Governor, People's Government, Liaoning Province"/>
  </posts>
  <birthLocations>
    <birthLocation location="Liaoning Province"/>
    <birthLocation location="Gaizhou City"/>
  </birthLocations>
  <workHistoryEntry startDate="2010">
    <workRoles>
      <workRole role="Vice-Governor"/>
      <workRole institution="People's Government"/>
      <workRole location="Liaoning Province"/>
    </workRoles>
  </workHistoryEntry>
  <workHistoryEntry startDate="2008">
    <workRoles>
      <workRole role="Deputy"/>
      <workRole institution="11th NPC"/>
    </workRoles>
  </workHistoryEntry>
  <workHistoryEntry startDate="2007">
    <workRoles>
      <workRole role="Delegate"/>
      <workRole institution="17th CPC"/>
      <workRole institution="National Congress"/>
    </workRoles>
  </workHistoryEntry>
  <workHistoryEntry startDate="2003" endDate="2010">
    <workRoles>
      <workRole role="Director"/>
      <workRole institution="Finance Department"/>
      <workRole location="Liaoning Province"/>
    </workRoles>
  </workHistoryEntry>
  <workHistoryEntry startDate="2003" endDate="2010">
    <workRoles>
      <workRole role="Secretary"/>
      <workRole institution="Finance Department"/>
      <workRole institution="CPC"/>
      <workRole institution="Leading Party Group"/>
      <workRole location="Liaoning Province"/>
    </workRoles>
  </workHistoryEntry>
  <workHistoryEntry startDate="2000" endDate="2003">
    <workRoles>
      <workRole role="Director"/>
      <workRole institution="Provincial Tax Bureau"/>
      <workRole location="Liaoning Province"/>
    </workRoles>
  </workHistoryEntry>
  <workHistoryEntry startDate="2000" endDate="2003">
    <workRoles>
      <workRole role="Secretary"/>
      <workRole institution="Provincial Tax Bureau"/>
      <workRole institution="CPC"/>
      <workRole institution="Leading Party Group"/>
      <workRole location="Liaoning Province"/>
    </workRoles>
  </workHistoryEntry>
  <workHistoryEntry startDate="1994" endDate="2000">
    <workRoles>
      <workRole role="Member"/>
      <workRole institution="Provincial Tax Bureau"/>
      <workRole institution="CPC"/>
      <workRole institution="Leading Party Group"/>
      <workRole location="Liaoning Province"/>
    </workRoles>
  </workHistoryEntry>
  <workHistoryEntry startDate="1994" endDate="2000">
    <workRoles>
      <workRole role="Deputy Director"/>
      <workRole institution="Provincial Tax Bureau"/>
      <workRole location="Liaoning Province"/>
    </workRoles>
  </workHistoryEntry>
  <workHistoryEntry startDate="1993" endDate="1994">
    <workRoles>
      <workRole role="Mayor"/>
      <workRole institution="People's Government"/>
      <workRole location="Liaoning Province"/>
      <workRole location="Linghai City"/>
    </workRoles>
  </workHistoryEntry>
  <workHistoryEntry startDate="1993" endDate="1994">
    <workRoles>
      <workRole role="Deputy Secretary"/>
      <workRole institution="CPC"/>
      <workRole institution="City Committee"/>
      <workRole location="Liaoning Province"/>
      <workRole location="Linghai City"/>
    </workRoles>
  </workHistoryEntry>
  <workHistoryEntry startDate="1992" endDate="1993">
    <workRoles>
      <workRole role="Magistrate"/>
      <workRole institution="County (District) People's Court"/>
      <workRole location="Liaoning Province"/>
      <workRole location="Jinxian County"/>
    </workRoles>
  </workHistoryEntry>
  <workHistoryEntry startDate="1992" endDate="1993">
    <workRoles>
      <workRole role="Deputy Secretary"/>
      <workRole institution="CPC"/>
      <workRole institution="County Committee"/>
      <workRole location="Liaoning Province"/>
      <workRole location="Jinxian County"/>
    </workRoles>
  </workHistoryEntry>
  <workHistoryEntry startDate="1988" endDate="1992">
    <workRoles>
      <workRole role="Deputy Director"/>
      <workRole institution="Finance Department"/>
      <workRole location="Liaoning Province"/>
    </workRoles>
  </workHistoryEntry>
  <workHistoryEntry startDate="1988" endDate="1992">
    <workRoles>
      <workRole role="Member"/>
      <workRole institution="Finance Department"/>
      <workRole institution="CPC"/>
      <workRole institution="Leading Party Group"/>
      <workRole location="Liaoning Province"/>
    </workRoles>
  </workHistoryEntry>
  <workHistory/>
</biography>
