<?xml version="1.0" encoding="UTF-8"?>
<biography birthDate="1949" fullName="Bo Xilai" displayName="Bo Xilai" nonEnglishName="" sex="male" nationality="Han">
  <bioText>Bo Xilai, male, Han nationality, is a native of Dingxiang County of Shanxi Province. He was born in 1949, started to work in 1968 and joined the CPC in 1980. He studied at Beijing University from 1978-1979 and graduated from the graduate school of the Chinese Academy of Social Sciences with a master's degree in journalism in 1982. An historian and journalist by training, Bo has spent his entire career in Liaoning Province, especially in the capital city of Dalian. After holding Party and government positions at the county level, he became an official in the Dalian City Government, and in 1993 became mayor. In 1999, he was secretary of the CPC Dalian City Committee and in 2001, became governor of Liaoning Province. Bo was a member of the 16th CPC Central Committee and served as Minister of Commerce from 2004 - 2007. He was secretary of the Chongqing Municipal CPC Committee from 2007 to 2012. He was removed as a a member of the Politboro of the 17th CPC Central Committee and a removed as a member of the 17th CPC Central Committee in 2012.</bioText>
  <posts>
    <post description="Former Member of the Politboro of the 17th CPC Central Committee, Former Member of the 17th CPC Central Committee"/>
  </posts>
  <birthLocations>
    <birthLocation location="Shanxi Province"/>
    <birthLocation location="Dingxiang County"/>
  </birthLocations>
  <workHistoryEntry startDate="2007" endDate="2012">
    <workRoles>
      <workRole role="Member"/>
      <workRole institution="CPC"/>
      <workRole institution="Municipal Committee"/>
      <workRole institution="Standing Committee"/>
      <workRole location="Chongqing Municipality"/>
    </workRoles>
  </workHistoryEntry>
  <workHistoryEntry startDate="2007" endDate="2012">
    <workRoles>
      <workRole role="Secretary"/>
      <workRole institution="CPC"/>
      <workRole institution="Municipal Committee"/>
      <workRole location="Chongqing Municipality"/>
    </workRoles>
  </workHistoryEntry>
  <workHistoryEntry startDate="2007" endDate="2012">
    <workRoles>
      <workRole role="Member"/>
      <workRole institution="17th CPC"/>
      <workRole institution="Central Committee"/>
      <workRole institution="Politburo"/>
    </workRoles>
  </workHistoryEntry>
  <workHistoryEntry startDate="2007" endDate="2012">
    <workRoles>
      <workRole role="Member"/>
      <workRole institution="17th CPC"/>
      <workRole institution="Central Committee"/>
    </workRoles>
  </workHistoryEntry>
  <workHistoryEntry startDate="2004" endDate="2007">
    <workRoles>
      <workRole role="Minister"/>
      <workRole institution="Ministry of Commerce"/>
    </workRoles>
  </workHistoryEntry>
  <workHistoryEntry startDate="2004" endDate="2007">
    <workRoles>
      <workRole role="Secretary"/>
      <workRole institution="Ministry of Commerce"/>
      <workRole institution="CPC"/>
      <workRole institution="Leading Party Group"/>
    </workRoles>
  </workHistoryEntry>
  <workHistoryEntry startDate="2002" endDate="2007">
    <workRoles>
      <workRole role="Member"/>
      <workRole institution="16th CPC"/>
      <workRole institution="Central Committee"/>
    </workRoles>
  </workHistoryEntry>
  <workHistoryEntry startDate="2001" endDate="2004">
    <workRoles>
      <workRole role="Governor"/>
      <workRole institution="People's Government"/>
      <workRole location="Liaoning Province"/>
    </workRoles>
  </workHistoryEntry>
  <workHistoryEntry startDate="2000" endDate="2004">
    <workRoles>
      <workRole role="Deputy Secretary"/>
      <workRole institution="CPC"/>
      <workRole institution="Provincial Committee"/>
      <workRole location="Liaoning Province"/>
    </workRoles>
  </workHistoryEntry>
  <workHistoryEntry startDate="2000" endDate="2001">
    <workRoles>
      <workRole role="Acting Governor"/>
      <workRole institution="People's Government"/>
      <workRole location="Liaoning Province"/>
    </workRoles>
  </workHistoryEntry>
  <workHistoryEntry startDate="1999" endDate="2000">
    <workRoles>
      <workRole role="Member"/>
      <workRole institution="CPC"/>
      <workRole institution="Provincial Committee"/>
      <workRole institution="Standing Committee"/>
      <workRole location="Liaoning Province"/>
    </workRoles>
  </workHistoryEntry>
  <workHistoryEntry startDate="1999" endDate="2000">
    <workRoles>
      <workRole role="Secretary"/>
      <workRole institution="CPC"/>
      <workRole institution="City Committee"/>
      <workRole location="Liaoning Province"/>
      <workRole location="Dalian City"/>
    </workRoles>
  </workHistoryEntry>
  <workHistoryEntry startDate="1999">
    <workRoles>
      <workRole role="(Given award by UN Center for Human Settlements.)"/>
    </workRoles>
  </workHistoryEntry>
  <workHistoryEntry startDate="1995">
    <workRoles>
      <workRole role="(Given title of National Model for Respecting the Aged.)"/>
    </workRoles>
  </workHistoryEntry>
  <workHistoryEntry startDate="1993" endDate="2000">
    <workRoles>
      <workRole role="Mayor"/>
      <workRole institution="People's Government"/>
      <workRole location="Liaoning Province"/>
      <workRole location="Dalian City"/>
    </workRoles>
  </workHistoryEntry>
  <workHistoryEntry startDate="1992" endDate="1999">
    <workRoles>
      <workRole role="Deputy Secretary"/>
      <workRole institution="CPC"/>
      <workRole institution="City Committee"/>
      <workRole location="Liaoning Province"/>
      <workRole location="Dalian City"/>
    </workRoles>
  </workHistoryEntry>
  <workHistoryEntry startDate="1992" endDate="1993">
    <workRoles>
      <workRole role="Acting Mayor"/>
      <workRole institution="People's Government"/>
      <workRole location="Liaoning Province"/>
      <workRole location="Dalian City"/>
    </workRoles>
  </workHistoryEntry>
  <workHistoryEntry startDate="1989" endDate="1992">
    <workRoles>
      <workRole role="Vice-Mayor"/>
      <workRole institution="People's Government"/>
      <workRole location="Liaoning Province"/>
      <workRole location="Dalian City"/>
    </workRoles>
  </workHistoryEntry>
  <workHistoryEntry startDate="1988" endDate="1992">
    <workRoles>
      <workRole role="Member"/>
      <workRole institution="CPC"/>
      <workRole institution="City Committee"/>
      <workRole institution="Standing Committee"/>
      <workRole location="Liaoning Province"/>
      <workRole location="Dalian City"/>
    </workRoles>
  </workHistoryEntry>
  <workHistoryEntry startDate="1988" endDate="1989">
    <workRoles>
      <workRole role="Director"/>
      <workRole institution="Communications Department"/>
      <workRole location="Liaoning Province"/>
      <workRole location="Dalian City"/>
    </workRoles>
  </workHistoryEntry>
  <workHistoryEntry startDate="1985" endDate="1986">
    <workRoles>
      <workRole role="Secretary"/>
      <workRole institution="Economic and Technological Development Zone"/>
      <workRole institution="CPC"/>
      <workRole institution="Party Committee"/>
      <workRole location="Liaoning Province"/>
      <workRole location="Dalian City"/>
    </workRoles>
  </workHistoryEntry>
  <workHistoryEntry startDate="1982" endDate="1984">
    <workRoles>
      <workRole role="Staff Member"/>
      <workRole institution="CPC"/>
      <workRole institution="Central Committee"/>
      <workRole institution="Politburo"/>
      <workRole institution="Secretariat"/>
    </workRoles>
  </workHistoryEntry>
  <workHistoryEntry startDate="1982" endDate="1984">
    <workRoles>
      <workRole role="Staff Member"/>
      <workRole institution="CPC"/>
      <workRole institution="Central Committee"/>
      <workRole institution="General Office"/>
    </workRoles>
  </workHistoryEntry>
  <workHistoryEntry startDate="1980">
    <workRoles>
      <workRole role="Joined"/>
      <workRole institution="CPC"/>
    </workRoles>
  </workHistoryEntry>
  <workHistoryEntry startDate="1979" endDate="1982">
    <workRoles>
      <workRole role="Student"/>
      <workRole institution="Chinese Academy of Social Sciences"/>
    </workRoles>
  </workHistoryEntry>
  <workHistoryEntry startDate="1978" endDate="1979">
    <workRoles>
      <workRole role="Student"/>
      <workRole institution="Beijing University"/>
      <workRole institution="History Department"/>
      <workRole location="Beijing Municipality"/>
    </workRoles>
  </workHistoryEntry>
  <workHistoryEntry startDate="1972" endDate="1978">
    <workRoles>
      <workRole role="Worker"/>
      <workRole institution="No. 2 Light Industry Bureau"/>
      <workRole location="Beijing Municipality"/>
    </workRoles>
  </workHistoryEntry>
  <workHistoryEntry startDate="1968" endDate="1972">
    <workRoles>
      <workRole role="Prisoner"/>
      <workRole institution="Cultural Revolution"/>
    </workRoles>
  </workHistoryEntry>
  <workHistory/>
</biography>
