<?xml version="1.0" encoding="UTF-8"?>
<biography fullName="Bu Guxiang" displayName="Bu Guxiang" nonEnglishName="" sex="male" nationality="is a native of Yiyang">
  <bioText>Bu Guxiang, Male, is a native of Yiyang, Hunan Province. He was born in 1937 and joined the CPC in 1959. He was the Alternate Member of 10th and 11th CPC Central Committee.</bioText>
  <posts>
    <post description="Alternate Member, 11th CPC Central Committee"/>
  </posts>
  <birthLocations/>
  <workHistoryEntry startDate="1977" endDate="1982">
    <workRoles>
      <workRole role="Alternate Member"/>
      <workRole institution="11th CPC"/>
      <workRole institution="Central Committee"/>
    </workRoles>
  </workHistoryEntry>
  <workHistoryEntry startDate="1973" endDate="1977">
    <workRoles>
      <workRole role="Alternate Member"/>
      <workRole institution="10th CPC"/>
      <workRole institution="Central Committee"/>
    </workRoles>
  </workHistoryEntry>
  <workHistory/>
</biography>
