<?xml version="1.0" encoding="UTF-8"?>
<biography birthDate="1958" fullName="Bu Xiaolin" displayName="Bu Xiaolin" nonEnglishName="" sex="female" nationality="Mongolia Nationality">
  <bioText>Bu Xiaolin, female, Mongolia Nationality, is a native of Tumd Left Banner, Inner Mongolia Autonomous Region. She was born in 1958, entered the work force in 1976, and joined the CPC in 1985. She graduated from Beijing University with a Bachelor Degree in 1984, and received a Doctor Degree in Law from Jilin University in 2001. From 2006 to 2008, she was Secretary of CPC of Alxa League Committee of Inner Mongolia Autonomous Region. Since 2008, she is Vice-Chairman, Inner Mongolia Autonomous Region.</bioText>
  <posts>
    <post description="Vice-Chairman of the Inner Mongolia Autonomous Region"/>
  </posts>
  <birthLocations>
    <birthLocation location="Inner Mongolia Autonomous Region"/>
    <birthLocation location="Tumd Left Banner"/>
  </birthLocations>
  <workHistoryEntry startDate="2008">
    <workRoles>
      <workRole role="Vice-Chairman"/>
      <workRole institution="Autonomous Region People's Government"/>
      <workRole location="Inner Mongolia Autonomous Region"/>
    </workRoles>
  </workHistoryEntry>
  <workHistoryEntry startDate="2007">
    <workRoles>
      <workRole role="Delegate"/>
      <workRole institution="17th CPC"/>
      <workRole institution="National Congress"/>
    </workRoles>
  </workHistoryEntry>
  <workHistoryEntry startDate="2006" endDate="2008">
    <workRoles>
      <workRole role="Secretary"/>
      <workRole institution="CPC"/>
      <workRole institution="League Committee"/>
      <workRole location="Inner Mongolia Autonomous Region"/>
      <workRole location="Alxa League"/>
    </workRoles>
  </workHistoryEntry>
  <workHistoryEntry startDate="2006" endDate="2007">
    <workRoles>
      <workRole role="Director"/>
      <workRole institution="Autonomous Regional People's Congress"/>
      <workRole institution="Work Committee"/>
      <workRole location="Inner Mongolia Autonomous Region"/>
      <workRole location="Alxa League"/>
    </workRoles>
  </workHistoryEntry>
  <workHistoryEntry startDate="2004" endDate="2006">
    <workRoles>
      <workRole role="Administrative Chief"/>
      <workRole institution="Autonomous Region People's Government"/>
      <workRole location="Inner Mongolia Autonomous Region"/>
      <workRole location="Alxa League"/>
    </workRoles>
  </workHistoryEntry>
  <workHistoryEntry startDate="2004" endDate="2006">
    <workRoles>
      <workRole role="Deputy Secretary"/>
      <workRole institution="CPC"/>
      <workRole institution="League Committee"/>
      <workRole location="Inner Mongolia Autonomous Region"/>
      <workRole location="Alxa League"/>
    </workRoles>
  </workHistoryEntry>
  <workHistoryEntry startDate="2003" endDate="2008">
    <workRoles>
      <workRole role="Deputy"/>
      <workRole institution="10th NPC"/>
    </workRoles>
  </workHistoryEntry>
  <workHistoryEntry startDate="2003" endDate="2004">
    <workRoles>
      <workRole role="Deputy Secretary-General"/>
      <workRole institution="Autonomous Region People's Government"/>
      <workRole location="Inner Mongolia Autonomous Region"/>
    </workRoles>
  </workHistoryEntry>
  <workHistoryEntry startDate="2003" endDate="2004">
    <workRoles>
      <workRole role="Director"/>
      <workRole institution="Autonomous Region People's Government"/>
      <workRole institution="Research Office"/>
      <workRole location="Inner Mongolia Autonomous Region"/>
    </workRoles>
  </workHistoryEntry>
  <workHistoryEntry startDate="2000" endDate="2003">
    <workRoles>
      <workRole role="Director"/>
      <workRole institution="Autonomous Region People's Government"/>
      <workRole institution="Legal Affairs Office"/>
      <workRole location="Inner Mongolia Autonomous Region"/>
    </workRoles>
  </workHistoryEntry>
  <workHistoryEntry startDate="2000" endDate="2003">
    <workRoles>
      <workRole role="Secretary"/>
      <workRole institution="Autonomous Region People's Government"/>
      <workRole institution="Legal Affairs Office"/>
      <workRole institution="CPC"/>
      <workRole institution="Leading Party Group"/>
      <workRole location="Inner Mongolia Autonomous Region"/>
    </workRoles>
  </workHistoryEntry>
  <workHistoryEntry startDate="1984" endDate="1985">
    <workRoles>
      <workRole role="Teacher"/>
      <workRole institution="Inner Mongolia University"/>
      <workRole institution="Law Department"/>
      <workRole location="Inner Mongolia Autonomous Region"/>
      <workRole location="Hohhot City"/>
    </workRoles>
  </workHistoryEntry>
  <workHistoryEntry startDate="1980" endDate="1984">
    <workRoles>
      <workRole role="Student"/>
      <workRole institution="Beijing University"/>
      <workRole location="Beijing Municipality"/>
    </workRoles>
  </workHistoryEntry>
  <workHistory/>
</biography>
