<?xml version="1.0" encoding="UTF-8"?>
<biography birthDate="1946" fullName="Bu Zhengfa" displayName="Bu Zhengfa" nonEnglishName="" sex="male" nationality="Han">
  <bioText>Bu Zhengfa, male, Han nationality, is a native of Danyang, Jiangsu province. He was born in 1946, graduated from the Beijing Engineering Institute, and joined the CPC in 1965. Bu is a senior engineer. Bu spent the early part of his career at the Ministry of Light Industry, where he directed the Personnel Department. Subsequently he transferred to the China National Council of Light Industry, where he served as deputy director and member of the Leading Party Group. Bu served as vice-minister of the Ministry of Personnel until 1998, and he was elected deputy secretary of the CPC Jiangxi Provincial Committee in the following year. Bu served as vice-minister of the Ministry of Human Resources and Socail Security between 2002 and 2007. Now he serves as the vice chairman of the China National Light Industry Council.</bioText>
  <posts>
    <post description="Deputy Secretary, CPC, Provincial Committee, Jiangxi Province"/>
    <post description="Vice-Chairman, China National Light Industry Council"/>
  </posts>
  <birthLocations>
    <birthLocation location="Jiangsu Province"/>
    <birthLocation location="Danyang City"/>
  </birthLocations>
  <workHistoryEntry startDate="2007">
    <workRoles>
      <workRole role="Vice-Chairman"/>
      <workRole institution="China National Light Industry Council"/>
    </workRoles>
  </workHistoryEntry>
  <workHistoryEntry startDate="2002" endDate="2007">
    <workRoles>
      <workRole role="Vice-Minister"/>
      <workRole institution="Ministry of Human Resources and Social Security"/>
    </workRoles>
  </workHistoryEntry>
  <workHistoryEntry startDate="1999">
    <workRoles>
      <workRole role="Deputy Secretary"/>
      <workRole institution="CPC"/>
      <workRole institution="Provincial Committee"/>
      <workRole location="Jiangxi Province"/>
    </workRoles>
  </workHistoryEntry>
  <workHistoryEntry startDate="1998" endDate="1999">
    <workRoles>
      <workRole role="Member"/>
      <workRole institution="Ministry of Human Resources and Social Security"/>
      <workRole institution="Central Large Enterprises Working Committee"/>
    </workRoles>
  </workHistoryEntry>
  <workHistoryEntry startDate="1998" endDate="1999">
    <workRoles>
      <workRole role="Member"/>
      <workRole institution="Ministry of Human Resources and Social Security"/>
      <workRole institution="CPC"/>
      <workRole institution="Leading Party Group"/>
    </workRoles>
  </workHistoryEntry>
  <workHistoryEntry startDate="1998" endDate="1999">
    <workRoles>
      <workRole role="Vice-Minister"/>
      <workRole institution="Ministry of Human Resources and Social Security"/>
    </workRoles>
  </workHistoryEntry>
  <workHistoryEntry startDate="1996" endDate="1998">
    <workRoles>
      <workRole role="Member"/>
      <workRole institution="State Council of Light Industry"/>
      <workRole institution="CPC"/>
      <workRole institution="Leading Party Group"/>
    </workRoles>
  </workHistoryEntry>
  <workHistoryEntry startDate="1996" endDate="1998">
    <workRoles>
      <workRole role="Deputy Director"/>
      <workRole institution="State Council of Light Industry"/>
    </workRoles>
  </workHistoryEntry>
  <workHistoryEntry startDate="1994" endDate="1996">
    <workRoles>
      <workRole role="Director"/>
      <workRole institution="Xinhua News Agency"/>
      <workRole institution="Macao Bureau"/>
      <workRole institution="Personnel Department"/>
      <workRole location="Macao SAR"/>
    </workRoles>
  </workHistoryEntry>
  <workHistoryEntry startDate="1994" endDate="1996">
    <workRoles>
      <workRole role="Head, CPC Macao Working Committee, Organization Department"/>
    </workRoles>
  </workHistoryEntry>
  <workHistoryEntry startDate="1990" endDate="1994">
    <workRoles>
      <workRole role="Director"/>
      <workRole institution="State Council of Light Industry"/>
      <workRole institution="Industry Sector Management Guidance Department"/>
    </workRoles>
  </workHistoryEntry>
  <workHistoryEntry startDate="">
    <workRoles>
      <workRole role="Director"/>
      <workRole institution="Ministry of Light Industry"/>
      <workRole institution="Industry Sector Management Guidance Department"/>
    </workRoles>
  </workHistoryEntry>
  <workHistoryEntry startDate="">
    <workRoles>
      <workRole role="Director"/>
      <workRole institution="Ministry of Light Industry"/>
      <workRole institution="Personnel and Labor Department"/>
    </workRoles>
  </workHistoryEntry>
  <workHistoryEntry startDate="1985" endDate="1990">
    <workRoles>
      <workRole role="Deputy Director"/>
      <workRole institution="Ministry of Light Industry"/>
      <workRole institution="Personnel and Labor Department"/>
    </workRoles>
  </workHistoryEntry>
  <workHistoryEntry startDate="1985" endDate="1990">
    <workRoles>
      <workRole role="Deputy Director"/>
      <workRole institution="Ministry of Ordinance Industry"/>
      <workRole institution="Personnel Department"/>
    </workRoles>
  </workHistoryEntry>
  <workHistoryEntry startDate="1969" endDate="1985">
    <workRoles>
      <workRole role="Deputy Division Chief"/>
      <workRole institution="Ministry of Ordinance Industry"/>
      <workRole institution="Personnel Department"/>
    </workRoles>
  </workHistoryEntry>
  <workHistoryEntry startDate="1969">
    <workRoles>
      <workRole role="Graduate"/>
      <workRole institution="Beijing Engineering Institute"/>
      <workRole institution="Radio Department"/>
      <workRole location="Beijing Municipality"/>
    </workRoles>
  </workHistoryEntry>
  <workHistoryEntry startDate="1965">
    <workRoles>
      <workRole role="Joined"/>
      <workRole institution="CPC"/>
    </workRoles>
  </workHistoryEntry>
  <workHistory/>
</biography>
