<?xml version="1.0" encoding="UTF-8"?>
<biography birthDate="1941" fullName="Bu Zhixin" displayName="Bu Zhixin" nonEnglishName="" sex="male" nationality="Han">
  <bioText>Bu Zhixin, male, Han nationality, is a native of Yanling, Henan province. He was born in 1941, joined the CPC in 1975, and graduated from the department of agriculture of Henan Agricultural College. Bu held leading positions in Guizhou province, where he served as chief of the Agricultural Office until 1992 and secretary of its leading Party group. Bu Zhixin was a representative to the 14th National Congress. He is deputy director of the standing committee of the NPC of Guizhou Province.</bioText>
  <posts>
    <post description="Deputy Director of the Standing Committee of the Guizhou Provincial People's Congress"/>
  </posts>
  <birthLocations>
    <birthLocation location="Henan Province"/>
    <birthLocation location="Yanling County"/>
  </birthLocations>
  <workHistoryEntry startDate="1998">
    <workRoles>
      <workRole role="Deputy Director"/>
      <workRole institution="Provincial People's Congress"/>
      <workRole institution="Standing Committee"/>
      <workRole location="Guizhou Province"/>
    </workRoles>
  </workHistoryEntry>
  <workHistoryEntry startDate="1995" endDate="1998">
    <workRoles>
      <workRole role="Secretary-General"/>
      <workRole institution="CPC"/>
      <workRole institution="Provincial Committee"/>
      <workRole institution="Standing Committee"/>
      <workRole location="Guizhou Province"/>
    </workRoles>
  </workHistoryEntry>
  <workHistoryEntry startDate="1993" endDate="1995">
    <workRoles>
      <workRole role="Secretary-General"/>
      <workRole institution="CPC"/>
      <workRole institution="Provincial Committee"/>
      <workRole location="Guizhou Province"/>
    </workRoles>
  </workHistoryEntry>
  <workHistoryEntry startDate="1992" endDate="1997">
    <workRoles>
      <workRole role="Delegate"/>
      <workRole institution="14th CPC"/>
      <workRole institution="National Congress"/>
    </workRoles>
  </workHistoryEntry>
  <workHistoryEntry startDate="1988" endDate="1992">
    <workRoles>
      <workRole role="Secretary"/>
      <workRole institution="Provincial Agricultural Office"/>
      <workRole institution="CPC"/>
      <workRole institution="Leading Party Group"/>
      <workRole location="Guizhou Province"/>
    </workRoles>
  </workHistoryEntry>
  <workHistoryEntry startDate="1988" endDate="1992">
    <workRoles>
      <workRole role="Chief"/>
      <workRole institution="Provincial Agricultural Office"/>
      <workRole location="Guizhou Province"/>
    </workRoles>
  </workHistoryEntry>
  <workHistoryEntry startDate="1985" endDate="1988">
    <workRoles>
      <workRole role="Deputy Secretary"/>
      <workRole institution="Provincial Agricultural Office"/>
      <workRole institution="CPC"/>
      <workRole institution="Leading Party Group"/>
      <workRole location="Guizhou Province"/>
    </workRoles>
  </workHistoryEntry>
  <workHistoryEntry startDate="1985" endDate="1988">
    <workRoles>
      <workRole role="Deputy Chief"/>
      <workRole institution="Provincial Agricultural Office"/>
      <workRole location="Guizhou Province"/>
    </workRoles>
  </workHistoryEntry>
  <workHistoryEntry startDate="1985" endDate="1985">
    <workRoles>
      <workRole role="Deputy Commissioner"/>
      <workRole institution="Provincial Administrative Office"/>
      <workRole location="Guizhou Province"/>
    </workRoles>
  </workHistoryEntry>
  <workHistoryEntry startDate="1984" endDate="1985">
    <workRoles>
      <workRole role="Deputy Secretary"/>
      <workRole institution="CPC"/>
      <workRole institution="County Committee"/>
      <workRole location="Guizhou Province"/>
      <workRole location="Tongzi County"/>
    </workRoles>
  </workHistoryEntry>
  <workHistoryEntry startDate="1984" endDate="1985">
    <workRoles>
      <workRole role="Chief"/>
      <workRole institution="Animal Husbandry Bureau"/>
      <workRole location="Guizhou Province"/>
    </workRoles>
  </workHistoryEntry>
  <workHistoryEntry startDate="1984" endDate="1985">
    <workRoles>
      <workRole role="Manager"/>
      <workRole location="Guizhou Province"/>
      <workRole location="Zunyi County"/>
    </workRoles>
  </workHistoryEntry>
  <workHistoryEntry startDate="1975">
    <workRoles>
      <workRole role="Joined"/>
      <workRole institution="CPC"/>
    </workRoles>
  </workHistoryEntry>
  <workHistoryEntry startDate="1967" endDate="1984">
    <workRoles>
      <workRole role="Deputy Magistrate"/>
      <workRole institution="County (District) People's Court"/>
      <workRole location="Guizhou Province"/>
      <workRole location="Zunyi County"/>
    </workRoles>
  </workHistoryEntry>
  <workHistoryEntry startDate="1967" endDate="1984">
    <workRoles>
      <workRole role="Deputy Director"/>
      <workRole institution="Cultural Revolution"/>
      <workRole institution="Revolutionary Committee"/>
      <workRole location="Guizhou Province"/>
      <workRole location="Zunyi County"/>
    </workRoles>
  </workHistoryEntry>
  <workHistoryEntry startDate="1967" endDate="1984">
    <workRoles>
      <workRole role="Technician"/>
    </workRoles>
  </workHistoryEntry>
  <workHistoryEntry startDate="1962" endDate="1967">
    <workRoles>
      <workRole role="Student"/>
      <workRole institution="Henan Agricultural University"/>
      <workRole location="Henan Province"/>
    </workRoles>
  </workHistoryEntry>
  <workHistory/>
</biography>
