<?xml version="1.0" encoding="UTF-8"?>
<biography birthDate="1926" fullName="Buhe (Yun Shuguang)" displayName="Buhe" nonEnglishName="" sex="male" nationality="Mongolian">
  <bioText>Buhe (Yun Shuguang), male, Mongolian nationality, is a native of Tumd Left Banner, Inner Mongolia Autonomous Region. Buhe was born in 1926, studied at Northern Shaanxi College and Yan'an Nationalities College and joined the CPC in 1942. Buhe spent his career actively involved in the arts and literature. He held several Party leadership positions in Inner Mongolia's cultural bureaus and organizations. He later became vice-chairman of the State Ethnic Affairs Committee and mayor of Hohhot City. Buhe is a member of the Chinese Federation of Literary Arts Circles and other literary societies. Buhe was a member of the 12th and 13th CPC Central Committees and a delegate to 14th and 15th CPC National Congresses. He was also a deputy to the 7th, 8th, and 9th NPCs and vice-chairman of the 8th and 9th NPC Standing Committees.</bioText>
  <posts>
    <post description="Vice-Chairman of the 9th NPC Standing Committee"/>
  </posts>
  <birthLocations>
    <birthLocation location="Inner Mongolia Autonomous Region"/>
    <birthLocation location="Tumd Left Banner"/>
  </birthLocations>
  <workHistoryEntry startDate="">
    <workRoles>
      <workRole role="Author"/>
    </workRoles>
  </workHistoryEntry>
  <workHistoryEntry startDate="1998" endDate="2003">
    <workRoles>
      <workRole role="Vice-Chairman"/>
      <workRole institution="9th Standing Committee of the NPC"/>
    </workRoles>
  </workHistoryEntry>
  <workHistoryEntry startDate="1998" endDate="2003">
    <workRoles>
      <workRole role="Deputy"/>
      <workRole institution="9th NPC"/>
    </workRoles>
  </workHistoryEntry>
  <workHistoryEntry startDate="1997" endDate="2002">
    <workRoles>
      <workRole role="Delegate"/>
      <workRole institution="15th CPC"/>
      <workRole institution="National Congress"/>
    </workRoles>
  </workHistoryEntry>
  <workHistoryEntry startDate="1993" endDate="1998">
    <workRoles>
      <workRole role="Vice-Chairman"/>
      <workRole institution="8th Standing Committee of the NPC"/>
    </workRoles>
  </workHistoryEntry>
  <workHistoryEntry startDate="1993" endDate="1998">
    <workRoles>
      <workRole role="Vice-Chairman"/>
      <workRole institution="8th CPPCC"/>
      <workRole institution="National Committee"/>
      <workRole institution="Standing Committee"/>
    </workRoles>
  </workHistoryEntry>
  <workHistoryEntry startDate="1993" endDate="1998">
    <workRoles>
      <workRole role="Deputy"/>
      <workRole institution="8th NPC"/>
    </workRoles>
  </workHistoryEntry>
  <workHistoryEntry startDate="1992" endDate="1997">
    <workRoles>
      <workRole role="Delegate"/>
      <workRole institution="14th CPC"/>
      <workRole institution="National Congress"/>
    </workRoles>
  </workHistoryEntry>
  <workHistoryEntry startDate="1988" endDate="1993">
    <workRoles>
      <workRole role="Deputy"/>
      <workRole institution="7th NPC"/>
    </workRoles>
  </workHistoryEntry>
  <workHistoryEntry startDate="1987" endDate="1992">
    <workRoles>
      <workRole role="Member"/>
      <workRole institution="13th CPC"/>
      <workRole institution="Central Committee"/>
    </workRoles>
  </workHistoryEntry>
  <workHistoryEntry startDate="">
    <workRoles>
      <workRole role="Advisor"/>
      <workRole institution="Chinese Poetry Society"/>
    </workRoles>
  </workHistoryEntry>
  <workHistoryEntry startDate="">
    <workRoles>
      <workRole role="Member"/>
      <workRole institution="Chinese Dramatists Association"/>
    </workRoles>
  </workHistoryEntry>
  <workHistoryEntry startDate="">
    <workRoles>
      <workRole role="Member"/>
      <workRole institution="Chinese Writers Association"/>
    </workRoles>
  </workHistoryEntry>
  <workHistoryEntry startDate="">
    <workRoles>
      <workRole role="Member"/>
      <workRole institution="China Federation of Literary and Art Circles (CFLAC)"/>
      <workRole institution="Council (2nd"/>
    </workRoles>
  </workHistoryEntry>
  <workHistoryEntry startDate="1983" endDate="????">
    <workRoles>
      <workRole role="Chairman"/>
      <workRole institution="Autonomous Region People's Government"/>
      <workRole location="Inner Mongolia Autonomous Region"/>
    </workRoles>
  </workHistoryEntry>
  <workHistoryEntry startDate="1982" endDate="1987">
    <workRoles>
      <workRole role="Member"/>
      <workRole institution="12th CPC"/>
      <workRole institution="Central Committee"/>
    </workRoles>
  </workHistoryEntry>
  <workHistoryEntry startDate="1982" endDate="1993">
    <workRoles>
      <workRole role="Deputy Secretary"/>
      <workRole institution="CPC"/>
      <workRole institution="Autonomous Regional Committee"/>
      <workRole location="Inner Mongolia Autonomous Region"/>
    </workRoles>
  </workHistoryEntry>
  <workHistoryEntry startDate="">
    <workRoles>
      <workRole role="Mayor"/>
      <workRole institution="People's Government"/>
      <workRole location="Inner Mongolia Autonomous Region"/>
      <workRole location="Hohhot City"/>
    </workRoles>
  </workHistoryEntry>
  <workHistoryEntry startDate="">
    <workRoles>
      <workRole role="Secretary"/>
      <workRole institution="CPC"/>
      <workRole institution="Autonomous City Committee"/>
      <workRole location="Inner Mongolia Autonomous Region"/>
      <workRole location="Hohhot City"/>
    </workRoles>
  </workHistoryEntry>
  <workHistoryEntry startDate="">
    <workRoles>
      <workRole role="Vice-Chairman"/>
      <workRole institution="State Ethnic Affairs Commission"/>
    </workRoles>
  </workHistoryEntry>
  <workHistoryEntry startDate="1978" endDate="1981">
    <workRoles>
      <workRole role="Member"/>
      <workRole institution="CPC"/>
      <workRole institution="Autonomous Regional Committee"/>
      <workRole institution="Standing Committee"/>
      <workRole location="Inner Mongolia Autonomous Region"/>
    </workRoles>
  </workHistoryEntry>
  <workHistoryEntry startDate="">
    <workRoles>
      <workRole role="Head"/>
      <workRole institution="CPC"/>
      <workRole institution="Autonomous Regional Committee"/>
      <workRole institution="Publicity Department"/>
      <workRole location="Inner Mongolia Autonomous Region"/>
    </workRoles>
  </workHistoryEntry>
  <workHistoryEntry startDate="1974" endDate="1978">
    <workRoles>
      <workRole role="Secretary"/>
      <workRole institution="CPC"/>
      <workRole institution="Autonomous City Committee"/>
      <workRole location="Inner Mongolia Autonomous Region"/>
      <workRole location="Baotou City"/>
    </workRoles>
  </workHistoryEntry>
  <workHistoryEntry startDate="">
    <workRoles>
      <workRole role="Secretary-General"/>
      <workRole institution="Sino-Russian Friendship Association"/>
      <workRole institution="Inner Mongolia Branch"/>
    </workRoles>
  </workHistoryEntry>
  <workHistoryEntry startDate="">
    <workRoles>
      <workRole role="Chairman"/>
      <workRole institution="Regional Federation of Literary and Art Circles"/>
    </workRoles>
  </workHistoryEntry>
  <workHistoryEntry startDate="1954" endDate="1974">
    <workRoles>
      <workRole role="Deputy Director"/>
      <workRole institution="Cultural Bureau"/>
      <workRole location="Inner Mongolia Autonomous Region"/>
    </workRoles>
  </workHistoryEntry>
  <workHistoryEntry startDate="1954" endDate="1974">
    <workRoles>
      <workRole role="Secretary"/>
      <workRole institution="Cultural Bureau"/>
      <workRole institution="CPC"/>
      <workRole institution="Leading Party Group"/>
      <workRole location="Inner Mongolia Autonomous Region"/>
    </workRoles>
  </workHistoryEntry>
  <workHistoryEntry startDate="1946" endDate="1954">
    <workRoles>
      <workRole role="Director"/>
      <workRole institution="Inner Mongolia Cultural Troupe"/>
      <workRole location="Inner Mongolia Autonomous Region"/>
    </workRoles>
  </workHistoryEntry>
  <workHistoryEntry startDate="1946" endDate="1954">
    <workRoles>
      <workRole role="Secretary"/>
      <workRole institution="Inner Mongolia Cultural Troupe"/>
      <workRole institution="CPC"/>
      <workRole institution="Party Committee"/>
      <workRole location="Inner Mongolia Autonomous Region"/>
    </workRoles>
  </workHistoryEntry>
  <workHistoryEntry startDate="1942">
    <workRoles>
      <workRole role="Joined"/>
      <workRole institution="CPC"/>
    </workRoles>
  </workHistoryEntry>
  <workHistoryEntry startDate="1939" endDate="1946">
    <workRoles>
      <workRole role="Student"/>
      <workRole institution="Yan'an Nationalities College"/>
      <workRole location="Shaanxi Province"/>
      <workRole location="Yan'an City"/>
    </workRoles>
  </workHistoryEntry>
  <workHistoryEntry startDate="1939" endDate="1946">
    <workRoles>
      <workRole role="Student"/>
      <workRole institution="Northern Shaanxi College"/>
      <workRole location="Shaanxi Province"/>
      <workRole location="Yan'an City"/>
    </workRoles>
  </workHistoryEntry>
  <workHistory/>
</biography>
