<?xml version="1.0" encoding="UTF-8"?>
<biography birthDate="1955" fullName="Cai Limin" displayName="Cai Limin" nonEnglishName="" sex="male" nationality="Manchu">
  <bioText>Cai Limin, male, Manchu nationality, is a native of Kuancheng County, Hebei Province. He was born in 1955, joined the CPC in 1975, and attained a master's degree from the Nanyang Institute of Technology in Singapore. Cai has held leading Party posts in his native Hebei Province, and in the early 1990s he served as director of the Provincial Nationality and Religious Affairs Department. He also served in various local government roles and spent time studying abroad. Cai also served on the Provincial Commission for Discipline Inspection Cai Limin served as vice-governor of Hebei Province from 1998-2006. In 2006 he became vice-governor of Shangdong Province.</bioText>
  <posts>
    <post description="Vice-Governor of Shangdong Province"/>
  </posts>
  <birthLocations>
    <birthLocation location="Hebei Province"/>
    <birthLocation location="Kuancheng County"/>
  </birthLocations>
  <workHistoryEntry startDate="2006">
    <workRoles>
      <workRole role="Vice-Governor"/>
      <workRole institution="People's Government"/>
      <workRole location="Shandong Province"/>
    </workRoles>
  </workHistoryEntry>
  <workHistoryEntry startDate="1998" endDate="2006">
    <workRoles>
      <workRole role="Vice-Governor"/>
      <workRole institution="People's Government"/>
      <workRole location="Hebei Province"/>
    </workRoles>
  </workHistoryEntry>
  <workHistoryEntry startDate="1997" endDate="2006">
    <workRoles>
      <workRole role="Member"/>
      <workRole institution="People's Government"/>
      <workRole institution="CPC"/>
      <workRole institution="Leading Party Group"/>
      <workRole location="Hebei Province"/>
    </workRoles>
  </workHistoryEntry>
  <workHistoryEntry startDate="1996" endDate="1998">
    <workRoles>
      <workRole role="Deputy Secretary"/>
      <workRole institution="CPC"/>
      <workRole institution="Provincial Committee"/>
      <workRole institution="Commission for Discipline Inspection"/>
      <workRole location="Hebei Province"/>
    </workRoles>
  </workHistoryEntry>
  <workHistoryEntry startDate="1995" endDate="1996">
    <workRoles>
      <workRole role="Deputy Secretary"/>
      <workRole institution="CPC"/>
      <workRole institution="City Committee"/>
      <workRole location="Hebei Province"/>
      <workRole location="Handan City"/>
    </workRoles>
  </workHistoryEntry>
  <workHistoryEntry startDate="1994" endDate="1995">
    <workRoles>
      <workRole role="Deputy Secretary"/>
      <workRole institution="Provincial Nationality and Religious Affairs Department"/>
      <workRole institution="CPC"/>
      <workRole institution="Leading Party Group"/>
      <workRole location="Hebei Province"/>
    </workRoles>
  </workHistoryEntry>
  <workHistoryEntry startDate="1993" endDate="1994">
    <workRoles>
      <workRole role="Member"/>
      <workRole institution="Provincial Nationality and Religious Affairs Department"/>
      <workRole institution="CPC"/>
      <workRole institution="Leading Party Group"/>
      <workRole location="Hebei Province"/>
    </workRoles>
  </workHistoryEntry>
  <workHistoryEntry startDate="1993" endDate="1995">
    <workRoles>
      <workRole role="Deputy Director"/>
      <workRole institution="Provincial Nationality and Religious Affairs Department"/>
      <workRole location="Hebei Province"/>
    </workRoles>
  </workHistoryEntry>
  <workHistoryEntry startDate="1992" endDate="1994">
    <workRoles>
      <workRole role="Student"/>
      <workRole institution="CPC"/>
      <workRole institution="Central Committee"/>
      <workRole institution="Central Party School"/>
      <workRole institution="Correspondence Department"/>
    </workRoles>
  </workHistoryEntry>
  <workHistoryEntry startDate="1991" endDate="1993">
    <workRoles>
      <workRole role="Member"/>
      <workRole institution="Provincial Religious Affairs Bureau"/>
      <workRole institution="CPC"/>
      <workRole institution="Leading Party Group"/>
      <workRole location="Hebei Province"/>
    </workRoles>
  </workHistoryEntry>
  <workHistoryEntry startDate="1991" endDate="1993">
    <workRoles>
      <workRole role="Deputy Director"/>
      <workRole institution="Provincial Religious Affairs Bureau"/>
      <workRole location="Hebei Province"/>
    </workRoles>
  </workHistoryEntry>
  <workHistoryEntry startDate="1988" endDate="1991">
    <workRoles>
      <workRole role="Deputy Secretary"/>
      <workRole institution="CPC"/>
      <workRole institution="County Committee"/>
      <workRole location="Hebei Province"/>
      <workRole location="Shenze County"/>
    </workRoles>
  </workHistoryEntry>
  <workHistoryEntry startDate="1984" endDate="1988">
    <workRoles>
      <workRole role="Student"/>
      <workRole institution="Hebei Normal College"/>
      <workRole institution="Political Education Department"/>
      <workRole location="Hebei Province"/>
    </workRoles>
  </workHistoryEntry>
  <workHistoryEntry startDate="1982" endDate="1983">
    <workRoles>
      <workRole role="Member"/>
      <workRole institution="CPC"/>
      <workRole institution="County Committee"/>
      <workRole institution="Standing Committee"/>
      <workRole location="Hebei Province"/>
      <workRole location="Kuancheng County"/>
    </workRoles>
  </workHistoryEntry>
  <workHistoryEntry startDate="1980" endDate="1982">
    <workRoles>
      <workRole role="Secretary"/>
      <workRole institution="Gangyaogou Commune"/>
      <workRole location="Hebei Province"/>
      <workRole location="Kuancheng County"/>
    </workRoles>
  </workHistoryEntry>
  <workHistoryEntry startDate="1978" endDate="1980">
    <workRoles>
      <workRole role="Deputy Secretary"/>
      <workRole institution="Sanyijing Commune"/>
      <workRole location="Hebei Province"/>
      <workRole location="Kuancheng County"/>
    </workRoles>
  </workHistoryEntry>
  <workHistoryEntry startDate="1975" endDate="1978">
    <workRoles>
      <workRole role="Deputy Director"/>
      <workRole institution="CPC"/>
      <workRole institution="County Committee"/>
      <workRole institution="Party School"/>
      <workRole location="Hebei Province"/>
      <workRole location="Kuancheng County"/>
    </workRoles>
  </workHistoryEntry>
  <workHistoryEntry startDate="1975">
    <workRoles>
      <workRole role="Joined"/>
      <workRole institution="CPC"/>
    </workRoles>
  </workHistoryEntry>
  <workHistoryEntry startDate="1975" endDate="1978">
    <workRoles>
      <workRole role="Lecturer"/>
      <workRole institution="CPC"/>
      <workRole institution="County Committee"/>
      <workRole institution="Party School"/>
      <workRole location="Hebei Province"/>
      <workRole location="Kuancheng County"/>
    </workRoles>
  </workHistoryEntry>
  <workHistoryEntry startDate="1972" endDate="1975">
    <workRoles>
      <workRole role="Worker"/>
      <workRole institution="Telecommunications Bureau"/>
      <workRole location="Hebei Province"/>
      <workRole location="Kuancheng County"/>
    </workRoles>
  </workHistoryEntry>
  <workHistory/>
</biography>
