<?xml version="1.0" encoding="UTF-8"?>
<biography birthDate="1949" fullName="Cai Wu" displayName="Cai Wu" nonEnglishName="" sex="male" nationality="Han">
  <bioText>Cai Wu, male, Han nationality, is a native of Wudu County, Gansu province. He was born in 1949, joined the CPC in 1973, and attended Beijing University. Cai has a doctorate in law. Cai Wu began his career as a lecturer at Beijing University. He was a member of the CYLC Central Committee and the All-China Youth Federation. Cai is now a professor and supervisor of doctoral students at the College of International Relations of the Renmin University of China, and is a senior advisor to the Academic Committee of the College of International Relations of Beijing University. Cai Wu was appointed Vice-Minister of the International Department of the CPC Central Committee in 1997. In 2005, he became Director of the Information Office of the State Council. He is now a member of the 17th CPC Central Committee and Minister of the Ministry of Culture.</bioText>
  <posts>
    <post description="Member, 17th CPC, Central Committee"/>
    <post description="Minister, Ministry of Culture"/>
  </posts>
  <birthLocations>
    <birthLocation location="Gansu Province"/>
    <birthLocation location="Wudu County"/>
  </birthLocations>
  <workHistoryEntry startDate="2008">
    <workRoles>
      <workRole role="Minister"/>
      <workRole institution="Ministry of Culture"/>
    </workRoles>
  </workHistoryEntry>
  <workHistoryEntry startDate="2007">
    <workRoles>
      <workRole role="Member"/>
      <workRole institution="17th CPC"/>
      <workRole institution="Central Committee"/>
    </workRoles>
  </workHistoryEntry>
  <workHistoryEntry startDate="2005" endDate="2008">
    <workRoles>
      <workRole role="Director"/>
      <workRole institution="Information Office of the State Council"/>
    </workRoles>
  </workHistoryEntry>
  <workHistoryEntry startDate="1997" endDate="2005">
    <workRoles>
      <workRole role="Vice-Minister"/>
      <workRole institution="CPC"/>
      <workRole institution="Central Committee"/>
      <workRole institution="International Liaison Department"/>
    </workRoles>
  </workHistoryEntry>
  <workHistoryEntry startDate="1995" endDate="1997">
    <workRoles>
      <workRole role="Director"/>
      <workRole institution="CPC"/>
      <workRole institution="Central Committee"/>
      <workRole institution="International Liaison Department"/>
      <workRole institution="Research Office"/>
    </workRoles>
  </workHistoryEntry>
  <workHistoryEntry startDate="1995" endDate="1997">
    <workRoles>
      <workRole role="Deputy Secretary-General"/>
      <workRole institution="CPC"/>
      <workRole institution="Central Committee"/>
      <workRole institution="International Liaison Department"/>
      <workRole institution="Research Office"/>
    </workRoles>
  </workHistoryEntry>
  <workHistoryEntry startDate="1983" endDate="1995">
    <workRoles>
      <workRole role="Principal"/>
      <workRole institution="All-China Youth Federation"/>
    </workRoles>
  </workHistoryEntry>
  <workHistoryEntry startDate="1983" endDate="1995">
    <workRoles>
      <workRole role="Deputy Secretary-General"/>
      <workRole institution="All-China Youth Federation"/>
    </workRoles>
  </workHistoryEntry>
  <workHistoryEntry startDate="1983" endDate="1985">
    <workRoles>
      <workRole role="Member"/>
      <workRole institution="All-China Youth Federation"/>
      <workRole institution="Standing Committee"/>
    </workRoles>
  </workHistoryEntry>
  <workHistoryEntry startDate="1983" endDate="1995">
    <workRoles>
      <workRole role="Member"/>
      <workRole institution="CYLC"/>
      <workRole institution="Central Committee"/>
      <workRole institution="Standing Committee"/>
    </workRoles>
  </workHistoryEntry>
  <workHistoryEntry startDate="1983" endDate="1995">
    <workRoles>
      <workRole role="Director"/>
      <workRole institution="CYLC"/>
      <workRole institution="Central Committee"/>
      <workRole institution="International Liaison Department"/>
    </workRoles>
  </workHistoryEntry>
  <workHistoryEntry startDate="1978" endDate="1983">
    <workRoles>
      <workRole role="Lecturer"/>
      <workRole institution="Beijing University"/>
      <workRole institution="International Politics Department"/>
      <workRole location="Beijing Municipality"/>
    </workRoles>
  </workHistoryEntry>
  <workHistoryEntry startDate="1978" endDate="1983">
    <workRoles>
      <workRole role="Student"/>
      <workRole institution="Beijing University"/>
      <workRole institution="International Politics Department"/>
      <workRole location="Beijing Municipality"/>
    </workRoles>
  </workHistoryEntry>
  <workHistoryEntry startDate="1976" endDate="1978">
    <workRoles>
      <workRole role="Clerk"/>
      <workRole institution="Fuel and Chemicals Bureau"/>
      <workRole institution="Political Department"/>
      <workRole location="Gansu Province"/>
    </workRoles>
  </workHistoryEntry>
  <workHistoryEntry startDate="1976" endDate="1978">
    <workRoles>
      <workRole role="Clerk"/>
      <workRole institution="Coal Industry Bureau"/>
      <workRole institution="Political Department"/>
      <workRole location="Gansu Province"/>
    </workRoles>
  </workHistoryEntry>
  <workHistoryEntry startDate="1973">
    <workRoles>
      <workRole role="Joined"/>
      <workRole institution="CPC"/>
    </workRoles>
  </workHistoryEntry>
  <workHistoryEntry startDate="1971" endDate="1976">
    <workRoles>
      <workRole role="Worker"/>
      <workRole location="Gansu Province"/>
    </workRoles>
  </workHistoryEntry>
  <workHistoryEntry startDate="1961" endDate="1971">
    <workRoles>
      <workRole role="Gansu Province, Gaotai County (Intellectual Youth)"/>
    </workRoles>
  </workHistoryEntry>
  <workHistory/>
</biography>
