<?xml version="1.0" encoding="UTF-8"?>
<biography birthDate="1920" fullName="Cai Zimin" displayName="Cai Zimin" nonEnglishName="" sex="male" nationality="Han">
  <bioText>Cai Zimin, male, Han nationality, was born in 1920 in Zhanghua County, Taiwan. After graduating from middle school in 1936, he went to Japan and studied political science at Waseda University, graduating in 1943. He ran a newspaper for Overseas Chinese in Tokyo, and then was a newspaper editor in Beijing in 1945 before returning to Taibei, Taiwan in 1946, where he became editor of the "Freedom Daily." He participated in the "February 28th Uprising" against the provincial authorities in 1947 and then went to Shanghai via Hong Kong where he engaged in work vis-</bioText>
  <posts>
    <post description="Standing Committee Member of the 9th CPPCC National Committee, Honorary Chairman of the 6th Central Committee of the Taiwan Democratic Self-Government League"/>
  </posts>
  <birthLocations>
    <birthLocation location="Taiwan"/>
    <birthLocation location="Zhanghua"/>
  </birthLocations>
  <workHistoryEntry startDate="">
    <workRoles>
      <workRole role="Author"/>
    </workRoles>
  </workHistoryEntry>
  <workHistoryEntry startDate="1998" endDate="2003">
    <workRoles>
      <workRole role="Member"/>
      <workRole institution="9th CPPCC"/>
      <workRole institution="National Committee"/>
      <workRole institution="Standing Committee"/>
    </workRoles>
  </workHistoryEntry>
  <workHistoryEntry startDate="1997" endDate="2003">
    <workRoles>
      <workRole role="Vice-President"/>
      <workRole institution="China Overseas Friendship Association"/>
    </workRoles>
  </workHistoryEntry>
  <workHistoryEntry startDate="1997" endDate="2003">
    <workRoles>
      <workRole role="Honorary Chairman"/>
      <workRole institution="Taiwan Democratic Self-Government League (TDSGL)"/>
      <workRole institution="Central Committee"/>
    </workRoles>
  </workHistoryEntry>
  <workHistoryEntry startDate="1993" endDate="1998">
    <workRoles>
      <workRole role="Member"/>
      <workRole institution="8th Standing Committee of the NPC"/>
    </workRoles>
  </workHistoryEntry>
  <workHistoryEntry startDate="1992" endDate="1997">
    <workRoles>
      <workRole role="Chairman"/>
      <workRole institution="5th Taiwan Democratic Self-Government League (TDSGL)"/>
      <workRole institution="Presidium"/>
    </workRoles>
  </workHistoryEntry>
  <workHistoryEntry startDate="1988" endDate="1993">
    <workRoles>
      <workRole role="Member"/>
      <workRole institution="7th Standing Committee of the NPC"/>
    </workRoles>
  </workHistoryEntry>
  <workHistoryEntry startDate="1987" endDate="1988">
    <workRoles>
      <workRole role="Member"/>
      <workRole institution="4th Taiwan Democratic Self-Government League (TDSGL)"/>
      <workRole institution="Presidium"/>
    </workRoles>
  </workHistoryEntry>
  <workHistoryEntry startDate="1987" endDate="1988">
    <workRoles>
      <workRole role="Chairman"/>
      <workRole institution="4th Taiwan Democratic Self-Government League (TDSGL)"/>
      <workRole institution="Presidium"/>
    </workRoles>
  </workHistoryEntry>
  <workHistoryEntry startDate="1983" endDate="1988">
    <workRoles>
      <workRole role="Member"/>
      <workRole institution="6th Standing Committee of the NPC"/>
    </workRoles>
  </workHistoryEntry>
  <workHistoryEntry startDate="1981" endDate="1985">
    <workRoles>
      <workRole role="Counselor"/>
      <workRole institution="Chinese Embassy"/>
      <workRole institution="Cultural Section"/>
      <workRole location="Japan"/>
      <workRole location="Tokyo"/>
    </workRoles>
  </workHistoryEntry>
  <workHistoryEntry startDate="1978" endDate="1983">
    <workRoles>
      <workRole role="Member"/>
      <workRole institution="5th NPC"/>
    </workRoles>
  </workHistoryEntry>
  <workHistoryEntry startDate="1975" endDate="1978">
    <workRoles>
      <workRole role="Member"/>
      <workRole institution="4th NPC"/>
    </workRoles>
  </workHistoryEntry>
  <workHistoryEntry startDate="">
    <workRoles>
      <workRole role="Head"/>
      <workRole institution="Taiwan Democratic Self-Government League (TDSGL)"/>
      <workRole institution="Propaganda Department"/>
    </workRoles>
  </workHistoryEntry>
  <workHistoryEntry startDate="">
    <workRoles>
      <workRole role="Executive Member"/>
      <workRole institution="Taiwan Democratic Self-Government League (TDSGL)"/>
      <workRole institution="3rd Council"/>
    </workRoles>
  </workHistoryEntry>
  <workHistoryEntry startDate="">
    <workRoles>
      <workRole role="Member"/>
      <workRole institution="China Overseas Exchanges Association"/>
      <workRole institution="Executive Council"/>
    </workRoles>
  </workHistoryEntry>
  <workHistoryEntry startDate="">
    <workRoles>
      <workRole role="Member"/>
      <workRole institution="Chinese Institute of Taiwan Studies"/>
      <workRole institution="Executive Council"/>
    </workRoles>
  </workHistoryEntry>
  <workHistoryEntry startDate="">
    <workRoles>
      <workRole role="Deputy Director"/>
      <workRole institution="Ministry of Culture"/>
      <workRole institution="Relations with Foreign Countries Department"/>
    </workRoles>
  </workHistoryEntry>
  <workHistoryEntry startDate="">
    <workRoles>
      <workRole role="Head"/>
      <workRole institution="Chinese People's Association for Cultural Relations with Foreign Countries"/>
      <workRole institution="Asian Group"/>
    </workRoles>
  </workHistoryEntry>
  <workHistoryEntry startDate="">
    <workRoles>
      <workRole role="Chief"/>
      <workRole institution="Chinese People's Association for Cultural Relations with Foreign Countries"/>
      <workRole institution="Japan Section"/>
    </workRoles>
  </workHistoryEntry>
  <workHistoryEntry startDate="1954" endDate="1962">
    <workRoles>
      <workRole role="Head"/>
      <workRole institution="Central People's Broadcasting Station"/>
      <workRole institution="Taiwan Group"/>
    </workRoles>
  </workHistoryEntry>
  <workHistoryEntry startDate="">
    <workRoles>
      <workRole role="Deputy Chief"/>
      <workRole institution="East China People's Broadcasting Station"/>
      <workRole institution="Taiwan Section"/>
    </workRoles>
  </workHistoryEntry>
  <workHistoryEntry startDate="1949">
    <workRoles>
      <workRole role="Joined"/>
      <workRole institution="Taiwan Democratic Self-Government League (TDSGL)"/>
    </workRoles>
  </workHistoryEntry>
  <workHistoryEntry startDate="1948">
    <workRoles>
      <workRole role="Joined"/>
      <workRole institution="CPC"/>
    </workRoles>
  </workHistoryEntry>
  <workHistoryEntry startDate="1947" endDate="1948">
    <workRoles>
      <workRole role="Director-General"/>
      <workRole institution="Association of Fellow Taiwan Provincials in Shanghai"/>
      <workRole location="Shanghai Municipality"/>
    </workRoles>
  </workHistoryEntry>
  <workHistoryEntry startDate="1947" endDate="1948">
    <workRoles>
      <workRole role="Worker"/>
      <workRole institution="People's Broadcasting Station"/>
      <workRole location="Shanghai Municipality"/>
    </workRoles>
  </workHistoryEntry>
  <workHistoryEntry startDate="1947">
    <workRoles>
      <workRole role="Participant"/>
      <workRole location="Taiwan"/>
    </workRoles>
  </workHistoryEntry>
  <workHistoryEntry startDate="1946" endDate="1947">
    <workRoles>
      <workRole role="Editor-in-Chief"/>
      <workRole institution="Freedom Daily"/>
      <workRole location="Taiwan"/>
      <workRole location="Taipei"/>
    </workRoles>
  </workHistoryEntry>
  <workHistoryEntry startDate="1945" endDate="1946">
    <workRoles>
      <workRole role="Editor-in-Chief"/>
      <workRole institution="Zhonghua Daily"/>
      <workRole location="Beijing Municipality"/>
    </workRoles>
  </workHistoryEntry>
  <workHistoryEntry startDate="1943">
    <workRoles>
      <workRole role="Graduate"/>
      <workRole institution="Waseda University"/>
      <workRole institution="Political Science Department"/>
      <workRole location="Japan"/>
      <workRole location="Tokyo"/>
    </workRoles>
  </workHistoryEntry>
  <workHistory/>
</biography>
