<?xml version="1.0" encoding="UTF-8"?>
<biography birthDate="1914" fullName="Cai Qirui" displayName="Cai Qirui" nonEnglishName="" sex="male" nationality="Han">
  <bioText>Cai Qirui, male, Han nationality, is a native of Xiamen City, Fujian Province. He was born in 1914, graduated from Xiamen University in 1937, and received his Ph. D from Ohio State University in 1950. Cai Qirui is a physical chemist who has systematically elaborated the concept of catalysis by the coordination activation of unsaturated organic molecules. He has put forward cubane-like cluster models of nitrogenase active center and the concept of synergistic effect of multinuclear coordination in lowering the energy-barrier of partially hydrogenated intermediate of dinitrogen and applied a similar concept to elucidate the mechanism of ammonia synthesis on iron catalysts and promoter actions in CO hydrogenation to methanol or ethanol on metal catalysts. Cai also put forward a mechanism of oxygen-assisted activation of alkanes and some ideas about catalyst design, preparation and experimental testing. Cai has published over 70 theses.</bioText>
  <posts>
    <post description="Academician of the Chinese Academy of Sciences"/>
  </posts>
  <birthLocations>
    <birthLocation location="Fujian Province"/>
    <birthLocation location="Xiamen City"/>
  </birthLocations>
  <workHistoryEntry startDate="1982">
    <workRoles>
      <workRole role="(Winner, National Natural Science Award (Class 3))"/>
    </workRoles>
  </workHistoryEntry>
  <workHistoryEntry startDate="1980">
    <workRoles>
      <workRole role="Academician"/>
      <workRole institution="Chinese Academy of Sciences"/>
    </workRoles>
  </workHistoryEntry>
  <workHistoryEntry startDate="">
    <workRoles>
      <workRole role="Member"/>
      <workRole institution="State Academic Degrees Committee"/>
    </workRoles>
  </workHistoryEntry>
  <workHistoryEntry startDate="">
    <workRoles>
      <workRole role="Council Member"/>
      <workRole institution="Chinese Chemical Society"/>
    </workRoles>
  </workHistoryEntry>
  <workHistoryEntry startDate="">
    <workRoles>
      <workRole role="Professor"/>
      <workRole institution="Xiamen University"/>
      <workRole location="Fujian Province"/>
      <workRole location="Xiamen City"/>
    </workRoles>
  </workHistoryEntry>
  <workHistoryEntry startDate="1978" endDate="1983">
    <workRoles>
      <workRole role="Deputy"/>
      <workRole institution="5th NPC"/>
    </workRoles>
  </workHistoryEntry>
  <workHistoryEntry startDate="1975" endDate="1978">
    <workRoles>
      <workRole role="Deputy"/>
      <workRole institution="4th NPC"/>
    </workRoles>
  </workHistoryEntry>
  <workHistoryEntry startDate="1964" endDate="1975">
    <workRoles>
      <workRole role="Deputy"/>
      <workRole institution="3rd NPC"/>
    </workRoles>
  </workHistoryEntry>
  <workHistoryEntry startDate="1950">
    <workRoles>
      <workRole role="Graduate"/>
      <workRole institution="Ohio State University"/>
      <workRole location="USA"/>
      <workRole location="Ohio"/>
      <workRole location="Columbus"/>
    </workRoles>
  </workHistoryEntry>
  <workHistoryEntry startDate="1937">
    <workRoles>
      <workRole role="Graduate"/>
      <workRole institution="Xiamen University"/>
      <workRole institution="Chemistry Department"/>
      <workRole location="Fujian Province"/>
      <workRole location="Xiamen City"/>
    </workRoles>
  </workHistoryEntry>
  <workHistory/>
</biography>
