<?xml version="1.0" encoding="UTF-8"?>
<biography displayName="Cai Tingkai" nonEnglishName="" sex="male" nationality="Chinese">
  <bioText>Information on this official is limited because China Vitae has not yet prepared a full biographical sketch.</bioText>
  <posts>
    <post description="Vice-Chairman of the 4thCPPCC National Committee"/>
  </posts>
  <birthLocations/>
  <workHistoryEntry startDate="1964" endDate="1978">
    <workRoles>
      <workRole role="Vice-Chairman"/>
      <workRole institution="4th CPPCC"/>
      <workRole institution="National Committee"/>
    </workRoles>
  </workHistoryEntry>
  <workHistory/>
</biography>
