<?xml version="1.0" encoding="UTF-8"?>
<biography birthDate="1956" fullName="Cai Fang" displayName="Cai Fang" nonEnglishName="" sex="male" nationality="Han">
  <bioText>Cai Fang, male, Han nationality, is a native of Beijing. He was born in 1956 and graduated from the Agricultural Economics Department at Renmin University of China in 1982. Cai received a Master's Degree in Economics from the Graduate School of the Chinese Academy of Social Sciences in 1985 and earned a Doctorate of economics from the same institution in 1989. Since serving as a deputy researcher at the Institute of Rural Development at the Chinese Academy of Social Sciences, Cai has held several leadership positions with the academy. He was then deputy director of the academy's Institute of Population Studies and then was dean of the demology Department at the academy's graduate school. A former chief editor of the Chinese Population Sciences magazine, Cai later directed the academy's Institute of Population Studies. He is the co-author of "The Miracle of China, Development Strategy and Economic Reform," "The Chinese Ongoing Agricultural Economic Reform," and "Competition, Policy Burden and Reform of State-Owned Enterprises" with Lin Yifu and Li Tong.</bioText>
  <posts>
    <post description="Director of Institute of Population Studies at the Chinese Academy of Social Sciences"/>
  </posts>
  <birthLocations>
    <birthLocation location="Beijing Municipality"/>
  </birthLocations>
  <workHistoryEntry startDate="2008">
    <workRoles>
      <workRole role="Member"/>
      <workRole institution="11th Agriculture and Rural Affairs Committee of the NPC"/>
    </workRoles>
  </workHistoryEntry>
  <workHistoryEntry startDate="1998">
    <workRoles>
      <workRole role="Director"/>
      <workRole institution="Chinese Academy of Social Sciences"/>
      <workRole institution="Institute of Population Studies"/>
    </workRoles>
  </workHistoryEntry>
  <workHistoryEntry startDate="1985">
    <workRoles>
      <workRole role="Graduate"/>
      <workRole institution="Chinese Academy of Social Sciences"/>
      <workRole institution="Graduate School"/>
    </workRoles>
  </workHistoryEntry>
  <workHistoryEntry startDate="1985" endDate="1988">
    <workRoles>
      <workRole role="Deputy Researcher"/>
      <workRole institution="Chinese Academy of Social Sciences"/>
      <workRole institution="Institute of Rural Development Research"/>
    </workRoles>
  </workHistoryEntry>
  <workHistoryEntry startDate="1982">
    <workRoles>
      <workRole role="Graduate"/>
      <workRole institution="Renmin University of China"/>
      <workRole institution="Agricultural Economics Department"/>
      <workRole location="Beijing Municipality"/>
    </workRoles>
  </workHistoryEntry>
  <workHistory/>
</biography>
