<?xml version="1.0" encoding="UTF-8"?>
<biography birthDate="1941" fullName="Cai Changsong" displayName="Cai Changsong" nonEnglishName="" sex="male" nationality="Han">
  <bioText>Cai Changsong, male, Han nationality, is a native of Wangcheng, Hunan Province. He was born in 1941, joined the work in 1966 and the CPC in 1965. He studied at Hunan Normal University and graduated from Political Education Department. He was an Alternate Member of the 15th CPC Central Committee and a member of the 16th CPC Central Commission for Discipline Inspection.</bioText>
  <posts>
    <post description="Alternate Member, 15th CPC Central Committee"/>
  </posts>
  <birthLocations>
    <birthLocation location="Hunan Province"/>
    <birthLocation location="Wangcheng"/>
  </birthLocations>
  <workHistoryEntry startDate="2007">
    <workRoles>
      <workRole role="Deputy Secretary"/>
      <workRole institution="CPC"/>
      <workRole institution="Provincial Committee"/>
      <workRole location="Hainan Province"/>
    </workRoles>
  </workHistoryEntry>
  <workHistoryEntry startDate="2002" endDate="2007">
    <workRoles>
      <workRole role="Member"/>
      <workRole institution="CPC"/>
      <workRole institution="Provincial Committee"/>
      <workRole institution="Commission for Discipline Inspection"/>
      <workRole location="Hainan Province"/>
    </workRoles>
  </workHistoryEntry>
  <workHistoryEntry startDate="2002" endDate="2007">
    <workRoles>
      <workRole role="Member"/>
      <workRole institution="16th CPC"/>
      <workRole institution="Central Committee"/>
      <workRole institution="Central Commission for Discipline Inspection"/>
    </workRoles>
  </workHistoryEntry>
  <workHistoryEntry startDate="1997" endDate="2002">
    <workRoles>
      <workRole role="Alternate Member"/>
      <workRole institution="15th CPC"/>
      <workRole institution="Central Committee"/>
    </workRoles>
  </workHistoryEntry>
  <workHistoryEntry startDate="1996" endDate="2002">
    <workRoles>
      <workRole role="Deputy Secretary"/>
      <workRole institution="CPC"/>
      <workRole institution="City Committee"/>
      <workRole location="Hainan Province"/>
      <workRole location="Haikou City"/>
    </workRoles>
  </workHistoryEntry>
  <workHistoryEntry startDate="1992" endDate="1996">
    <workRoles>
      <workRole role="Assistant to Governor"/>
      <workRole institution="People's Government"/>
      <workRole location="Hainan Province"/>
    </workRoles>
  </workHistoryEntry>
  <workHistoryEntry startDate="1989" endDate="1992">
    <workRoles>
      <workRole role="Mayor"/>
      <workRole institution="People's Government"/>
      <workRole location="Hunan Province"/>
      <workRole location="Changde City"/>
    </workRoles>
  </workHistoryEntry>
  <workHistoryEntry startDate="1988" endDate="1989">
    <workRoles>
      <workRole role="Deputy Secretary"/>
      <workRole institution="CPC"/>
      <workRole institution="City Committee"/>
      <workRole location="Hunan Province"/>
      <workRole location="Changde City"/>
    </workRoles>
  </workHistoryEntry>
  <workHistoryEntry startDate="1962" endDate="1966">
    <workRoles>
      <workRole role="Student"/>
      <workRole institution="Hunan Normal University"/>
      <workRole institution="Political Education Department"/>
      <workRole location="Hunan Province"/>
      <workRole location="Changsha City"/>
    </workRoles>
  </workHistoryEntry>
  <workHistory/>
</biography>
