<?xml version="1.0" encoding="UTF-8"?>
<biography birthDate="1954" fullName="Cai Yingting" displayName="Cai Yingting" nonEnglishName="" sex="male" nationality="Han">
  <bioText>Cai Yingting, male, Han nationality, is a native of Jinjiang City of Fujian Province. He was born in 1954. He is an alternate member of the 17th CPC Central Committee and a Lieutenant General in the PLA, Serving as Chief-of-Staff of the Nanjing Military Region.</bioText>
  <posts>
    <post description="Alternate Member, 17th CPC, Central Committee"/>
    <post description="Chief-of-Staff, PLA, Regions, Nanjing Military Region, Jiangsu Province, Nanjing City"/>
  </posts>
  <birthLocations>
    <birthLocation location="Fujian Province"/>
    <birthLocation location="Jinjiang City"/>
  </birthLocations>
  <workHistoryEntry startDate="2009">
    <workRoles>
      <workRole role="Lieutenant General"/>
      <workRole institution="PLA"/>
    </workRoles>
  </workHistoryEntry>
  <workHistoryEntry startDate="2007">
    <workRoles>
      <workRole role="Alternate Member"/>
      <workRole institution="17th CPC"/>
      <workRole institution="Central Committee"/>
    </workRoles>
  </workHistoryEntry>
  <workHistoryEntry startDate="2007">
    <workRoles>
      <workRole role="Chief-of-Staff"/>
      <workRole institution="PLA"/>
      <workRole institution="Regions"/>
      <workRole institution="Nanjing Military Region"/>
      <workRole location="Jiangsu Province"/>
      <workRole location="Nanjing City"/>
    </workRoles>
  </workHistoryEntry>
  <workHistoryEntry startDate="2004" endDate="2007">
    <workRoles>
      <workRole role="Commander"/>
      <workRole institution="PLA"/>
      <workRole institution="Services and Arms"/>
      <workRole institution="31st Group Army"/>
    </workRoles>
  </workHistoryEntry>
  <workHistoryEntry startDate="2002" endDate="2004">
    <workRoles>
      <workRole role="Deputy Chief-of-Staff"/>
      <workRole institution="PLA"/>
      <workRole institution="Regions"/>
      <workRole institution="Nanjing Military Region"/>
      <workRole location="Jiangsu Province"/>
      <workRole location="Nanjing City"/>
    </workRoles>
  </workHistoryEntry>
  <workHistory/>
</biography>
