<?xml version="1.0" encoding="UTF-8"?>
<biography birthDate="1927" fullName="Cai Cheng" displayName="Cai Cheng" nonEnglishName="" sex="male" nationality="Han">
  <bioText>Cai Cheng, male, Han nationality, is a native of Putting, Guangdong Province. He was born in 1927 and joined the CPC in 1945. He became a member of 13th CPC Central Committee. He was also member of Standing Committee of the 8th National People's Congress and Minister of the Ministry of Justice.</bioText>
  <posts>
    <post description="Former Minister of Justice"/>
  </posts>
  <birthLocations>
    <birthLocation location="Guangdong Province"/>
    <birthLocation location="Puning City"/>
  </birthLocations>
  <workHistoryEntry startDate="1993" endDate="1998">
    <workRoles>
      <workRole role="Member"/>
      <workRole institution="8th Standing Committee of the NPC"/>
    </workRoles>
  </workHistoryEntry>
  <workHistoryEntry startDate="1990" endDate="1992">
    <workRoles>
      <workRole role="Member"/>
      <workRole institution="13th CPC"/>
      <workRole institution="Central Committee"/>
      <workRole institution="Offices Under Central Committee"/>
      <workRole institution="Political and Legislative Affairs Committee"/>
    </workRoles>
  </workHistoryEntry>
  <workHistoryEntry startDate="1988" endDate="1993">
    <workRoles>
      <workRole role="Minister"/>
      <workRole institution="Ministry of Justice"/>
    </workRoles>
  </workHistoryEntry>
  <workHistoryEntry startDate="1987" endDate="1992">
    <workRoles>
      <workRole role="Member"/>
      <workRole institution="13th CPC"/>
      <workRole institution="Central Committee"/>
    </workRoles>
  </workHistoryEntry>
  <workHistoryEntry startDate="1984" endDate="1985">
    <workRoles>
      <workRole role="President"/>
      <workRole institution="Chinese People's Public Security University"/>
      <workRole location="Beijing Municipality"/>
    </workRoles>
  </workHistoryEntry>
  <workHistoryEntry startDate="1945">
    <workRoles>
      <workRole role="Joined"/>
      <workRole institution="CPC"/>
    </workRoles>
  </workHistoryEntry>
  <workHistory/>
</biography>
