<?xml version="1.0" encoding="UTF-8"?>
<biography birthDate="1952" fullName="Cai Zhixiang" displayName="Cai Zhixiang" nonEnglishName="" sex="male" nationality="is of Han">
  <bioText>Cai Zhixiang, male, is of Han nationality. He was born in 1952, and attended Guangzhou Administration College and the University of Management and Technology in the USA. With more than 18 years of experience in the pharmacy industry, Cai Zhixiang has served as president of the Guangzhou Pharmaceutical Company. He has also been involved with the Guangzhou Red Cross and the Guangdong Provincial Pharmacy.</bioText>
  <posts>
    <post description="Former President of the Guangzhou Pharmaceutical Company (UK)"/>
  </posts>
  <birthLocations/>
  <workHistoryEntry startDate="">
    <workRoles>
      <workRole role="President"/>
      <workRole institution="Guangzhou Pharmaceutical Holdings Ltd."/>
      <workRole location="Guangdong Province"/>
      <workRole location="Guangzhou City"/>
    </workRoles>
  </workHistoryEntry>
  <workHistoryEntry startDate="">
    <workRoles>
      <workRole role="Executive Director"/>
      <workRole institution="Red Cross Society of China"/>
      <workRole location="Guangdong Province"/>
      <workRole location="Guangzhou City"/>
    </workRoles>
  </workHistoryEntry>
  <workHistoryEntry startDate="">
    <workRoles>
      <workRole role="Assistant Chairman"/>
      <workRole institution="Red Cross Society of China"/>
      <workRole location="Guangdong Province"/>
      <workRole location="Guangzhou City"/>
    </workRoles>
  </workHistoryEntry>
  <workHistoryEntry startDate="1991">
    <workRoles>
      <workRole role="Graduate"/>
      <workRole institution="Guangzhou Administration College"/>
      <workRole location="Guangdong Province"/>
      <workRole location="Guangzhou City"/>
    </workRoles>
  </workHistoryEntry>
  <workHistory/>
</biography>
