<?xml version="1.0" encoding="UTF-8"?>
<biography birthDate="1961" fullName="Cai Zhenhua" displayName="Cai Zhenhua" nonEnglishName="" sex="male" nationality="Han">
  <bioText>Cai Zhenhua, male, Han nationality, he is a native of Wuxi City, Jaingsu Province. He was born in 1961. He entered the Chinese national table tennis team in 1979. In 1981, 1983, and 1985, he played as main representatives of China in the World Table Tennis Championships. From 1985 to 1989, he coached Italian national table tennis team. In 1989, he Return to coach Chinese table tennis team, in 1991, he became main coach of the Chinese men's table tennis team. In 1997, he served as head coach of Chinese table tennis team; meanwhile he served as director of State Sports General Administration of ping-pong Badminton Center, vice-chairman of All-China Youth Federation, and vice chairman of China Table Tennis Association. In 2007, he became deputy director of State Sports General Administration.</bioText>
  <posts>
    <post description="Alternate Member, 17th CPC, Central Committee"/>
    <post description="Deputy Director, State General Administration of Sports"/>
    <post description="Chairman, Table Tennis Association of China"/>
  </posts>
  <birthLocations>
    <birthLocation location="Jiangsu Province"/>
    <birthLocation location="Wuxi City"/>
  </birthLocations>
  <workHistoryEntry startDate="2009">
    <workRoles>
      <workRole role="Chairman"/>
      <workRole institution="Table Tennis Association of China"/>
    </workRoles>
  </workHistoryEntry>
  <workHistoryEntry startDate="2007">
    <workRoles>
      <workRole role="Alternate Member"/>
      <workRole institution="17th CPC"/>
      <workRole institution="Central Committee"/>
    </workRoles>
  </workHistoryEntry>
  <workHistoryEntry startDate="2007">
    <workRoles>
      <workRole role="Deputy Director"/>
      <workRole institution="State General Administration of Sports"/>
    </workRoles>
  </workHistoryEntry>
  <workHistoryEntry startDate="2005" endDate="2007">
    <workRoles>
      <workRole role="Assistant Director"/>
      <workRole institution="State General Administration of Sports"/>
    </workRoles>
  </workHistoryEntry>
  <workHistoryEntry startDate="2004" endDate="2005">
    <workRoles>
      <workRole role="Director"/>
      <workRole institution="State Table Tennis and Tennis Administration Center"/>
    </workRoles>
  </workHistoryEntry>
  <workHistoryEntry startDate="2004" endDate="2005">
    <workRoles>
      <workRole role="Deputy Secretary"/>
      <workRole institution="State Table Tennis and Tennis Administration Center"/>
      <workRole institution="CPC"/>
      <workRole institution="Party Committee"/>
    </workRoles>
  </workHistoryEntry>
  <workHistoryEntry startDate="2002" endDate="2004">
    <workRoles>
      <workRole role="Deputy Director"/>
      <workRole institution="State Table Tennis and Tennis Administration Center"/>
    </workRoles>
  </workHistoryEntry>
  <workHistoryEntry startDate="1999" endDate="2002">
    <workRoles>
      <workRole role="Director"/>
      <workRole institution="State Table Tennis and Tennis Administration Center"/>
      <workRole institution="Table Tennis Department"/>
    </workRoles>
  </workHistoryEntry>
  <workHistoryEntry startDate="1997" endDate="1999">
    <workRoles>
      <workRole role="Head Coach"/>
    </workRoles>
  </workHistoryEntry>
  <workHistory/>
</biography>
