<?xml version="1.0" encoding="UTF-8"?>
<biography birthDate="1955" fullName="Cai Mingzhao" displayName="Cai Mingzhao" nonEnglishName="" sex="male" nationality="Han">
  <bioText>Cai Mingzhao, male, Han nationality, was born in 1955 in Rizhao, Shandong Province. He joined the PLA in 1970 and the CPC in 1974. He graduated from the Chinese language department of Nanjing Teachers University in 1983. Cai, a specialist in science reporting, served in bureaus of the Xinhua News Agency in Jiangsu Province and Shandong Province before being appointed secretary-general of the Xinhua News Agency in 1993. He was appointed vice-president of the agency in 1998 and executive deputy editor-in-chief in 2000. Cai has served as the Deputy Director of the State Council Information Office of the People's Republic of China and the Director of China International Publishing Group from 2001-2009. He is a member of 10th and 11th CPPCC National Committees and in 2009 became Deputy Director of the Propaganda Department of the CPC Central Committee.</bioText>
  <posts>
    <post description="Deputy Director, 17th CPC, Central Committee, Propaganda Department"/>
  </posts>
  <birthLocations>
    <birthLocation location="Shandong Province"/>
    <birthLocation location="Rizhao County"/>
  </birthLocations>
  <workHistoryEntry startDate="2009">
    <workRoles>
      <workRole role="Deputy Director"/>
      <workRole institution="17th CPC"/>
      <workRole institution="Central Committee"/>
      <workRole institution="Propaganda Department"/>
    </workRoles>
  </workHistoryEntry>
  <workHistoryEntry startDate="2008">
    <workRoles>
      <workRole role="Member"/>
      <workRole institution="11th CPPCC"/>
      <workRole institution="National Committee"/>
    </workRoles>
  </workHistoryEntry>
  <workHistoryEntry startDate="2003" endDate="2008">
    <workRoles>
      <workRole role="Member"/>
      <workRole institution="10th CPPCC"/>
      <workRole institution="National Committee"/>
    </workRoles>
  </workHistoryEntry>
  <workHistoryEntry startDate="2001" endDate="2009">
    <workRoles>
      <workRole role="Deputy Director"/>
      <workRole institution="Information Office of the State Council"/>
    </workRoles>
  </workHistoryEntry>
  <workHistoryEntry startDate="2001">
    <workRoles>
      <workRole role="Director"/>
      <workRole institution="China International Publishing Group"/>
    </workRoles>
  </workHistoryEntry>
  <workHistoryEntry startDate="2000">
    <workRoles>
      <workRole role="Executive Deputy Editor-in-Chief"/>
      <workRole institution="Xinhua News Agency"/>
    </workRoles>
  </workHistoryEntry>
  <workHistoryEntry startDate="1998">
    <workRoles>
      <workRole role="Vice-President"/>
      <workRole institution="Xinhua News Agency"/>
    </workRoles>
  </workHistoryEntry>
  <workHistoryEntry startDate="1993" endDate="1998">
    <workRoles>
      <workRole role="Secretary-General"/>
      <workRole institution="Xinhua News Agency"/>
    </workRoles>
  </workHistoryEntry>
  <workHistoryEntry startDate="">
    <workRoles>
      <workRole role="Director"/>
      <workRole institution="Xinhua News Agency"/>
      <workRole institution="Jiangsu Bureau"/>
      <workRole location="Jiangsu Province"/>
    </workRoles>
  </workHistoryEntry>
  <workHistoryEntry startDate="">
    <workRoles>
      <workRole role="Deputy Director"/>
      <workRole institution="Xinhua News Agency"/>
      <workRole institution="Jiangsu Bureau"/>
      <workRole location="Jiangsu Province"/>
    </workRoles>
  </workHistoryEntry>
  <workHistoryEntry startDate="">
    <workRoles>
      <workRole role="Correspondent"/>
      <workRole institution="Xinhua News Agency"/>
      <workRole institution="Jiangsu Bureau"/>
      <workRole location="Jiangsu Province"/>
    </workRoles>
  </workHistoryEntry>
  <workHistoryEntry startDate="1983">
    <workRoles>
      <workRole role="Graduate"/>
      <workRole institution="Nanjing Teachers University"/>
      <workRole institution="Chinese Language Department"/>
      <workRole location="Jiangsu Province"/>
      <workRole location="Nanjing City"/>
    </workRoles>
  </workHistoryEntry>
  <workHistoryEntry startDate="1974">
    <workRoles>
      <workRole role="Joined"/>
      <workRole institution="CPC"/>
    </workRoles>
  </workHistoryEntry>
  <workHistoryEntry startDate="1970">
    <workRoles>
      <workRole role="Joined"/>
      <workRole institution="PLA"/>
    </workRoles>
  </workHistoryEntry>
  <workHistory/>
</biography>
