<?xml version="1.0" encoding="UTF-8"?>
<biography birthDate="1900" fullName="Cai Chang" displayName="Cai Chang" nonEnglishName="" sex="female" nationality="is a native of Shuangfeng">
  <bioText>Cai Chang, female, is a native of Shuangfeng, Hunan Province. She was born in 1900, joined the CPC in 1923. She studied at Changsha Zhounan Female Normal School, and went to France in 1919, joined the Xin min institute. She was the member of Central People's Government of People's Republic of China, chairman of 1st, 2nd, 3rd All-China Women's Federation, and the Member of 11th CPC Central Committee. She died in 1990 in Beijing.</bioText>
  <posts>
    <post description="Member, 11th CPC Central Committee"/>
  </posts>
  <birthLocations>
    <birthLocation location="Hunan Province"/>
    <birthLocation location="Shuangfeng County"/>
  </birthLocations>
  <workHistoryEntry startDate="1978" endDate="1983">
    <workRoles>
      <workRole role="Vice-Chairman"/>
      <workRole institution="5th Standing Committee of the NPC"/>
    </workRoles>
  </workHistoryEntry>
  <workHistoryEntry startDate="1977" endDate="1982">
    <workRoles>
      <workRole role="Member"/>
      <workRole institution="11th CPC"/>
      <workRole institution="Central Committee"/>
    </workRoles>
  </workHistoryEntry>
  <workHistoryEntry startDate="1975" endDate="1978">
    <workRoles>
      <workRole role="Vice-Chairman"/>
      <workRole institution="4th Standing Committee of the NPC"/>
    </workRoles>
  </workHistoryEntry>
  <workHistoryEntry startDate="1973" endDate="1977">
    <workRoles>
      <workRole role="Member"/>
      <workRole institution="10th CPC"/>
      <workRole institution="Central Committee"/>
    </workRoles>
  </workHistoryEntry>
  <workHistoryEntry startDate="1969" endDate="1973">
    <workRoles>
      <workRole role="Member"/>
      <workRole institution="9th CPC"/>
      <workRole institution="Central Committee"/>
    </workRoles>
  </workHistoryEntry>
  <workHistoryEntry startDate="1956" endDate="1969">
    <workRoles>
      <workRole role="Member"/>
      <workRole institution="8th CPC"/>
      <workRole institution="Central Committee"/>
    </workRoles>
  </workHistoryEntry>
  <workHistoryEntry startDate="1949" endDate="1967">
    <workRoles>
      <workRole role="Chairman"/>
      <workRole institution="All-China Women's Federation"/>
    </workRoles>
  </workHistoryEntry>
  <workHistory/>
</biography>
