<?xml version="1.0" encoding="UTF-8"?>
<biography birthDate="1934" fullName="Cai Ruixian" displayName="Cai Ruixian" nonEnglishName="" sex="male" nationality="Han">
  <bioText>Cai Ruixian, male, Han nationality, is a native of Shantou and Taishan, Guangdong Province. He was born in 1934 and graduated from the Communications University in 1956. Cai Ruixian founded the comparison method of analyzing complicated total energy system, thus summarizing a dozen of concise qualitative rules for various total energy systems. With regard to the theory of impeller machinery, Cai developed the central streamline method. Cai was also the first to collectively find out the influence on unstable performance of axial-flow compressor by circular belt in practical unit, significantly contributing to the debugging of many models of units. In recent years, Cai has deduced a series of algebra analytical solutions in subjects of engineering thermal physics, such as analytical solutions of non-steady belt shock compressible flow and nonlinear thermal conduction. Cai Ruixian is engineering thermal physicist and was a member of 8th and 9th CPPCC National Committees.</bioText>
  <posts>
    <post description="Engineering Thermal Physicist"/>
  </posts>
  <birthLocations>
    <birthLocation location="Guangdong Province"/>
    <birthLocation location="Shantou City"/>
  </birthLocations>
  <workHistoryEntry startDate="1998" endDate="2003">
    <workRoles>
      <workRole role="Member"/>
      <workRole institution="9th CPPCC"/>
      <workRole institution="National Committee"/>
    </workRoles>
  </workHistoryEntry>
  <workHistoryEntry startDate="1997" endDate="2005">
    <workRoles>
      <workRole role="Vice-Chairman"/>
      <workRole institution="China Association for Promoting Democracy"/>
      <workRole institution="Central Committee"/>
    </workRoles>
  </workHistoryEntry>
  <workHistoryEntry startDate="1993" endDate="1998">
    <workRoles>
      <workRole role="Member"/>
      <workRole institution="8th CPPCC"/>
      <workRole institution="National Committee"/>
    </workRoles>
  </workHistoryEntry>
  <workHistoryEntry startDate="1991">
    <workRoles>
      <workRole role="Academician"/>
      <workRole institution="Chinese Academy of Sciences"/>
    </workRoles>
  </workHistoryEntry>
  <workHistoryEntry startDate="">
    <workRoles>
      <workRole role="Researcher"/>
      <workRole institution="Chinese Academy of Sciences"/>
      <workRole institution="Engineering Thermal Physics Research Institute"/>
    </workRoles>
  </workHistoryEntry>
  <workHistoryEntry startDate="1956">
    <workRoles>
      <workRole role="Graduate"/>
      <workRole institution="Shanghai Communications University"/>
      <workRole institution="Dynamic Machinery Department"/>
      <workRole location="Shanghai Municipality"/>
    </workRoles>
  </workHistoryEntry>
  <workHistory/>
</biography>
