<?xml version="1.0" encoding="UTF-8"?>
<biography birthDate="1936" fullName="Cai Fenglan" displayName="Cai Fenglan" nonEnglishName="" sex="female" nationality="Han">
  <bioText>Cai Fenglan, female, Han nationality, is a native of Jianchang City, Liaoning Province. She was born in 1936, joined the CPC in 1960. She was honored with National Woman Pace-setter in 1979 and was an alternate member of 11th CPC Central Committee and a member of 12th CPC Central Committee.</bioText>
  <posts>
    <post description="Member, 12th CPC Central Committee"/>
  </posts>
  <birthLocations>
    <birthLocation location="Liaoning Province"/>
    <birthLocation location="Jianchang City"/>
  </birthLocations>
  <workHistoryEntry startDate="1982" endDate="1987">
    <workRoles>
      <workRole role="Member"/>
      <workRole institution="12th CPC"/>
      <workRole institution="Central Committee"/>
    </workRoles>
  </workHistoryEntry>
  <workHistoryEntry startDate="1977" endDate="1982">
    <workRoles>
      <workRole role="Alternate Member"/>
      <workRole institution="11th CPC"/>
      <workRole institution="Central Committee"/>
    </workRoles>
  </workHistoryEntry>
  <workHistory/>
</biography>
