<?xml version="1.0" encoding="UTF-8"?>
<biography birthDate="1951" fullName="Cai E'sheng" displayName="Cai Esheng" nonEnglishName="" sex="male" nationality="Han">
  <bioText>Cai E'sheng, male, Han nationality, is a native of Hubei province. He was born in 1951, and graduated from the Shanxi Institute of Finance and Economics in 1982. He held various posts in the supervisory departments of the People's Bank of China from 1982 to 1994, including the interest rate and deposit administration department, the financial institution reform department, the general planning department and the human resources department. He became the vice-chairman of the China Banking Regulatory Commission in 2005.</bioText>
  <posts>
    <post description="Vice-Chairman of the China Banking Regulatory Commission"/>
  </posts>
  <birthLocations>
    <birthLocation location="Hubei Province"/>
  </birthLocations>
  <workHistoryEntry startDate="2005">
    <workRoles>
      <workRole role="Vice-Chairman"/>
      <workRole institution="China Banking Regulatory Commission"/>
    </workRoles>
  </workHistoryEntry>
  <workHistoryEntry startDate="2001" endDate="2005">
    <workRoles>
      <workRole role="President"/>
      <workRole institution="Key State-Owned Financial Institutions"/>
      <workRole institution="Supervisory Board"/>
    </workRoles>
  </workHistoryEntry>
  <workHistoryEntry startDate="2000" endDate="2001">
    <workRoles>
      <workRole role="President"/>
      <workRole institution="People's Bank of China"/>
      <workRole institution="Municipal Branch"/>
      <workRole location="Shanghai Municipality"/>
    </workRoles>
  </workHistoryEntry>
  <workHistoryEntry startDate="1998" endDate="2001">
    <workRoles>
      <workRole role="Assistant Governor"/>
      <workRole institution="People's Bank of China"/>
    </workRoles>
  </workHistoryEntry>
  <workHistoryEntry startDate="1994" endDate="1994">
    <workRoles>
      <workRole role="Director-General"/>
      <workRole institution="People's Bank of China"/>
      <workRole institution="Financial Administration Department"/>
    </workRoles>
  </workHistoryEntry>
  <workHistoryEntry startDate="1994" endDate="1998">
    <workRoles>
      <workRole role="Director-General"/>
      <workRole institution="People's Bank of China"/>
      <workRole institution="Banking Department"/>
    </workRoles>
  </workHistoryEntry>
  <workHistoryEntry startDate="1982">
    <workRoles>
      <workRole role="Graduate"/>
      <workRole institution="Shanxi Institute of Finance and Economics"/>
    </workRoles>
  </workHistoryEntry>
  <workHistory/>
</biography>
