<?xml version="1.0" encoding="UTF-8"?>
<biography birthDate="1951" fullName="Cai Fuchao" displayName="Cai Fuchao" nonEnglishName="" sex="male" nationality="Han">
  <bioText>Cai Fuchao, male, Han nationality, is a native of Beijing Municipality. He was born in 1951, entered the work force in 1971, and joined the CPC in 1979. He was Director of Publicity Department of CPC Beijing Municipal Committee from 2002 to 2011 and Vice Mayor of Beijing Municipality from 2008 to 2011. Since March 2011, he serves as Director of State Administration of Radio, Film and Television and Deputy Director of Publicity Department of CPC Central Committee.</bioText>
  <posts>
    <post description="Director, State Administration of Radio, Film and Television"/>
    <post description="Deputy Director, CPC, Central Committee, Publicity Department"/>
  </posts>
  <birthLocations>
    <birthLocation location="Beijing Municipality"/>
  </birthLocations>
  <workHistoryEntry startDate="2011">
    <workRoles>
      <workRole role="Director"/>
      <workRole institution="State Administration of Radio, Film and Television"/>
    </workRoles>
  </workHistoryEntry>
  <workHistoryEntry startDate="2011">
    <workRoles>
      <workRole role="Deputy Director"/>
      <workRole institution="CPC"/>
      <workRole institution="Central Committee"/>
      <workRole institution="Publicity Department"/>
    </workRoles>
  </workHistoryEntry>
  <workHistoryEntry startDate="2011">
    <workRoles>
      <workRole role="Secretary"/>
      <workRole institution="State Administration of Radio, Film and Television"/>
      <workRole institution="Film and Television CPC"/>
      <workRole institution="Leading Party Group"/>
    </workRoles>
  </workHistoryEntry>
  <workHistoryEntry startDate="2008" endDate="2011">
    <workRoles>
      <workRole role="Vice-Mayor"/>
      <workRole institution="People's Government"/>
      <workRole location="Beijing Municipality"/>
    </workRoles>
  </workHistoryEntry>
  <workHistoryEntry startDate="2002" endDate="2011">
    <workRoles>
      <workRole role="Head"/>
      <workRole institution="CPC"/>
      <workRole institution="Municipal Committee"/>
      <workRole institution="Publicity Department"/>
      <workRole location="Beijing Municipality"/>
    </workRoles>
  </workHistoryEntry>
  <workHistoryEntry startDate="2002" endDate="2008">
    <workRoles>
      <workRole role="Member"/>
      <workRole institution="CPC"/>
      <workRole institution="Municipal Committee"/>
      <workRole location="Beijing Municipality"/>
    </workRoles>
  </workHistoryEntry>
  <workHistoryEntry startDate="2002" endDate="2002">
    <workRoles>
      <workRole role="Senior Deputy Director"/>
      <workRole institution="CPC"/>
      <workRole institution="Municipal Committee"/>
      <workRole institution="General Office"/>
      <workRole location="Beijing Municipality"/>
    </workRoles>
  </workHistoryEntry>
  <workHistoryEntry startDate="2002" endDate="2002">
    <workRoles>
      <workRole role="Deputy Secretary-General"/>
      <workRole institution="People's Government"/>
      <workRole location="Beijing Municipality"/>
    </workRoles>
  </workHistoryEntry>
  <workHistoryEntry startDate="1998" endDate="2002">
    <workRoles>
      <workRole role="Deputy Director"/>
      <workRole institution="CPC"/>
      <workRole institution="Municipal Committee"/>
      <workRole institution="Publicity Department"/>
      <workRole location="Beijing Municipality"/>
    </workRoles>
  </workHistoryEntry>
  <workHistoryEntry startDate="1990" endDate="1998">
    <workRoles>
      <workRole role="Deputy Chief Editor"/>
      <workRole institution="Beijing Daily"/>
      <workRole location="Beijing Municipality"/>
    </workRoles>
  </workHistoryEntry>
  <workHistoryEntry startDate="1989" endDate="1992">
    <workRoles>
      <workRole role="Director"/>
      <workRole institution="Beijing Daily"/>
      <workRole institution="Editorial Board"/>
      <workRole location="Beijing Municipality"/>
    </workRoles>
  </workHistoryEntry>
  <workHistoryEntry startDate="1986" endDate="1990">
    <workRoles>
      <workRole role="Editor"/>
      <workRole institution="Beijing Daily"/>
      <workRole location="Beijing Municipality"/>
    </workRoles>
  </workHistoryEntry>
  <workHistoryEntry startDate="1986" endDate="1989">
    <workRoles>
      <workRole role="Director"/>
      <workRole institution="Beijing Daily"/>
      <workRole institution="Finance and Trade Department"/>
      <workRole location="Beijing Municipality"/>
    </workRoles>
  </workHistoryEntry>
  <workHistoryEntry startDate="1984" endDate="1986">
    <workRoles>
      <workRole role="Deputy Director"/>
      <workRole institution="Beijing Daily"/>
      <workRole institution="Industry and Commerce Department"/>
      <workRole location="Beijing Municipality"/>
    </workRoles>
  </workHistoryEntry>
  <workHistoryEntry startDate="1979" endDate="1984">
    <workRoles>
      <workRole role="Reporter"/>
      <workRole institution="Beijing Daily"/>
      <workRole institution="Industry and Commerce Department"/>
      <workRole location="Beijing Municipality"/>
    </workRoles>
  </workHistoryEntry>
  <workHistoryEntry startDate="1975" endDate="1979">
    <workRoles>
      <workRole role="Staff Member"/>
      <workRole institution="Transportation Bureau"/>
      <workRole institution="Publicity Department"/>
      <workRole location="Beijing Municipality"/>
      <workRole location="Xuanwu District"/>
    </workRoles>
  </workHistoryEntry>
  <workHistory/>
</biography>
