<?xml version="1.0" encoding="UTF-8"?>
<biography birthDate="1953" fullName="Cai Dongchen" displayName="Cai Dongchen" nonEnglishName="" sex="male" nationality="Han">
  <bioText>Cai Dongchen, male, Han nationality, is a native of Luancheng, Hebei Province. He was born in 1953 and graduated from Hebei Finance and Economics College. He became board chairman of the Shijiazhuang Pharmaceutical Group Company in 1997. Cai Dongchen was deputy to the 9th NPC.</bioText>
  <posts>
    <post description="Board Chairman of the Shijiazhuang Pharmaceutical Group Company Ltd."/>
  </posts>
  <birthLocations>
    <birthLocation location="Hebei Province"/>
    <birthLocation location="Luancheng"/>
  </birthLocations>
  <workHistoryEntry startDate="2003" endDate="2008">
    <workRoles>
      <workRole role="Deputy"/>
      <workRole institution="10th NPC"/>
    </workRoles>
  </workHistoryEntry>
  <workHistoryEntry startDate="2000">
    <workRoles>
      <workRole role="Winner"/>
    </workRoles>
  </workHistoryEntry>
  <workHistoryEntry startDate="1998" endDate="2003">
    <workRoles>
      <workRole role="PC Deputy"/>
      <workRole institution="9th NPC"/>
    </workRoles>
  </workHistoryEntry>
  <workHistoryEntry startDate="1997">
    <workRoles>
      <workRole role="Board Chairman"/>
      <workRole institution="Shijiazhuang Pharmaceutical Group Company Ltd."/>
      <workRole location="Hebei Province"/>
      <workRole location="Shijiazhuang City"/>
    </workRoles>
  </workHistoryEntry>
  <workHistoryEntry startDate="1996">
    <workRoles>
      <workRole role="Winner"/>
    </workRoles>
  </workHistoryEntry>
  <workHistoryEntry startDate="1994" endDate="1997">
    <workRoles>
      <workRole role="President"/>
      <workRole institution="Hebei Pharmaceutical Group Company Ltd."/>
      <workRole location="Hebei Province"/>
    </workRoles>
  </workHistoryEntry>
  <workHistoryEntry startDate="1994" endDate="1997">
    <workRoles>
      <workRole role="Board Chairman"/>
      <workRole institution="Hebei Pharmaceutical Group Company Ltd."/>
      <workRole location="Hebei Province"/>
    </workRoles>
  </workHistoryEntry>
  <workHistoryEntry startDate="1984" endDate="1994">
    <workRoles>
      <workRole role="Director"/>
      <workRole institution="Hebei Pharmaceutical Factory"/>
      <workRole location="Hebei Province"/>
    </workRoles>
  </workHistoryEntry>
  <workHistoryEntry startDate="1975" endDate="1984">
    <workRoles>
      <workRole role="Technician"/>
      <workRole institution="Hebei Pharmaceutical Factory"/>
      <workRole location="Hebei Province"/>
    </workRoles>
  </workHistoryEntry>
  <workHistoryEntry startDate="">
    <workRoles>
      <workRole role="Graduate"/>
      <workRole institution="Hebei Finance and Economics College"/>
      <workRole location="Hebei Province"/>
    </workRoles>
  </workHistoryEntry>
  <workHistory/>
</biography>
