<?xml version="1.0" encoding="UTF-8"?>
<biography birthDate="1934" fullName="Cao Keming" displayName="Cao Keming" nonEnglishName="" sex="male" nationality="Han">
  <bioText>Cao Keming, male, Han nationality, is a native of Nanyang, Henan Province. He was born in 1934 and joined the CPC in 1959. Cao worked as a manager at the Nanjing No. 307 Plant for over 20 years. In 1987, he became secretary of the CPC Jiangsu Provincial Commission for Discipline Inspection. He later became chairman of the 8th CPPCC, Jiangsu Provincial Committee. Cao was a delegate to the 13th, 14th and 15 CPC National Congresses. He was a member of the 9th CPPCC National Committee.</bioText>
  <posts>
    <post description="Chairman of the 8th CPPCC Jiangsu Provincial Committee"/>
  </posts>
  <birthLocations>
    <birthLocation location="Henan Province"/>
    <birthLocation location="Nanyang City"/>
  </birthLocations>
  <workHistoryEntry startDate="1998" endDate="2003">
    <workRoles>
      <workRole role="Member"/>
      <workRole institution="9th CPPCC"/>
      <workRole institution="National Committee"/>
    </workRoles>
  </workHistoryEntry>
  <workHistoryEntry startDate="1998" endDate="2003">
    <workRoles>
      <workRole role="Chairman"/>
      <workRole institution="CPPCC"/>
      <workRole institution="Provincial Committee"/>
      <workRole location="Jiangsu Province"/>
    </workRoles>
  </workHistoryEntry>
  <workHistoryEntry startDate="1997" endDate="2002">
    <workRoles>
      <workRole role="Delegate"/>
      <workRole institution="15th CPC"/>
      <workRole institution="National Congress"/>
    </workRoles>
  </workHistoryEntry>
  <workHistoryEntry startDate="1992" endDate="1997">
    <workRoles>
      <workRole role="Delegate"/>
      <workRole institution="14th CPC"/>
      <workRole institution="National Congress"/>
    </workRoles>
  </workHistoryEntry>
  <workHistoryEntry startDate="1989">
    <workRoles>
      <workRole role="Deputy Secretary"/>
      <workRole institution="CPC"/>
      <workRole institution="Provincial Committee"/>
      <workRole location="Jiangsu Province"/>
    </workRoles>
  </workHistoryEntry>
  <workHistoryEntry startDate="1987" endDate="1992">
    <workRoles>
      <workRole role="Delegate"/>
      <workRole institution="13th CPC"/>
      <workRole institution="National Congress"/>
    </workRoles>
  </workHistoryEntry>
  <workHistoryEntry startDate="1987" endDate="????">
    <workRoles>
      <workRole role="Member"/>
      <workRole institution="CPC"/>
      <workRole institution="Central Committee"/>
      <workRole institution="Central Commission for Discipline Inspection"/>
    </workRoles>
  </workHistoryEntry>
  <workHistoryEntry startDate="1987" endDate="????">
    <workRoles>
      <workRole role="Secretary"/>
      <workRole institution="CPC"/>
      <workRole institution="Provincial Committee"/>
      <workRole institution="Commission for Discipline Inspection"/>
      <workRole location="Jiangsu Province"/>
    </workRoles>
  </workHistoryEntry>
  <workHistoryEntry startDate="1973" endDate="1987">
    <workRoles>
      <workRole role="Secretary"/>
      <workRole institution="Seventh Ministry of Machine-Building Industry"/>
      <workRole institution="No.307 Plant"/>
      <workRole institution="CPC"/>
      <workRole institution="Party Committee"/>
      <workRole location="Jiangsu Province"/>
      <workRole location="Nanjing City"/>
    </workRoles>
  </workHistoryEntry>
  <workHistoryEntry startDate="1973" endDate="1987">
    <workRoles>
      <workRole role="Deputy Secretary"/>
      <workRole institution="Seventh Ministry of Machine-Building Industry"/>
      <workRole institution="No.307 Plant"/>
      <workRole institution="CPC"/>
      <workRole institution="Party Committee"/>
      <workRole location="Jiangsu Province"/>
      <workRole location="Nanjing City"/>
    </workRoles>
  </workHistoryEntry>
  <workHistoryEntry startDate="1973" endDate="1987">
    <workRoles>
      <workRole role="Director"/>
      <workRole institution="Seventh Ministry of Machine-Building Industry"/>
      <workRole institution="No.307 Plant"/>
      <workRole location="Jiangsu Province"/>
      <workRole location="Nanjing City"/>
    </workRoles>
  </workHistoryEntry>
  <workHistoryEntry startDate="1973" endDate="1987">
    <workRoles>
      <workRole role="Deputy Director"/>
      <workRole institution="Seventh Ministry of Machine-Building Industry"/>
      <workRole institution="No.307 Plant"/>
      <workRole location="Jiangsu Province"/>
      <workRole location="Nanjing City"/>
    </workRoles>
  </workHistoryEntry>
  <workHistoryEntry startDate="">
    <workRoles>
      <workRole role="Chief"/>
      <workRole institution="Third Ministry of Machine-Building Industry"/>
      <workRole institution="No. 307 Plant"/>
      <workRole institution="Planning and Production Section"/>
      <workRole location="Jiangsu Province"/>
      <workRole location="Nanjing City"/>
    </workRoles>
  </workHistoryEntry>
  <workHistoryEntry startDate="">
    <workRoles>
      <workRole role="Chief"/>
      <workRole institution="Third Ministry of Machine-Building Industry"/>
      <workRole institution="No. 307 Plant"/>
      <workRole institution="Planning Section"/>
      <workRole location="Jiangsu Province"/>
      <workRole location="Nanjing City"/>
    </workRoles>
  </workHistoryEntry>
  <workHistoryEntry startDate="1960" endDate="????">
    <workRoles>
      <workRole role="Deputy Chief"/>
      <workRole institution="Third Ministry of Machine-Building Industry"/>
      <workRole institution="No. 307 Plant"/>
      <workRole location="Jiangsu Province"/>
      <workRole location="Nanjing City"/>
    </workRoles>
  </workHistoryEntry>
  <workHistoryEntry startDate="1959">
    <workRoles>
      <workRole role="Joined"/>
      <workRole institution="CPC"/>
    </workRoles>
  </workHistoryEntry>
  <workHistory/>
</biography>
