<?xml version="1.0" encoding="UTF-8"?>
<biography birthDate="1955" fullName="Cao Jianlin" displayName="Cao Jianlin" nonEnglishName="" sex="male" nationality="Han">
  <bioText>Cao Jianlin, male, Han nationality, was born in 1955 and is a member of the CPC. He holds a doctoral degree. Cao presided over the development of the Changchun Institute of Optical Machine and Physics and carried out reforms to turn it into a successful research facility under the auspices of the Chinese Academy of Sciences. His leadership with the institute led to it being listed as first in comprehensive strength among all of the educational institutes at the Chinese Academy of Sciences. The winner of two second prizes of technology progress from the academy, he was awarded a national prominent youth fund prize and a technology prize from the China Optics Society. Cao is a top-grade model laborer in Jiln Province and is a member of International Engineering Optics Association. In addition, he holds the secretary-general position of the China Optics Society and the deputy director-general post at the Jilin Provincial Optics Association. Cao serves as the director of the National Key Laboratory of Applied Optics and the director of the Changchun Institute of Optical Machine and Physics at the Chinese Academy of Sciences. In 2006 he became Vice-Minister of the Ministry of Science and Technology.</bioText>
  <posts>
    <post description="Vice-Minister of the Ministry of Science and Technology"/>
  </posts>
  <birthLocations>
    <birthLocation location="Jilin Province"/>
    <birthLocation location="Changchun City"/>
  </birthLocations>
  <workHistoryEntry startDate="2006">
    <workRoles>
      <workRole role="Vice-Minister"/>
      <workRole institution="Ministry of Science and Technology"/>
    </workRoles>
  </workHistoryEntry>
  <workHistoryEntry startDate="2005" endDate="2006">
    <workRoles>
      <workRole role="Vice-President"/>
      <workRole institution="Chinese Academy of Sciences"/>
    </workRoles>
  </workHistoryEntry>
  <workHistoryEntry startDate="">
    <workRoles>
      <workRole role="Assistant President"/>
      <workRole institution="Chinese Academy of Sciences"/>
    </workRoles>
  </workHistoryEntry>
  <workHistoryEntry startDate="1997" endDate="2002">
    <workRoles>
      <workRole role="Delegate"/>
      <workRole institution="15th CPC"/>
      <workRole institution="National Congress"/>
    </workRoles>
  </workHistoryEntry>
  <workHistoryEntry startDate="1982">
    <workRoles>
      <workRole role="Graduate"/>
      <workRole institution="Fudan University"/>
      <workRole institution="Physics Department"/>
      <workRole location="Shanghai Municipality"/>
    </workRoles>
  </workHistoryEntry>
  <workHistoryEntry startDate="">
    <workRoles>
      <workRole role="Joined"/>
      <workRole institution="CPC"/>
    </workRoles>
  </workHistoryEntry>
  <workHistory/>
</biography>
