<?xml version="1.0" encoding="UTF-8"?>
<biography birthDate="1947" fullName="Cao Qing" displayName="Cao Qing" nonEnglishName="" sex="male" nationality="Han">
  <bioText>Cao Qing, male, Han nationality, is a native of Pingshan County of Hebei Province. He was born in 1947 and graduated from Zhongnanhai Amateur University. He is an alternate member of the 17th CPC Central Committee and a Major General in the PLA, Directing the CPC Central Bodyguards Bureau.</bioText>
  <posts>
    <post description="Alternate Member, 17th CPC, Central Committee"/>
    <post description="Director, CPC, Central Committee, Central Bodyguards Bureau"/>
  </posts>
  <birthLocations>
    <birthLocation location="Hebei Province"/>
    <birthLocation location="Pingshan County"/>
  </birthLocations>
  <workHistoryEntry startDate="2008">
    <workRoles>
      <workRole role="Deputy"/>
      <workRole institution="11th NPC"/>
    </workRoles>
  </workHistoryEntry>
  <workHistoryEntry startDate="2007">
    <workRoles>
      <workRole role="Alternate Member"/>
      <workRole institution="17th CPC"/>
      <workRole institution="Central Committee"/>
    </workRoles>
  </workHistoryEntry>
  <workHistoryEntry startDate="2007">
    <workRoles>
      <workRole role="Director"/>
      <workRole institution="CPC"/>
      <workRole institution="Central Committee"/>
      <workRole institution="Central Bodyguards Bureau"/>
    </workRoles>
  </workHistoryEntry>
  <workHistoryEntry startDate="2006" endDate="2007">
    <workRoles>
      <workRole role="Executive Deputy Director"/>
      <workRole institution="CPC"/>
      <workRole institution="Central Committee"/>
      <workRole institution="Central Bodyguards Bureau"/>
    </workRoles>
  </workHistoryEntry>
  <workHistoryEntry startDate="">
    <workRoles>
      <workRole role="Deputy Director"/>
      <workRole institution="CPC"/>
      <workRole institution="Central Committee"/>
      <workRole institution="Central Bodyguards Bureau"/>
    </workRoles>
  </workHistoryEntry>
  <workHistory/>
</biography>
