<?xml version="1.0" encoding="UTF-8"?>
<biography birthDate="1930" fullName="Cao Pengsheng" displayName="Cao Pengsheng" nonEnglishName="" sex="male" nationality="Han">
  <bioText>Cao Pengsheng, male, Han nationality, is a native of Leting, Hebei Province. He was born in 1930, joined the PLA in 1946 and the CPC in 1949. In his late teens, Cao did propaganda work in the 4th Field Army, and from there he moved up through various jobs in security and political guidance to the position of political commissar at the division level. Thirty years after joining the PLA, in 1979, he graduated from the PLA Political Academy and continued in the political commissar role, serving in Shandong, Jinan, and finally, in 1990, as political commissar of the Lanzhou Military Region. Cao was a member of the 14th CPC Central Committee and a member of the CPC Central Commission for Discipline Inspection. He was promoted to major general in 1988, lieutenant general in 1991, and general in 1994. In 1998, he was elected to the Standing Committee of the 9th CPPCC National Congress.</bioText>
  <posts>
    <post description="PLA General, Member of the Standing Committee of the 9th CPPCC National Committee"/>
  </posts>
  <birthLocations>
    <birthLocation location="Hebei Province"/>
    <birthLocation location="Leting County"/>
  </birthLocations>
  <workHistoryEntry startDate="1998" endDate="2003">
    <workRoles>
      <workRole role="Member"/>
      <workRole institution="9th CPPCC"/>
      <workRole institution="National Committee"/>
      <workRole institution="Standing Committee"/>
    </workRoles>
  </workHistoryEntry>
  <workHistoryEntry startDate="1994">
    <workRoles>
      <workRole role="General"/>
      <workRole institution="PLA"/>
    </workRoles>
  </workHistoryEntry>
  <workHistoryEntry startDate="1992" endDate="1997">
    <workRoles>
      <workRole role="Member"/>
      <workRole institution="CPC"/>
      <workRole institution="Central Committee"/>
      <workRole institution="Central Commission for Discipline Inspection"/>
    </workRoles>
  </workHistoryEntry>
  <workHistoryEntry startDate="1992" endDate="1997">
    <workRoles>
      <workRole role="Member"/>
      <workRole institution="14th CPC"/>
      <workRole institution="Central Committee"/>
    </workRoles>
  </workHistoryEntry>
  <workHistoryEntry startDate="1991" endDate="1994">
    <workRoles>
      <workRole role="Lieutenant General"/>
      <workRole institution="PLA"/>
    </workRoles>
  </workHistoryEntry>
  <workHistoryEntry startDate="1990" endDate="????">
    <workRoles>
      <workRole role="Political Commissar"/>
      <workRole institution="PLA"/>
      <workRole institution="Regions"/>
      <workRole institution="Lanzhou Military Region"/>
    </workRoles>
  </workHistoryEntry>
  <workHistoryEntry startDate="1988" endDate="1991">
    <workRoles>
      <workRole role="Major General"/>
      <workRole institution="PLA"/>
    </workRoles>
  </workHistoryEntry>
  <workHistoryEntry startDate="1988" endDate="1990">
    <workRoles>
      <workRole role="Deputy Political Commissar"/>
      <workRole institution="PLA"/>
      <workRole institution="Regions"/>
      <workRole institution="Jinan Military Region"/>
    </workRoles>
  </workHistoryEntry>
  <workHistoryEntry startDate="1987" endDate="1992">
    <workRoles>
      <workRole role="Delegate"/>
      <workRole institution="13th CPC"/>
      <workRole institution="National Congress"/>
    </workRoles>
  </workHistoryEntry>
  <workHistoryEntry startDate="">
    <workRoles>
      <workRole role="Political Commissar"/>
      <workRole institution="PLA"/>
      <workRole institution="Regions"/>
      <workRole institution="Jinan Military Region"/>
      <workRole institution="Shandong Military District"/>
    </workRoles>
  </workHistoryEntry>
  <workHistoryEntry startDate="1979" endDate="????">
    <workRoles>
      <workRole role="Deputy Political Commissar"/>
      <workRole institution="PLA"/>
      <workRole institution="Regions"/>
      <workRole institution="Jinan Military Region"/>
      <workRole institution="Shandong Military District"/>
    </workRoles>
  </workHistoryEntry>
  <workHistoryEntry startDate="1979">
    <workRoles>
      <workRole role="Graduate"/>
      <workRole institution="Political Academy of the Chinese PLA"/>
    </workRoles>
  </workHistoryEntry>
  <workHistoryEntry startDate="1949">
    <workRoles>
      <workRole role="Joined"/>
      <workRole institution="CPC"/>
    </workRoles>
  </workHistoryEntry>
  <workHistoryEntry startDate="1946" endDate="????">
    <workRoles>
      <workRole role="Publicity Worker"/>
      <workRole institution="PLA"/>
      <workRole institution="Services and Arms"/>
      <workRole institution="Field Army"/>
    </workRoles>
  </workHistoryEntry>
  <workHistoryEntry startDate="1946">
    <workRoles>
      <workRole role="Joined"/>
      <workRole institution="PLA"/>
    </workRoles>
  </workHistoryEntry>
  <workHistory/>
</biography>
