<?xml version="1.0" encoding="UTF-8"?>
<biography birthDate="1944" fullName="Cao Kangtai" displayName="Cao Kangtai" nonEnglishName="" sex="male" nationality="Han">
  <bioText>Cao Kangtai, male, Han nationality, is a native of Longxian County, Shaanxi province. He was born in 1944, and served in the general office of the Ningxia Hui Autonomous Regional People’s Government from 1983 to 1991. He went on to serve in the Legislative Affairs Office of the State Council since 1991, and became director in 2002. In 2010, he became Vice-Chairman of 11th CPPCC Committee for Social and Legal Affairs.</bioText>
  <posts>
    <post description="Vice-Chairman, 11th CPPCC, Committee for Social and Legal Affairs"/>
  </posts>
  <birthLocations>
    <birthLocation location="Shaanxi Province"/>
    <birthLocation location="Longxian County"/>
  </birthLocations>
  <workHistoryEntry startDate="2010">
    <workRoles>
      <workRole role="Vice-Chairman"/>
      <workRole institution="11th CPPCC"/>
      <workRole institution="Committee for Social and Legal Affairs"/>
    </workRoles>
  </workHistoryEntry>
  <workHistoryEntry startDate="2002">
    <workRoles>
      <workRole role="Adjunct Professor"/>
      <workRole institution="China National School of Administration"/>
      <workRole location="Beijing Municipality"/>
    </workRoles>
  </workHistoryEntry>
  <workHistoryEntry startDate="2002" endDate="2010">
    <workRoles>
      <workRole role="Director"/>
      <workRole institution="Legislative Affairs Office of the State Council"/>
    </workRoles>
  </workHistoryEntry>
  <workHistoryEntry startDate="2002" endDate="2007">
    <workRoles>
      <workRole role="Member"/>
      <workRole institution="16th CPC"/>
      <workRole institution="Central Committee"/>
      <workRole institution="Central Commission for Discipline Inspection"/>
    </workRoles>
  </workHistoryEntry>
  <workHistoryEntry startDate="2002">
    <workRoles>
      <workRole role="Adjunct Professor"/>
      <workRole institution="Renmin University of China"/>
      <workRole location="Beijing"/>
      <workRole location="Haidian District"/>
    </workRoles>
  </workHistoryEntry>
  <workHistoryEntry startDate="1998" endDate="2002">
    <workRoles>
      <workRole role="Deputy Director"/>
      <workRole institution="Legislative Affairs Office of the State Council"/>
    </workRoles>
  </workHistoryEntry>
  <workHistoryEntry startDate="1983" endDate="1991">
    <workRoles>
      <workRole role="Deputy Secretary-General"/>
      <workRole institution="Autonomous Region People's Government"/>
      <workRole location="Ningxia Hui Autonomous Region"/>
    </workRoles>
  </workHistoryEntry>
  <workHistoryEntry startDate="1983" endDate="1991">
    <workRoles>
      <workRole role="Deputy Director"/>
      <workRole institution="Legislative Affairs Bureau"/>
      <workRole location="Ningxia Hui Autonomous Region"/>
    </workRoles>
  </workHistoryEntry>
  <workHistoryEntry startDate="1983" endDate="1991">
    <workRoles>
      <workRole role="Deputy Director"/>
      <workRole institution="Autonomous Region People's Government"/>
      <workRole institution="General Office"/>
      <workRole location="Ningxia Hui Autonomous Region"/>
    </workRoles>
  </workHistoryEntry>
  <workHistoryEntry startDate="1983" endDate="1991">
    <workRoles>
      <workRole role="Director"/>
      <workRole institution="Autonomous Region People's Government"/>
      <workRole institution="General Office"/>
      <workRole location="Ningxia Hui Autonomous Region"/>
    </workRoles>
  </workHistoryEntry>
  <workHistoryEntry startDate="1967">
    <workRoles>
      <workRole role="Graduate"/>
      <workRole institution="Beijing University"/>
      <workRole institution="Law Department"/>
      <workRole location="Beijing Municipality"/>
    </workRoles>
  </workHistoryEntry>
  <workHistoryEntry startDate="1967">
    <workRoles>
      <workRole role="Joined"/>
      <workRole institution="CPC"/>
    </workRoles>
  </workHistoryEntry>
  <workHistory/>
</biography>
