<?xml version="1.0" encoding="UTF-8"?>
<biography birthDate="1928" fullName="Cao Zhi" displayName="Cao Zhi" nonEnglishName="" sex="male" nationality="Han">
  <bioText>Cao Zhi, male, Han nationality, is a native of Anqiu, Shandong Province. He was born in 1928 and joined the Party in 1947. Cao spent much of his career in Party leadership positions in the publicity departments of various local and provincial Party organizations in Heilongjiang Province. In 1960, he transferred to Heilongjiang Province, where he held various Party leadership positions. He later became vice-president of the Central Committee for Comprehensive Management of Public Security. Cao was a member and deputy secretary-general of the 7th NPC Standing Committee. He also served as secretary-general of the 8th NPC Standing Committee. He was a delegate to 14th and 15th CPC National Congresses and vice-chairman of the 9th NPC Standing Committee.</bioText>
  <posts>
    <post description="Vice-Chairman of the 9th NPC Standing Committee"/>
  </posts>
  <birthLocations>
    <birthLocation location="Shandong Province"/>
    <birthLocation location="Anqiu"/>
  </birthLocations>
  <workHistoryEntry startDate="1998" endDate="2003">
    <workRoles>
      <workRole role="Vice-Chairman"/>
      <workRole institution="9th Standing Committee of the NPC"/>
    </workRoles>
  </workHistoryEntry>
  <workHistoryEntry startDate="1997" endDate="2002">
    <workRoles>
      <workRole role="Delegate"/>
      <workRole institution="15th CPC"/>
      <workRole institution="National Congress"/>
    </workRoles>
  </workHistoryEntry>
  <workHistoryEntry startDate="1997">
    <workRoles>
      <workRole role="Member"/>
      <workRole institution="Hong Kong SAR Preparatory Committee"/>
      <workRole institution="Government Delegation, Hong Kong Hand-Over Ceremony"/>
    </workRoles>
  </workHistoryEntry>
  <workHistoryEntry startDate="">
    <workRoles>
      <workRole role="Vice-President"/>
      <workRole institution="Central Committee for Comprehensive Management of Public Security"/>
    </workRoles>
  </workHistoryEntry>
  <workHistoryEntry startDate="1993" endDate="1998">
    <workRoles>
      <workRole role="Secretary-General"/>
      <workRole institution="8th Standing Committee of the NPC"/>
    </workRoles>
  </workHistoryEntry>
  <workHistoryEntry startDate="1992" endDate="1997">
    <workRoles>
      <workRole role="Delegate"/>
      <workRole institution="14th CPC"/>
      <workRole institution="National Congress"/>
    </workRoles>
  </workHistoryEntry>
  <workHistoryEntry startDate="1988" endDate="1993">
    <workRoles>
      <workRole role="Member"/>
      <workRole institution="7th Standing Committee of the NPC"/>
    </workRoles>
  </workHistoryEntry>
  <workHistoryEntry startDate="1988" endDate="1993">
    <workRoles>
      <workRole role="Secretary-General"/>
      <workRole institution="7th Standing Committee of the NPC"/>
    </workRoles>
  </workHistoryEntry>
  <workHistoryEntry startDate="1987" endDate="1988">
    <workRoles>
      <workRole role="Deputy Director"/>
    </workRoles>
  </workHistoryEntry>
  <workHistoryEntry startDate="1983" endDate="1987">
    <workRoles>
      <workRole role="Deputy Head"/>
      <workRole institution="CPC"/>
      <workRole institution="Central Committee"/>
      <workRole institution="Organization Department"/>
    </workRoles>
  </workHistoryEntry>
  <workHistoryEntry startDate="1978" endDate="1983">
    <workRoles>
      <workRole role="Head"/>
      <workRole institution="CPC"/>
      <workRole institution="Central Committee"/>
      <workRole institution="Research Office"/>
    </workRoles>
  </workHistoryEntry>
  <workHistoryEntry startDate="1977" endDate="1978">
    <workRoles>
      <workRole role="Leading Member"/>
      <workRole institution="National Development and Reform Commission"/>
    </workRoles>
  </workHistoryEntry>
  <workHistoryEntry startDate="1970" endDate="1977">
    <workRoles>
      <workRole role="Vice-Chairman"/>
      <workRole institution="Cultural Revolution"/>
      <workRole institution="Revolutionary Committee"/>
      <workRole location="Heilongjiang Province"/>
    </workRoles>
  </workHistoryEntry>
  <workHistoryEntry startDate="1966" endDate="1970">
    <workRoles>
      <workRole role="Deputy Secretary"/>
      <workRole institution="CPC"/>
      <workRole institution="Prefectural Committee"/>
      <workRole location="Heilongjiang Province"/>
      <workRole location="Hejiang Prefecture"/>
    </workRoles>
  </workHistoryEntry>
  <workHistoryEntry startDate="1960" endDate="1966">
    <workRoles>
      <workRole role="Deputy Director"/>
      <workRole institution="CPC"/>
      <workRole institution="Provincial Committee"/>
      <workRole institution="General Office"/>
      <workRole location="Heilongjiang Province"/>
    </workRoles>
  </workHistoryEntry>
  <workHistoryEntry startDate="1953" endDate="1960">
    <workRoles>
      <workRole role="Division Chief"/>
      <workRole institution="CPC"/>
      <workRole institution="Provincial Committee"/>
      <workRole institution="Publicity Department"/>
      <workRole location="Heilongjiang Province"/>
    </workRoles>
  </workHistoryEntry>
  <workHistoryEntry startDate="1952" endDate="1953">
    <workRoles>
      <workRole role="Deputy Section Chief"/>
      <workRole institution="CPC"/>
      <workRole institution="Provincial Committee"/>
      <workRole institution="Publicity Department"/>
      <workRole location="Heilongjiang Province"/>
    </workRoles>
  </workHistoryEntry>
  <workHistoryEntry startDate="1951" endDate="1952">
    <workRoles>
      <workRole role="Head"/>
      <workRole institution="CPC"/>
      <workRole institution="County Committee"/>
      <workRole institution="Publicity Department"/>
      <workRole location="Heilongjiang Province"/>
      <workRole location="Acheng County"/>
    </workRoles>
  </workHistoryEntry>
  <workHistoryEntry startDate="1949" endDate="1951">
    <workRoles>
      <workRole role="Deputy Head"/>
      <workRole institution="CPC"/>
      <workRole institution="County Committee"/>
      <workRole institution="Publicity Department"/>
      <workRole location="Heilongjiang Province"/>
      <workRole location="Acheng County"/>
    </workRoles>
  </workHistoryEntry>
  <workHistoryEntry startDate="1948" endDate="1949">
    <workRoles>
      <workRole role="Secretary"/>
      <workRole institution="CPC"/>
      <workRole institution="County Committee"/>
      <workRole location="Heilongjiang Province"/>
      <workRole location="Acheng County"/>
    </workRoles>
  </workHistoryEntry>
  <workHistoryEntry startDate="1947" endDate="1948">
    <workRoles>
      <workRole role="Director"/>
      <workRole institution="Acheng News Report"/>
      <workRole location="Heilongjiang Province"/>
      <workRole location="Acheng County"/>
    </workRoles>
  </workHistoryEntry>
  <workHistoryEntry startDate="1947">
    <workRoles>
      <workRole role="Joined"/>
      <workRole institution="CPC"/>
    </workRoles>
  </workHistoryEntry>
  <workHistory/>
</biography>
