<?xml version="1.0" encoding="UTF-8"?>
<biography birthDate="1903" fullName="Cao Yiou" displayName="Cao Yiou" nonEnglishName="" sex="female" nationality="Han">
  <bioText>Cao Yiou, female, Han nationality, is a native of Daxing District, Beijing City. She was born in 1903, joined the CPC in 1926. She is the wife of Kangsheng. She was a member of 9th 10th and 11th CPC Central Committee. She was dismissed from her positions in 1981 and died in 1989 in Beijing.</bioText>
  <posts>
    <post description="Member, 11th CPC Central Committee"/>
  </posts>
  <birthLocations>
    <birthLocation location="Beijing"/>
    <birthLocation location="Daxing County"/>
  </birthLocations>
  <workHistoryEntry startDate="1977" endDate="1982">
    <workRoles>
      <workRole role="Member"/>
      <workRole institution="11th CPC"/>
      <workRole institution="Central Committee"/>
    </workRoles>
  </workHistoryEntry>
  <workHistoryEntry startDate="1973" endDate="1977">
    <workRoles>
      <workRole role="Member"/>
      <workRole institution="10th CPC"/>
      <workRole institution="Central Committee"/>
    </workRoles>
  </workHistoryEntry>
  <workHistoryEntry startDate="1969" endDate="1973">
    <workRoles>
      <workRole role="Member"/>
      <workRole institution="9th CPC"/>
      <workRole institution="Central Committee"/>
    </workRoles>
  </workHistoryEntry>
  <workHistory/>
</biography>
