<?xml version="1.0" encoding="UTF-8"?>
<biography birthDate="1965" fullName="Cao Shifan" displayName="Cao Shifan" nonEnglishName="" sex="male" nationality="Han">
  <bioText>Cao Shifan, male, Han nationality, was born in 1965, and obtained a master's degree in finance from Zhongnan University of Economics and Law. Cao joined the Ping An Property and Casualty Company of China in 1991, and he was promoted to chairman in 2004. In 2007, he became the deputy General Manager, Ping An Insurance (Group) Company, Ltd. of China</bioText>
  <posts>
    <post description="Deputy General Manager, Ping An Insurance Company, Ltd."/>
  </posts>
  <birthLocations/>
  <workHistoryEntry startDate="2007">
    <workRoles>
      <workRole role="Deputy General Manager"/>
      <workRole institution="Ping An Insurance Company of China Limited"/>
    </workRoles>
  </workHistoryEntry>
  <workHistoryEntry startDate="2004" endDate="2007">
    <workRoles>
      <workRole role="Chairman"/>
      <workRole institution="Ping An Property and Casualty Company of China"/>
    </workRoles>
  </workHistoryEntry>
  <workHistoryEntry startDate="2002" endDate="2004">
    <workRoles>
      <workRole role="President"/>
      <workRole institution="Ping An Property and Casualty Company of China"/>
    </workRoles>
  </workHistoryEntry>
  <workHistoryEntry startDate="2002" endDate="2004">
    <workRoles>
      <workRole role="Chief Executive Officer"/>
      <workRole institution="Ping An Property and Casualty Company of China"/>
    </workRoles>
  </workHistoryEntry>
  <workHistoryEntry startDate="1997" endDate="1997">
    <workRoles>
      <workRole role="Assistant President"/>
      <workRole institution="People's Insurance Company of China"/>
    </workRoles>
  </workHistoryEntry>
  <workHistoryEntry startDate="1997" endDate="2002">
    <workRoles>
      <workRole role="Vice-President"/>
      <workRole institution="People's Insurance Company of China"/>
    </workRoles>
  </workHistoryEntry>
  <workHistoryEntry startDate="1994" endDate="1997">
    <workRoles>
      <workRole role="General Manager"/>
      <workRole institution="People's Insurance Company of China"/>
      <workRole institution="Nanjing Branch"/>
      <workRole location="Jiangsu Province"/>
      <workRole location="Nanjing City"/>
    </workRoles>
  </workHistoryEntry>
  <workHistoryEntry startDate="1991" endDate="1994">
    <workRoles>
      <workRole role="General Manager"/>
      <workRole institution="People's Insurance Company of China"/>
      <workRole institution="Human Resources Department"/>
    </workRoles>
  </workHistoryEntry>
  <workHistoryEntry startDate="">
    <workRoles>
      <workRole role="Graduate"/>
      <workRole institution="Zhongnan University of Economics and Law"/>
      <workRole location="Hubei Province"/>
      <workRole location="Zhongnan"/>
    </workRoles>
  </workHistoryEntry>
  <workHistory/>
</biography>
