<?xml version="1.0" encoding="UTF-8"?>
<biography birthDate="Fujian Province, Fuqing City" fullName="Cao Dewang" displayName="Cao Dewang" nonEnglishName="" sex="male" nationality="Han">
  <bioText>Cao Dewang, male, Han nationality, is a native of Fuqing, Fujian Province. He is educated through junior middle school. Cao's company, the Fuyao Glass Industry Group, produces glass used in automobiles. His company is listed on the Shanghai Securities Exchange market and was one of the first non-public Sino-foreign joint ventures listed. A chairman of both the China Automobile Glass Association and the Fujian Golf Players' Association, Cao is a special government economic researcher. In addition, he is a member of the Fujian provincial committee of the CPPCC.</bioText>
  <posts>
    <post description="Chairman of the Board of Directors, Chief Executive and President of Fuyao Glass Industry Group Company Limited"/>
  </posts>
  <birthLocations/>
  <workHistoryEntry startDate="">
    <workRoles>
      <workRole role="Chief Executive"/>
      <workRole institution="Fuyao Glass Industry Group Company"/>
    </workRoles>
  </workHistoryEntry>
  <workHistoryEntry startDate="">
    <workRoles>
      <workRole role="President"/>
      <workRole institution="Fuyao Glass Industry Group Company"/>
    </workRoles>
  </workHistoryEntry>
  <workHistory/>
</biography>
