<?xml version="1.0" encoding="UTF-8"?>
<biography birthDate="1955" fullName="Cao Jianming" displayName="Cao Jianming" nonEnglishName="" sex="male" nationality="Han">
  <bioText>Cao Jianming, male, Han nationality, is a native of Nantong, Jiangsu Province. He was born in 1955, entered the work force in 1972, joined the CPC in 1973, and obtained a postgraduate law degree from East China Politics and Law University in 1986. Cao has had profound achievements in the field of international law. He was once awarded honors such as "homecoming student that has outstanding contributions", "a young and middle-aged expert that has outstanding contributions of the national level", "one of the 10 outstanding legists in China", "one of the 10 talents in universities in Shanghai", and "one of the 10 outstanding youths in Shanghai", among others. He began to enjoy the special government subsidy of the State Council in 1992, and he was selected by the "1 million talents project of China" in 1997. Cao has spent most of his career at East China Politics and Law University, and he served as vice-president of the Supreme People's Procuratorate from 1999-2008. He became Procurator-General of the Supreme People's Procuratorate in 2008. Cao Jianming was an alternate member of the 16th CPC Central Committee and is a member of the 17th CPC Central Committee. In October 2010, he became Chairman of the International Federation of Anti-Corruption Bureau.</bioText>
  <posts>
    <post description="Member, 17th CPC, Central Committee"/>
    <post description="Procurator-General, Supreme People's Procuratorate"/>
    <post description="Chairman, International Federation of Anti-Corruption Bureau"/>
  </posts>
  <birthLocations>
    <birthLocation location="Jiangsu Province"/>
    <birthLocation location="Nantong City"/>
  </birthLocations>
  <workHistoryEntry startDate="2010">
    <workRoles>
      <workRole role="Chairman"/>
      <workRole institution="International Federation of Anti-Corruption Bureau"/>
    </workRoles>
  </workHistoryEntry>
  <workHistoryEntry startDate="2008">
    <workRoles>
      <workRole role="Procurator-General"/>
      <workRole institution="Supreme People's Procuratorate"/>
    </workRoles>
  </workHistoryEntry>
  <workHistoryEntry startDate="2008">
    <workRoles>
      <workRole role="Chairman"/>
      <workRole institution="Chinese Association of Prosecutors"/>
    </workRoles>
  </workHistoryEntry>
  <workHistoryEntry startDate="2007">
    <workRoles>
      <workRole role="Member"/>
      <workRole institution="17th CPC"/>
      <workRole institution="Central Committee"/>
    </workRoles>
  </workHistoryEntry>
  <workHistoryEntry startDate="2002" endDate="2008">
    <workRoles>
      <workRole role="Deputy Secretary"/>
      <workRole institution="Supreme People's Procuratorate"/>
      <workRole institution="CPC"/>
      <workRole institution="Leading Party Group"/>
    </workRoles>
  </workHistoryEntry>
  <workHistoryEntry startDate="2002" endDate="2007">
    <workRoles>
      <workRole role="Alternate Member"/>
      <workRole institution="16th CPC"/>
      <workRole institution="Central Committee"/>
    </workRoles>
  </workHistoryEntry>
  <workHistoryEntry startDate="1999" endDate="2002">
    <workRoles>
      <workRole role="President"/>
      <workRole institution="National Judges College"/>
      <workRole location="Beijing Municipality"/>
    </workRoles>
  </workHistoryEntry>
  <workHistoryEntry startDate="1999" endDate="2002">
    <workRoles>
      <workRole role="Member"/>
      <workRole institution="Supreme People's Procuratorate"/>
      <workRole institution="CPC"/>
      <workRole institution="Leading Party Group"/>
    </workRoles>
  </workHistoryEntry>
  <workHistoryEntry startDate="1999" endDate="2008">
    <workRoles>
      <workRole role="Vice-President"/>
      <workRole institution="Supreme People's Procuratorate"/>
    </workRoles>
  </workHistoryEntry>
  <workHistoryEntry startDate="">
    <workRoles>
      <workRole role="Vice-Chairman"/>
      <workRole institution="China Association of Judges"/>
    </workRoles>
  </workHistoryEntry>
  <workHistoryEntry startDate="1997" endDate="1999">
    <workRoles>
      <workRole role="President"/>
      <workRole institution="East China University of Political Science and Law"/>
      <workRole location="Shanghai Municipality"/>
    </workRoles>
  </workHistoryEntry>
  <workHistoryEntry startDate="1995" endDate="1999">
    <workRoles>
      <workRole role="Deputy Secretary"/>
      <workRole institution="East China University of Political Science and Law"/>
      <workRole institution="CPC"/>
      <workRole institution="Party Committee"/>
      <workRole location="Shanghai Municipality"/>
    </workRoles>
  </workHistoryEntry>
  <workHistoryEntry startDate="1995" endDate="1997">
    <workRoles>
      <workRole role="Vice-President"/>
      <workRole institution="East China University of Political Science and Law"/>
      <workRole location="Shanghai Municipality"/>
    </workRoles>
  </workHistoryEntry>
  <workHistoryEntry startDate="1986" endDate="1995">
    <workRoles>
      <workRole role="Dean"/>
      <workRole institution="East China University of Political Science and Law"/>
      <workRole institution="International Law Department"/>
      <workRole location="Shanghai Municipality"/>
    </workRoles>
  </workHistoryEntry>
  <workHistoryEntry startDate="1986" endDate="1995">
    <workRoles>
      <workRole role="Professor"/>
      <workRole institution="East China University of Political Science and Law"/>
      <workRole institution="International Law Department"/>
      <workRole location="Shanghai Municipality"/>
    </workRoles>
  </workHistoryEntry>
  <workHistoryEntry startDate="1986">
    <workRoles>
      <workRole role="Awarded Grade 2 Judge Certificate"/>
      <workRole institution="East China University of Political Science and Law"/>
      <workRole location="Shanghai Municipality"/>
    </workRoles>
  </workHistoryEntry>
  <workHistoryEntry startDate="1986" endDate="1995">
    <workRoles>
      <workRole role="Lecturer"/>
      <workRole institution="East China University of Political Science and Law"/>
      <workRole institution="International Law Department"/>
      <workRole location="Shanghai Municipality"/>
    </workRoles>
  </workHistoryEntry>
  <workHistoryEntry startDate="1983" endDate="1986">
    <workRoles>
      <workRole role="Postgraduate Student"/>
      <workRole institution="East China University of Political Science and Law"/>
      <workRole institution="International Law Department"/>
      <workRole location="Shanghai Municipality"/>
    </workRoles>
  </workHistoryEntry>
  <workHistoryEntry startDate="1979" endDate="1983">
    <workRoles>
      <workRole role="Student"/>
      <workRole institution="East China University of Political Science and Law"/>
      <workRole institution="Law Department"/>
      <workRole location="Shanghai Municipality"/>
    </workRoles>
  </workHistoryEntry>
  <workHistoryEntry startDate="1975">
    <workRoles>
      <workRole role="Joined"/>
      <workRole institution="CPC"/>
    </workRoles>
  </workHistoryEntry>
  <workHistoryEntry startDate="1975" endDate="1979">
    <workRoles>
      <workRole role="Supervisor"/>
      <workRole institution="Public Health Department"/>
      <workRole location="Shanghai Municipality"/>
    </workRoles>
  </workHistoryEntry>
  <workHistory/>
</biography>
