<?xml version="1.0" encoding="UTF-8"?>
<biography birthDate="1958" fullName="Cao Weixing" displayName="Cao Weixing" nonEnglishName="" sex="male" nationality="Han Nationality">
  <bioText>Cao Weixing, male, Han Nationality, was born in 1958, is a native of Nantong County of Jiangsu Province. Doctor Degree of Agronomy. Member of China Democratic League. Began to work in 1985, and joined the CPC in 1998. Now he is Vice Governor of Jiangsu Province.</bioText>
  <posts>
    <post description="Vice-Governor, People's Government, Jiangsu Province"/>
  </posts>
  <birthLocations>
    <birthLocation location="Jiangsu Province"/>
    <birthLocation location="Nantong City"/>
  </birthLocations>
  <workHistoryEntry startDate="2009">
    <workRoles>
      <workRole role="Vice-Governor"/>
      <workRole institution="People's Government"/>
      <workRole location="Jiangsu Province"/>
    </workRoles>
  </workHistoryEntry>
  <workHistoryEntry startDate="2002" endDate="2009">
    <workRoles>
      <workRole role="Chairman"/>
      <workRole institution="China Democratic League"/>
      <workRole institution="Provincial Committee"/>
      <workRole location="Jiangsu Province"/>
    </workRoles>
  </workHistoryEntry>
  <workHistoryEntry startDate="2002" endDate="2009">
    <workRoles>
      <workRole role="Member"/>
      <workRole institution="China Democratic League"/>
      <workRole institution="Central Committee"/>
      <workRole institution="Standing Committee"/>
    </workRoles>
  </workHistoryEntry>
  <workHistoryEntry startDate="2002" endDate="2009">
    <workRoles>
      <workRole role="Vice-Chairman"/>
      <workRole institution="CPPCC"/>
      <workRole institution="Provincial Committee"/>
      <workRole location="Jiangsu Province"/>
    </workRoles>
  </workHistoryEntry>
  <workHistoryEntry startDate="2001" endDate="2002">
    <workRoles>
      <workRole role="Vice-Chair"/>
      <workRole institution="China Democratic League"/>
      <workRole institution="Provincial Committee"/>
      <workRole location="Jiangsu Province"/>
    </workRoles>
  </workHistoryEntry>
  <workHistoryEntry startDate="2001" endDate="2009">
    <workRoles>
      <workRole role="Vice-President"/>
      <workRole institution="Nanjing Agricultural University"/>
      <workRole location="Jiangsu Province"/>
      <workRole location="Nanjing City"/>
    </workRoles>
  </workHistoryEntry>
  <workHistoryEntry startDate="1997" endDate="2001">
    <workRoles>
      <workRole role="President Assistant"/>
      <workRole institution="Nanjing Agricultural University"/>
      <workRole location="Jiangsu Province"/>
      <workRole location="Nanjing City"/>
    </workRoles>
  </workHistoryEntry>
  <workHistoryEntry startDate="1989" endDate="1994">
    <workRoles>
      <workRole role="Postdoctoral Student"/>
      <workRole institution="University of Wisconsin"/>
      <workRole location="USA"/>
      <workRole location="Wisconsin"/>
      <workRole location="Madison"/>
    </workRoles>
  </workHistoryEntry>
  <workHistoryEntry startDate="1989" endDate="1994">
    <workRoles>
      <workRole role="Scientist"/>
      <workRole institution="University of Wisconsin"/>
      <workRole location="USA"/>
      <workRole location="Wisconsin"/>
      <workRole location="Madison"/>
    </workRoles>
  </workHistoryEntry>
  <workHistory/>
</biography>
