<?xml version="1.0" encoding="UTF-8"?>
<biography fullName="Cao Lihuai" displayName="Cao Lihuai" nonEnglishName="" sex="male" nationality="Han">
  <bioText>Cao Lihuai, male, Han nationality, is a native of Zixing County, Hunan Province. He was born in 1909, and joined the CPC in 1928. He was awarded the lieutenant general in 1955 and he was a member of 9th, 10th, 11th CPC Central Committee. He was died in 1998.</bioText>
  <posts>
    <post description="Member, 10th CPC Central Committee"/>
  </posts>
  <birthLocations/>
  <workHistoryEntry startDate="1977" endDate="1982">
    <workRoles>
      <workRole role="Member"/>
      <workRole institution="11th CPC"/>
      <workRole institution="Central Committee"/>
    </workRoles>
  </workHistoryEntry>
  <workHistoryEntry startDate="1973" endDate="1977">
    <workRoles>
      <workRole role="Member"/>
      <workRole institution="10th CPC"/>
      <workRole institution="Central Committee"/>
    </workRoles>
  </workHistoryEntry>
  <workHistoryEntry startDate="1969" endDate="1973">
    <workRoles>
      <workRole role="Member"/>
      <workRole institution="9th CPC"/>
      <workRole institution="Central Committee"/>
    </workRoles>
  </workHistoryEntry>
  <workHistory/>
</biography>
