<?xml version="1.0" encoding="UTF-8"?>
<biography birthDate="Indonesia, Sishui" fullName="Cao Qigong" displayName="Cao Qigong" nonEnglishName="" sex="male" nationality="Han">
  <bioText>Cao Qigong, male, Han nationality is a native of Sishui, Indonesia, although his family is native to Quanzhou, Fujian Province. He graduated from Harbin Industrial University in 1956. Cai Qigong is an expert on metal physics and fracture mechanics and has been engaged in the research on the relation between metal structures and mechanical properties. He took the lead in introducing linear elastic fracture mechanics at the end of the 1960s and contributed to the successful trial production of merging steel of excessively high strength used for shells. Cai is also the author of the thesis "Analysis of Crack Stretch Displacement in High Strain Area" which was announced at the International Jointing Annual Conference in 1978, which clarified the confusion on the wide board break experiment and tolerance analysis of cracks in high strain areas.</bioText>
  <posts>
    <post description="Expert on Metal Physics and Fracture Mechanics"/>
  </posts>
  <birthLocations/>
  <workHistoryEntry startDate="1980">
    <workRoles>
      <workRole role="Academician"/>
      <workRole institution="Chinese Academy of Sciences"/>
    </workRoles>
  </workHistoryEntry>
  <workHistoryEntry startDate="">
    <workRoles>
      <workRole role="Senior Engineer"/>
      <workRole institution="National Metallurgical Industry Bureau"/>
      <workRole institution="Steel Research Institute"/>
    </workRoles>
  </workHistoryEntry>
  <workHistoryEntry startDate="1956">
    <workRoles>
      <workRole role="Graduate"/>
      <workRole institution="Harbin Industrial University"/>
      <workRole location="Heilongjiang Province"/>
      <workRole location="Harbin City"/>
    </workRoles>
  </workHistoryEntry>
  <workHistory/>
</biography>
