<?xml version="1.0" encoding="UTF-8"?>
<biography birthDate="1941" fullName="Cao Yong" displayName="Cao Yong" nonEnglishName="" sex="male" nationality="Han">
  <bioText>Cao Yong, male, Han nationality, is a native of Changsha, Hunan Province. He was born in 1941, graduated from Leningrad University in the former Soviet Union in 1965, and obtained a doctorate from Tokyo University in Japan in 1987. Cao Yong is among the earliest group of scientists that engaged in macromolecule study. Coordinating with other scientists, he has successfully synthesized polyethylene with a new structure and shape from rare-earth catalysts. Cao also put forward the concept of "inductivity and processing of negative ion", thus solving the problem of co-existing super-conductions and processing of macromolecules. Cao is a macromolecule chemist and a member of the Chinese Academy of Sciences.</bioText>
  <posts>
    <post description="Macromolecule Chemist, Member of the Chinese Academy of Sciences"/>
  </posts>
  <birthLocations>
    <birthLocation location="Hunan Province"/>
    <birthLocation location="Changsha City"/>
  </birthLocations>
  <workHistoryEntry startDate="2001">
    <workRoles>
      <workRole role="Academician"/>
      <workRole institution="Chinese Academy of Sciences"/>
    </workRoles>
  </workHistoryEntry>
  <workHistoryEntry startDate="">
    <workRoles>
      <workRole role="Director"/>
      <workRole institution="Southern China Technology University"/>
      <workRole institution="Macromolecule Photoelectric and Appliance Institute"/>
      <workRole location="Jiangxi Province"/>
    </workRoles>
  </workHistoryEntry>
  <workHistoryEntry startDate="">
    <workRoles>
      <workRole role="Professor"/>
      <workRole institution="Southern China Technology University"/>
      <workRole location="Jiangxi Province"/>
    </workRoles>
  </workHistoryEntry>
  <workHistoryEntry startDate="1987">
    <workRoles>
      <workRole role="Graduate"/>
      <workRole institution="University of Tokyo"/>
      <workRole location="Japan"/>
      <workRole location="Tokyo"/>
    </workRoles>
  </workHistoryEntry>
  <workHistoryEntry startDate="1965">
    <workRoles>
      <workRole role="Graduate"/>
      <workRole institution="St. Petersburg State University"/>
      <workRole institution="Chemistry Department"/>
      <workRole location="Russia"/>
      <workRole location="St. Petersburg"/>
    </workRoles>
  </workHistoryEntry>
  <workHistory/>
</biography>
