<?xml version="1.0" encoding="UTF-8"?>
<biography birthDate="1949" fullName="Cao Xinghe" displayName="Cao Xinghe" nonEnglishName="" sex="male" nationality="Han">
  <bioText>Cao Xinghe, male, Han nationality, is a native of Tianjin. He was born in 1949, and received his master's degree in business administration from the Capital University of Economics and Business in China. He has 30 years experience in the oil industry and previously worked in China's Shengli and Dagang oilfields. He was elected vice-president of the China National Offshore Oil Corporation in 2004.</bioText>
  <posts>
    <post description="Vice-President of the China National Offshore Oil Corporation, Vice-Chairman of China Petroleum and Chemical Industry Association"/>
  </posts>
  <birthLocations>
    <birthLocation location="Tianjin Municipality"/>
  </birthLocations>
  <workHistoryEntry startDate="">
    <workRoles>
      <workRole role="Vice-Chairman"/>
      <workRole institution="China Petroleum and Chemical Industry Association"/>
    </workRoles>
  </workHistoryEntry>
  <workHistoryEntry startDate="2004">
    <workRoles>
      <workRole role="Vice-President"/>
      <workRole institution="China National Offshore Oil Corporation (CNOOC)"/>
    </workRoles>
  </workHistoryEntry>
  <workHistoryEntry startDate="2004">
    <workRoles>
      <workRole role="Member"/>
      <workRole institution="China National Offshore Oil Corporation (CNOOC)"/>
      <workRole institution="CPC"/>
      <workRole institution="Leading Party Group"/>
    </workRoles>
  </workHistoryEntry>
  <workHistoryEntry startDate="2003" endDate="2004">
    <workRoles>
      <workRole role="Assistant President"/>
      <workRole institution="China National Offshore Oil Corporation (CNOOC)"/>
    </workRoles>
  </workHistoryEntry>
  <workHistoryEntry startDate="1999" endDate="2003">
    <workRoles>
      <workRole role="General Manager"/>
      <workRole institution="China National Offshore Oil Corporation"/>
      <workRole institution="Bohai Corporation"/>
    </workRoles>
  </workHistoryEntry>
  <workHistoryEntry startDate="1996" endDate="1999">
    <workRoles>
      <workRole role="Deputy General Manager"/>
      <workRole institution="China National Offshore Oil Corporation"/>
      <workRole institution="Bohai Corporation"/>
    </workRoles>
  </workHistoryEntry>
  <workHistoryEntry startDate="1970" endDate="1996">
    <workRoles>
      <workRole role="Grass Roots Leader"/>
      <workRole institution="China National Offshore Oil Corporation"/>
      <workRole institution="Bohai Corporation"/>
    </workRoles>
  </workHistoryEntry>
  <workHistoryEntry startDate="">
    <workRoles>
      <workRole role="Graduate"/>
      <workRole institution="Capital University of Economics and Business"/>
      <workRole location="Beijing Municipality"/>
    </workRoles>
  </workHistoryEntry>
  <workHistory/>
</biography>
