<?xml version="1.0" encoding="UTF-8"?>
<biography birthDate="1945" fullName="Cao Xianghong" displayName="Cao Xianghong" nonEnglishName="" sex="male" nationality="Han">
  <bioText>Cao Xianghong, male, Han nationality, graduated from Nanjing Petroleum and Chemical Institute in 1967, majoring in macromolecule. He is a senior engineer. Cao has more than 30 years of petroleum industry management in China. From 1984 to 1997, he was deputy general manager and general engineer of Beijing Yanshan Petroleum Corporation. He has served as general manager and chairman of Beijing Yanshan Petroleum Company Limited. Cao also was the chairman of Beijing Yanshan Petroleum Stocks Company Limited from 1997 to 2000. He is an academician at the China Academy of Engineering.</bioText>
  <posts>
    <post description="Academician of the China Academy of Engineering"/>
  </posts>
  <birthLocations>
    <birthLocation location="Jiangsu Province"/>
  </birthLocations>
  <workHistoryEntry startDate="1999">
    <workRoles>
      <workRole role="Academician"/>
      <workRole institution="Chinese Academy of Engineering"/>
    </workRoles>
  </workHistoryEntry>
  <workHistoryEntry startDate="1997" endDate="2000">
    <workRoles>
      <workRole role="Chairman"/>
      <workRole institution="Beijing Yanshan Petrochemical Corp."/>
      <workRole location="Beijing Municipality"/>
    </workRoles>
  </workHistoryEntry>
  <workHistoryEntry startDate="1984" endDate="1997">
    <workRoles>
      <workRole role="Deputy General Manager"/>
      <workRole institution="Beijing Yanshan Petrochemical Corp."/>
    </workRoles>
  </workHistoryEntry>
  <workHistoryEntry startDate="1984" endDate="1997">
    <workRoles>
      <workRole role="Engineer"/>
      <workRole institution="Beijing Yanshan Petrochemical Corp."/>
    </workRoles>
  </workHistoryEntry>
  <workHistory/>
</biography>
