<?xml version="1.0" encoding="UTF-8"?>
<biography birthDate="1941" fullName="Cao Bochun" displayName="Cao Bochun" nonEnglishName="" sex="male" nationality="Han">
  <bioText>Cao Bochun, male, Han nationality, is a native of Zhuzhou, Hunan Province. He was born in 1941, graduated from Zhuzhou School of Aeronautical Industry, and joined the CPC in 1966. Trained in aeronautical engineering, Cao early worked in aircraft and other military factories in Jiangnan. Later he became vice-governor of Hunan Province, then deputy secretary of the CPC Liaoning Provincial Committee. In the late 1990s, he was secretary of the CPC Guangxi Zhuang Regional Committee. Cao was a member of 15th CPC Central Committee. He is a member of the 16th CPC Central Committee. In 2006, Cao became deputy director of the Environment and Resources Protection Committee of the NPC.</bioText>
  <posts>
    <post description="Deputy Director, 10th Environmental and Resources Protection Committee of the NPC"/>
  </posts>
  <birthLocations>
    <birthLocation location="Hunan Province"/>
    <birthLocation location="Zhuzhou City"/>
  </birthLocations>
  <workHistoryEntry startDate="2006">
    <workRoles>
      <workRole role="Deputy Director"/>
      <workRole institution="10th Environmental and Resources Protection Committee of the NPC"/>
    </workRoles>
  </workHistoryEntry>
  <workHistoryEntry startDate="2002" endDate="2007">
    <workRoles>
      <workRole role="Member"/>
      <workRole institution="16th CPC"/>
      <workRole institution="Central Committee"/>
    </workRoles>
  </workHistoryEntry>
  <workHistoryEntry startDate="2002" endDate="2006">
    <workRoles>
      <workRole role="Chairman"/>
      <workRole institution="Autonomous Regional People's Congress"/>
      <workRole institution="Standing Committee"/>
      <workRole location="Guangxi Zhuang Autonomous Region"/>
    </workRoles>
  </workHistoryEntry>
  <workHistoryEntry startDate="1997">
    <workRoles>
      <workRole role="Secretary"/>
      <workRole institution="CPC"/>
      <workRole institution="Autonomous Regional Committee"/>
      <workRole location="Guangxi Zhuang Autonomous Region"/>
    </workRoles>
  </workHistoryEntry>
  <workHistoryEntry startDate="1997" endDate="2002">
    <workRoles>
      <workRole role="Member"/>
      <workRole institution="15th CPC"/>
      <workRole institution="Central Committee"/>
    </workRoles>
  </workHistoryEntry>
  <workHistoryEntry startDate="1992" endDate="1995">
    <workRoles>
      <workRole role="Secretary"/>
      <workRole institution="CPC"/>
      <workRole institution="City Committee"/>
      <workRole location="Liaoning Province"/>
      <workRole location="Dalian City"/>
    </workRoles>
  </workHistoryEntry>
  <workHistoryEntry startDate="1992" endDate="1997">
    <workRoles>
      <workRole role="Deputy Secretary"/>
      <workRole institution="CPC"/>
      <workRole institution="Provincial Committee"/>
      <workRole location="Liaoning Province"/>
    </workRoles>
  </workHistoryEntry>
  <workHistoryEntry startDate="1992" endDate="1997">
    <workRoles>
      <workRole role="Alternate Member"/>
      <workRole institution="14th CPC"/>
      <workRole institution="Central Committee"/>
    </workRoles>
  </workHistoryEntry>
  <workHistoryEntry startDate="1991" endDate="1992">
    <workRoles>
      <workRole role="Vice-Governor"/>
      <workRole institution="People's Government"/>
      <workRole location="Hunan Province"/>
    </workRoles>
  </workHistoryEntry>
  <workHistoryEntry startDate="1990" endDate="1991">
    <workRoles>
      <workRole role="Secretary"/>
      <workRole institution="CPC"/>
      <workRole institution="City Committee"/>
      <workRole location="Hunan Province"/>
      <workRole location="Xiangtan City"/>
    </workRoles>
  </workHistoryEntry>
  <workHistoryEntry startDate="1984" endDate="1990">
    <workRoles>
      <workRole role="Secretary"/>
      <workRole institution="CPC"/>
      <workRole institution="City Committee"/>
      <workRole location="Hunan Province"/>
      <workRole location="Zhuzhou City"/>
    </workRoles>
  </workHistoryEntry>
  <workHistoryEntry startDate="1983" endDate="1984">
    <workRoles>
      <workRole role="Deputy Secretary"/>
      <workRole institution="CPC"/>
      <workRole institution="City Committee"/>
      <workRole institution="Publicity Department"/>
      <workRole location="Hunan Province"/>
      <workRole location="Zhuzhou City"/>
    </workRoles>
  </workHistoryEntry>
  <workHistoryEntry startDate="1981" endDate="1983">
    <workRoles>
      <workRole role="Deputy Chief"/>
      <workRole institution="No. 331 Factory"/>
    </workRoles>
  </workHistoryEntry>
  <workHistoryEntry startDate="1976" endDate="1981">
    <workRoles>
      <workRole role="Director"/>
      <workRole institution="No. 331 Factory"/>
      <workRole institution="Political Department"/>
    </workRoles>
  </workHistoryEntry>
  <workHistoryEntry startDate="1972" endDate="1976">
    <workRoles>
      <workRole role="Deputy Chief"/>
      <workRole institution="No. 331 Factory"/>
      <workRole institution="Aircraft Engine Factory"/>
      <workRole institution="Political Division"/>
      <workRole location="Zhejiang Province"/>
      <workRole location="Jiangnan"/>
    </workRoles>
  </workHistoryEntry>
  <workHistoryEntry startDate="1968" endDate="1972">
    <workRoles>
      <workRole role="Technician"/>
    </workRoles>
  </workHistoryEntry>
  <workHistoryEntry startDate="1966">
    <workRoles>
      <workRole role="Joined"/>
      <workRole institution="CPC"/>
    </workRoles>
  </workHistoryEntry>
  <workHistoryEntry startDate="1963" endDate="1968">
    <workRoles>
      <workRole role="Teacher"/>
      <workRole institution="Zhuzhou School of Aeronautical Industry"/>
      <workRole location="Hunan Province"/>
      <workRole location="Zhuzhou City"/>
    </workRoles>
  </workHistoryEntry>
  <workHistoryEntry startDate="1958">
    <workRoles>
      <workRole role="Student"/>
      <workRole institution="Zhuzhou School of Aeronautical Industry"/>
      <workRole location="Hunan Province"/>
      <workRole location="Zhuzhou City"/>
    </workRoles>
  </workHistoryEntry>
  <workHistory/>
</biography>
