<?xml version="1.0" encoding="UTF-8"?>
<biography birthDate="1930" fullName="Cao Chunan" displayName="Cao Chunan" nonEnglishName="" sex="male" nationality="Han">
  <bioText>Cao Chunan, male, Han nationality, is a native of Changshu, Jiangsu Province. He graduated from Tongji University in 1952. Cao Chunan is a leader in the corrosive electrochemical field in China. His work "Principle of Corrosive Electrochemistry" addresses the special laws of corrosive electrochemistry from such aspects as equilibrium thermodynamics, irreversible process thermodynamics, electrode process dynamics of multi-electrode system and multi-reaction coupling system. Cao has studied statistical distribution of the deepest corrosive hole depth and statistical deduction of average density of corrosive active points. He deduced the probability formula and spectrum power density equation of electrochemical noise. Cao is an expert on corrosion science and electrochemistry.</bioText>
  <posts>
    <post description="Expert on Corrosion Science and Electrochemistry"/>
  </posts>
  <birthLocations>
    <birthLocation location="Jiangsu Province"/>
    <birthLocation location="Changshu"/>
  </birthLocations>
  <workHistoryEntry startDate="1994">
    <workRoles>
      <workRole role="Professor"/>
      <workRole institution="Zhejiang University"/>
      <workRole location="Zhejiang Province"/>
    </workRoles>
  </workHistoryEntry>
  <workHistoryEntry startDate="1991">
    <workRoles>
      <workRole role="Academician"/>
      <workRole institution="Chinese Academy of Sciences"/>
    </workRoles>
  </workHistoryEntry>
  <workHistoryEntry startDate="1952">
    <workRoles>
      <workRole role="Graduate"/>
      <workRole institution="Tongji University"/>
      <workRole location="Shanghai Municipality"/>
    </workRoles>
  </workHistoryEntry>
  <workHistory/>
</biography>
