<?xml version="1.0" encoding="UTF-8"?>
<biography birthDate="1956" fullName="Cao Guoxing" displayName="Cao Guoxing" nonEnglishName="" sex="male" nationality="Han">
  <bioText>Cao Guoxing, male, Han nationality, was born in 1956, and graduated from Beijing University of Aeronautics and Astronautics with a doctorate in information engineering. Cao is the co-founder of Beijing Changyi Information Technologies Company and under his leadership, Changyi has made considerable progress over the past ten years. In 2000, he co-founded Beijing Business United Data Company with an international risk foundation to enter into the e-commerce field. The company has been operating the largest specialized data platform for the Internet Merchants World of 3rd Party Supply Chains in China's circulation industry, (www.13911.com), and has acquired thousands of clients. With his extensive experience in the circulation industry, Cao has perspective on the growth of China's circulation industry. He is experienced in SP, BPR and MR solutions and he has helped more than 100 businesses in the circulation industry to complete restructuring and IT construction. Cao Guoxing is chairman of the board of Beijing Changyi Information Technologies Company Limited.</bioText>
  <posts>
    <post description="Chairman of the Board of Beijing Changyi Information Technologies Company Limited"/>
  </posts>
  <birthLocations/>
  <workHistoryEntry startDate="1992">
    <workRoles>
      <workRole role="Chairman of the Board"/>
      <workRole institution="Beijing Changyi Information Technologies Company Limited"/>
      <workRole location="Beijing Municipality"/>
    </workRoles>
  </workHistoryEntry>
  <workHistory/>
</biography>
