<?xml version="1.0" encoding="UTF-8"?>
<biography birthDate="1932" fullName="Cao Qingze" displayName="Cao Qingze" nonEnglishName="" sex="male" nationality="Han">
  <bioText>Cao Qingze, male, Han nationality, is a native of Lixian County, Hunan Province but his career history is laid largely in Sichuan Province. He was born in 1932. At age 20, he became Secretary of the CPC 10th District Committee and from there worked his way up through positions in the Party and the agricultural sector in Sichuan until, in 1980, he spent a year at the CPC Central Committee Party School in Beijing. Returning to Sichuan, he served four years as deputy secretary-general of the provincial government. In 1985, Cao became deputy secretary of the CPC Sichuan Provincial Commission for Discipline Inspection as well as a member of the standing committee of the CPC Sichuan Provincial Committee. By 1989, Cao had moved to center stage, becoming a member of the standing committee of the CPC Central Commission for Discipline Inspection, a position to which he was re-elected in 1992 and 1997. From 1993 to 1998, Cao was Minister of Supervision. Since 1992, he has been a deputy secretary of the CPC Central Commission for Discipline Inspection.</bioText>
  <posts>
    <post description="Deputy Secretary of the 15th CPC Central Commission for Discipline Inspection"/>
  </posts>
  <birthLocations>
    <birthLocation location="Hunan Province"/>
    <birthLocation location="Lixian County"/>
  </birthLocations>
  <workHistoryEntry startDate="1997" endDate="2002">
    <workRoles>
      <workRole role="Member"/>
      <workRole institution="15th CPC"/>
      <workRole institution="Central Committee"/>
      <workRole institution="Central Commission for Discipline Inspection"/>
    </workRoles>
  </workHistoryEntry>
  <workHistoryEntry startDate="1997" endDate="2002">
    <workRoles>
      <workRole role="Member"/>
      <workRole institution="15th CPC"/>
      <workRole institution="Central Committee"/>
      <workRole institution="Central Commission for Discipline Inspection"/>
      <workRole institution="Standing Committee"/>
    </workRoles>
  </workHistoryEntry>
  <workHistoryEntry startDate="1997" endDate="2002">
    <workRoles>
      <workRole role="Deputy Secretary"/>
      <workRole institution="15th CPC"/>
      <workRole institution="Central Committee"/>
      <workRole institution="Central Commission for Discipline Inspection"/>
    </workRoles>
  </workHistoryEntry>
  <workHistoryEntry startDate="1993" endDate="1998">
    <workRoles>
      <workRole role="Minister"/>
      <workRole institution="Ministry of Supervision"/>
    </workRoles>
  </workHistoryEntry>
  <workHistoryEntry startDate="1992" endDate="1997">
    <workRoles>
      <workRole role="Member"/>
      <workRole institution="14th CPC"/>
      <workRole institution="Central Committee"/>
      <workRole institution="Central Commission for Discipline Inspection"/>
    </workRoles>
  </workHistoryEntry>
  <workHistoryEntry startDate="1992" endDate="1997">
    <workRoles>
      <workRole role="Member"/>
      <workRole institution="14th CPC"/>
      <workRole institution="Central Committee"/>
      <workRole institution="Central Commission for Discipline Inspection"/>
      <workRole institution="Standing Committee"/>
    </workRoles>
  </workHistoryEntry>
  <workHistoryEntry startDate="1992" endDate="1997">
    <workRoles>
      <workRole role="Deputy Secretary"/>
      <workRole institution="14th CPC"/>
      <workRole institution="Central Committee"/>
      <workRole institution="Central Commission for Discipline Inspection"/>
    </workRoles>
  </workHistoryEntry>
  <workHistoryEntry startDate="">
    <workRoles>
      <workRole role="Member"/>
      <workRole institution="CPC"/>
      <workRole institution="Provincial Committee"/>
      <workRole institution="Standing Committee"/>
      <workRole location="Sichuan Province"/>
    </workRoles>
  </workHistoryEntry>
  <workHistoryEntry startDate="">
    <workRoles>
      <workRole role="Secretary"/>
      <workRole institution="CPC"/>
      <workRole institution="Provincial Committee"/>
      <workRole institution="Commission for Discipline Inspection"/>
      <workRole location="Sichuan Province"/>
    </workRoles>
  </workHistoryEntry>
  <workHistoryEntry startDate="1987" endDate="1992">
    <workRoles>
      <workRole role="Member"/>
      <workRole institution="13th CPC"/>
      <workRole institution="Central Committee"/>
      <workRole institution="Central Commission for Discipline Inspection"/>
    </workRoles>
  </workHistoryEntry>
  <workHistoryEntry startDate="1985" endDate="1992">
    <workRoles>
      <workRole role="Deputy Secretary"/>
      <workRole institution="CPC"/>
      <workRole institution="Provincial Committee"/>
      <workRole institution="Commission for Discipline Inspection"/>
      <workRole location="Sichuan Province"/>
    </workRoles>
  </workHistoryEntry>
  <workHistoryEntry startDate="1981" endDate="1985">
    <workRoles>
      <workRole role="Deputy Secretary-General"/>
      <workRole institution="People's Government"/>
      <workRole location="Sichuan Province"/>
    </workRoles>
  </workHistoryEntry>
  <workHistoryEntry startDate="1980" endDate="1981">
    <workRoles>
      <workRole role="Trainee"/>
      <workRole institution="CPC"/>
      <workRole institution="Central Committee"/>
      <workRole institution="Central Party School"/>
    </workRoles>
  </workHistoryEntry>
  <workHistoryEntry startDate="1978" endDate="1980">
    <workRoles>
      <workRole role="Deputy Director"/>
      <workRole institution="Provincial Agricultural Office"/>
      <workRole location="Sichuan Province"/>
    </workRoles>
  </workHistoryEntry>
  <workHistoryEntry startDate="1978" endDate="1980">
    <workRoles>
      <workRole role="Deputy Head"/>
      <workRole institution="Cultural Revolution"/>
      <workRole institution="Revolutionary Committee"/>
      <workRole institution="Agricultural Group"/>
      <workRole location="Sichuan Province"/>
    </workRoles>
  </workHistoryEntry>
  <workHistoryEntry startDate="1966" endDate="1976">
    <workRoles>
      <workRole role="Staff Member"/>
      <workRole institution="Cultural Revolution"/>
      <workRole institution="Revolutionary Committee"/>
      <workRole location="Sichuan Province"/>
    </workRoles>
  </workHistoryEntry>
  <workHistoryEntry startDate="1955" endDate="1966">
    <workRoles>
      <workRole role="Staff Member"/>
      <workRole institution="CPC"/>
      <workRole institution="Provincial Committee"/>
      <workRole institution="Agricultural Department"/>
      <workRole location="Sichuan Province"/>
    </workRoles>
  </workHistoryEntry>
  <workHistoryEntry startDate="1952">
    <workRoles>
      <workRole role="Joined"/>
      <workRole institution="CPC"/>
    </workRoles>
  </workHistoryEntry>
  <workHistoryEntry startDate="">
    <workRoles>
      <workRole role="Clerical Staff"/>
      <workRole institution="CPC"/>
      <workRole institution="County Committee"/>
      <workRole institution="Organization Department"/>
      <workRole location="Sichuan Province"/>
      <workRole location="Liangping County"/>
    </workRoles>
  </workHistoryEntry>
  <workHistoryEntry startDate="1950" endDate="1955">
    <workRoles>
      <workRole role="Clerical Staff"/>
      <workRole institution="People's Government"/>
      <workRole institution="General Office"/>
      <workRole location="Sichuan Province"/>
      <workRole location="Liangping County"/>
    </workRoles>
  </workHistoryEntry>
  <workHistoryEntry startDate="1949">
    <workRoles>
      <workRole role="(Student, No. 3 Branch, PLA Military and Political College, 2nd Field Army)"/>
    </workRoles>
  </workHistoryEntry>
  <workHistory/>
</biography>
