<?xml version="1.0" encoding="UTF-8"?>
<biography fullName="Cao Siming" displayName="Cao Siming" nonEnglishName="" sex="male" nationality="Han">
  <bioText>Cao Siming, male, Han nationality, is a native of Henan Province. He was born in 1917 and joined the CPC in 1936. He was the political commissar of PLA Logistics Academy between 1981 and 1985. He was awarded as the major general in 1955, and was a member of 11th CPC Central Committee.</bioText>
  <posts>
    <post description="Alternate Member, 11th CPC Central Committee"/>
  </posts>
  <birthLocations/>
  <workHistoryEntry startDate="1977" endDate="1982">
    <workRoles>
      <workRole role="Alternate Member"/>
      <workRole institution="11th CPC"/>
      <workRole institution="Central Committee"/>
    </workRoles>
  </workHistoryEntry>
  <workHistory/>
</biography>
