<?xml version="1.0" encoding="UTF-8"?>
<biography birthDate="1926" fullName="Cao Chusheng" displayName="Cao Chusheng" nonEnglishName="" sex="male" nationality="Han">
  <bioText>Cao Chusheng, male, Han nationality, was born in 1926. He graduated from Shanghai Jiaotong University and is professor of hydraulic engineering at Tianjin University. He is academician of the Chinese Academy of Engineering. Cao's specialty is reinforced concrete and design and he has designed numerous dams and water conservancy projects. He edited the water conservancy section of Encyclopedia Sinica and compiled the chapter on dam engineering in "Chinese Water Conservancy."</bioText>
  <posts>
    <post description="Academician of the Chinese Academy of Engineering"/>
  </posts>
  <birthLocations/>
  <workHistoryEntry startDate="">
    <workRoles>
      <workRole role="Academician"/>
      <workRole institution="Chinese Academy of Engineering"/>
    </workRoles>
  </workHistoryEntry>
  <workHistoryEntry startDate="">
    <workRoles>
      <workRole role="Professor"/>
      <workRole institution="Tianjin University"/>
      <workRole institution="Hydraulic Engineering Department"/>
    </workRoles>
  </workHistoryEntry>
  <workHistoryEntry startDate="1948">
    <workRoles>
      <workRole role="Graduated,"/>
      <workRole institution="Jiaotong University"/>
      <workRole location="Shanghai Municipality"/>
    </workRoles>
  </workHistoryEntry>
  <workHistory/>
</biography>
