<?xml version="1.0" encoding="UTF-8"?>
<biography birthDate="1944" fullName="Cao Guangliang" displayName="Cao Guangliang" nonEnglishName="" sex="male" nationality="Han">
  <bioText>Cao Guangliang, male, Han nationality, is a native of Zhangqiu, Shandong province. He was born in 1944, joined the CPC in 1974, and graduated from the special training course of the cadre Party school of the provincial Party committee. He is a senior economist. He held leading posts at the tax bureau and finance office of Heilongjiang province. Cao Guangliang was appointed vice-president of the CPPCC Provincial Committee of Heilongjiang province in 2000. He resigned the position of Vice-president of CPPCC, Provincial Committee Heilongjiang Province in 2002.</bioText>
  <posts>
    <post description="Former Vice-President of the CPPCC Heilongjiang Provincial Committee"/>
  </posts>
  <birthLocations>
    <birthLocation location="Shandong Province"/>
    <birthLocation location="Zhangqiu County"/>
  </birthLocations>
  <workHistoryEntry startDate="2000" endDate="2002">
    <workRoles>
      <workRole role="Vice-President"/>
      <workRole institution="CPPCC"/>
      <workRole institution="Provincial Committee"/>
      <workRole location="Heilongjiang Province"/>
    </workRoles>
  </workHistoryEntry>
  <workHistoryEntry startDate="2000">
    <workRoles>
      <workRole role="Minister"/>
      <workRole institution="CPC"/>
      <workRole institution="Provincial Committee"/>
      <workRole institution="United Front Work Department"/>
      <workRole location="Heilongjiang Province"/>
    </workRoles>
  </workHistoryEntry>
  <workHistoryEntry startDate="1998" endDate="2003">
    <workRoles>
      <workRole role="Member"/>
      <workRole institution="9th CPPCC"/>
      <workRole institution="National Committee"/>
    </workRoles>
  </workHistoryEntry>
  <workHistoryEntry startDate="1997" endDate="2000">
    <workRoles>
      <workRole role="Deputy Secretary"/>
      <workRole institution="CPC"/>
      <workRole institution="City Committee"/>
      <workRole location="Heilongjiang Province"/>
      <workRole location="Harbin City"/>
    </workRoles>
  </workHistoryEntry>
  <workHistoryEntry startDate="1996" endDate="1997">
    <workRoles>
      <workRole role="Chief"/>
      <workRole institution="Taxation Bureau"/>
      <workRole institution="General Finance Office"/>
      <workRole location="Heilongjiang Province"/>
    </workRoles>
  </workHistoryEntry>
  <workHistoryEntry startDate="1996" endDate="1997">
    <workRoles>
      <workRole role="Assistant to Governor"/>
      <workRole institution="People's Government"/>
      <workRole location="Heilongjiang Province"/>
    </workRoles>
  </workHistoryEntry>
  <workHistoryEntry startDate="1994" endDate="1996">
    <workRoles>
      <workRole role="Chief"/>
      <workRole institution="Taxation Bureau"/>
      <workRole location="Heilongjiang Province"/>
    </workRoles>
  </workHistoryEntry>
  <workHistoryEntry startDate="1993" endDate="1994">
    <workRoles>
      <workRole role="Chief"/>
      <workRole institution="Taxation Bureau"/>
      <workRole institution="General Finance Office"/>
      <workRole location="Heilongjiang Province"/>
    </workRoles>
  </workHistoryEntry>
  <workHistoryEntry startDate="1992" endDate="1993">
    <workRoles>
      <workRole role="Deputy Chief"/>
      <workRole institution="Taxation Bureau"/>
      <workRole institution="General Finance Office"/>
      <workRole location="Heilongjiang Province"/>
    </workRoles>
  </workHistoryEntry>
  <workHistoryEntry startDate="1991" endDate="1991">
    <workRoles>
      <workRole role="Vice-Mayor"/>
      <workRole institution="People's Government"/>
      <workRole location="Heilongjiang Province"/>
      <workRole location="Maudanjiang"/>
    </workRoles>
  </workHistoryEntry>
  <workHistoryEntry startDate="1990" endDate="1992">
    <workRoles>
      <workRole role="Deputy Secretary"/>
      <workRole institution="CPC"/>
      <workRole institution="City Committee"/>
      <workRole location="Heilongjiang Province"/>
      <workRole location="Maudanjiang"/>
    </workRoles>
  </workHistoryEntry>
  <workHistoryEntry startDate="1985" endDate="1990">
    <workRoles>
      <workRole role="Deputy Chief"/>
      <workRole institution="Taxation Bureau"/>
      <workRole institution="General Finance Office"/>
      <workRole location="Heilongjiang Province"/>
    </workRoles>
  </workHistoryEntry>
  <workHistoryEntry startDate="1976" endDate="1985">
    <workRoles>
      <workRole role="Deputy Bureau Director"/>
      <workRole institution="Taxation Bureau"/>
      <workRole location="Heilongjiang Province"/>
    </workRoles>
  </workHistoryEntry>
  <workHistoryEntry startDate="1976" endDate="1985">
    <workRoles>
      <workRole role="Section Chief"/>
      <workRole institution="Taxation Bureau"/>
      <workRole location="Heilongjiang Province"/>
    </workRoles>
  </workHistoryEntry>
  <workHistoryEntry startDate="1976" endDate="1985">
    <workRoles>
      <workRole role="Vice Section Chief"/>
      <workRole institution="Taxation Bureau"/>
      <workRole location="Heilongjiang Province"/>
    </workRoles>
  </workHistoryEntry>
  <workHistoryEntry startDate="1971" endDate="1976">
    <workRoles>
      <workRole role="Clerk"/>
      <workRole institution="Finance Bureau"/>
      <workRole institution="General Office"/>
      <workRole location="Heilongjiang Province"/>
    </workRoles>
  </workHistoryEntry>
  <workHistoryEntry startDate="1969" endDate="1974">
    <workRoles>
      <workRole role="Worker"/>
      <workRole institution="Cultural Revolution"/>
      <workRole institution="May 7th Cadre School"/>
      <workRole location="Heilongjiang Province"/>
    </workRoles>
  </workHistoryEntry>
  <workHistoryEntry startDate="1964" endDate="1969">
    <workRoles>
      <workRole role="Clerk"/>
      <workRole institution="Taxation Bureau"/>
      <workRole institution="General Finance Office"/>
      <workRole location="Heilongjiang Province"/>
    </workRoles>
  </workHistoryEntry>
  <workHistory/>
</biography>
