<?xml version="1.0" encoding="UTF-8"?>
<biography birthDate="1935" fullName="Cao Gangchuan" displayName="Cao Gangchuan" nonEnglishName="" sex="male" nationality="Han">
  <bioText>Cao Gangchuan, male, Han nationality, is a native of Wugang, Henan Province. He was born in 1935, joined the PLA in 1954, and joined the CPC in 1956. He holds the military rank of general. Cao spent the early part of his career in the Military Affairs Department of the PLA. In 1996 he became minister of the Commission of Science, Technology and Industry for National Defense. In the late 1990's he held Party and senior management positions in the PLA's General Armament Department. Cao Gangchuan was a member of the 16th CPC Central Committee. He served as State Councilor of the State Council and Minister of the Ministry of National Defense from 2003-2008.</bioText>
  <posts>
    <post description="Former Minister of National Defense"/>
  </posts>
  <birthLocations>
    <birthLocation location="Henan Province"/>
    <birthLocation location="Wugang"/>
  </birthLocations>
  <workHistoryEntry startDate="2003" endDate="2008">
    <workRoles>
      <workRole role="Minister"/>
      <workRole institution="Ministry of National Defense"/>
    </workRoles>
  </workHistoryEntry>
  <workHistoryEntry startDate="2003" endDate="2008">
    <workRoles>
      <workRole role="State Councilor"/>
      <workRole institution="State Council"/>
    </workRoles>
  </workHistoryEntry>
  <workHistoryEntry startDate="2002" endDate="2007">
    <workRoles>
      <workRole role="Member"/>
      <workRole institution="16th CPC"/>
      <workRole institution="Central Committee"/>
      <workRole institution="Politburo"/>
    </workRoles>
  </workHistoryEntry>
  <workHistoryEntry startDate="2002" endDate="2007">
    <workRoles>
      <workRole role="Vice-Chairman"/>
      <workRole institution="16th CPC"/>
      <workRole institution="Central Committee"/>
      <workRole institution="Central Military Commission"/>
    </workRoles>
  </workHistoryEntry>
  <workHistoryEntry startDate="2002" endDate="2007">
    <workRoles>
      <workRole role="Member"/>
      <workRole institution="16th CPC"/>
      <workRole institution="Central Committee"/>
    </workRoles>
  </workHistoryEntry>
  <workHistoryEntry startDate="1998">
    <workRoles>
      <workRole role="Director"/>
      <workRole institution="PLA"/>
      <workRole institution="General Armaments Department"/>
    </workRoles>
  </workHistoryEntry>
  <workHistoryEntry startDate="1998" endDate="2002">
    <workRoles>
      <workRole role="Member"/>
      <workRole institution="15th CPC"/>
      <workRole institution="Central Committee"/>
      <workRole institution="Central Military Commission"/>
    </workRoles>
  </workHistoryEntry>
  <workHistoryEntry startDate="1998">
    <workRoles>
      <workRole role="Secretary"/>
      <workRole institution="PLA"/>
      <workRole institution="General Armaments Department"/>
      <workRole institution="CPC"/>
      <workRole institution="Party Committee"/>
    </workRoles>
  </workHistoryEntry>
  <workHistoryEntry startDate="1998">
    <workRoles>
      <workRole role="General"/>
      <workRole institution="PLA"/>
    </workRoles>
  </workHistoryEntry>
  <workHistoryEntry startDate="1997" endDate="2002">
    <workRoles>
      <workRole role="Member"/>
      <workRole institution="15th CPC"/>
      <workRole institution="Central Committee"/>
    </workRoles>
  </workHistoryEntry>
  <workHistoryEntry startDate="1996" endDate="1998">
    <workRoles>
      <workRole role="Minister"/>
      <workRole institution="State Administration for Science, Technology and Industry for National Defense (SASTIND)"/>
    </workRoles>
  </workHistoryEntry>
  <workHistoryEntry startDate="1993" endDate="1998">
    <workRoles>
      <workRole role="Lieutenant General"/>
      <workRole institution="PLA"/>
    </workRoles>
  </workHistoryEntry>
  <workHistoryEntry startDate="1992" endDate="1996">
    <workRoles>
      <workRole role="Deputy Chief"/>
      <workRole institution="PLA"/>
      <workRole institution="Headquarters of the General Staff"/>
    </workRoles>
  </workHistoryEntry>
  <workHistoryEntry startDate="1990" endDate="1992">
    <workRoles>
      <workRole role="Director"/>
      <workRole institution="Central Military Commission of the PRC"/>
      <workRole institution="Office of Military Trade"/>
    </workRoles>
  </workHistoryEntry>
  <workHistoryEntry startDate="1989" endDate="1990">
    <workRoles>
      <workRole role="Director"/>
      <workRole institution="PLA"/>
      <workRole institution="Headquarters of the General Staff"/>
      <workRole institution="Military Affairs Department"/>
    </workRoles>
  </workHistoryEntry>
  <workHistoryEntry startDate="1988" endDate="1993">
    <workRoles>
      <workRole role="Major General"/>
      <workRole institution="PLA"/>
    </workRoles>
  </workHistoryEntry>
  <workHistoryEntry startDate="1982" endDate="1989">
    <workRoles>
      <workRole role="Deputy Director"/>
      <workRole institution="PLA"/>
      <workRole institution="Headquarters of the General Staff"/>
      <workRole institution="Military Equipment Department"/>
    </workRoles>
  </workHistoryEntry>
  <workHistoryEntry startDate="1975" endDate="1982">
    <workRoles>
      <workRole role="Deputy Director"/>
      <workRole institution="PLA"/>
      <workRole institution="Headquarters of the General Staff"/>
      <workRole institution="Military Equipment Department"/>
      <workRole institution="General Planning Division"/>
    </workRoles>
  </workHistoryEntry>
  <workHistoryEntry startDate="1975" endDate="1982">
    <workRoles>
      <workRole role="Staff Officer"/>
      <workRole institution="PLA"/>
      <workRole institution="Headquarters of the General Staff"/>
      <workRole institution="Military Equipment Department"/>
      <workRole institution="General Planning Division"/>
    </workRoles>
  </workHistoryEntry>
  <workHistoryEntry startDate="1969" endDate="1975">
    <workRoles>
      <workRole role="Assistant"/>
      <workRole institution="PLA"/>
      <workRole institution="General Logistics Department"/>
      <workRole institution="Military Equipment Department"/>
      <workRole institution="Munitions Division"/>
    </workRoles>
  </workHistoryEntry>
  <workHistoryEntry startDate="1963" endDate="1969">
    <workRoles>
      <workRole role="Assistant"/>
      <workRole institution="PLA"/>
      <workRole institution="General Logistics Department"/>
      <workRole institution="Ordinance Department"/>
      <workRole institution="Ammunition Division"/>
    </workRoles>
  </workHistoryEntry>
  <workHistoryEntry startDate="1957" endDate="1963">
    <workRoles>
      <workRole role="Student"/>
    </workRoles>
  </workHistoryEntry>
  <workHistoryEntry startDate="1956" endDate="1956">
    <workRoles>
      <workRole role="Teacher"/>
      <workRole institution="No. 1 Ordnance Technical School"/>
    </workRoles>
  </workHistoryEntry>
  <workHistoryEntry startDate="1956">
    <workRoles>
      <workRole role="Joined"/>
      <workRole institution="CPC"/>
    </workRoles>
  </workHistoryEntry>
  <workHistoryEntry startDate="1956" endDate="1957">
    <workRoles>
      <workRole role="Student"/>
      <workRole institution="PLA Dalian Russian-Language School"/>
      <workRole location="Liaoning Province"/>
      <workRole location="Dalian City"/>
    </workRoles>
  </workHistoryEntry>
  <workHistoryEntry startDate="1954" endDate="1956">
    <workRoles>
      <workRole role="Student"/>
      <workRole institution="No. 1 Ordnance Technical School"/>
    </workRoles>
  </workHistoryEntry>
  <workHistoryEntry startDate="1954" endDate="1956">
    <workRoles>
      <workRole role="Student"/>
      <workRole institution="No. 3 Artillery Ordnance Technical School"/>
      <workRole location="Jiangsu Province"/>
      <workRole location="Nanjing City"/>
    </workRoles>
  </workHistoryEntry>
  <workHistoryEntry startDate="1954">
    <workRoles>
      <workRole role="Joined"/>
      <workRole institution="PLA"/>
    </workRoles>
  </workHistoryEntry>
  <workHistory/>
</biography>
