<?xml version="1.0" encoding="UTF-8"?>
<biography birthDate="1950" fullName="Cao Weixin" displayName="Cao Weixin" nonEnglishName="" sex="male" nationality="Han">
  <bioText>Cao Weixin, male, Han nationality, is a native of Jiaohe City, Jilin Province. He was born in 1950, entered the work force in 1968, and joined the CPC in 1971. He graduated from Beijing University of Chemical Technology in 1975. Since 2006, he is Secretary General of CPC Henan Provincial Committee. Since Jan. 2011, he is Deputy Director of Henan Provincial People's Congress Standing Committee.</bioText>
  <posts>
    <post description="Deputy Director, Provincial People's Congress, Standing Committee, Henan Province"/>
  </posts>
  <birthLocations>
    <birthLocation location="Jilin Province"/>
    <birthLocation location="Jiaohe City"/>
  </birthLocations>
  <workHistoryEntry startDate="2011">
    <workRoles>
      <workRole role="Deputy Director"/>
      <workRole institution="Provincial People's Congress"/>
      <workRole institution="Standing Committee"/>
      <workRole location="Henan Province"/>
    </workRoles>
  </workHistoryEntry>
  <workHistoryEntry startDate="2006">
    <workRoles>
      <workRole role="Secretary-General"/>
      <workRole institution="CPC"/>
      <workRole institution="Provincial Committee"/>
      <workRole location="Henan Province"/>
    </workRoles>
  </workHistoryEntry>
  <workHistoryEntry startDate="2006">
    <workRoles>
      <workRole role="Member"/>
      <workRole institution="CPC"/>
      <workRole institution="City Committee"/>
      <workRole location="Henan Province"/>
    </workRoles>
  </workHistoryEntry>
  <workHistoryEntry startDate="2003" endDate="2008">
    <workRoles>
      <workRole role="Member"/>
      <workRole institution="10th CPPCC"/>
      <workRole institution="National Committee"/>
    </workRoles>
  </workHistoryEntry>
  <workHistoryEntry startDate="2003" endDate="2006">
    <workRoles>
      <workRole role="Vice-Chairman"/>
      <workRole institution="CPPCC"/>
      <workRole institution="Provincial Committee"/>
      <workRole location="Henan Province"/>
    </workRoles>
  </workHistoryEntry>
  <workHistoryEntry startDate="2002" endDate="2006">
    <workRoles>
      <workRole role="Director"/>
      <workRole institution="CPC"/>
      <workRole institution="Provincial Committee"/>
      <workRole institution="United Front Work Department"/>
      <workRole location="Henan Province"/>
    </workRoles>
  </workHistoryEntry>
  <workHistoryEntry startDate="1998" endDate="2002">
    <workRoles>
      <workRole role="Director"/>
      <workRole institution="CPC"/>
      <workRole institution="Provincial Committee"/>
      <workRole institution="United Front Work Department"/>
      <workRole institution="General Office"/>
      <workRole location="Henan Province"/>
    </workRoles>
  </workHistoryEntry>
  <workHistoryEntry startDate="1997" endDate="1998">
    <workRoles>
      <workRole role="Deputy Director"/>
      <workRole institution="CPC"/>
      <workRole institution="Provincial Committee"/>
      <workRole institution="United Front Work Department"/>
      <workRole institution="Cadres Office"/>
      <workRole location="Henan Province"/>
    </workRoles>
  </workHistoryEntry>
  <workHistoryEntry startDate="1991" endDate="1992">
    <workRoles>
      <workRole role="Executive Vice-President"/>
      <workRole institution="Beijing Institute of Fashion Technology"/>
      <workRole location="Beijing Municipality"/>
    </workRoles>
  </workHistoryEntry>
  <workHistoryEntry startDate="1985" endDate="1991">
    <workRoles>
      <workRole role="Director"/>
      <workRole institution="Beijing Institute of Fashion Technology"/>
      <workRole institution="General Affairs Department"/>
      <workRole location="Beijing Municipality"/>
    </workRoles>
  </workHistoryEntry>
  <workHistoryEntry startDate="1984" endDate="1985">
    <workRoles>
      <workRole role="Director"/>
      <workRole institution="Beijing Institute of Clothing Technology"/>
      <workRole institution="Scientific Technology Development Department"/>
      <workRole location="Beijing Municipality"/>
    </workRoles>
  </workHistoryEntry>
  <workHistoryEntry startDate="1978" endDate="1984">
    <workRoles>
      <workRole role="Secretary"/>
      <workRole institution="Beijing Institute of Clothing Technology"/>
      <workRole institution="Synthetic Fiber Teaching and Research Office"/>
      <workRole institution="CPC"/>
      <workRole institution="Party Branch"/>
      <workRole location="Beijing Municipality"/>
    </workRoles>
  </workHistoryEntry>
  <workHistoryEntry startDate="1975" endDate="1978">
    <workRoles>
      <workRole role="Secretary"/>
      <workRole institution="Beijing University of Chemical Technology"/>
      <workRole institution="CYLC"/>
      <workRole institution="Institutional Level"/>
      <workRole location="Beijing Municipality"/>
    </workRoles>
  </workHistoryEntry>
  <workHistoryEntry startDate="1972" endDate="1975">
    <workRoles>
      <workRole role="Student"/>
      <workRole institution="Beijing University of Chemical Technology"/>
      <workRole location="Beijing Municipality"/>
    </workRoles>
  </workHistoryEntry>
  <workHistoryEntry startDate="1968" endDate="1969">
    <workRoles>
      <workRole role="Cultural Revolution, Rusticated Youth Jilin Province, Jiaohe County"/>
    </workRoles>
  </workHistoryEntry>
  <workHistory/>
</biography>
