<?xml version="1.0" encoding="UTF-8"?>
<biography birthDate="1934" fullName="Cen Guorong" displayName="Cen Guorong" nonEnglishName="" sex="male" nationality="Han">
  <bioText>Cen Guorong, male, Han nationality, is a native of Rong County, Guangxi Province. He was born in 1934 and joined the CPC in 1955. He severed all positions in Guangxi Province. He was the general secretary of leading party group and the Chairman of General Labor Union of Guangxi Zhuang Autonomous Region between 1978 and 1982. He was a member of 10th CPC Central Committee, and an alternate member of 9th and 11th CPC Central Committee. In 1985, he was expelled from the Party.</bioText>
  <posts>
    <post description="Alternate Member, 11th CPC Central Committee"/>
  </posts>
  <birthLocations>
    <birthLocation location="Guangxi Zhuang Autonomous Region"/>
    <birthLocation location="Rong County"/>
  </birthLocations>
  <workHistoryEntry startDate="1977" endDate="1982">
    <workRoles>
      <workRole role="Alternate Member"/>
      <workRole institution="11th CPC"/>
      <workRole institution="Central Committee"/>
    </workRoles>
  </workHistoryEntry>
  <workHistoryEntry startDate="1973" endDate="1977">
    <workRoles>
      <workRole role="Member"/>
      <workRole institution="10th CPC"/>
      <workRole institution="Central Committee"/>
    </workRoles>
  </workHistoryEntry>
  <workHistoryEntry startDate="1969" endDate="1973">
    <workRoles>
      <workRole role="Alternate Member"/>
      <workRole institution="9th CPC"/>
      <workRole institution="Central Committee"/>
    </workRoles>
  </workHistoryEntry>
  <workHistory/>
</biography>
