<?xml version="1.0" encoding="UTF-8"?>
<biography birthDate="1941" fullName="Chai Songyue" displayName="Chai Songyue" nonEnglishName="" sex="male" nationality="Han">
  <bioText>Chai Songyue, male, Han nationality, is a native of Putuo, Zhejiang Province. He was born in 1932, joined the CPC at age 20 and for the next 27 years had managerial and Party positions in a power plant and a coal mine and was deputy secretary of the CPC Commission for Discipline Inspection in his home province. In 1988, he was appointed vice-governor of Zhejiang Province, in 1997 acting governor, and from 1998 on, Chai has been governor of the province. His Party positions in the province have run in parallel with his government posts. Chai served as Chairman of the China Electricity Regulatory Commission from 2003 to 2007. He is a member of the 16th CPC Central Committee.</bioText>
  <posts>
    <post description="Member of the 16th CPC Central Committee"/>
  </posts>
  <birthLocations>
    <birthLocation location="Zhejiang Province"/>
    <birthLocation location="Putuo"/>
  </birthLocations>
  <workHistoryEntry startDate="2002" endDate="2007">
    <workRoles>
      <workRole role="Chairman"/>
      <workRole institution="State Electricity Regulatory Commission"/>
    </workRoles>
  </workHistoryEntry>
  <workHistoryEntry startDate="2002" endDate="2007">
    <workRoles>
      <workRole role="Member"/>
      <workRole institution="16th CPC"/>
      <workRole institution="Central Committee"/>
    </workRoles>
  </workHistoryEntry>
  <workHistoryEntry startDate="1997" endDate="2002">
    <workRoles>
      <workRole role="Governor"/>
      <workRole institution="People's Government"/>
      <workRole location="Zhejiang Province"/>
    </workRoles>
  </workHistoryEntry>
  <workHistoryEntry startDate="1997" endDate="2002">
    <workRoles>
      <workRole role="Member"/>
      <workRole institution="15th CPC"/>
      <workRole institution="Central Committee"/>
    </workRoles>
  </workHistoryEntry>
  <workHistoryEntry startDate="1997" endDate="1998">
    <workRoles>
      <workRole role="Acting Governor"/>
      <workRole institution="People's Government"/>
      <workRole location="Zhejiang Province"/>
    </workRoles>
  </workHistoryEntry>
  <workHistoryEntry startDate="1993" endDate="2002">
    <workRoles>
      <workRole role="Deputy Secretary"/>
      <workRole institution="CPC"/>
      <workRole institution="Provincial Committee"/>
      <workRole location="Zhejiang Province"/>
    </workRoles>
  </workHistoryEntry>
  <workHistoryEntry startDate="1993">
    <workRoles>
      <workRole role="Member"/>
      <workRole institution="CPC"/>
      <workRole institution="Provincial Committee"/>
      <workRole institution="Standing Committee"/>
      <workRole location="Zhejiang Province"/>
    </workRoles>
  </workHistoryEntry>
  <workHistoryEntry startDate="1992" endDate="1997">
    <workRoles>
      <workRole role="Alternate Member"/>
      <workRole institution="14th CPC"/>
      <workRole institution="Central Committee"/>
    </workRoles>
  </workHistoryEntry>
  <workHistoryEntry startDate="1988" endDate="1997">
    <workRoles>
      <workRole role="Vice-Governor"/>
      <workRole institution="People's Government"/>
      <workRole location="Zhejiang Province"/>
    </workRoles>
  </workHistoryEntry>
  <workHistoryEntry startDate="1986" endDate="1988">
    <workRoles>
      <workRole role="Deputy Secretary"/>
      <workRole institution="CPC"/>
      <workRole institution="Provincial Committee"/>
      <workRole institution="Commission for Discipline Inspection"/>
      <workRole location="Zhejiang Province"/>
    </workRoles>
  </workHistoryEntry>
  <workHistoryEntry startDate="1982" endDate="1984">
    <workRoles>
      <workRole role="Secretary"/>
      <workRole institution="Changguang Coal Mine Company"/>
      <workRole institution="CPC"/>
      <workRole institution="Party Committee"/>
    </workRoles>
  </workHistoryEntry>
  <workHistoryEntry startDate="1981" endDate="1982">
    <workRoles>
      <workRole role="Student"/>
      <workRole institution="CPC"/>
      <workRole institution="Central Committee"/>
      <workRole institution="Central Party School"/>
    </workRoles>
  </workHistoryEntry>
  <workHistoryEntry startDate="1961">
    <workRoles>
      <workRole role="Joined"/>
      <workRole institution="CPC"/>
    </workRoles>
  </workHistoryEntry>
  <workHistory/>
</biography>
