<?xml version="1.0" encoding="UTF-8"?>
<biography birthDate="1957" fullName="Chang Xiaobing" displayName="Chang Xiaobing" nonEnglishName="" sex="male" nationality="Han">
  <bioText>Chang Xiaobing, male, Han nationality, is a native of Hebei province. He was born in 1957, joined the CPC in 1976, graduated from the Nanjing Institute of Posts and Telecommunications, received a M.B.A. degree from Tsinghua University, and received a doctorate of business administration from Hong Kong Polytechnic University. He has over twenty years of operational and managerial experience in the telecommunications industry. He is a senior engineer. He served as director of the telecommunications administration department of the Ministry of Information Industry until 2004, and he was appointed as chairman of China Unicom (China United Telecommunications Corporation Limited) in that same year.</bioText>
  <posts>
    <post description="Chairman of China Unicom"/>
  </posts>
  <birthLocations>
    <birthLocation location="Hebei Province"/>
  </birthLocations>
  <workHistoryEntry startDate="2004">
    <workRoles>
      <workRole role="Secretary"/>
      <workRole institution="China Unicom"/>
      <workRole institution="CPC"/>
      <workRole institution="Leading Party Group"/>
    </workRoles>
  </workHistoryEntry>
  <workHistoryEntry startDate="2004">
    <workRoles>
      <workRole role="Chairman"/>
      <workRole institution="China Unicom"/>
    </workRoles>
  </workHistoryEntry>
  <workHistoryEntry startDate="2002" endDate="2007">
    <workRoles>
      <workRole role="Member"/>
      <workRole institution="16th CPC"/>
      <workRole institution="Central Committee"/>
      <workRole institution="Central Commission for Discipline Inspection"/>
    </workRoles>
  </workHistoryEntry>
  <workHistoryEntry startDate="">
    <workRoles>
      <workRole role="Graduate"/>
      <workRole institution="The Hong Kong Polytechnic University"/>
      <workRole location="Hong Kong SAR"/>
    </workRoles>
  </workHistoryEntry>
  <workHistoryEntry startDate="2001">
    <workRoles>
      <workRole role="Graduate"/>
      <workRole institution="Tsinghua University"/>
      <workRole location="Beijing Municipality"/>
    </workRoles>
  </workHistoryEntry>
  <workHistoryEntry startDate="2000" endDate="2004">
    <workRoles>
      <workRole role="Director"/>
      <workRole institution="Ministry of Information Industry"/>
      <workRole institution="Telecommunications Administration Department"/>
    </workRoles>
  </workHistoryEntry>
  <workHistoryEntry startDate="1996" endDate="2000">
    <workRoles>
      <workRole role="Deputy Director-General"/>
      <workRole institution="Ministry of Information Industry"/>
      <workRole institution="Telecommunications Administration Department"/>
    </workRoles>
  </workHistoryEntry>
  <workHistoryEntry startDate="1993" endDate="1996">
    <workRoles>
      <workRole role="Deputy Director"/>
      <workRole institution="Bureau of Posts and Telecommunications"/>
      <workRole location="Jiangsu Province"/>
    </workRoles>
  </workHistoryEntry>
  <workHistoryEntry startDate="1982">
    <workRoles>
      <workRole role="Graduate"/>
      <workRole institution="Nanjing Institute of Posts and Telecommunications"/>
      <workRole location="Jiangsu Province"/>
      <workRole location="Nanjing City"/>
    </workRoles>
  </workHistoryEntry>
  <workHistoryEntry startDate="1976">
    <workRoles>
      <workRole role="Joined"/>
      <workRole institution="CPC"/>
    </workRoles>
  </workHistoryEntry>
  <workHistory/>
</biography>
