<?xml version="1.0" encoding="UTF-8"?>
<biography birthDate="1949" fullName="Chang Wanquan" displayName="Chang Wanquan" nonEnglishName="" sex="male" nationality="Han">
  <bioText>Chang Wanquan, male, Han nationality, is a native of Nanyang City of Henan Province. He was born in 1949, joined the PLA in March 1968 and joined the CPC in same year later. Chang was a student of Long-Distance Education Program of Weinan Specialized Teachers School of Shaanxi Province and graduated in 1987. He was promoted to Major General in July 1997, Lieutenant General in 2003 and General in 2007. He was a member of the 16th CPC Central Committee. Currently, Chang Wanquan is a member of the 17th CPC Central Committee and a Member of the 17th CPC Central Military Commission. Chang serves as Director of General Armaments Department (GAD) of the PLA since 2007.</bioText>
  <posts>
    <post description="Member of the 17th CPC Central Committee"/>
    <post description="Member of the 17th CPC Central Military Commission"/>
    <post description="Director of the PLA General Armaments Department"/>
  </posts>
  <birthLocations>
    <birthLocation location="Henan Province"/>
    <birthLocation location="Nanyang City"/>
  </birthLocations>
  <workHistoryEntry startDate="2008">
    <workRoles>
      <workRole role="Member"/>
      <workRole institution="Central Military Commission of the PRC"/>
    </workRoles>
  </workHistoryEntry>
  <workHistoryEntry startDate="2007">
    <workRoles>
      <workRole role="General"/>
      <workRole institution="PLA"/>
    </workRoles>
  </workHistoryEntry>
  <workHistoryEntry startDate="2007">
    <workRoles>
      <workRole role="Member"/>
      <workRole institution="17th CPC"/>
      <workRole institution="Central Committee"/>
    </workRoles>
  </workHistoryEntry>
  <workHistoryEntry startDate="2007">
    <workRoles>
      <workRole role="Director"/>
      <workRole institution="PLA"/>
      <workRole institution="General Armaments Department"/>
    </workRoles>
  </workHistoryEntry>
  <workHistoryEntry startDate="2007">
    <workRoles>
      <workRole role="Member"/>
      <workRole institution="17th CPC"/>
      <workRole institution="Central Committee"/>
      <workRole institution="Central Military Commission"/>
    </workRoles>
  </workHistoryEntry>
  <workHistoryEntry startDate="2004" endDate="2007">
    <workRoles>
      <workRole role="Commander"/>
      <workRole institution="PLA"/>
      <workRole institution="Regions"/>
      <workRole institution="Shenyang Military Region"/>
      <workRole location="Liaoning Province"/>
      <workRole location="Shenyang City"/>
    </workRoles>
  </workHistoryEntry>
  <workHistoryEntry startDate="2003" endDate="2007">
    <workRoles>
      <workRole role="Lieutenant General"/>
      <workRole institution="PLA"/>
    </workRoles>
  </workHistoryEntry>
  <workHistoryEntry startDate="2003" endDate="2004">
    <workRoles>
      <workRole role="Chief-of-Staff"/>
      <workRole institution="PLA"/>
      <workRole institution="Regions"/>
      <workRole institution="Beijing Military Region"/>
      <workRole location="Beijing Municipality"/>
    </workRoles>
  </workHistoryEntry>
  <workHistoryEntry startDate="2002" endDate="2003">
    <workRoles>
      <workRole role="Chief-of-Staff"/>
      <workRole institution="PLA"/>
      <workRole institution="Regions"/>
      <workRole institution="Lanzhou Military Region"/>
      <workRole location="Gansu Province"/>
      <workRole location="Lanzhou City"/>
    </workRoles>
  </workHistoryEntry>
  <workHistoryEntry startDate="2002" endDate="2007">
    <workRoles>
      <workRole role="Member"/>
      <workRole institution="16th CPC"/>
      <workRole institution="Central Committee"/>
    </workRoles>
  </workHistoryEntry>
  <workHistoryEntry startDate="2000" endDate="2002">
    <workRoles>
      <workRole role="Commander"/>
      <workRole institution="PLA"/>
      <workRole institution="Services and Arms"/>
      <workRole institution="Group Army"/>
    </workRoles>
  </workHistoryEntry>
  <workHistoryEntry startDate="1998" endDate="2000">
    <workRoles>
      <workRole role="Director"/>
      <workRole institution="University of National Defense"/>
      <workRole institution="Campaign Research Department"/>
    </workRoles>
  </workHistoryEntry>
  <workHistoryEntry startDate="1997" endDate="2003">
    <workRoles>
      <workRole role="Major General"/>
      <workRole institution="PLA"/>
    </workRoles>
  </workHistoryEntry>
  <workHistoryEntry startDate="1994" endDate="1995">
    <workRoles>
      <workRole role="Student"/>
      <workRole institution="University of National Defense"/>
    </workRoles>
  </workHistoryEntry>
  <workHistoryEntry startDate="1994" endDate="1998">
    <workRoles>
      <workRole role="Chief-of-Staff"/>
      <workRole institution="PLA"/>
      <workRole institution="Services and Arms"/>
      <workRole institution="Group Army"/>
    </workRoles>
  </workHistoryEntry>
  <workHistoryEntry startDate="1992" endDate="1994">
    <workRoles>
      <workRole role="Commander"/>
      <workRole institution="PLA"/>
      <workRole institution="Services and Arms"/>
      <workRole institution="Army (or Ground Force)"/>
      <workRole institution="Division Command"/>
    </workRoles>
  </workHistoryEntry>
  <workHistoryEntry startDate="1990" endDate="1992">
    <workRoles>
      <workRole role="Director"/>
      <workRole institution="PLA"/>
      <workRole institution="Regions"/>
      <workRole institution="Lanzhou Military Region"/>
      <workRole institution="Operations Department"/>
      <workRole location="Gansu Province"/>
      <workRole location="Lanzhou City"/>
    </workRoles>
  </workHistoryEntry>
  <workHistoryEntry startDate="1985" endDate="1990">
    <workRoles>
      <workRole role="Deputy Commander"/>
      <workRole institution="PLA"/>
      <workRole institution="Services and Arms"/>
      <workRole institution="Army (or Ground Force)"/>
      <workRole institution="Division Command"/>
    </workRoles>
  </workHistoryEntry>
  <workHistoryEntry startDate="1983" endDate="1985">
    <workRoles>
      <workRole role="Chief of Staff"/>
      <workRole institution="PLA"/>
      <workRole institution="Services and Arms"/>
      <workRole institution="Army (or Ground Force)"/>
      <workRole institution="Division Command"/>
    </workRoles>
  </workHistoryEntry>
  <workHistoryEntry startDate="1980" endDate="1981">
    <workRoles>
      <workRole role="Deputy Director"/>
      <workRole institution="PLA"/>
      <workRole institution="Services and Arms"/>
      <workRole institution="Army (or Ground Force)"/>
      <workRole institution="Combat Training Section"/>
    </workRoles>
  </workHistoryEntry>
  <workHistoryEntry startDate="1978" endDate="1978">
    <workRoles>
      <workRole role="Chief of Staff"/>
      <workRole institution="PLA"/>
      <workRole institution="Regions"/>
      <workRole institution="Lanzhou Military Region"/>
      <workRole institution="Operations Department"/>
      <workRole location="Gansu Province"/>
      <workRole location="Lanzhou City"/>
    </workRoles>
  </workHistoryEntry>
  <workHistoryEntry startDate="1978" endDate="1980">
    <workRoles>
      <workRole role="Secretary"/>
      <workRole institution="PLA"/>
      <workRole institution="Regions"/>
      <workRole institution="Lanzhou Military Region"/>
      <workRole institution="Corps Command Office"/>
      <workRole institution="CPC"/>
      <workRole institution="Party Committee"/>
      <workRole location="Gansu Province"/>
      <workRole location="Lanzhou City"/>
    </workRoles>
  </workHistoryEntry>
  <workHistoryEntry startDate="1970" endDate="1974">
    <workRoles>
      <workRole role="Chief of Staff"/>
      <workRole institution="PLA"/>
      <workRole institution="Services and Arms"/>
      <workRole institution="Army (or Ground Force)"/>
      <workRole institution="Combat Training Section"/>
    </workRoles>
  </workHistoryEntry>
  <workHistoryEntry startDate="1969" endDate="1970">
    <workRoles>
      <workRole role="Platoon Leader"/>
      <workRole institution="PLA"/>
      <workRole institution="Services and Arms"/>
      <workRole institution="Army (or Ground Force)"/>
    </workRoles>
  </workHistoryEntry>
  <workHistory/>
</biography>
