<?xml version="1.0" encoding="UTF-8"?>
<biography birthDate="1943" fullName="Chang Zonglin" displayName="Chang Zonglin" nonEnglishName="" sex="male" nationality="is of Han">
  <bioText>Chang Zonglin, male, is of Han nationality. He was born in 1943, attended junior college, and is a long standing member of the CPC. Chang has served as board chairman of the Xinmu International Group and as deputy of the 7th NPC. Chang Zonglin was a member of the standing committee of the Shandong Provincial People's Congress.</bioText>
  <posts>
    <post description="Member of the CPC, Senior Economist"/>
  </posts>
  <birthLocations/>
  <workHistoryEntry startDate="">
    <workRoles>
      <workRole role="Member"/>
      <workRole institution="Provincial People's Congress"/>
      <workRole institution="Standing Committee"/>
      <workRole location="Shandong Province"/>
    </workRoles>
  </workHistoryEntry>
  <workHistoryEntry startDate="1999" endDate="????">
    <workRoles>
      <workRole role="Board Chairman"/>
      <workRole institution="Xinmu International Group"/>
    </workRoles>
  </workHistoryEntry>
  <workHistoryEntry startDate="1992" endDate="1995">
    <workRoles>
      <workRole role="Chairman"/>
      <workRole institution="Shangdong Xinmu International Group"/>
      <workRole location="Shandong Province"/>
    </workRoles>
  </workHistoryEntry>
  <workHistoryEntry startDate="1992" endDate="1995">
    <workRoles>
      <workRole role="General Manager"/>
      <workRole institution="Shangdong Xinmu International Group"/>
      <workRole location="Shandong Province"/>
    </workRoles>
  </workHistoryEntry>
  <workHistoryEntry startDate="1992" endDate="1995">
    <workRoles>
      <workRole role="Secretary"/>
      <workRole institution="Shangdong Xinmu International Group"/>
      <workRole institution="CPC"/>
      <workRole institution="Party Committee"/>
      <workRole location="Shandong Province"/>
    </workRoles>
  </workHistoryEntry>
  <workHistoryEntry startDate="1988" endDate="1993">
    <workRoles>
      <workRole role="Deputy"/>
      <workRole institution="7th NPC"/>
    </workRoles>
  </workHistoryEntry>
  <workHistoryEntry startDate="1985" endDate="1992">
    <workRoles>
      <workRole role="Secretary"/>
      <workRole institution="Shandong Xinmu International Joint Enterprise"/>
      <workRole institution="CPC"/>
      <workRole institution="Party Branch"/>
      <workRole location="Shandong Province"/>
    </workRoles>
  </workHistoryEntry>
  <workHistoryEntry startDate="1985" endDate="1992">
    <workRoles>
      <workRole role="Board Chairman"/>
      <workRole institution="Shandong Xinmu International Joint Enterprise"/>
      <workRole location="Shandong Province"/>
    </workRoles>
  </workHistoryEntry>
  <workHistoryEntry startDate="1985" endDate="1992">
    <workRoles>
      <workRole role="General Manager"/>
      <workRole institution="Shandong Xinmu International Joint Enterprise"/>
      <workRole location="Shandong Province"/>
    </workRoles>
  </workHistoryEntry>
  <workHistory/>
</biography>
