<?xml version="1.0" encoding="UTF-8"?>
<biography birthDate="1931" fullName="Chang Yinfu" displayName="Chang Yinfu" nonEnglishName="" sex="male" nationality="Han">
  <bioText>Chang Yinfu, male, Han nationality, was born in 1931, and is a native of Taixing, Jiangsu Province. He graduated from the Department of Geology of Tsinghua University and is an expert on mineral deposits. His was senior engineer and technical consultant at the Anhui Geological Mineral Bureau. He was elected academician of the Chinese Academy of Science in 1991 and academician of the Chinese Academy of Engineering in 1994.</bioText>
  <posts>
    <post description="Academician of the Chinese Academy of Sciences"/>
  </posts>
  <birthLocations>
    <birthLocation location="Jiangsu Province"/>
    <birthLocation location="Taixing City"/>
  </birthLocations>
  <workHistoryEntry startDate="">
    <workRoles>
      <workRole role="Technical Consultant"/>
      <workRole institution="Geological Mineral Bureau"/>
      <workRole location="Anhui Province"/>
    </workRoles>
  </workHistoryEntry>
  <workHistoryEntry startDate="">
    <workRoles>
      <workRole role="Senior Engineer"/>
      <workRole institution="Geological Mineral Bureau"/>
      <workRole location="Anhui Province"/>
    </workRoles>
  </workHistoryEntry>
  <workHistoryEntry startDate="1994">
    <workRoles>
      <workRole role="Academician"/>
      <workRole institution="Chinese Academy of Engineering"/>
    </workRoles>
  </workHistoryEntry>
  <workHistoryEntry startDate="1991">
    <workRoles>
      <workRole role="Academician"/>
      <workRole institution="Chinese Academy of Sciences"/>
    </workRoles>
  </workHistoryEntry>
  <workHistoryEntry startDate="1952">
    <workRoles>
      <workRole role="Graduate"/>
      <workRole institution="Tsinghua University"/>
      <workRole institution="Geology Department"/>
      <workRole location="Beijing Municipality"/>
    </workRoles>
  </workHistoryEntry>
  <workHistory/>
</biography>
