<?xml version="1.0" encoding="UTF-8"?>
<biography birthDate="1966" fullName="Che Jianxing" displayName="Che Jianxing" nonEnglishName="" sex="male" nationality="Han">
  <bioText>Che Jianxing, male, Han nationality, is a native of Changzhou, Jiangsu Province. He was born in 1966, and has been a member of the Changzhou CPPCC City Committee.</bioText>
  <posts>
    <post description="Board Chairman and General Manager of the Redstar Furniture Group Company Limited"/>
  </posts>
  <birthLocations>
    <birthLocation location="Jiangsu Province"/>
    <birthLocation location="Changzhou City"/>
  </birthLocations>
  <workHistoryEntry startDate="">
    <workRoles>
      <workRole role="Chairman"/>
      <workRole institution="Redstar Furniture Group Company Ltd."/>
    </workRoles>
  </workHistoryEntry>
  <workHistoryEntry startDate="">
    <workRoles>
      <workRole role="General Manager"/>
      <workRole institution="Redstar Furniture Group Company Ltd."/>
    </workRoles>
  </workHistoryEntry>
  <workHistoryEntry startDate="">
    <workRoles>
      <workRole role="Deputy Director-General"/>
    </workRoles>
  </workHistoryEntry>
  <workHistoryEntry startDate="">
    <workRoles>
      <workRole role="Member"/>
      <workRole institution="All-China Federation of Industry and Commerce"/>
    </workRoles>
  </workHistoryEntry>
  <workHistoryEntry startDate="">
    <workRoles>
      <workRole role="Executive Member"/>
      <workRole institution="Changzhou City Federation of Industry and Commerce"/>
      <workRole location="Jiangsu Province"/>
      <workRole location="Changzhou City"/>
    </workRoles>
  </workHistoryEntry>
  <workHistoryEntry startDate="">
    <workRoles>
      <workRole role="Director"/>
      <workRole institution="China Furniture Association"/>
    </workRoles>
  </workHistoryEntry>
  <workHistoryEntry startDate="">
    <workRoles>
      <workRole role="Vice-Chairman"/>
      <workRole institution="Association of Entrepreneurs"/>
      <workRole location="Jiangsu Province"/>
      <workRole location="Changzhou City"/>
    </workRoles>
  </workHistoryEntry>
  <workHistoryEntry startDate="">
    <workRoles>
      <workRole role="Vice-Chairman"/>
      <workRole institution="Federation of Enterprises"/>
      <workRole location="Jiangsu Province"/>
      <workRole location="Changzhou City"/>
    </workRoles>
  </workHistoryEntry>
  <workHistoryEntry startDate="">
    <workRoles>
      <workRole role="Member"/>
      <workRole institution="Provincial Youth Federation"/>
      <workRole location="Jiangsu Province"/>
    </workRoles>
  </workHistoryEntry>
  <workHistoryEntry startDate="">
    <workRoles>
      <workRole role="Member"/>
      <workRole institution="CPPCC"/>
      <workRole institution="City Committee"/>
      <workRole location="Jiangsu Province"/>
      <workRole location="Changzhou City"/>
    </workRoles>
  </workHistoryEntry>
  <workHistory/>
</biography>
