<?xml version="1.0" encoding="UTF-8"?>
<biography birthDate="1954" fullName="Che Yingxin" displayName="Che Yingxin" nonEnglishName="" sex="male" nationality="Han">
  <bioText>Che Yingxin, male, Han nationality, is a native of Henan province. He was born in 1954, graduated from the Henan Banking School, and received his B.A. in economic management from the Henan CPC Party School in 1995. From 1980 to 1992, Che held posts at various local branches of the People's Bank of China in Henan province, including the Lushi county branch, and the Luoyang, Sanmenxia and Xinyang municipal branches. He became assistant chairman of the China Banking Regulatory Commission in 2005.</bioText>
  <posts>
    <post description="Assistant Chairman of the China Banking Regulatory Commission"/>
  </posts>
  <birthLocations>
    <birthLocation location="Henan Province"/>
  </birthLocations>
  <workHistoryEntry startDate="2005">
    <workRoles>
      <workRole role="Assistant-Chairman"/>
      <workRole institution="China Banking Regulatory Commission"/>
    </workRoles>
  </workHistoryEntry>
  <workHistoryEntry startDate="2003" endDate="2005">
    <workRoles>
      <workRole role="Director-General"/>
      <workRole institution="China Banking Regulatory Commission"/>
      <workRole institution="Banking Supervision Department"/>
    </workRoles>
  </workHistoryEntry>
  <workHistoryEntry startDate="1998" endDate="2003">
    <workRoles>
      <workRole role="Deputy Disciplinary Officer"/>
      <workRole institution="People's Bank of China"/>
      <workRole institution="Staff Compliance Department"/>
    </workRoles>
  </workHistoryEntry>
  <workHistoryEntry startDate="1998" endDate="2003">
    <workRoles>
      <workRole role="Director-General"/>
      <workRole institution="People's Bank of China"/>
      <workRole institution="Staff Compliance Department"/>
    </workRoles>
  </workHistoryEntry>
  <workHistoryEntry startDate="1997" endDate="1998">
    <workRoles>
      <workRole role="Deputy Director-General"/>
      <workRole institution="People's Bank of China"/>
      <workRole institution="Auditing Department"/>
    </workRoles>
  </workHistoryEntry>
  <workHistoryEntry startDate="1992" endDate="1997">
    <workRoles>
      <workRole role="Vice-President"/>
      <workRole institution="People's Bank of China"/>
      <workRole institution="Provincial Branch"/>
      <workRole location="Henan Province"/>
    </workRoles>
  </workHistoryEntry>
  <workHistoryEntry startDate="1992" endDate="1997">
    <workRoles>
      <workRole role="Deputy Director"/>
      <workRole institution="State Administration of Foreign Exchange"/>
      <workRole institution="Provincial Office"/>
      <workRole location="Henan Province"/>
    </workRoles>
  </workHistoryEntry>
  <workHistory/>
</biography>
