<?xml version="1.0" encoding="UTF-8"?>
<biography birthDate="1955" fullName="Che Jun" displayName="Che Jun" nonEnglishName="" sex="male" nationality="Han">
  <bioText>Che Jun, male, Han nationality, he is a native of Chaohu City, Anhui Province. He was born in 1955, entered workforce and joined CPC in 1973. He graduated from CPC Central Party School. He served in Anhui Province more than 25 years. From 2006, he began his career in Hebei Province. He also served as deputy secretary of the Hebei CPC Provincial Committee and mayor of Shijiazhuang City from 2008-2010. He is now an Alternate Member of the 17th CPC Central Committee and Deputy Secretary of the CPC Xinjiang Autonomous Regional Committee.</bioText>
  <posts>
    <post description="Alternate Member, 17th CPC, Central Committee"/>
    <post description="Deputy Secretary, CPC, Autonomous Regional Committee, Xinjiang Uygur Autonomous Region"/>
  </posts>
  <birthLocations>
    <birthLocation location="Anhui Province"/>
    <birthLocation location="Chaohu City"/>
  </birthLocations>
  <workHistoryEntry startDate="2010">
    <workRoles>
      <workRole role="Member"/>
      <workRole institution="CPC"/>
      <workRole institution="Autonomous Regional Committee"/>
      <workRole location="Xinjiang Uygur Autonomous Region"/>
    </workRoles>
  </workHistoryEntry>
  <workHistoryEntry startDate="2010">
    <workRoles>
      <workRole role="Deputy Secretary"/>
      <workRole institution="CPC"/>
      <workRole institution="Autonomous Regional Committee"/>
      <workRole location="Xinjiang Uygur Autonomous Region"/>
    </workRoles>
  </workHistoryEntry>
  <workHistoryEntry startDate="2010">
    <workRoles>
      <workRole role="Member"/>
      <workRole institution="CPC"/>
      <workRole institution="Autonomous Regional Committee"/>
      <workRole institution="Standing Committee"/>
      <workRole location="Xinjiang Uygur Autonomous Region"/>
    </workRoles>
  </workHistoryEntry>
  <workHistoryEntry startDate="2010">
    <workRoles>
      <workRole role="Secretary"/>
      <workRole institution="Xinjiang Production and Construction Corps"/>
      <workRole institution="CPC"/>
      <workRole institution="Party Committee"/>
      <workRole location="Xinjiang Uygur Autonomous Region"/>
    </workRoles>
  </workHistoryEntry>
  <workHistoryEntry startDate="2010">
    <workRoles>
      <workRole role="Political Commissar"/>
      <workRole institution="Xinjiang Production and Construction Corps"/>
      <workRole location="Xinjiang Uygur Autonomous Region"/>
    </workRoles>
  </workHistoryEntry>
  <workHistoryEntry startDate="2010">
    <workRoles>
      <workRole role="Chairman"/>
      <workRole institution="China Xinjiang Group Corporation"/>
      <workRole institution="Board of the Directors"/>
      <workRole location="Xinjiang Uygur Autonomous Region"/>
    </workRoles>
  </workHistoryEntry>
  <workHistoryEntry startDate="2008" endDate="2010">
    <workRoles>
      <workRole role="Member"/>
      <workRole institution="CPC"/>
      <workRole institution="City Committee"/>
      <workRole location="Hebei Province"/>
      <workRole location="Shijiazhuang City"/>
    </workRoles>
  </workHistoryEntry>
  <workHistoryEntry startDate="2008" endDate="2010">
    <workRoles>
      <workRole role="Member"/>
      <workRole institution="CPC"/>
      <workRole institution="City Committee"/>
      <workRole institution="Standing Committee"/>
      <workRole location="Hebei Province"/>
      <workRole location="Shijiazhuang City"/>
    </workRoles>
  </workHistoryEntry>
  <workHistoryEntry startDate="2008" endDate="2010">
    <workRoles>
      <workRole role="Secretary"/>
      <workRole institution="CPC"/>
      <workRole institution="Municipal Committee"/>
      <workRole location="Hebei Province"/>
      <workRole location="Shijiazhuang City"/>
    </workRoles>
  </workHistoryEntry>
  <workHistoryEntry startDate="2008" endDate="2010">
    <workRoles>
      <workRole role="Mayor"/>
      <workRole institution="People's Government"/>
      <workRole location="Hebei Province"/>
      <workRole location="Shijiazhuang City"/>
    </workRoles>
  </workHistoryEntry>
  <workHistoryEntry startDate="2008" endDate="2010">
    <workRoles>
      <workRole role="Deputy Secretary"/>
      <workRole institution="CPC"/>
      <workRole institution="Provincial Committee"/>
      <workRole location="Hebei Province"/>
    </workRoles>
  </workHistoryEntry>
  <workHistoryEntry startDate="2007">
    <workRoles>
      <workRole role="Alternate Member"/>
      <workRole institution="17th CPC"/>
      <workRole institution="Central Committee"/>
    </workRoles>
  </workHistoryEntry>
  <workHistoryEntry startDate="2006" endDate="2008">
    <workRoles>
      <workRole role="Director"/>
      <workRole institution="CPC"/>
      <workRole institution="Provincial Committee"/>
      <workRole institution="Organization Department"/>
      <workRole location="Hebei Province"/>
    </workRoles>
  </workHistoryEntry>
  <workHistoryEntry startDate="2005" endDate="2008">
    <workRoles>
      <workRole role="Member"/>
      <workRole institution="CPC"/>
      <workRole institution="Provincial Committee"/>
      <workRole institution="Standing Committee"/>
      <workRole location="Hebei Province"/>
    </workRoles>
  </workHistoryEntry>
  <workHistoryEntry startDate="2005" endDate="2008">
    <workRoles>
      <workRole role="Secretary"/>
      <workRole institution="CPC"/>
      <workRole institution="Provincial Committee"/>
      <workRole institution="Political Science and Law Committee"/>
      <workRole location="Hebei Province"/>
    </workRoles>
  </workHistoryEntry>
  <workHistoryEntry startDate="2001" endDate="2005">
    <workRoles>
      <workRole role="Secretary"/>
      <workRole institution="CPC"/>
      <workRole institution="City Committee"/>
      <workRole location="Anhui Province"/>
      <workRole location="Hefei City"/>
    </workRoles>
  </workHistoryEntry>
  <workHistoryEntry startDate="2001" endDate="2005">
    <workRoles>
      <workRole role="Member"/>
      <workRole institution="CPC"/>
      <workRole institution="Provincial Committee"/>
      <workRole institution="Standing Committee"/>
      <workRole location="Anhui Province"/>
    </workRoles>
  </workHistoryEntry>
  <workHistoryEntry startDate="2000" endDate="2001">
    <workRoles>
      <workRole role="Mayor"/>
      <workRole institution="People's Government"/>
      <workRole location="Anhui Province"/>
      <workRole location="Hefei City"/>
    </workRoles>
  </workHistoryEntry>
  <workHistoryEntry startDate="1999" endDate="2000">
    <workRoles>
      <workRole role="Acting Mayor"/>
      <workRole institution="People's Government"/>
      <workRole location="Anhui Province"/>
      <workRole location="Hefei City"/>
    </workRoles>
  </workHistoryEntry>
  <workHistoryEntry startDate="1995" endDate="1999">
    <workRoles>
      <workRole role="Vice-Mayor"/>
      <workRole institution="People's Government"/>
      <workRole location="Anhui Province"/>
      <workRole location="Hefei City"/>
    </workRoles>
  </workHistoryEntry>
  <workHistoryEntry startDate="1993" endDate="2001">
    <workRoles>
      <workRole role="Deputy Secretary"/>
      <workRole institution="CPC"/>
      <workRole institution="City Committee"/>
      <workRole location="Anhui Province"/>
      <workRole location="Hefei City"/>
    </workRoles>
  </workHistoryEntry>
  <workHistoryEntry startDate="1993" endDate="1995">
    <workRoles>
      <workRole role="Student"/>
      <workRole institution="CPC"/>
      <workRole institution="Central Committee"/>
      <workRole institution="Central Party School"/>
      <workRole institution="Correspondence Department"/>
    </workRoles>
  </workHistoryEntry>
  <workHistoryEntry startDate="1990" endDate="1993">
    <workRoles>
      <workRole role="Secretary"/>
      <workRole institution="Public Security Bureau"/>
      <workRole institution="CPC"/>
      <workRole institution="Party Committee"/>
      <workRole location="Anhui Province"/>
      <workRole location="Hefei City"/>
    </workRoles>
  </workHistoryEntry>
  <workHistoryEntry startDate="1990" endDate="1993">
    <workRoles>
      <workRole role="Director"/>
      <workRole institution="Public Security Bureau"/>
      <workRole location="Anhui Province"/>
      <workRole location="Hefei City"/>
    </workRoles>
  </workHistoryEntry>
  <workHistoryEntry startDate="1989" endDate="1990">
    <workRoles>
      <workRole role="Deputy Secretary"/>
      <workRole institution="Public Security Bureau"/>
      <workRole institution="CPC"/>
      <workRole institution="Party Committee"/>
      <workRole location="Anhui Province"/>
      <workRole location="Hefei City"/>
    </workRoles>
  </workHistoryEntry>
  <workHistoryEntry startDate="1989" endDate="1990">
    <workRoles>
      <workRole role="Deputy Director"/>
      <workRole institution="Public Security Bureau"/>
      <workRole location="Anhui Province"/>
      <workRole location="Hefei City"/>
    </workRoles>
  </workHistoryEntry>
  <workHistoryEntry startDate="1988" endDate="1989">
    <workRoles>
      <workRole role="Deputy Secretary"/>
      <workRole institution="Intermediate People's Court"/>
      <workRole institution="CPC"/>
      <workRole institution="Leading Party Group"/>
      <workRole location="Anhui Province"/>
      <workRole location="Hefei City"/>
    </workRoles>
  </workHistoryEntry>
  <workHistoryEntry startDate="1988" endDate="1989">
    <workRoles>
      <workRole role="Vice-President"/>
      <workRole institution="Intermediate People's Court"/>
      <workRole location="Anhui Province"/>
      <workRole location="Hefei City"/>
    </workRoles>
  </workHistoryEntry>
  <workHistoryEntry startDate="1981" endDate="1984">
    <workRoles>
      <workRole role="Student"/>
      <workRole institution="East China University of Political Science and Law"/>
      <workRole location="Shanghai Municipality"/>
    </workRoles>
  </workHistoryEntry>
  <workHistoryEntry startDate="1979" endDate="1988">
    <workRoles>
      <workRole role="Member"/>
      <workRole institution="Intermediate People's Court"/>
      <workRole institution="CPC"/>
      <workRole institution="Leading Party Group"/>
      <workRole location="Anhui Province"/>
      <workRole location="Hefei City"/>
    </workRoles>
  </workHistoryEntry>
  <workHistoryEntry startDate="1979" endDate="1988">
    <workRoles>
      <workRole role="Judge"/>
      <workRole institution="Intermediate People's Court"/>
      <workRole location="Anhui Province"/>
      <workRole location="Hefei City"/>
    </workRoles>
  </workHistoryEntry>
  <workHistoryEntry startDate="1979" endDate="1988">
    <workRoles>
      <workRole role="Assistant Judge"/>
      <workRole institution="Intermediate People's Court"/>
      <workRole location="Anhui Province"/>
      <workRole location="Hefei City"/>
    </workRoles>
  </workHistoryEntry>
  <workHistoryEntry startDate="1973" endDate="1979">
    <workRoles>
      <workRole role="Secretary"/>
      <workRole institution="CPC"/>
      <workRole institution="County Committee"/>
      <workRole location="Anhui Province"/>
      <workRole location="Yanggong County"/>
    </workRoles>
  </workHistoryEntry>
  <workHistoryEntry startDate="1973">
    <workRoles>
      <workRole role="Joined"/>
      <workRole institution="CPC"/>
    </workRoles>
  </workHistoryEntry>
  <workHistory/>
</biography>
