<?xml version="1.0" encoding="UTF-8"?>
<biography birthDate="1950" fullName="Chen Mingming" displayName="Chen Mingming" nonEnglishName="" sex="male" nationality="Han">
  <bioText>Chen Mingming, male, Han nationality, is a native of Shandong Province. He was born in 1950 and graduated from Beijing Foreign Languages Institute. For most of the 1980s, Chen was a senior staffer for the Translation and Interpretation Department in the Ministry of Foreign Affairs. After seven years with the department, he became second secretary for the Chinese Embassy in the United States in 1987; while there, he rose to assume the first secretary position before leaving to return to China in 1990. Chen was assigned to the North American and Oceania Affairs Department at the Ministry of Foreign Affairs where he served as division director and counselor. In 1998, he became deputy director-general of the department. After three years as deputy director-general, Chen was made ambassador to New Zealand and the Cook Islands in 2001.</bioText>
  <posts>
    <post description="Ambassador of the PRC to New Zealand and the Cook Islands"/>
  </posts>
  <birthLocations>
    <birthLocation location="Shandong Province"/>
  </birthLocations>
  <workHistoryEntry startDate="2001">
    <workRoles>
      <workRole role="Ambassador"/>
      <workRole institution="Chinese Embassy"/>
      <workRole location="Cook Islands"/>
      <workRole location="Rarotonga"/>
    </workRoles>
  </workHistoryEntry>
  <workHistoryEntry startDate="2001">
    <workRoles>
      <workRole role="Ambassador"/>
      <workRole institution="Chinese Embassy"/>
      <workRole location="New Zealand"/>
      <workRole location="Wellington"/>
    </workRoles>
  </workHistoryEntry>
  <workHistoryEntry startDate="1998" endDate="2001">
    <workRoles>
      <workRole role="Deputy Director-General"/>
      <workRole institution="Ministry of Foreign Affairs"/>
      <workRole institution="North American and Oceania Affairs Department"/>
    </workRoles>
  </workHistoryEntry>
  <workHistoryEntry startDate="1990" endDate="1998">
    <workRoles>
      <workRole role="Counselor"/>
      <workRole institution="Ministry of Foreign Affairs"/>
      <workRole institution="North American and Oceania Affairs Department"/>
    </workRoles>
  </workHistoryEntry>
  <workHistoryEntry startDate="1990" endDate="1998">
    <workRoles>
      <workRole role="Division Director"/>
      <workRole institution="Ministry of Foreign Affairs"/>
      <workRole institution="North American and Oceania Affairs Department"/>
    </workRoles>
  </workHistoryEntry>
  <workHistoryEntry startDate="1990" endDate="1998">
    <workRoles>
      <workRole role="Deputy Division Director"/>
      <workRole institution="Ministry of Foreign Affairs"/>
      <workRole institution="North American and Oceania Affairs Department"/>
    </workRoles>
  </workHistoryEntry>
  <workHistoryEntry startDate="1987" endDate="1990">
    <workRoles>
      <workRole role="First Secretary"/>
      <workRole institution="Chinese Embassy"/>
      <workRole location="USA"/>
      <workRole location="Washington D.C."/>
    </workRoles>
  </workHistoryEntry>
  <workHistoryEntry startDate="1987" endDate="1990">
    <workRoles>
      <workRole role="Second Secretary"/>
      <workRole institution="Chinese Embassy"/>
      <workRole location="USA"/>
      <workRole location="Washington D.C."/>
    </workRoles>
  </workHistoryEntry>
  <workHistoryEntry startDate="1980" endDate="1987">
    <workRoles>
      <workRole role="Deputy Division Director"/>
      <workRole institution="Ministry of Foreign Affairs"/>
      <workRole institution="Translation and Interpretation Department"/>
    </workRoles>
  </workHistoryEntry>
  <workHistoryEntry startDate="1980" endDate="1987">
    <workRoles>
      <workRole role="Second Secretary"/>
      <workRole institution="Ministry of Foreign Affairs"/>
      <workRole institution="Translation and Interpretation Department"/>
    </workRoles>
  </workHistoryEntry>
  <workHistoryEntry startDate="1980" endDate="1987">
    <workRoles>
      <workRole role="Third Secretary"/>
      <workRole institution="Ministry of Foreign Affairs"/>
      <workRole institution="Translation and Interpretation Department"/>
    </workRoles>
  </workHistoryEntry>
  <workHistoryEntry startDate="1978" endDate="1980">
    <workRoles>
      <workRole role="Staff Member"/>
      <workRole institution="Ministry of Foreign Affairs"/>
      <workRole institution="Education and Training Department"/>
    </workRoles>
  </workHistoryEntry>
  <workHistoryEntry startDate="">
    <workRoles>
      <workRole role="Graduate"/>
      <workRole institution="Beijing Foreign Languages Institute"/>
      <workRole location="Beijing Municipality"/>
    </workRoles>
  </workHistoryEntry>
  <workHistory/>
</biography>
