<?xml version="1.0" encoding="UTF-8"?>
<biography birthDate="1923" fullName="Chen Zhongyi" displayName="Chen Zhongyi" nonEnglishName="" sex="male" nationality="Taiwanese">
  <bioText>Chen Zhongyi, male, Taiwanese, is a native of Taipei, Taiwan. He was born in 1923, and graduated from St. John's University in Shanghai. Chen obtained a Master's Degree at the Georgia Institute of Technology in the USA, and worked as an engineer in Los Angeles. Upon returning to Taiwan, he joined the China Democratic League and began teaching at Qinghua University. In 1980, he joined the Taiwan Democratic Self-Government League, and served as vice chairman of its 5th and 6th Central Committees. Chen Zhongyi has received accolades for his outstanding work as a teacher of higher education. Chen Zhongyi was vice chairman of the 7th and 8th CPPCC Beijing Municipal Committees and member of the 6th-8th CPPCC National Committees.</bioText>
  <posts>
    <post description="Honorary Vice Chairman of the 6th Central Committee of the Taiwan Democratic Self-Government League"/>
  </posts>
  <birthLocations>
    <birthLocation location="Taiwan"/>
    <birthLocation location="Taipei"/>
  </birthLocations>
  <workHistoryEntry startDate="">
    <workRoles>
      <workRole role="Chairman"/>
      <workRole institution="Taiwan Democratic Self-Government League (TDSGL)"/>
      <workRole institution="Municipal Committee"/>
      <workRole location="Beijing Municipality"/>
    </workRoles>
  </workHistoryEntry>
  <workHistoryEntry startDate="1997">
    <workRoles>
      <workRole role="Vice-Chairman"/>
      <workRole institution="6th Taiwan Democratic Self-Government League (TDSGL)"/>
      <workRole institution="Central Committee"/>
    </workRoles>
  </workHistoryEntry>
  <workHistoryEntry startDate="1993" endDate="1998">
    <workRoles>
      <workRole role="Member"/>
      <workRole institution="8th CPPCC"/>
      <workRole institution="National Committee"/>
      <workRole institution="Standing Committee"/>
    </workRoles>
  </workHistoryEntry>
  <workHistoryEntry startDate="1992">
    <workRoles>
      <workRole role="(Received Certificate of Reward with Outstanding Contributions in Higher Education, State Council)"/>
    </workRoles>
  </workHistoryEntry>
  <workHistoryEntry startDate="1992" endDate="????">
    <workRoles>
      <workRole role="Vice-Chairman"/>
      <workRole institution="5th Taiwan Democratic Self-Government League (TDSGL)"/>
      <workRole institution="Central Committee"/>
    </workRoles>
  </workHistoryEntry>
  <workHistoryEntry startDate="1988" endDate="1993">
    <workRoles>
      <workRole role="Member"/>
      <workRole institution="7th CPPCC"/>
      <workRole institution="National Committee"/>
      <workRole institution="Standing Committee"/>
    </workRoles>
  </workHistoryEntry>
  <workHistoryEntry startDate="1988" endDate="1993">
    <workRoles>
      <workRole role="Member"/>
      <workRole institution="CPPCC"/>
      <workRole institution="Municipal Committee"/>
      <workRole institution="Standing Committee"/>
      <workRole location="Beijing Municipality"/>
    </workRoles>
  </workHistoryEntry>
  <workHistoryEntry startDate="1988" endDate="1998">
    <workRoles>
      <workRole role="Vice-Chairman"/>
      <workRole institution="CPPCC"/>
      <workRole institution="Municipal Committee"/>
      <workRole location="Beijing Municipality"/>
    </workRoles>
  </workHistoryEntry>
  <workHistoryEntry startDate="1984">
    <workRoles>
      <workRole role="(Titled Excellent Teacher by State Education Commission)"/>
    </workRoles>
  </workHistoryEntry>
  <workHistoryEntry startDate="1983" endDate="1988">
    <workRoles>
      <workRole role="Member"/>
      <workRole institution="6th CPPCC"/>
      <workRole institution="National Committee"/>
    </workRoles>
  </workHistoryEntry>
  <workHistoryEntry startDate="1980">
    <workRoles>
      <workRole role="Joined"/>
      <workRole institution="Taiwan Democratic Self-Government League (TDSGL)"/>
    </workRoles>
  </workHistoryEntry>
  <workHistoryEntry startDate="">
    <workRoles>
      <workRole role="Chairman"/>
      <workRole institution="Beijing Federation of Returned Overseas Chinese"/>
      <workRole location="Beijing Municipality"/>
    </workRoles>
  </workHistoryEntry>
  <workHistoryEntry startDate="1952" endDate="1988">
    <workRoles>
      <workRole role="Professor"/>
      <workRole institution="Tsinghua University"/>
      <workRole institution="Hydraulic Engineering Department"/>
      <workRole location="Beijing Municipality"/>
    </workRoles>
  </workHistoryEntry>
  <workHistoryEntry startDate="1952">
    <workRoles>
      <workRole role="Joined"/>
      <workRole institution="China Democratic League"/>
    </workRoles>
  </workHistoryEntry>
  <workHistoryEntry startDate="1951" endDate="1952">
    <workRoles>
      <workRole role="Lecturer"/>
      <workRole institution="Yenching University"/>
      <workRole location="Beijing Municipality"/>
    </workRoles>
  </workHistoryEntry>
  <workHistoryEntry startDate="1950">
    <workRoles>
      <workRole role="Graduate"/>
      <workRole institution="Georgia Institute of Technology"/>
      <workRole location="USA"/>
      <workRole location="Georgia"/>
      <workRole location="Atlanta"/>
    </workRoles>
  </workHistoryEntry>
  <workHistoryEntry startDate="">
    <workRoles>
      <workRole role="(Engineer, Basic Engineering Company, Los Angeles, USA)"/>
    </workRoles>
  </workHistoryEntry>
  <workHistoryEntry startDate="">
    <workRoles>
      <workRole role="Engineer"/>
      <workRole institution="Public Engineering Bureau"/>
      <workRole location="Taiwan"/>
    </workRoles>
  </workHistoryEntry>
  <workHistoryEntry startDate="1944">
    <workRoles>
      <workRole role="Graduate"/>
      <workRole institution="St. John's University"/>
      <workRole institution="Civil Engineering Department"/>
      <workRole location="Shanghai Municipality"/>
    </workRoles>
  </workHistoryEntry>
  <workHistory/>
</biography>
