<?xml version="1.0" encoding="UTF-8"?>
<biography birthDate="1955" fullName="Chen Zhimin" displayName="Chen Zhimin" nonEnglishName="" sex="male" nationality="Han">
  <bioText>Chen Zhimin, male, Han nationality, is a native of County Zhuji, Zhejiang Province. He was born in 1955, begun his career in 1969, and joined the CPC in 1985. Chen Zhimin studied at the Chinese Academy of Science, majoring in Management Science and Engineering. He served as Assistant Minister of Ministry of Public Security for many years. In 2009, he became vice-Minister of Ministry of Public Security.</bioText>
  <posts>
    <post description="Vice-Minister, Ministry of Public Security"/>
  </posts>
  <birthLocations>
    <birthLocation location="Zhejiang Province"/>
    <birthLocation location="Zhuji County"/>
  </birthLocations>
  <workHistoryEntry startDate="2009">
    <workRoles>
      <workRole role="Vice-Minister"/>
      <workRole institution="Ministry of Public Security"/>
    </workRoles>
  </workHistoryEntry>
  <workHistoryEntry startDate="2009">
    <workRoles>
      <workRole role="Member"/>
      <workRole institution="Ministry of Public Security"/>
      <workRole institution="CPC"/>
      <workRole institution="Party Committee"/>
    </workRoles>
  </workHistoryEntry>
  <workHistoryEntry startDate="">
    <workRoles>
      <workRole role="Assistant Minister"/>
      <workRole institution="Ministry of Public Security"/>
    </workRoles>
  </workHistoryEntry>
  <workHistoryEntry startDate="">
    <workRoles>
      <workRole role="Student"/>
      <workRole institution="Chinese Academy of Sciences"/>
      <workRole institution="Management Science and Engineering Department"/>
    </workRoles>
  </workHistoryEntry>
  <workHistoryEntry startDate="1985">
    <workRoles>
      <workRole role="Joined"/>
      <workRole institution="CPC"/>
    </workRoles>
  </workHistoryEntry>
  <workHistory/>
</biography>
