<?xml version="1.0" encoding="UTF-8"?>
<biography birthDate="1953" fullName="Chen Xi" displayName="Chen Xi" nonEnglishName="" sex="male" nationality="Han">
  <bioText>Chen Xi, male, Han nationality, is a native of Putian City, Fujian province. He was born in 1953, joined the CPC in 1978, and graduated from Department of Chemical Engineering of Tsinhua University. Chen acquired a master degree from Tsinghua University. He is currently a member of the 17th CPC Central Committee of Central Commission for Discipline and Inspection, Vice Minister of Education and Deputy Secretary of the Leading Party Members Group of that ministry.</bioText>
  <posts>
    <post description="Member, 17th CPC, Central Committee, Central Commission for Discipline Inspection"/>
    <post description="Vice-Minister, Ministry of Education"/>
    <post description="Deputy Secretary, CPC, Provincial Committee, Liaoning Province"/>
  </posts>
  <birthLocations>
    <birthLocation location="Fujian Province"/>
    <birthLocation location="Putian City"/>
  </birthLocations>
  <workHistoryEntry startDate="2010">
    <workRoles>
      <workRole role="Deputy Secretary"/>
      <workRole institution="CPC"/>
      <workRole institution="Provincial Committee"/>
      <workRole location="Liaoning Province"/>
    </workRoles>
  </workHistoryEntry>
  <workHistoryEntry startDate="2009">
    <workRoles>
      <workRole role="Vice-Minister"/>
      <workRole institution="Ministry of Education"/>
    </workRoles>
  </workHistoryEntry>
  <workHistoryEntry startDate="2009">
    <workRoles>
      <workRole role="Deputy Secretary"/>
      <workRole institution="Ministry of Education"/>
      <workRole institution="CPC"/>
      <workRole institution="Leading Party Group"/>
    </workRoles>
  </workHistoryEntry>
  <workHistoryEntry startDate="2007">
    <workRoles>
      <workRole role="Member"/>
      <workRole institution="17th CPC"/>
      <workRole institution="Central Committee"/>
      <workRole institution="Central Commission for Discipline Inspection"/>
    </workRoles>
  </workHistoryEntry>
  <workHistoryEntry startDate="2002" endDate="2008">
    <workRoles>
      <workRole role="Secretary"/>
      <workRole institution="CPC"/>
      <workRole institution="Party Committee"/>
      <workRole institution="Tsinghua University"/>
      <workRole location="Beijing"/>
      <workRole location="Haidian District"/>
    </workRoles>
  </workHistoryEntry>
  <workHistoryEntry startDate="1995" endDate="2002">
    <workRoles>
      <workRole role="Managing Deputy Secretary"/>
      <workRole institution="CPC"/>
      <workRole institution="Party Committee"/>
      <workRole institution="Tsinghua University"/>
      <workRole location="Beijing"/>
      <workRole location="Haidian District"/>
    </workRoles>
  </workHistoryEntry>
  <workHistoryEntry startDate="1993" endDate="1995">
    <workRoles>
      <workRole role="Deputy Secretary"/>
      <workRole institution="CPC"/>
      <workRole institution="Party Committee"/>
      <workRole institution="Tsinghua University"/>
      <workRole location="Beijing"/>
      <workRole location="Haidian District"/>
    </workRoles>
  </workHistoryEntry>
  <workHistoryEntry startDate="1992" endDate="1993">
    <workRoles>
      <workRole role="Deputy Secretary"/>
      <workRole institution="CPC"/>
      <workRole institution="Party Committee"/>
      <workRole institution="Tsinghua University"/>
      <workRole institution="Chemical Engineering Department"/>
      <workRole location="Beijing"/>
      <workRole location="Haidian District"/>
    </workRoles>
  </workHistoryEntry>
  <workHistoryEntry startDate="">
    <workRoles>
      <workRole role="Visiting Scholar"/>
      <workRole institution="Stanford University"/>
      <workRole location="USA"/>
      <workRole location="California"/>
      <workRole location="Stanford"/>
    </workRoles>
  </workHistoryEntry>
  <workHistoryEntry startDate="1985" endDate="1988">
    <workRoles>
      <workRole role="Member"/>
      <workRole institution="CPC"/>
      <workRole institution="Party Committee"/>
      <workRole institution="Standing Committee"/>
      <workRole institution="Tsinghua University"/>
      <workRole location="Beijing"/>
      <workRole location="Haidian District"/>
    </workRoles>
  </workHistoryEntry>
  <workHistoryEntry startDate="1979" endDate="1982">
    <workRoles>
      <workRole role="Student"/>
      <workRole institution="Tsinghua University"/>
      <workRole institution="Chemical Engineering Department"/>
      <workRole location="Beijing"/>
      <workRole location="Haidian District"/>
    </workRoles>
  </workHistoryEntry>
  <workHistoryEntry startDate="1979" endDate="1979">
    <workRoles>
      <workRole role="Student"/>
      <workRole institution="Tsinghua University"/>
      <workRole institution="Chemical Engineering Department"/>
      <workRole location="Beijing"/>
      <workRole location="Haidian District"/>
    </workRoles>
  </workHistoryEntry>
  <workHistory/>
</biography>
