<?xml version="1.0" encoding="UTF-8"?>
<biography birthDate="1965" fullName="Chen Zhi" displayName="Chen Zhi" nonEnglishName="" sex="male" nationality="Han">
  <bioText>Chen Zhi, male, Han nationality, is a native of Zhanjiang, Guangdong province. He was born in 1965 and obtained a MBA degree. He is chairman of Shenzhen Causeway Bay Department Store Company, chairman of Hong Kong Causeway Bay Cmall Chain Enterprises Group and also vice-president of the Beijing New Yansha Causeway Bay Commercial Company. Chen is the founder of CMALL Causeway Bay Square, the first shopping mall in China. He became president of CMALL Causeway Bay Group in 1998.</bioText>
  <posts>
    <post description="President of the CMALL Causeway Bay Group"/>
  </posts>
  <birthLocations>
    <birthLocation location="Guangdong Province"/>
    <birthLocation location="Zhanjiang City"/>
  </birthLocations>
  <workHistoryEntry startDate="1998">
    <workRoles>
      <workRole role="President"/>
      <workRole institution="CMALL Causeway Bay Group"/>
    </workRoles>
  </workHistoryEntry>
  <workHistory/>
</biography>
