<?xml version="1.0" encoding="UTF-8"?>
<biography birthDate="1921" fullName="Chen Bingcong" displayName="Chen Bingcong" nonEnglishName="" sex="male" nationality="Han">
  <bioText>Chen Bingcong, male, Han nationality, was born in 1921. He received a bachelor's degree from the Machinery Department of Northwest Engineering Institute in 1943. The following year, in 1944, Chen studied in the senior class of the Machinery School of the Air Force and became an aviation engineer; he remained at the school until 1946. Chen received a master's degree from the Aviation Department of the University of Illinois in 1948. After serving as a professor and dean in the Automation Department at Shandong Engineering College, Chen became a professor and dean in the tractor department at Jilin Industrial University in 1955 – he served in those capacities for 28 years. In 1983, he became honorary president of the university. Involved with organizations such as the China Agricultural Engineering Society, the China Farm Machinery Society, and the Asia Agricultural Engineering Society (based in Thailand), Chen is the winner of two prizes of the science conference from the Ministry of First Machinery Industry. In 1992, he was awarded a Class II national award for scientific progress on bionic research on earth disengagement mechanisms. He is a deputy chairman of the Jilin CPPCC and a member of the Academic Degrees Committee of State Council.</bioText>
  <posts>
    <post description="Academician of the Chinese Academy of Engineering"/>
  </posts>
  <birthLocations>
    <birthLocation location="Shandong Province"/>
    <birthLocation location="Huang County"/>
  </birthLocations>
  <workHistoryEntry startDate="">
    <workRoles>
      <workRole role="Vice-Chairman"/>
      <workRole institution="CPPCC"/>
      <workRole institution="Provincial Committee"/>
      <workRole location="Jilin Province"/>
    </workRoles>
  </workHistoryEntry>
  <workHistoryEntry startDate="1995" endDate="1998">
    <workRoles>
      <workRole role="Academician"/>
      <workRole institution="Chinese Academy of Engineering"/>
    </workRoles>
  </workHistoryEntry>
  <workHistoryEntry startDate="1983" endDate="1987">
    <workRoles>
      <workRole role="Vice-President"/>
      <workRole institution="Jilin Industrial University"/>
      <workRole location="Jilin Province"/>
      <workRole location="Jilin City"/>
    </workRoles>
  </workHistoryEntry>
  <workHistoryEntry startDate="1955" endDate="1983">
    <workRoles>
      <workRole role="Professor"/>
      <workRole institution="Jilin Industrial University"/>
      <workRole institution="Tractor Department"/>
      <workRole location="Jilin Province"/>
      <workRole location="Jilin City"/>
    </workRoles>
  </workHistoryEntry>
  <workHistoryEntry startDate="1955" endDate="1983">
    <workRoles>
      <workRole role="Dean"/>
      <workRole institution="Jilin Industrial University"/>
      <workRole institution="Tractor Department"/>
      <workRole location="Jilin Province"/>
      <workRole location="Jilin City"/>
    </workRoles>
  </workHistoryEntry>
  <workHistoryEntry startDate="1949" endDate="1955">
    <workRoles>
      <workRole role="Professor"/>
      <workRole institution="Shandong Engineering College"/>
      <workRole institution="Automation Department"/>
      <workRole location="Shandong Province"/>
    </workRoles>
  </workHistoryEntry>
  <workHistoryEntry startDate="1948">
    <workRoles>
      <workRole role="Graduate"/>
      <workRole institution="University of Illinois"/>
      <workRole institution="Aviation Department"/>
      <workRole location="USA"/>
      <workRole location="Illinois"/>
      <workRole location="Chicago"/>
    </workRoles>
  </workHistoryEntry>
  <workHistory/>
</biography>
