<?xml version="1.0" encoding="UTF-8"?>
<biography birthDate="1944" fullName="Cheng Xiyuan" displayName="Cheng Xiyuan" nonEnglishName="" sex="male" nationality="Han">
  <bioText>Cheng Xiyuan, male, Han nationality, is a native of Shanghai. He was born in 1944, and graduated from the Chongqing Institute of Military Telecommunications and Engineering. He is executive director of the China Telecom Corporation Limited and chairman of the board of directors of the Shanghai Telecom Company Limited. He is a senior engineer with 36 years of operational and managerial experience in the telecommunications industry in China.</bioText>
  <posts>
    <post description="Executive Director of the China Telecom Corporation Limited"/>
  </posts>
  <birthLocations>
    <birthLocation location="Shanghai Municipality"/>
  </birthLocations>
  <workHistoryEntry startDate="2002">
    <workRoles>
      <workRole role="President"/>
      <workRole institution="Shanghai Telecom Company Limited"/>
      <workRole location="Beijing Municipality"/>
    </workRoles>
  </workHistoryEntry>
  <workHistoryEntry startDate="2002">
    <workRoles>
      <workRole role="Chairman"/>
      <workRole institution="Shanghai Telecom Company Limited"/>
      <workRole location="Shanghai Municipality"/>
    </workRoles>
  </workHistoryEntry>
  <workHistoryEntry startDate="2001">
    <workRoles>
      <workRole role="Executive Director"/>
      <workRole institution="China Telecom Corporation"/>
    </workRoles>
  </workHistoryEntry>
  <workHistoryEntry startDate="1990" endDate="1995">
    <workRoles>
      <workRole role="Director General"/>
      <workRole institution="Long Distance Telephone Bureau"/>
      <workRole location="Shanghai Municipality"/>
    </workRoles>
  </workHistoryEntry>
  <workHistory/>
</biography>
