<?xml version="1.0" encoding="UTF-8"?>
<biography birthDate="1941" fullName="Chen Yunlin" displayName="Chen Yunlin" nonEnglishName="" sex="male" nationality="Han">
  <bioText>Chen Yunlin, male, Han nationality, is a native of Heishan, Liaoning Province. He was born in 1941, joined the CPC in 1966, and graduated from Beijing Agricultural University. Chen has spent his career in Heilongjiang Province, and initially held positions at the Yucuntun Chemical Works in Qiqihar City. In the early 1980s ,he served as city planner and Mayor of Qiqihar City. In the 1980s, he served as Director of the Commission for Restructuring the Economy and in 1987 he became vice governor of the Province. In 1997, he became involved in the Taiwan Affairs Office of the State Council and served as its Director. Chen served as alternate member to the 14th CPC Central Committee and member of the 15th and 16th CPC Central Committee. He is currently chief of the Association for Relations Across the Taiwan Straits.</bioText>
  <posts>
    <post description="Chief, Association for Relations Across the Taiwan Straits"/>
  </posts>
  <birthLocations>
    <birthLocation location="Liaoning Province"/>
    <birthLocation location="Heishan County"/>
  </birthLocations>
  <workHistoryEntry startDate="2008">
    <workRoles>
      <workRole role="Chief"/>
      <workRole institution="Association for Relations Across the Taiwan Straits"/>
    </workRoles>
  </workHistoryEntry>
  <workHistoryEntry startDate="2002" endDate="2007">
    <workRoles>
      <workRole role="Member"/>
      <workRole institution="16th CPC"/>
      <workRole institution="Central Committee"/>
    </workRoles>
  </workHistoryEntry>
  <workHistoryEntry startDate="1997" endDate="2002">
    <workRoles>
      <workRole role="Member"/>
      <workRole institution="15th CPC"/>
      <workRole institution="Central Committee"/>
    </workRoles>
  </workHistoryEntry>
  <workHistoryEntry startDate="1996" endDate="2008">
    <workRoles>
      <workRole role="Director"/>
      <workRole institution="Taiwan Affairs Office of the State Council"/>
    </workRoles>
  </workHistoryEntry>
  <workHistoryEntry startDate="1994" endDate="1996">
    <workRoles>
      <workRole role="Deputy Director"/>
      <workRole institution="Taiwan Affairs Office of the State Council"/>
    </workRoles>
  </workHistoryEntry>
  <workHistoryEntry startDate="1992" endDate="1997">
    <workRoles>
      <workRole role="Alternate Member"/>
      <workRole institution="14th CPC"/>
      <workRole institution="Central Committee"/>
    </workRoles>
  </workHistoryEntry>
  <workHistoryEntry startDate="1988" endDate="1994">
    <workRoles>
      <workRole role="Member"/>
      <workRole institution="CPC"/>
      <workRole institution="Provincial Committee"/>
      <workRole institution="Standing Committee"/>
      <workRole location="Heilongjiang Province"/>
    </workRoles>
  </workHistoryEntry>
  <workHistoryEntry startDate="1988" endDate="1994">
    <workRoles>
      <workRole role="Vice-Governor"/>
      <workRole institution="People's Government"/>
      <workRole location="Heilongjiang Province"/>
    </workRoles>
  </workHistoryEntry>
  <workHistoryEntry startDate="1987" endDate="1988">
    <workRoles>
      <workRole role="Director"/>
      <workRole institution="Commission for Restructuring the Economy"/>
      <workRole location="Heilongjiang Province"/>
    </workRoles>
  </workHistoryEntry>
  <workHistoryEntry startDate="1987" endDate="1992">
    <workRoles>
      <workRole role="Delegate"/>
      <workRole institution="13th CPC"/>
      <workRole institution="National Congress"/>
    </workRoles>
  </workHistoryEntry>
  <workHistoryEntry startDate="1985" endDate="1988">
    <workRoles>
      <workRole role="Deputy Secretary"/>
      <workRole institution="CPC"/>
      <workRole institution="Provincial Committee"/>
      <workRole location="Heilongjiang Province"/>
    </workRoles>
  </workHistoryEntry>
  <workHistoryEntry startDate="1983" endDate="1985">
    <workRoles>
      <workRole role="Mayor"/>
      <workRole institution="People's Government"/>
      <workRole location="Heilongjiang Province"/>
      <workRole location="Qiqihar City"/>
    </workRoles>
  </workHistoryEntry>
  <workHistoryEntry startDate="1983" endDate="1985">
    <workRoles>
      <workRole role="Deputy Secretary"/>
      <workRole institution="CPC"/>
      <workRole institution="City Committee"/>
      <workRole location="Heilongjiang Province"/>
      <workRole location="Qiqihar City"/>
    </workRoles>
  </workHistoryEntry>
  <workHistoryEntry startDate="1981" endDate="1983">
    <workRoles>
      <workRole role="Member"/>
      <workRole institution="CPC"/>
      <workRole institution="City Committee"/>
      <workRole institution="Standing Committee"/>
      <workRole location="Heilongjiang Province"/>
      <workRole location="Qiqihar City"/>
    </workRoles>
  </workHistoryEntry>
  <workHistoryEntry startDate="1978" endDate="1981">
    <workRoles>
      <workRole role="Director"/>
      <workRole institution="Yucuntun Chemical Works"/>
      <workRole location="Heilongjiang Province"/>
      <workRole location="Qiqihar City"/>
    </workRoles>
  </workHistoryEntry>
  <workHistoryEntry startDate="1978" endDate="1981">
    <workRoles>
      <workRole role="Deputy Secretary"/>
      <workRole institution="Yucuntun Chemical Works"/>
      <workRole institution="CPC"/>
      <workRole institution="Party Committee"/>
      <workRole location="Heilongjiang Province"/>
      <workRole location="Qiqihar City"/>
    </workRoles>
  </workHistoryEntry>
  <workHistoryEntry startDate="1974" endDate="1978">
    <workRoles>
      <workRole role="Deputy Director"/>
      <workRole institution="Yucuntun Chemical Works"/>
      <workRole location="Heilongjiang Province"/>
      <workRole location="Qiqihar City"/>
    </workRoles>
  </workHistoryEntry>
  <workHistoryEntry startDate="1968" endDate="1974">
    <workRoles>
      <workRole role="Technician"/>
      <workRole institution="Yucuntun Chemical Works"/>
      <workRole location="Heilongjiang Province"/>
      <workRole location="Qiqihar City"/>
    </workRoles>
  </workHistoryEntry>
  <workHistoryEntry startDate="1968">
    <workRoles>
      <workRole role="Graduate"/>
      <workRole institution="Beijing Agricultural University"/>
      <workRole institution="Soil Agrochemistry Department"/>
      <workRole location="Beijing Municipality"/>
    </workRoles>
  </workHistoryEntry>
  <workHistoryEntry startDate="1966">
    <workRoles>
      <workRole role="Joined"/>
      <workRole institution="CPC"/>
    </workRoles>
  </workHistoryEntry>
  <workHistory/>
</biography>
