<?xml version="1.0" encoding="UTF-8"?>
<biography birthDate="Zhejiang Province, Ningbo City" fullName="Chen Junyong" displayName="Chen Junyong" nonEnglishName="" sex="male" nationality="Han">
  <bioText>Chen Junyong, male, Han nationality, is a native of Ningbo, Zhejiang Province. He was born in Shanghai and graduated from Wuhan Surveying and Mapping College in 1960. He received a doctorate degree from Graz University in Austria in 1981. Chen is an expert on geodesy and has been consultant to the State Bureau of Surveying and Mapping and director of the Science and Technology Committee. He was elected academician of the Chinese Academy of Sciences in 1991.</bioText>
  <posts>
    <post description="Academician of the Chinese Academy of Sciences"/>
  </posts>
  <birthLocations/>
  <workHistoryEntry startDate="1991">
    <workRoles>
      <workRole role="Academician"/>
      <workRole institution="Chinese Academy of Sciences"/>
    </workRoles>
  </workHistoryEntry>
  <workHistoryEntry startDate="">
    <workRoles>
      <workRole role="Director"/>
      <workRole institution="Science and Technology Committee"/>
    </workRoles>
  </workHistoryEntry>
  <workHistoryEntry startDate="">
    <workRoles>
      <workRole role="Researcher"/>
      <workRole institution="Science and Technology Committee"/>
    </workRoles>
  </workHistoryEntry>
  <workHistoryEntry startDate="">
    <workRoles>
      <workRole role="Consultant"/>
      <workRole institution="State Bureau of Surveying and Mapping"/>
    </workRoles>
  </workHistoryEntry>
  <workHistoryEntry startDate="1981">
    <workRoles>
      <workRole role="Graduate"/>
      <workRole institution="Graz University of Technology"/>
      <workRole location="Austria"/>
      <workRole location="Graz"/>
    </workRoles>
  </workHistoryEntry>
  <workHistoryEntry startDate="1960">
    <workRoles>
      <workRole role="Graduate"/>
      <workRole institution="Wuhan Technical University of Surveying and Mapping"/>
      <workRole location="Hubei Province"/>
      <workRole location="Wuhan City"/>
    </workRoles>
  </workHistoryEntry>
  <workHistory/>
</biography>
