<?xml version="1.0" encoding="UTF-8"?>
<biography birthDate="Zhejiang Province, Shangyu County" fullName="Chen Mengxiong" displayName="Chen Mengxiong" nonEnglishName="" sex="male" nationality="Han">
  <bioText>Chen Mengxiong, male, Han nationality, is a native of Shangyu, Zhejiang Province. He was born in Nanjing, graduated from the Geology Department of the National Southwest Associated University and is a noted expert on hydrogeology. Chen has been senior engineer in the Ministry of Land and Natural Resources and the Research Center of Science and Technology, as well as deputy chief engineer in the Hydrogeologic Engineering Bureau of the Geological Ministry. In 1991, he was named senior academician in the Chinese Academy of Sciences.</bioText>
  <posts>
    <post description="Senior Academician of the Chinese Academy of Sciences"/>
  </posts>
  <birthLocations/>
  <workHistoryEntry startDate="1991">
    <workRoles>
      <workRole role="Senior Academician"/>
      <workRole institution="Chinese Academy of Sciences"/>
    </workRoles>
  </workHistoryEntry>
  <workHistoryEntry startDate="">
    <workRoles>
      <workRole role="Deputy Chief Engineer"/>
      <workRole institution="Hydrogeologic Engineering Bureau"/>
    </workRoles>
  </workHistoryEntry>
  <workHistoryEntry startDate="">
    <workRoles>
      <workRole role="Senior Engineer"/>
    </workRoles>
  </workHistoryEntry>
  <workHistoryEntry startDate="">
    <workRoles>
      <workRole role="Senior Engineer"/>
      <workRole institution="Ministry of Land and Resources"/>
    </workRoles>
  </workHistoryEntry>
  <workHistoryEntry startDate="1942">
    <workRoles>
      <workRole role="Graduate"/>
      <workRole institution="Southwest Associated University"/>
      <workRole institution="Geology Department"/>
    </workRoles>
  </workHistoryEntry>
  <workHistory/>
</biography>
