<?xml version="1.0" encoding="UTF-8"?>
<biography birthDate="1958" fullName="Chen Xuefeng" displayName="Chen Xuefeng" nonEnglishName="" sex="male" nationality="Han">
  <bioText>Chen Xuefeng, male, Han nationality, is a native of Qixian County, Henan Province. He was born in 1958 and graduated from China University of Mining and Technology in 1982. From 2008 to 2011, he was Chairman of Board of the Directors and Secretary of CPC Party Committee of the Henan Province Coal Chemical Industry Group. Since 2011, he is Vice Governor of Henan Provincial People’s Government.</bioText>
  <posts>
    <post description="Vice-Governor, People's Government, Henan Province"/>
  </posts>
  <birthLocations>
    <birthLocation location="Henan Province"/>
    <birthLocation location="Qixian County"/>
  </birthLocations>
  <workHistoryEntry startDate="2011">
    <workRoles>
      <workRole role="Vice-Governor"/>
      <workRole institution="People's Government"/>
      <workRole location="Henan Province"/>
    </workRoles>
  </workHistoryEntry>
  <workHistoryEntry startDate="2011">
    <workRoles>
      <workRole role="Member"/>
      <workRole institution="People's Government"/>
      <workRole institution="CPC"/>
      <workRole institution="Leading Party Group"/>
      <workRole location="Henan Province"/>
    </workRoles>
  </workHistoryEntry>
  <workHistoryEntry startDate="2008">
    <workRoles>
      <workRole role="Deputy"/>
      <workRole institution="11th NPC"/>
    </workRoles>
  </workHistoryEntry>
  <workHistoryEntry startDate="2008" endDate="2011">
    <workRoles>
      <workRole role="Chairman"/>
      <workRole institution="Henan Coal Chemical Industry Group"/>
      <workRole institution="Board of Directors"/>
    </workRoles>
  </workHistoryEntry>
  <workHistoryEntry startDate="2008" endDate="2011">
    <workRoles>
      <workRole role="Secretary"/>
      <workRole institution="Henan Coal Chemical Industry Group"/>
      <workRole institution="Board of Directors"/>
      <workRole institution="CPC"/>
      <workRole institution="Party Committee"/>
    </workRoles>
  </workHistoryEntry>
  <workHistoryEntry startDate="2000" endDate="2008">
    <workRoles>
      <workRole role="General Manager"/>
      <workRole institution="Yongmei Group Company"/>
    </workRoles>
  </workHistoryEntry>
  <workHistoryEntry startDate="1977" endDate="1982">
    <workRoles>
      <workRole role="Student"/>
      <workRole institution="China University of Mining and Technology"/>
      <workRole location="Beijing Municipality"/>
    </workRoles>
  </workHistoryEntry>
  <workHistory/>
</biography>
