<?xml version="1.0" encoding="UTF-8"?>
<biography birthDate="1919" fullName="Chen Xuejun" displayName="Chen Xuejun" nonEnglishName="" sex="male" nationality="Han">
  <bioText>Chen Xuejun, male, Han nationality, is a native of Chuxian County, Anhui Province. He graduated from Central University in 1939. Chen Xuejun has long been engaged in scientific research of thermal energy power engineering. As one of the founders of boiler specialty and thermal energy engineering discipline in China, Chen took a lead in carrying out the theoretical research of application basic discipline - two-phase flow and heat conduction. Chen established many courses in electric power, thermal energy engineering and boiler specialty. Chen has compiled eleven works, including 'Science of Boiler', 'Internal Boiler Process', 'Combustion Turbine', 'Vapor Power Plant', 'Principle of Boiler' and 'Two-phase Flow and Heat Conduction', which are used by colleges and universities throughout China. He has also published 250 academic dissertations. Chen is the recipient of four national natural science awards and advancement awards of science and technology and seven advancement awards of science and technology at ministerial, commission and provincial level for his scientific research achievements. Chen is an academician of the Chinese Academy of Sciences.</bioText>
  <posts>
    <post description="Expert on Thermal Energy Power Engineering"/>
  </posts>
  <birthLocations>
    <birthLocation location="Anhui Province"/>
    <birthLocation location="Chuxian County"/>
  </birthLocations>
  <workHistoryEntry startDate="1980">
    <workRoles>
      <workRole role="Academician"/>
      <workRole institution="Chinese Academy of Sciences"/>
    </workRoles>
  </workHistoryEntry>
  <workHistoryEntry startDate="">
    <workRoles>
      <workRole role="Vice-President"/>
      <workRole institution="Xi'an Jiaotong University"/>
      <workRole institution="Power Department"/>
      <workRole location="Shaanxi Province"/>
      <workRole location="Xi'an City"/>
    </workRoles>
  </workHistoryEntry>
  <workHistoryEntry startDate="">
    <workRoles>
      <workRole role="Director"/>
      <workRole institution="Xi'an Jiaotong University"/>
      <workRole institution="Power Department"/>
      <workRole location="Shaanxi Province"/>
      <workRole location="Xi'an City"/>
    </workRoles>
  </workHistoryEntry>
  <workHistoryEntry startDate="">
    <workRoles>
      <workRole role="Professor"/>
      <workRole institution="Xi'an Jiaotong University"/>
      <workRole location="Shaanxi Province"/>
      <workRole location="Xi'an City"/>
    </workRoles>
  </workHistoryEntry>
  <workHistoryEntry startDate="1946">
    <workRoles>
      <workRole role="Graduate"/>
      <workRole institution="Purdue University"/>
      <workRole location="USA"/>
      <workRole location="Indiana"/>
      <workRole location="West Lafayette"/>
    </workRoles>
  </workHistoryEntry>
  <workHistoryEntry startDate="1939">
    <workRoles>
      <workRole role="Graduate"/>
      <workRole institution="Central University for Nationalities"/>
      <workRole location="Beijing Municipality"/>
    </workRoles>
  </workHistoryEntry>
  <workHistory/>
</biography>
