<?xml version="1.0" encoding="UTF-8"?>
<biography birthDate="1959" fullName="Chen Yiqin" displayName="Chen Yiqin" nonEnglishName="" sex="female" nationality="Bai">
  <bioText>Chen Yiqin, female, Bai nationality, is a native of County Zhijin, Guizhou Province. She was born in 1959, joined the CPC in 1985 and started her career in 1977. She is a member of the Standing Committee of the Guizhou CPC Provincial Committee, Director of the Guizhou CPC Provincial Propaganda Department, and President of the Guizhou Provincial Federation of Social Sciences. Chen is an Alternate Member of the 17th CPC Central Committee.</bioText>
  <posts>
    <post description="Alternate Member, 17th CPC, Central Committee"/>
  </posts>
  <birthLocations>
    <birthLocation location="Guizhou Province"/>
    <birthLocation location="Zhijin County"/>
  </birthLocations>
  <workHistoryEntry startDate="2007">
    <workRoles>
      <workRole role="Alternate Member"/>
      <workRole institution="17th CPC"/>
      <workRole institution="Central Committee"/>
    </workRoles>
  </workHistoryEntry>
  <workHistoryEntry startDate="2007">
    <workRoles>
      <workRole role="Director"/>
      <workRole institution="CPC"/>
      <workRole institution="Provincial Committee"/>
      <workRole institution="Propaganda Department"/>
      <workRole location="Guizhou Province"/>
    </workRoles>
  </workHistoryEntry>
  <workHistoryEntry startDate="2007">
    <workRoles>
      <workRole role="Member"/>
      <workRole institution="CPC"/>
      <workRole institution="Provincial Committee"/>
      <workRole institution="Standing Committee"/>
      <workRole location="Guizhou Province"/>
    </workRoles>
  </workHistoryEntry>
  <workHistoryEntry startDate="2003">
    <workRoles>
      <workRole role="Deputy Secretary"/>
      <workRole institution="CPC"/>
      <workRole institution="District Committee"/>
      <workRole location="Guizhou Province"/>
      <workRole location="Tongren"/>
    </workRoles>
  </workHistoryEntry>
  <workHistoryEntry startDate="2001" endDate="2003">
    <workRoles>
      <workRole role="Deputy Secretary"/>
      <workRole institution="CPC"/>
      <workRole institution="District Committee"/>
      <workRole location="Guizhou Province"/>
      <workRole location="Qiandongnan"/>
    </workRoles>
  </workHistoryEntry>
  <workHistoryEntry startDate="1998" endDate="1999">
    <workRoles>
      <workRole role="Deputy Secretary"/>
      <workRole institution="CPC"/>
      <workRole institution="Provincial Committee"/>
      <workRole institution="Party School"/>
      <workRole institution="CPC"/>
      <workRole institution="Party Committee"/>
      <workRole location="Guizhou Province"/>
    </workRoles>
  </workHistoryEntry>
  <workHistoryEntry startDate="1998" endDate="2001">
    <workRoles>
      <workRole role="Student"/>
      <workRole institution="CPC"/>
      <workRole institution="Central Committee"/>
      <workRole institution="Central Party School"/>
      <workRole institution="Economics Department"/>
    </workRoles>
  </workHistoryEntry>
  <workHistoryEntry startDate="1995" endDate="1999">
    <workRoles>
      <workRole role="Vice-President"/>
      <workRole institution="CPC"/>
      <workRole institution="Provincial Committee"/>
      <workRole institution="Party School"/>
      <workRole location="Guizhou Province"/>
    </workRoles>
  </workHistoryEntry>
  <workHistoryEntry startDate="1993" endDate="1995">
    <workRoles>
      <workRole role="Director"/>
      <workRole institution="CPC"/>
      <workRole institution="Provincial Committee"/>
      <workRole institution="Party School"/>
      <workRole institution="Personnel Department"/>
      <workRole location="Guizhou Province"/>
    </workRoles>
  </workHistoryEntry>
  <workHistoryEntry startDate="1989" endDate="1993">
    <workRoles>
      <workRole role="Deputy Director"/>
      <workRole institution="CPC"/>
      <workRole institution="Provincial Committee"/>
      <workRole institution="Party School"/>
      <workRole institution="History and Research Office"/>
      <workRole location="Guizhou Province"/>
    </workRoles>
  </workHistoryEntry>
  <workHistoryEntry startDate="1978" endDate="1982">
    <workRoles>
      <workRole role="Student"/>
      <workRole institution="Guizhou University"/>
      <workRole institution="History Department"/>
      <workRole location="Guizhou Province"/>
      <workRole location="Guiyang City"/>
    </workRoles>
  </workHistoryEntry>
  <workHistory/>
</biography>
