<?xml version="1.0" encoding="UTF-8"?>
<biography fullName="Chen Ximing" displayName="Chen Ximing" nonEnglishName="" sex="female" nationality="Han">
  <bioText>Chen Ximing, female, Han nationality, is a native of Beijing City. She joined the CPC in October 1980. Work in July 1969. She graduated from College of Forestry in Beijing in September 1964. She is an alternate member of 16th CPC.</bioText>
  <posts>
    <post description="Alternate Member, 16th CPC Central Committee"/>
  </posts>
  <birthLocations/>
  <workHistoryEntry startDate="2003">
    <workRoles>
      <workRole role="Deputy Secretary"/>
      <workRole institution="CPC"/>
      <workRole institution="Central Committee"/>
      <workRole institution="Work Committee Departments"/>
    </workRoles>
  </workHistoryEntry>
  <workHistoryEntry startDate="2002" endDate="2007">
    <workRoles>
      <workRole role="Alternate Member"/>
      <workRole institution="16th CPC"/>
      <workRole institution="Central Committee"/>
    </workRoles>
  </workHistoryEntry>
  <workHistoryEntry startDate="2002" endDate="2003">
    <workRoles>
      <workRole role="Deputy Secretary"/>
      <workRole institution="CPC"/>
      <workRole institution="Autonomous Regional Committee"/>
      <workRole location="Ningxia Hui Autonomous Region"/>
    </workRoles>
  </workHistoryEntry>
  <workHistoryEntry startDate="1997" endDate="2003">
    <workRoles>
      <workRole role="Director"/>
      <workRole institution="CPC"/>
      <workRole institution="Autonomous Regional Committee"/>
      <workRole institution="Organization Department"/>
      <workRole location="Ningxia Hui Autonomous Region"/>
    </workRoles>
  </workHistoryEntry>
  <workHistoryEntry startDate="1997" endDate="2002">
    <workRoles>
      <workRole role="Member"/>
      <workRole institution="CPC"/>
      <workRole institution="Autonomous Regional Committee"/>
      <workRole institution="Standing Committee"/>
      <workRole location="Ningxia Hui Autonomous Region"/>
    </workRoles>
  </workHistoryEntry>
  <workHistoryEntry startDate="1995" endDate="1997">
    <workRoles>
      <workRole role="Deputy Director"/>
      <workRole institution="Provincial Planning Committee"/>
      <workRole location="Ningxia Hui Autonomous Region"/>
    </workRoles>
  </workHistoryEntry>
  <workHistoryEntry startDate="1993" endDate="1995">
    <workRoles>
      <workRole role="Deputy Director"/>
      <workRole institution="CPC"/>
      <workRole institution="Autonomous Regional Committee"/>
      <workRole institution="Organization Department"/>
      <workRole location="Ningxia Hui Autonomous Region"/>
    </workRoles>
  </workHistoryEntry>
  <workHistoryEntry startDate="1991" endDate="1993">
    <workRoles>
      <workRole role="Deputy Commissioner"/>
      <workRole institution="Administrative Office"/>
      <workRole location="Ningxia Hui Autonomous Region"/>
      <workRole location="Guyuan County"/>
    </workRoles>
  </workHistoryEntry>
  <workHistoryEntry startDate="1983" endDate="1991">
    <workRoles>
      <workRole role="Director"/>
      <workRole institution="Department of Cultural and Educational Affairs"/>
      <workRole location="Ningxia Hui Autonomous Region"/>
      <workRole location="Guyuan County"/>
    </workRoles>
  </workHistoryEntry>
  <workHistoryEntry startDate="1983" endDate="1991">
    <workRoles>
      <workRole role="Deputy Director"/>
      <workRole institution="Department of Cultural and Educational Affairs"/>
      <workRole location="Ningxia Hui Autonomous Region"/>
      <workRole location="Guyuan County"/>
    </workRoles>
  </workHistoryEntry>
  <workHistoryEntry startDate="1980">
    <workRoles>
      <workRole role="Joined"/>
      <workRole institution="CPC"/>
    </workRoles>
  </workHistoryEntry>
  <workHistoryEntry startDate="1974" endDate="1983">
    <workRoles>
      <workRole role="Deputy Director"/>
      <workRole location="Ningxia Hui Autonomous Region"/>
      <workRole location="Guyuan County"/>
    </workRoles>
  </workHistoryEntry>
  <workHistoryEntry startDate="1970" endDate="1974">
    <workRoles>
      <workRole role="Teacher"/>
      <workRole location="Ningxia Hui Autonomous Region"/>
      <workRole location="Guyuan County"/>
    </workRoles>
  </workHistoryEntry>
  <workHistoryEntry startDate="1964" endDate="1969">
    <workRoles>
      <workRole role="Student"/>
      <workRole institution="Beijing Forestry College"/>
      <workRole institution="Forestry Department"/>
      <workRole location="Beijing Municipality"/>
    </workRoles>
  </workHistoryEntry>
  <workHistory/>
</biography>
