<?xml version="1.0" encoding="UTF-8"?>
<biography birthDate="1936" fullName="Chen Yuyi" displayName="Chen Yuyi" nonEnglishName="" sex="male" nationality="Han">
  <bioText>Chen Yuyi, male, Han nationality, is a native of Qiongshan, Hainan Province. He was born in 1936, and joined the CPC in 1958. In 1996 he became chairman of the 2nd CPPCC Hainan Provincial Committee. Chen Yuyi spent his entire career in various party leadership roles in Hainan Province. Chen was a member of the 14th and 15th CPC Central Committees.</bioText>
  <posts>
    <post description="Chairman of CPPCC Hainan Provincial Committee"/>
  </posts>
  <birthLocations>
    <birthLocation location="Hainan Province"/>
    <birthLocation location="Qiongshan City"/>
  </birthLocations>
  <workHistoryEntry startDate="1997" endDate="2002">
    <workRoles>
      <workRole role="Delegate"/>
      <workRole institution="15th CPC"/>
      <workRole institution="National Congress"/>
    </workRoles>
  </workHistoryEntry>
  <workHistoryEntry startDate="1996">
    <workRoles>
      <workRole role="Chairman"/>
      <workRole institution="CPPCC"/>
      <workRole institution="Provincial Committee"/>
      <workRole location="Hainan Province"/>
    </workRoles>
  </workHistoryEntry>
  <workHistoryEntry startDate="1993" endDate="????">
    <workRoles>
      <workRole role="Deputy Secretary"/>
      <workRole institution="CPC"/>
      <workRole institution="Provincial Committee"/>
      <workRole location="Hainan Province"/>
    </workRoles>
  </workHistoryEntry>
  <workHistoryEntry startDate="1992" endDate="1997">
    <workRoles>
      <workRole role="Delegate"/>
      <workRole institution="14th CPC"/>
      <workRole institution="National Congress"/>
    </workRoles>
  </workHistoryEntry>
  <workHistoryEntry startDate="1992" endDate="????">
    <workRoles>
      <workRole role="Member"/>
      <workRole institution="CPC"/>
      <workRole institution="Provincial Committee"/>
      <workRole institution="Standing Committee"/>
      <workRole location="Hainan Province"/>
    </workRoles>
  </workHistoryEntry>
  <workHistoryEntry startDate="">
    <workRoles>
      <workRole role="Director"/>
      <workRole institution="CPC"/>
      <workRole institution="Provincial Committee"/>
      <workRole institution="General Office"/>
      <workRole location="Hainan Province"/>
    </workRoles>
  </workHistoryEntry>
  <workHistoryEntry startDate="1990" endDate="1996">
    <workRoles>
      <workRole role="Secretary"/>
      <workRole institution="CPC"/>
      <workRole institution="City Committee"/>
      <workRole location="Hainan Province"/>
      <workRole location="Haikou City"/>
    </workRoles>
  </workHistoryEntry>
  <workHistoryEntry startDate="">
    <workRoles>
      <workRole role="Secretary-General"/>
      <workRole institution="People's Government"/>
      <workRole location="Hainan Province"/>
    </workRoles>
  </workHistoryEntry>
  <workHistoryEntry startDate="1988" endDate="1989">
    <workRoles>
      <workRole role="Deputy Director"/>
      <workRole institution="CPC"/>
      <workRole institution="Provincial Committee"/>
      <workRole institution="General Office"/>
      <workRole location="Hainan Province"/>
    </workRoles>
  </workHistoryEntry>
  <workHistoryEntry startDate="1987" endDate="1988">
    <workRoles>
      <workRole role="Deputy Secretary-General"/>
      <workRole institution="CPC"/>
      <workRole institution="Provincial Committee"/>
      <workRole location="Hainan Province"/>
    </workRoles>
  </workHistoryEntry>
  <workHistoryEntry startDate="1982" endDate="1985">
    <workRoles>
      <workRole role="Director"/>
      <workRole institution="Foreign Economic Relations Committee"/>
      <workRole location="Hainan Province"/>
    </workRoles>
  </workHistoryEntry>
  <workHistoryEntry startDate="1982" endDate="1985">
    <workRoles>
      <workRole role="Leader"/>
      <workRole institution="People's Government"/>
      <workRole location="Hainan Province"/>
    </workRoles>
  </workHistoryEntry>
  <workHistoryEntry startDate="">
    <workRoles>
      <workRole role="Deputy Director"/>
      <workRole institution="Commissioners' Office"/>
      <workRole location="Hainan Province"/>
    </workRoles>
  </workHistoryEntry>
  <workHistoryEntry startDate="1977" endDate="1979">
    <workRoles>
      <workRole role="Deputy Secretary"/>
      <workRole institution="CPC"/>
      <workRole institution="County Committee"/>
      <workRole location="Hainan Province"/>
      <workRole location="Qionghai"/>
    </workRoles>
  </workHistoryEntry>
  <workHistoryEntry startDate="1977" endDate="1979">
    <workRoles>
      <workRole role="Secretary"/>
      <workRole institution="CPC"/>
      <workRole institution="County Committee"/>
      <workRole institution="Commission for Discipline Inspection"/>
      <workRole location="Hainan Province"/>
      <workRole location="Qionghai"/>
    </workRoles>
  </workHistoryEntry>
  <workHistoryEntry startDate="1975" endDate="1977">
    <workRoles>
      <workRole role="Secretary"/>
      <workRole institution="CPC"/>
      <workRole institution="County Committee"/>
      <workRole location="Hainan Province"/>
      <workRole location="Tunchang County"/>
    </workRoles>
  </workHistoryEntry>
  <workHistoryEntry startDate="1975" endDate="1977">
    <workRoles>
      <workRole role="Director"/>
      <workRole institution="Hainan Chahe Cement Plant"/>
      <workRole location="Hainan Province"/>
    </workRoles>
  </workHistoryEntry>
  <workHistoryEntry startDate="1972" endDate="1975">
    <workRoles>
      <workRole role="Deputy Secretary"/>
      <workRole institution="CPC"/>
      <workRole institution="County Committee"/>
      <workRole location="Hainan Province"/>
      <workRole location="Tunchang County"/>
    </workRoles>
  </workHistoryEntry>
  <workHistoryEntry startDate="1972" endDate="1975">
    <workRoles>
      <workRole role="Member"/>
      <workRole institution="CPC"/>
      <workRole institution="County Committee"/>
      <workRole institution="Standing Committee"/>
      <workRole location="Hainan Province"/>
      <workRole location="Tunchang County"/>
    </workRoles>
  </workHistoryEntry>
  <workHistoryEntry startDate="1971" endDate="1972">
    <workRoles>
      <workRole role="Deputy Director"/>
      <workRole institution="Agriculture and Forestry Bureau"/>
      <workRole location="Hainan Province"/>
    </workRoles>
  </workHistoryEntry>
  <workHistoryEntry startDate="1958">
    <workRoles>
      <workRole role="Joined"/>
      <workRole institution="CPC"/>
    </workRoles>
  </workHistoryEntry>
  <workHistory/>
</biography>
