<?xml version="1.0" encoding="UTF-8"?>
<biography birthDate="1952" fullName="Chen yong" displayName="Chen Yong" nonEnglishName="" sex="male" nationality="Han">
  <bioText>Chen yong, male, Han nationality, is a native of County Xingguo, Jiangxi Province. He was born in 1952 and joined PLA in 1969. From 1978, he served as a teaching faculty in PLA. In 2002, he became President of Nanjing Army Command College. In 2009, he became assistant chief of the general staff. He attained the major-general rank.</bioText>
  <posts>
    <post description="Assistant Chief of the PLA General Staff"/>
  </posts>
  <birthLocations>
    <birthLocation location="Jiangxi Province"/>
    <birthLocation location="Xingguo County"/>
  </birthLocations>
  <workHistoryEntry startDate="2009">
    <workRoles>
      <workRole role="Assistant Chief"/>
      <workRole institution="PLA"/>
      <workRole institution="Headquarters of the General Staff"/>
    </workRoles>
  </workHistoryEntry>
  <workHistoryEntry startDate="2002" endDate="2009">
    <workRoles>
      <workRole role="President"/>
      <workRole institution="Nanjing Army Command College"/>
      <workRole location="Jiangsu Province"/>
      <workRole location="Nanjing City"/>
    </workRoles>
  </workHistoryEntry>
  <workHistoryEntry startDate="1997" endDate="2002">
    <workRoles>
      <workRole role="Vice-President"/>
      <workRole institution="Armored Tactical College of the PLA"/>
    </workRoles>
  </workHistoryEntry>
  <workHistoryEntry startDate="1978" endDate="1997">
    <workRoles>
      <workRole role="Teaching Team Leader"/>
      <workRole institution="Armored Tactical College of the PLA"/>
    </workRoles>
  </workHistoryEntry>
  <workHistoryEntry startDate="1977" endDate="1978">
    <workRoles>
      <workRole role="Chief-of-Staff"/>
      <workRole institution="PLA"/>
      <workRole institution="Regions"/>
      <workRole institution="Guangzhou Military Region"/>
      <workRole institution="Wuhan Military District"/>
      <workRole location="Hubei Province"/>
      <workRole location="Wuhan City"/>
    </workRoles>
  </workHistoryEntry>
  <workHistoryEntry startDate="1969">
    <workRoles>
      <workRole role="Joined"/>
      <workRole institution="PLA"/>
    </workRoles>
  </workHistoryEntry>
  <workHistory/>
</biography>
