<?xml version="1.0" encoding="UTF-8"?>
<biography birthDate="1956" fullName="Chen Dongqi" displayName="Chen Dongqi" nonEnglishName="" sex="male" nationality="Han">
  <bioText>Chen Dongqi, male, Han nationality, is a native of Xiangtan, Hunan Province. He was born in 1956 and graduated with a Master's Degree from the Graduate School of Chinese Academy of Social Sciences in 1985. Chen studied at Harvard from 1989 to 1990 and then received a Doctorate of Economics from the Graduate School of Chinese Academy of Social Sciences in 1991. After his doctoral studies, Chen spent two years at the University of California, Berkeley majoring in currency finance; he also conducted postdoctoral research during this time. Listed as one of the contemporary Chinese top hundred economists, Chen focuses his research on macroeconomics and policy research. He joined the Chinese Academy of Social Sciences in 1985, was made a deputy researcher in 1988, and became an academy researcher in 1993. Chen received the Sun Zhifang Economics Award twice – in 1992 and again in 1998. He is the author of "Generality of Eastern Europe Economics," "New Land Possession System," and "Theory of Strong Wave Economy." He is the director of the institute of economic research at the State Development Planning Commission.</bioText>
  <posts>
    <post description="Director of the Institute of Economic Research of the State Development and Reform Commission"/>
  </posts>
  <birthLocations>
    <birthLocation location="Hunan Province"/>
    <birthLocation location="Xiangtan City"/>
  </birthLocations>
  <workHistoryEntry startDate="">
    <workRoles>
      <workRole role="Director"/>
      <workRole institution="National Development and Reform Commission"/>
      <workRole institution="Institute of Economics"/>
    </workRoles>
  </workHistoryEntry>
  <workHistoryEntry startDate="1993">
    <workRoles>
      <workRole role="Researcher"/>
      <workRole institution="Chinese Academy of Social Sciences"/>
    </workRoles>
  </workHistoryEntry>
  <workHistoryEntry startDate="1992" endDate="1993">
    <workRoles>
      <workRole role="Student"/>
      <workRole institution="University of California"/>
      <workRole location="USA"/>
      <workRole location="California"/>
      <workRole location="Berkeley"/>
    </workRoles>
  </workHistoryEntry>
  <workHistoryEntry startDate="1991">
    <workRoles>
      <workRole role="Graduate"/>
      <workRole institution="Chinese Academy of Social Sciences"/>
      <workRole institution="Graduate School"/>
    </workRoles>
  </workHistoryEntry>
  <workHistoryEntry startDate="1989" endDate="1990">
    <workRoles>
      <workRole role="Student"/>
      <workRole institution="Harvard University"/>
      <workRole location="USA"/>
      <workRole location="Massachusetts"/>
      <workRole location="Cambridge"/>
    </workRoles>
  </workHistoryEntry>
  <workHistoryEntry startDate="1988" endDate="1993">
    <workRoles>
      <workRole role="Researcher"/>
      <workRole institution="Chinese Academy of Social Sciences"/>
      <workRole institution="Institute of Economics"/>
    </workRoles>
  </workHistoryEntry>
  <workHistoryEntry startDate="1985">
    <workRoles>
      <workRole role="Graduate"/>
      <workRole institution="Chinese Academy of Social Sciences"/>
      <workRole institution="Graduate School"/>
    </workRoles>
  </workHistoryEntry>
  <workHistory/>
</biography>
