<?xml version="1.0" encoding="UTF-8"?>
<biography birthDate="1954" fullName="Chen Jun" displayName="Chen Jun" nonEnglishName="" sex="male" nationality="Han">
  <bioText>Chen Jun, male, Han nationality, is a native of Yangzhou City, Jiangsu Province. He was born in 1954, entered the work force in 1973, and graduated from Nanjing University in 1979. He joined the CPC in 1984 and received his Doctorate Degree from Nanjing University in 1985. After he got his Ph.D degree, he worked at Nanjing University and had held posts including, Department Head, Vice-President, Member of CPC University Party Committee Standing Committee, and Executive Vice-President. He is now President of Nanjing University and a Member of 11th NPC Standing Committee.</bioText>
  <posts>
    <post description="Member of the 11th NPC Standing Committee"/>
    <post description="President of Nanjing University"/>
  </posts>
  <birthLocations>
    <birthLocation location="Jiangsu Province"/>
    <birthLocation location="Yangzhou City"/>
  </birthLocations>
  <workHistoryEntry startDate="2008">
    <workRoles>
      <workRole role="Member"/>
      <workRole institution="11th Standing Committee of the NPC"/>
    </workRoles>
  </workHistoryEntry>
  <workHistoryEntry startDate="2006">
    <workRoles>
      <workRole role="President"/>
      <workRole institution="Nanjing University"/>
      <workRole location="Jiangsu Province"/>
      <workRole location="Nanjing City"/>
    </workRoles>
  </workHistoryEntry>
  <workHistoryEntry startDate="1997" endDate="2006">
    <workRoles>
      <workRole role="Vice-President"/>
      <workRole institution="Nanjing University"/>
      <workRole location="Jiangsu Province"/>
      <workRole location="Nanjing City"/>
    </workRoles>
  </workHistoryEntry>
  <workHistoryEntry startDate="">
    <workRoles>
      <workRole role="Member"/>
      <workRole institution="Nanjing University"/>
      <workRole institution="CPC"/>
      <workRole institution="Party Committee"/>
      <workRole institution="Standing Committee"/>
      <workRole location="Jiangsu Province"/>
      <workRole location="Nanjing City"/>
    </workRoles>
  </workHistoryEntry>
  <workHistoryEntry startDate="1993" endDate="1997">
    <workRoles>
      <workRole role="Director"/>
      <workRole institution="Nanjing University"/>
      <workRole institution="Earth Science Department"/>
      <workRole location="Jiangsu Province"/>
      <workRole location="Nanjing City"/>
    </workRoles>
  </workHistoryEntry>
  <workHistoryEntry startDate="1990" endDate="1992">
    <workRoles>
      <workRole role="Deputy Director"/>
      <workRole institution="Nanjing University"/>
      <workRole institution="Earth Science Department"/>
      <workRole location="Jiangsu Province"/>
      <workRole location="Nanjing City"/>
    </workRoles>
  </workHistoryEntry>
  <workHistoryEntry startDate="1988" endDate="1989">
    <workRoles>
      <workRole role="Student"/>
      <workRole institution="University of London"/>
      <workRole institution="Imperial College"/>
      <workRole location="United Kingdom"/>
      <workRole location="London"/>
    </workRoles>
  </workHistoryEntry>
  <workHistoryEntry startDate="1986" endDate="1990">
    <workRoles>
      <workRole role="Lecturer"/>
      <workRole institution="Nanjing University"/>
      <workRole institution="Earth Science Department"/>
      <workRole location="Jiangsu Province"/>
      <workRole location="Nanjing City"/>
    </workRoles>
  </workHistoryEntry>
  <workHistory/>
</biography>
