<?xml version="1.0" encoding="UTF-8"?>
<biography birthDate="1946" fullName="Cheng Lu" displayName="Cheng Lu" nonEnglishName="" sex="male" nationality="Han">
  <bioText>Cheng Lu, male, Han nationality, is a native of Shandong Province. He was born in 1946, and joined the CYLC at the beginning of his career. Cheng has held Party positions in its publicity department, and in 1993 he served as vice chairman of the Agricultural and Forestry Workers' Trade Union. Cheng Lu was appointed secretary-general of the All-China Federation of Industry and Commerce in 1997.</bioText>
  <posts>
    <post description="Secretary-General of the 8th Executive Committee of the All-China Federation of Industry and Commerce"/>
  </posts>
  <birthLocations>
    <birthLocation location="Shandong Province"/>
  </birthLocations>
  <workHistoryEntry startDate="1997">
    <workRoles>
      <workRole role="Secretary-General"/>
      <workRole institution="All-China Federation of Industry and Commerce"/>
      <workRole institution="Executive Committee"/>
    </workRoles>
  </workHistoryEntry>
  <workHistoryEntry startDate="1996" endDate="????">
    <workRoles>
      <workRole role="Member"/>
      <workRole institution="China Federation of Literary and Art Circles (CFLAC)"/>
      <workRole institution="National Committee"/>
    </workRoles>
  </workHistoryEntry>
  <workHistoryEntry startDate="1979" endDate="????">
    <workRoles>
      <workRole role="Deputy Director"/>
      <workRole institution="CYLC"/>
      <workRole institution="Central Committee"/>
      <workRole institution="Publicity Department"/>
    </workRoles>
  </workHistoryEntry>
  <workHistoryEntry startDate="1973" endDate="????">
    <workRoles>
      <workRole role="Secretary-General"/>
      <workRole institution="CYLC"/>
      <workRole institution="Provincial-Level"/>
      <workRole location="Heilongjiang Province"/>
    </workRoles>
  </workHistoryEntry>
  <workHistory/>
</biography>
