<?xml version="1.0" encoding="UTF-8"?>
<biography birthDate="1958" fullName="Chen Sixi" displayName="Chen Sixi" nonEnglishName="" sex="male" nationality="Han">
  <bioText>Chen Sixi, male, Han nationality, is a native of Datian County, Fujian Province. He was born in 1958, graduated from Law Department of Beijing University with a Bachelor Degree in 1984 and a Doctorate Degree in Law in 2006. Chen had done some short-term training in the Law School of Hong Kong University from 1996 to 1997 and the Law School of Yale University from 2002 to 2003, as senior visiting scholar. Currently, he is a Member of the 11th NPC Standing Committee; Vice-Chairman of the 11th NPC Internal and Judicial Affairs Committee; Director of the General Office of the 11th NPC HKSAR Basic Law Committee; Director of the General Office of the 11th NPC MSAR Basic Law Committee.</bioText>
  <posts>
    <post description="Member of the 11th NPC Standing Committee"/>
    <post description="Vice-Chairman of the 11th NPC Internal and Judicial Affairs Committee"/>
    <post description="Director of the General Office of the 11th NPC HKSAR Basic Law Committee"/>
    <post description="Director of the General Office of the 11th NPC MSAR Basic Law Commi"/>
  </posts>
  <birthLocations>
    <birthLocation location="Fujian Province"/>
    <birthLocation location="Datian County"/>
  </birthLocations>
  <workHistoryEntry startDate="2008">
    <workRoles>
      <workRole role="Member"/>
      <workRole institution="11th Standing Committee of the NPC"/>
    </workRoles>
  </workHistoryEntry>
  <workHistoryEntry startDate="2008">
    <workRoles>
      <workRole role="Director"/>
      <workRole institution="11th Legislative Affairs Committee of the NPC"/>
      <workRole institution="State Law Center"/>
    </workRoles>
  </workHistoryEntry>
  <workHistoryEntry startDate="2008">
    <workRoles>
      <workRole role="Director"/>
      <workRole institution="11th MSAR Basic Law Committee of the NPC"/>
      <workRole institution="General Office"/>
    </workRoles>
  </workHistoryEntry>
  <workHistoryEntry startDate="2008">
    <workRoles>
      <workRole role="Director"/>
      <workRole institution="11th HKSAR Basic Law Committee of the NPC"/>
      <workRole institution="General Office"/>
    </workRoles>
  </workHistoryEntry>
  <workHistoryEntry startDate="2008">
    <workRoles>
      <workRole role="Vice-Chairman"/>
      <workRole institution="11th Internal and Judicial Affairs Committee of the NPC"/>
    </workRoles>
  </workHistoryEntry>
  <workHistoryEntry startDate="2008">
    <workRoles>
      <workRole role="Deputy"/>
      <workRole institution="11th NPC"/>
    </workRoles>
  </workHistoryEntry>
  <workHistoryEntry startDate="2006">
    <workRoles>
      <workRole role="Graduate"/>
      <workRole institution="Beijing University"/>
      <workRole institution="Law Department"/>
      <workRole location="Beijing Municipality"/>
    </workRoles>
  </workHistoryEntry>
  <workHistoryEntry startDate="2002" endDate="2003">
    <workRoles>
      <workRole role="Visiting Scholar"/>
      <workRole institution="Yale University"/>
      <workRole institution="Law School"/>
      <workRole location="USA"/>
      <workRole location="Connecticut"/>
      <workRole location="New Haven"/>
    </workRoles>
  </workHistoryEntry>
  <workHistoryEntry startDate="1996" endDate="1997">
    <workRoles>
      <workRole role="Visiting Scholar"/>
      <workRole institution="University of Hong Kong"/>
      <workRole institution="Law School"/>
      <workRole location="Hong Kong SAR"/>
    </workRoles>
  </workHistoryEntry>
  <workHistoryEntry startDate="1984">
    <workRoles>
      <workRole role="Graduate"/>
      <workRole institution="Beijing University"/>
      <workRole institution="Law Department"/>
      <workRole location="Beijing Municipality"/>
    </workRoles>
  </workHistoryEntry>
  <workHistory/>
</biography>
