<?xml version="1.0" encoding="UTF-8"?>
<biography birthDate="1945" fullName="Chen Wenguang" displayName="Chen Wenguang" nonEnglishName="" sex="male" nationality="Han">
  <bioText>Chen Wenguang, male, Han nationality. He was born in 1945, joined the CPC in 1979, and graduated from Sichuan University. He is an engineer. He held leading posts in Sichuan province, where he served as secretary of the An County CPC Committee. In 2001, he was elected vice-governor of the Sichuan People's Government. Chen is a deputy to the 10th NPC.</bioText>
  <posts>
    <post description="Vice-Governor of Sichuan Province"/>
  </posts>
  <birthLocations/>
  <workHistoryEntry startDate="2001">
    <workRoles>
      <workRole role="Vice-Governor"/>
      <workRole institution="People's Government"/>
      <workRole location="Sichuan Province"/>
    </workRoles>
  </workHistoryEntry>
  <workHistoryEntry startDate="1996" endDate="2002">
    <workRoles>
      <workRole role="Member"/>
      <workRole institution="CPC"/>
      <workRole institution="Provincial Committee"/>
      <workRole institution="Standing Committee"/>
      <workRole location="Sichuan Province"/>
    </workRoles>
  </workHistoryEntry>
  <workHistoryEntry startDate="1996" endDate="2001">
    <workRoles>
      <workRole role="Director"/>
      <workRole institution="CPC"/>
      <workRole institution="Provincial Committee"/>
      <workRole institution="Organization Department"/>
      <workRole location="Sichuan Province"/>
    </workRoles>
  </workHistoryEntry>
  <workHistoryEntry startDate="2003">
    <workRoles>
      <workRole role="Deputy"/>
      <workRole institution="10th NPC"/>
    </workRoles>
  </workHistoryEntry>
  <workHistoryEntry startDate="1988" endDate="1996">
    <workRoles>
      <workRole role="Deputy Director"/>
      <workRole institution="CPC"/>
      <workRole institution="Provincial Committee"/>
      <workRole institution="Organization Department"/>
      <workRole location="Sichuan Province"/>
    </workRoles>
  </workHistoryEntry>
  <workHistoryEntry startDate="1987" endDate="1988">
    <workRoles>
      <workRole role="Secretary"/>
      <workRole institution="CPC"/>
      <workRole institution="County Committee"/>
      <workRole location="Sichuan Province"/>
      <workRole location="Santai County"/>
    </workRoles>
  </workHistoryEntry>
  <workHistoryEntry startDate="1983" endDate="1987">
    <workRoles>
      <workRole role="Secretary"/>
      <workRole institution="CPC"/>
      <workRole institution="County Committee"/>
      <workRole location="Sichuan Province"/>
      <workRole location="An County"/>
    </workRoles>
  </workHistoryEntry>
  <workHistoryEntry startDate="1983" endDate="1987">
    <workRoles>
      <workRole role="Deputy Secretary"/>
      <workRole institution="CPC"/>
      <workRole institution="County Committee"/>
      <workRole location="Sichuan Province"/>
      <workRole location="An County"/>
    </workRoles>
  </workHistoryEntry>
  <workHistoryEntry startDate="1983" endDate="1987">
    <workRoles>
      <workRole role="County Magistrate"/>
      <workRole institution="County (District) People's Court"/>
      <workRole location="Sichuan Province"/>
      <workRole location="An County"/>
    </workRoles>
  </workHistoryEntry>
  <workHistoryEntry startDate="1982" endDate="1983">
    <workRoles>
      <workRole role="Director"/>
      <workRole location="Sichuan Province"/>
      <workRole location="An County"/>
    </workRoles>
  </workHistoryEntry>
  <workHistoryEntry startDate="1979">
    <workRoles>
      <workRole role="Joined"/>
      <workRole institution="CPC"/>
    </workRoles>
  </workHistoryEntry>
  <workHistoryEntry startDate="1973" endDate="1982">
    <workRoles>
      <workRole role="Deputy Director"/>
      <workRole location="Sichuan Province"/>
      <workRole location="An County"/>
    </workRoles>
  </workHistoryEntry>
  <workHistoryEntry startDate="1973" endDate="1982">
    <workRoles>
      <workRole role="Technician"/>
      <workRole location="Sichuan Province"/>
      <workRole location="An County"/>
    </workRoles>
  </workHistoryEntry>
  <workHistoryEntry startDate="1971" endDate="1973">
    <workRoles>
      <workRole role="Worker"/>
      <workRole location="Sichuan Province"/>
      <workRole location="An County (Farm Machinery Station"/>
    </workRoles>
  </workHistoryEntry>
  <workHistoryEntry startDate="1968" endDate="1971">
    <workRoles>
      <workRole role="Worker"/>
      <workRole institution="Cultural Revolution"/>
      <workRole institution="Sent to the countryside"/>
    </workRoles>
  </workHistoryEntry>
  <workHistoryEntry startDate="1964" endDate="1969">
    <workRoles>
      <workRole role="Student"/>
      <workRole institution="Sichuan University"/>
      <workRole institution="Mechanical Manufacturing Engineering Department"/>
      <workRole location="Sichuan Province"/>
    </workRoles>
  </workHistoryEntry>
  <workHistory/>
</biography>
