<?xml version="1.0" encoding="UTF-8"?>
<biography birthDate="Zhejiang Province, Jin County" fullName="Chen Ziyuan" displayName="Chen Ziyuan" nonEnglishName="" sex="male" nationality="Han">
  <bioText>Chen Ziyuan, male, Han nationality, was born in Shanghai and is a native of Jin County, Zhejiang Province. He graduated from the Chemical Department of Daxia University of Shanghai and was professor at Zhejiang Agricultural University. He was elected academician of the Chinese Academy of Sciences in 1991. Chen is a nuclear agronomist, noted for applying isotope tracer techniques in developing and using pesticides.</bioText>
  <posts>
    <post description="Academician of the Chinese Academy of Sciences"/>
  </posts>
  <birthLocations/>
  <workHistoryEntry startDate="1991">
    <workRoles>
      <workRole role="Elected Academician"/>
      <workRole institution="Chinese Academy of Sciences"/>
    </workRoles>
  </workHistoryEntry>
  <workHistoryEntry startDate="">
    <workRoles>
      <workRole role="Professor"/>
      <workRole institution="Zhejiang Agricultural College"/>
    </workRoles>
  </workHistoryEntry>
  <workHistoryEntry startDate="1944">
    <workRoles>
      <workRole role="Graduate"/>
      <workRole institution="Daxia University"/>
      <workRole institution="Chemistry Department"/>
      <workRole location="Shanghai Municipality"/>
    </workRoles>
  </workHistoryEntry>
  <workHistory/>
</biography>
