<?xml version="1.0" encoding="UTF-8"?>
<biography birthDate="1941" fullName="Chen Kuiyuan" displayName="Chen Kuiyuan" nonEnglishName="" sex="male" nationality="Han">
  <bioText>Chen Kuiyuan , male, Han nationality, is a native of Kangping, Liaoning Province. He was born in 1941, graduated from Political Education Department of Inner Mongolia Teachers' College and joined the CPC in 1965. After spending nearly 30 years in government and Party positions in the Inner Mongolia Autonomous Region, Chen became vice chairman of the Inner Mongolia Autonomous Region People's Congress. In 1992, he was transferred to Tibet as deputy secretary of the CPC Tibet Autonomous Regional Committee. Later he became secretary of the Committee. In 2000, he moved to Henan as secretary of the CPC Henan Provincial Committee. In 2002, Chen became President of the Chinese Academy of Social Sciences. Chen was a member of 14th, 15th and 16th CPC Central Committees. He is a member of the 17th CPC Central Committee and Vice-Chairman of the 11th CPPCC National Committee.</bioText>
  <posts>
    <post description="Member, 17th CPC, Central Committee"/>
    <post description="Vice-Chairman, 11th CPPCC, National Committee"/>
    <post description="President, Chinese Academy of Social Sciences"/>
  </posts>
  <birthLocations>
    <birthLocation location="Liaoning Province"/>
    <birthLocation location="Kangping County"/>
  </birthLocations>
  <workHistoryEntry startDate="2008">
    <workRoles>
      <workRole role="Vice-Chairman"/>
      <workRole institution="11th CPPCC"/>
      <workRole institution="National Committee"/>
    </workRoles>
  </workHistoryEntry>
  <workHistoryEntry startDate="2007">
    <workRoles>
      <workRole role="Member"/>
      <workRole institution="17th CPC"/>
      <workRole institution="Central Committee"/>
    </workRoles>
  </workHistoryEntry>
  <workHistoryEntry startDate="2003" endDate="2008">
    <workRoles>
      <workRole role="Vice-Chairman"/>
      <workRole institution="10th CPPCC"/>
      <workRole institution="National Committee"/>
    </workRoles>
  </workHistoryEntry>
  <workHistoryEntry startDate="2002">
    <workRoles>
      <workRole role="President"/>
      <workRole institution="Chinese Academy of Social Sciences"/>
    </workRoles>
  </workHistoryEntry>
  <workHistoryEntry startDate="2002" endDate="2007">
    <workRoles>
      <workRole role="Member"/>
      <workRole institution="16th CPC"/>
      <workRole institution="Central Committee"/>
    </workRoles>
  </workHistoryEntry>
  <workHistoryEntry startDate="2000" endDate="2002">
    <workRoles>
      <workRole role="Secretary"/>
      <workRole institution="CPC"/>
      <workRole institution="Provincial Committee"/>
      <workRole location="Henan Province"/>
    </workRoles>
  </workHistoryEntry>
  <workHistoryEntry startDate="1997" endDate="2002">
    <workRoles>
      <workRole role="Member"/>
      <workRole institution="15th CPC"/>
      <workRole institution="Central Committee"/>
    </workRoles>
  </workHistoryEntry>
  <workHistoryEntry startDate="1996" endDate="2000">
    <workRoles>
      <workRole role="First Secretary"/>
      <workRole institution="PLA"/>
      <workRole institution="Regions"/>
      <workRole institution="Tibet Military District"/>
      <workRole institution="CPC"/>
      <workRole institution="Party Committee"/>
    </workRoles>
  </workHistoryEntry>
  <workHistoryEntry startDate="1992" endDate="2000">
    <workRoles>
      <workRole role="Secretary"/>
      <workRole institution="CPC"/>
      <workRole institution="Autonomous Regional Committee"/>
      <workRole location="Tibet Autonomous Region"/>
    </workRoles>
  </workHistoryEntry>
  <workHistoryEntry startDate="1992" endDate="1992">
    <workRoles>
      <workRole role="Deputy Secretary"/>
      <workRole institution="CPC"/>
      <workRole institution="Autonomous Regional Committee"/>
      <workRole location="Tibet Autonomous Region"/>
    </workRoles>
  </workHistoryEntry>
  <workHistoryEntry startDate="1992" endDate="1997">
    <workRoles>
      <workRole role="Member"/>
      <workRole institution="14th CPC"/>
      <workRole institution="Central Committee"/>
    </workRoles>
  </workHistoryEntry>
  <workHistoryEntry startDate="1989" endDate="1992">
    <workRoles>
      <workRole role="Secretary"/>
      <workRole institution="CPC"/>
      <workRole institution="Autonomous Regional Committee"/>
      <workRole institution="Institutions of Higher Learning Work Committee"/>
      <workRole location="Inner Mongolia Autonomous Region"/>
    </workRoles>
  </workHistoryEntry>
  <workHistoryEntry startDate="1989" endDate="1992">
    <workRoles>
      <workRole role="Vice-Chairman"/>
      <workRole institution="Autonomous Regional People's Congress"/>
      <workRole location="Inner Mongolia Autonomous Region"/>
    </workRoles>
  </workHistoryEntry>
  <workHistoryEntry startDate="1989" endDate="1992">
    <workRoles>
      <workRole role="Member"/>
      <workRole institution="CPC"/>
      <workRole institution="Autonomous Regional Committee"/>
      <workRole institution="Standing Committee"/>
      <workRole location="Inner Mongolia Autonomous Region"/>
    </workRoles>
  </workHistoryEntry>
  <workHistoryEntry startDate="1983" endDate="1989">
    <workRoles>
      <workRole role="Deputy Secretary and Secretary"/>
      <workRole institution="CPC"/>
      <workRole institution="League Committee"/>
      <workRole location="Inner Mongolia Autonomous Region"/>
      <workRole location="Hulun Buir League"/>
    </workRoles>
  </workHistoryEntry>
  <workHistoryEntry startDate="1982" endDate="1983">
    <workRoles>
      <workRole role="Member"/>
      <workRole institution="CPC"/>
      <workRole institution="League Committee"/>
      <workRole institution="Standing Committee"/>
      <workRole location="Inner Mongolia Autonomous Region"/>
      <workRole location="Hulun Buir League"/>
    </workRoles>
  </workHistoryEntry>
  <workHistoryEntry startDate="1982" endDate="1983">
    <workRoles>
      <workRole role="Secretary-General"/>
      <workRole institution="CPC"/>
      <workRole institution="League Committee"/>
      <workRole location="Inner Mongolia Autonomous Region"/>
      <workRole location="Hulun Buir League"/>
    </workRoles>
  </workHistoryEntry>
  <workHistoryEntry startDate="1980" endDate="1982">
    <workRoles>
      <workRole role="Deputy Secretary-General"/>
      <workRole institution="CPC"/>
      <workRole institution="League Committee"/>
      <workRole location="Inner Mongolia Autonomous Region"/>
      <workRole location="Hulun Buir League"/>
    </workRoles>
  </workHistoryEntry>
  <workHistoryEntry startDate="1978" endDate="1980">
    <workRoles>
      <workRole role="Vice-President"/>
      <workRole institution="CPC"/>
      <workRole institution="League Committee"/>
      <workRole institution="Party School"/>
      <workRole location="Inner Mongolia Autonomous Region"/>
      <workRole location="Hulun Buir League"/>
    </workRoles>
  </workHistoryEntry>
  <workHistoryEntry startDate="1972" endDate="1978">
    <workRoles>
      <workRole role="Section Chief"/>
      <workRole institution="CPC"/>
      <workRole institution="League Committee"/>
      <workRole institution="Publicity Department"/>
      <workRole location="Inner Mongolia Autonomous Region"/>
      <workRole location="Hulun Buir League"/>
    </workRoles>
  </workHistoryEntry>
  <workHistoryEntry startDate="1965">
    <workRoles>
      <workRole role="Joined"/>
      <workRole institution="CPC"/>
    </workRoles>
  </workHistoryEntry>
  <workHistoryEntry startDate="1964" endDate="1972">
    <workRoles>
      <workRole role="Teacher"/>
      <workRole institution="CPC"/>
      <workRole institution="League Committee"/>
      <workRole institution="Party School"/>
      <workRole location="Inner Mongolia Autonomous Region"/>
      <workRole location="Hulun Buir League"/>
    </workRoles>
  </workHistoryEntry>
  <workHistoryEntry startDate="1964">
    <workRoles>
      <workRole role="Graduate"/>
      <workRole institution="Inner Mongolia Teachers' University"/>
      <workRole institution="Political Education Department"/>
      <workRole location="Inner Mongolia Autonomous Region"/>
    </workRoles>
  </workHistoryEntry>
  <workHistory/>
</biography>
