<?xml version="1.0" encoding="UTF-8"?>
<biography birthDate="1966" fullName="Cheng Hong" displayName="Cheng Hong" nonEnglishName="" sex="female" nationality="Han">
  <bioText>Cheng Hong, female, Han nationality, is a native of Wuxiang County, Shanxi Province. She was born in 1966, entered the work force in 1091, and joined the China Democratic League in 1995. Since January 2008, she is Vice-Mayor of Beijing Municipality.</bioText>
  <posts>
    <post description="Vice-Mayor of Beijing"/>
    <post description="Vice-President of the China Democratic League of Beijing"/>
    <post description="President of the Federation of Industry and Commerce of Beijing"/>
  </posts>
  <birthLocations>
    <birthLocation location="Shanxi Province"/>
    <birthLocation location="Wuxiang County"/>
  </birthLocations>
  <workHistoryEntry startDate="2008">
    <workRoles>
      <workRole role="Vice-Mayor"/>
      <workRole institution="People's Government"/>
      <workRole location="Beijing Municipality"/>
    </workRoles>
  </workHistoryEntry>
  <workHistoryEntry startDate="2008">
    <workRoles>
      <workRole role="Member"/>
      <workRole institution="11th CPPCC"/>
      <workRole institution="National Committee"/>
    </workRoles>
  </workHistoryEntry>
  <workHistoryEntry startDate="2003" endDate="2008">
    <workRoles>
      <workRole role="Deputy"/>
      <workRole institution="10th NPC"/>
    </workRoles>
  </workHistoryEntry>
  <workHistoryEntry startDate="">
    <workRoles>
      <workRole role="Vice-President"/>
      <workRole institution="China Democratic League"/>
      <workRole institution="Municipal Committee"/>
      <workRole location="Beijing Municipality"/>
    </workRoles>
  </workHistoryEntry>
  <workHistoryEntry startDate="">
    <workRoles>
      <workRole role="President"/>
      <workRole institution="Beijing Federation of Industry and Commerce"/>
      <workRole location="Beijing Municipality"/>
    </workRoles>
  </workHistoryEntry>
  <workHistoryEntry startDate="">
    <workRoles>
      <workRole role="Deputy Chief Executive"/>
      <workRole institution="People's Government"/>
      <workRole location="Beijing"/>
      <workRole location="Chaoyang District"/>
    </workRoles>
  </workHistoryEntry>
  <workHistoryEntry startDate="">
    <workRoles>
      <workRole role="Deputy Director"/>
      <workRole institution="Commerce Committee"/>
      <workRole location="Beijing Municipality"/>
    </workRoles>
  </workHistoryEntry>
  <workHistory/>
</biography>
