<?xml version="1.0" encoding="UTF-8"?>
<biography birthDate="1940" fullName="Chen Wenbo" displayName="Chen Wenbo" nonEnglishName="" sex="male" nationality="Han">
  <bioText>Chen Wenbo, male, Han nationality, is a native of Lu County, Shandong Province. He was born in 1940 and graduated from the Chemistry Department of Beijing Normal University. He was an instructor at Beijing Normal until sent to cadre schools in 1969. After the cadre schools, Chen served in party and management positions at Beijing Normal University until becoming deputy director of the Cadre Department of the Cadre Bureau of the State Education Committee. He moved up to become director of the Cadre Department and later chief of the Personnel Branch there.</bioText>
  <posts>
    <post description="Party Secretary of Beijing Normal University"/>
  </posts>
  <birthLocations>
    <birthLocation location="Shandong Province"/>
    <birthLocation location="Lu County"/>
  </birthLocations>
  <workHistoryEntry startDate="2000">
    <workRoles>
      <workRole role="Secretary"/>
      <workRole institution="Beijing Normal University"/>
      <workRole institution="CPC"/>
      <workRole institution="Party Committee"/>
      <workRole location="Beijing Municipality"/>
    </workRoles>
  </workHistoryEntry>
  <workHistoryEntry startDate="1964" endDate="1969">
    <workRoles>
      <workRole role="Teacher"/>
      <workRole institution="Beijing Normal University"/>
      <workRole institution="Chemistry Department"/>
      <workRole location="Beijing Municipality"/>
    </workRoles>
  </workHistoryEntry>
  <workHistoryEntry startDate="1959" endDate="1964">
    <workRoles>
      <workRole role="Graduate"/>
      <workRole institution="Beijing Normal University"/>
      <workRole institution="Chemistry Department"/>
      <workRole location="Beijing Municipality"/>
    </workRoles>
  </workHistoryEntry>
  <workHistory/>
</biography>
