<?xml version="1.0" encoding="UTF-8"?>
<biography birthDate="Liaoning Province, Wafangdian City" fullName="Chen Guoling" displayName="Chen Guoling" nonEnglishName="" sex="male" nationality="Han">
  <bioText>Chen Guoling, male, Han nationality, is a native of Wafangdian, Liaoning province. He joined the PLA in 1968. He was promoted to the rank of lieutenant general in 2006. He served successively in Shenyang Military Region, Guangzhou Military Region and Nanjing Military Region. Chen is currently a member of the 17th CPC Central Committee and Political Commissar of the Nanjing Military Region.</bioText>
  <posts>
    <post description="Member of the 17th CPC Central Committee, Political Commissar of the Nanjing Military Region"/>
  </posts>
  <birthLocations/>
  <workHistoryEntry startDate="2007">
    <workRoles>
      <workRole role="Member"/>
      <workRole institution="17th CPC"/>
      <workRole institution="Central Committee"/>
    </workRoles>
  </workHistoryEntry>
  <workHistoryEntry startDate="2007">
    <workRoles>
      <workRole role="Political Commissar"/>
      <workRole institution="PLA"/>
      <workRole institution="Regions"/>
      <workRole institution="Nanjing Military Region"/>
      <workRole location="Jiangsu Province"/>
      <workRole location="Nanjing City"/>
    </workRoles>
  </workHistoryEntry>
  <workHistoryEntry startDate="2004" endDate="2007">
    <workRoles>
      <workRole role="Deputy Political Commissar"/>
      <workRole institution="PLA"/>
      <workRole institution="Regions"/>
      <workRole institution="Guangzhou Military Region"/>
      <workRole location="Guangdong Province"/>
      <workRole location="Guangzhou City"/>
    </workRoles>
  </workHistoryEntry>
  <workHistoryEntry startDate="2004" endDate="2007">
    <workRoles>
      <workRole role="Secretary"/>
      <workRole institution="PLA"/>
      <workRole institution="Regions"/>
      <workRole institution="Guangzhou Military Region"/>
      <workRole institution="CPC"/>
      <workRole institution="Party Committee"/>
      <workRole institution="Commission for Discipline Inspection"/>
      <workRole location="Guangdong Province"/>
      <workRole location="Guangzhou City"/>
    </workRoles>
  </workHistoryEntry>
  <workHistoryEntry startDate="2001" endDate="2004">
    <workRoles>
      <workRole role="Political Commissar"/>
      <workRole institution="PLA"/>
      <workRole institution="Services and Arms"/>
      <workRole institution="39th Group Army"/>
    </workRoles>
  </workHistoryEntry>
  <workHistoryEntry startDate="1999" endDate="2001">
    <workRoles>
      <workRole role="Political Commissar"/>
      <workRole institution="PLA"/>
      <workRole institution="Services and Arms"/>
      <workRole institution="16th Group Army"/>
    </workRoles>
  </workHistoryEntry>
  <workHistoryEntry startDate="1968">
    <workRoles>
      <workRole role="Joined"/>
      <workRole institution="PLA"/>
    </workRoles>
  </workHistoryEntry>
  <workHistory/>
</biography>
