<?xml version="1.0" encoding="UTF-8"?>
<biography birthDate="Beijing Municipality" fullName="Chen Yongling" displayName="Chen Yongling" nonEnglishName="" sex="male" nationality="Han">
  <bioText>Chen Yongling, male, Han nationality, is a native of Beijing and an expert on geodesy. He received his Ph.D. in 1939 in engineering from Berlin University of Science and Technology. He was consultant and professor at the State Bureau of Surveying and Mapping of the China Science and Technology Committee and was elected academician of the Chinese Academy of Sciences in 1980. Chen has compiled books on geodesy, surveying and astronomy, has measured the height of Mt. Everest, and promoted adoption of the global positioning system in China.</bioText>
  <posts>
    <post description="Senior Academician of the Chinese Academy of Sciences"/>
  </posts>
  <birthLocations/>
  <workHistoryEntry startDate="1980">
    <workRoles>
      <workRole role="Academician"/>
      <workRole institution="Chinese Academy of Sciences"/>
    </workRoles>
  </workHistoryEntry>
  <workHistoryEntry startDate="">
    <workRoles>
      <workRole role="Professor"/>
      <workRole institution="State Bureau of Surveying and Mapping"/>
      <workRole institution="Science and Technology Committee"/>
    </workRoles>
  </workHistoryEntry>
  <workHistoryEntry startDate="">
    <workRoles>
      <workRole role="Consultant"/>
      <workRole institution="State Bureau of Surveying and Mapping"/>
      <workRole institution="Science and Technology Committee"/>
    </workRoles>
  </workHistoryEntry>
  <workHistoryEntry startDate="1939">
    <workRoles>
      <workRole role="Graduate"/>
      <workRole institution="Berlin University of Science and Technology"/>
      <workRole location="Germany"/>
      <workRole location="Berlin"/>
    </workRoles>
  </workHistoryEntry>
  <workHistory/>
</biography>
