<?xml version="1.0" encoding="UTF-8"?>
<biography birthDate="1942" fullName="Chen Zhili" displayName="Chen Zhili" nonEnglishName="" sex="female" nationality="Han">
  <bioText>Chen Zhili, female, Han nationality is a native of Xianyou County of Fujian Province. She was born in 1942, joined the CPC in 1961 and graduated from Fudan University in 1964. She did her postgraduate work at the Shanghai Institute of Silicate of the Chinese Academy of Sciences. A physicist by training, Chen held research positions in the early 1980s, was a visiting scholar at Penn State University in the US from 1980 to 1982. She worked in Shanghai Institute of Silicate of the Chinese Academy of Sciences from 1982-1984, and later served in the publicity department of the CPC Shanghai Municipal Committee. In 1997, Chen was appointed deputy director of the State Education Commission and one year later, was appointed Minister of Education. Chen served as State Councilor of the State Council from 2003-2008. She was an alternate member of the 13th and 14th CPC Central Committees and a member of the 15th and 16th CPC Central Committees. She is now a member of the 17th CPC Central Committee and a Vice-Chairman of the Standing Committee of the 11th NPC. In 2008, she was elected President of the All-China Women's Federation. In 2010, Chen was elected as Chairman of Children’s Foundation of China.</bioText>
  <posts>
    <post description="Member, 17th CPC, Central Committee"/>
    <post description="Vice-Chairman, 11th Standing Committee of the NPC"/>
    <post description="President, All-China Women's Federation"/>
    <post description="Chairman, Children's Foundation of China"/>
  </posts>
  <birthLocations>
    <birthLocation location="Fujian Province"/>
    <birthLocation location="Xianyou"/>
  </birthLocations>
  <workHistoryEntry startDate="2010">
    <workRoles>
      <workRole role="Chairman"/>
      <workRole institution="Children's Foundation of China"/>
    </workRoles>
  </workHistoryEntry>
  <workHistoryEntry startDate="2008">
    <workRoles>
      <workRole role="Vice-Chairman"/>
      <workRole institution="Chinese Olympic Committee"/>
      <workRole institution="Beijing Organizing Committee for the XXIX Olympiad"/>
      <workRole location="Beijing Municipality"/>
    </workRoles>
  </workHistoryEntry>
  <workHistoryEntry startDate="2008">
    <workRoles>
      <workRole role="President"/>
      <workRole institution="All-China Women's Federation"/>
    </workRoles>
  </workHistoryEntry>
  <workHistoryEntry startDate="2008">
    <workRoles>
      <workRole role="Vice-Chairman"/>
      <workRole institution="11th Standing Committee of the NPC"/>
    </workRoles>
  </workHistoryEntry>
  <workHistoryEntry startDate="2007">
    <workRoles>
      <workRole role="Member"/>
      <workRole institution="17th CPC"/>
      <workRole institution="Central Committee"/>
    </workRoles>
  </workHistoryEntry>
  <workHistoryEntry startDate="2003" endDate="2008">
    <workRoles>
      <workRole role="State Councilor"/>
      <workRole institution="State Council"/>
    </workRoles>
  </workHistoryEntry>
  <workHistoryEntry startDate="2002" endDate="2007">
    <workRoles>
      <workRole role="Member"/>
      <workRole institution="16th CPC"/>
      <workRole institution="Central Committee"/>
    </workRoles>
  </workHistoryEntry>
  <workHistoryEntry startDate="1999">
    <workRoles>
      <workRole role="Vice-Chairman"/>
      <workRole institution="State Academic Degree Committee"/>
    </workRoles>
  </workHistoryEntry>
  <workHistoryEntry startDate="1998">
    <workRoles>
      <workRole role="Member"/>
      <workRole institution="State Steering Group of Science, Technology and Education"/>
    </workRoles>
  </workHistoryEntry>
  <workHistoryEntry startDate="1998" endDate="2003">
    <workRoles>
      <workRole role="Minister"/>
      <workRole institution="Ministry of Education"/>
    </workRoles>
  </workHistoryEntry>
  <workHistoryEntry startDate="1997" endDate="1998">
    <workRoles>
      <workRole role="Secretary"/>
      <workRole institution="State Education Commission"/>
      <workRole institution="CPC"/>
      <workRole institution="Leading Party Group"/>
    </workRoles>
  </workHistoryEntry>
  <workHistoryEntry startDate="1997" endDate="1998">
    <workRoles>
      <workRole role="Deputy Director"/>
      <workRole institution="State Education Commission"/>
    </workRoles>
  </workHistoryEntry>
  <workHistoryEntry startDate="1997" endDate="2002">
    <workRoles>
      <workRole role="Member"/>
      <workRole institution="15th CPC"/>
      <workRole institution="Central Committee"/>
    </workRoles>
  </workHistoryEntry>
  <workHistoryEntry startDate="1992" endDate="1997">
    <workRoles>
      <workRole role="Alternate Member"/>
      <workRole institution="14th CPC"/>
      <workRole institution="Central Committee"/>
    </workRoles>
  </workHistoryEntry>
  <workHistoryEntry startDate="1989" endDate="1997">
    <workRoles>
      <workRole role="Deputy Secretary"/>
      <workRole institution="CPC"/>
      <workRole institution="Municipal Committee"/>
      <workRole location="Shanghai Municipality"/>
    </workRoles>
  </workHistoryEntry>
  <workHistoryEntry startDate="1988" endDate="1991">
    <workRoles>
      <workRole role="Director"/>
      <workRole institution="CPC"/>
      <workRole institution="Municipal Committee"/>
      <workRole institution="Publicity Department"/>
      <workRole location="Shanghai Municipality"/>
    </workRoles>
  </workHistoryEntry>
  <workHistoryEntry startDate="1988" endDate="1989">
    <workRoles>
      <workRole role="Member"/>
      <workRole institution="CPC"/>
      <workRole institution="Municipal Committee"/>
      <workRole institution="Standing Committee"/>
      <workRole location="Shanghai Municipality"/>
    </workRoles>
  </workHistoryEntry>
  <workHistoryEntry startDate="1987" endDate="1992">
    <workRoles>
      <workRole role="Alternate Member"/>
      <workRole institution="13th CPC"/>
      <workRole institution="Central Committee"/>
    </workRoles>
  </workHistoryEntry>
  <workHistoryEntry startDate="1984" endDate="1986">
    <workRoles>
      <workRole role="Deputy Secretary and Secretary"/>
      <workRole institution="CPC"/>
      <workRole institution="Municipal Committee"/>
      <workRole institution="Science and Technology Work Committee"/>
      <workRole location="Shanghai Municipality"/>
    </workRoles>
  </workHistoryEntry>
  <workHistoryEntry startDate="1982" endDate="1984">
    <workRoles>
      <workRole role="Deputy Secretary"/>
      <workRole institution="Chinese Academy of Sciences"/>
      <workRole institution="Shanghai Institute of Silicate"/>
      <workRole institution="CPC"/>
      <workRole institution="Party Committee"/>
    </workRoles>
  </workHistoryEntry>
  <workHistoryEntry startDate="1980" endDate="1982">
    <workRoles>
      <workRole role="Visiting Scholar"/>
      <workRole institution="Pennsylvania State University"/>
      <workRole location="USA"/>
      <workRole location="Pennsylvania"/>
    </workRoles>
  </workHistoryEntry>
  <workHistoryEntry startDate="1970" endDate="1980">
    <workRoles>
      <workRole role="Associate Research Fellow"/>
      <workRole institution="Chinese Academy of Sciences"/>
      <workRole institution="Shanghai Institute of Silicate"/>
      <workRole location="Shanghai Municipality"/>
    </workRoles>
  </workHistoryEntry>
  <workHistoryEntry startDate="1968" endDate="1970">
    <workRoles>
      <workRole role="Worker"/>
      <workRole institution="Cultural Revolution"/>
      <workRole institution="Sent to the countryside (Danyanghu Farm of NO. 6409 Army"/>
    </workRoles>
  </workHistoryEntry>
  <workHistoryEntry startDate="1964" endDate="1968">
    <workRoles>
      <workRole role="Graduate Student"/>
      <workRole institution="Chinese Academy of Sciences"/>
      <workRole institution="Shanghai Institute of Silicate"/>
    </workRoles>
  </workHistoryEntry>
  <workHistoryEntry startDate="1961">
    <workRoles>
      <workRole role="Joined"/>
      <workRole institution="CPC"/>
    </workRoles>
  </workHistoryEntry>
  <workHistoryEntry startDate="1959" endDate="1964">
    <workRoles>
      <workRole role="Graduate"/>
      <workRole institution="Fudan University"/>
      <workRole institution="Physics Department"/>
      <workRole location="Shanghai Municipality"/>
    </workRoles>
  </workHistoryEntry>
  <workHistory/>
</biography>
