<?xml version="1.0" encoding="UTF-8"?>
<biography birthDate="1934" fullName="Chen Huanyou" displayName="Chen Huanyou" nonEnglishName="" sex="male" nationality="Han">
  <bioText>Chen Huanyou, male, Han nationality, is a native of Nantong, Jiangsu Province. Chen was born in 1934, joined the PLA in 1949, joined the CPC in 1954 and graduated from People's University of China. Chen taught at and served in different party organizations within the Engineering Economics Department of Jilin Industrial University. He later assumed party leadership roles at the Wuxi Diesel Engine Plant. In 1983 he was elected vice-governor of Jiangsu Province. In 1993 he became governor and Party secretary of Jiangsu Province.</bioText>
  <posts>
    <post description="Chairman of Standing Committee of Jiangsu Provincial People's Congress"/>
  </posts>
  <birthLocations>
    <birthLocation location="Jiangsu Province"/>
    <birthLocation location="Nantong City"/>
  </birthLocations>
  <workHistoryEntry startDate="1998">
    <workRoles>
      <workRole role="Chairman"/>
      <workRole institution="Provincial People's Congress"/>
      <workRole institution="Standing Committee"/>
      <workRole location="Jiangsu Province"/>
    </workRoles>
  </workHistoryEntry>
  <workHistoryEntry startDate="1997" endDate="2002">
    <workRoles>
      <workRole role="Member"/>
      <workRole institution="15th CPC"/>
      <workRole institution="Central Committee"/>
    </workRoles>
  </workHistoryEntry>
  <workHistoryEntry startDate="1997" endDate="2002">
    <workRoles>
      <workRole role="Delegate"/>
      <workRole institution="15th CPC"/>
      <workRole institution="National Congress"/>
    </workRoles>
  </workHistoryEntry>
  <workHistoryEntry startDate="1994" endDate="1994">
    <workRoles>
      <workRole role="Honorary President"/>
      <workRole institution="Red Cross Society of China"/>
      <workRole location="Jiangsu Province"/>
    </workRoles>
  </workHistoryEntry>
  <workHistoryEntry startDate="1993" endDate="1998">
    <workRoles>
      <workRole role="Deputy"/>
      <workRole institution="8th NPC"/>
    </workRoles>
  </workHistoryEntry>
  <workHistoryEntry startDate="1993" endDate="2000">
    <workRoles>
      <workRole role="Secretary"/>
      <workRole institution="CPC"/>
      <workRole institution="Provincial Committee"/>
      <workRole location="Jiangsu Province"/>
    </workRoles>
  </workHistoryEntry>
  <workHistoryEntry startDate="1992" endDate="1997">
    <workRoles>
      <workRole role="Delegate"/>
      <workRole institution="14th CPC"/>
      <workRole institution="National Congress"/>
    </workRoles>
  </workHistoryEntry>
  <workHistoryEntry startDate="1989" endDate="1994">
    <workRoles>
      <workRole role="Governor"/>
      <workRole institution="People's Government"/>
      <workRole location="Jiangsu Province"/>
    </workRoles>
  </workHistoryEntry>
  <workHistoryEntry startDate="1989" endDate="1989">
    <workRoles>
      <workRole role="Acting Governor"/>
      <workRole institution="People's Government"/>
      <workRole location="Jiangsu Province"/>
    </workRoles>
  </workHistoryEntry>
  <workHistoryEntry startDate="1988" endDate="1993">
    <workRoles>
      <workRole role="Deputy"/>
      <workRole institution="7th NPC"/>
    </workRoles>
  </workHistoryEntry>
  <workHistoryEntry startDate="1987" endDate="1992">
    <workRoles>
      <workRole role="Delegate"/>
      <workRole institution="13th CPC"/>
      <workRole institution="National Congress"/>
    </workRoles>
  </workHistoryEntry>
  <workHistoryEntry startDate="1986" endDate="1993">
    <workRoles>
      <workRole role="Deputy Secretary"/>
      <workRole institution="CPC"/>
      <workRole institution="Provincial Committee"/>
      <workRole location="Jiangsu Province"/>
    </workRoles>
  </workHistoryEntry>
  <workHistoryEntry startDate="1984" endDate="1989">
    <workRoles>
      <workRole role="Executive Vice-Governor"/>
      <workRole institution="People's Government"/>
      <workRole location="Jiangsu Province"/>
    </workRoles>
  </workHistoryEntry>
  <workHistoryEntry startDate="1984" endDate="1986">
    <workRoles>
      <workRole role="Member"/>
      <workRole institution="CPC"/>
      <workRole institution="Provincial Committee"/>
      <workRole institution="Standing Committee"/>
      <workRole location="Jiangsu Province"/>
    </workRoles>
  </workHistoryEntry>
  <workHistoryEntry startDate="1983" endDate="1984">
    <workRoles>
      <workRole role="Vice-Governor"/>
      <workRole institution="People's Government"/>
      <workRole location="Jiangsu Province"/>
    </workRoles>
  </workHistoryEntry>
  <workHistoryEntry startDate="1983" endDate="1984">
    <workRoles>
      <workRole role="Director"/>
      <workRole institution="Planning Committee"/>
      <workRole location="Jiangsu Province"/>
    </workRoles>
  </workHistoryEntry>
  <workHistoryEntry startDate="1981" endDate="1983">
    <workRoles>
      <workRole role="Deputy Director"/>
      <workRole institution="Provincial Economic Committee"/>
      <workRole location="Jiangsu Province"/>
    </workRoles>
  </workHistoryEntry>
  <workHistoryEntry startDate="1981" endDate="1983">
    <workRoles>
      <workRole role="Deputy Director"/>
      <workRole institution="National Defense Industry Committee"/>
      <workRole location="Jiangsu Province"/>
    </workRoles>
  </workHistoryEntry>
  <workHistoryEntry startDate="1975" endDate="1981">
    <workRoles>
      <workRole role="Secretary"/>
      <workRole institution="Wuxi Diesel Engine Plant"/>
      <workRole institution="CPC"/>
      <workRole institution="Party Committee"/>
      <workRole location="Jiangsu Province"/>
      <workRole location="Wuxi City"/>
    </workRoles>
  </workHistoryEntry>
  <workHistoryEntry startDate="1975" endDate="1981">
    <workRoles>
      <workRole role="Director"/>
      <workRole institution="Wuxi Diesel Engine Plant"/>
      <workRole location="Jiangsu Province"/>
      <workRole location="Wuxi City"/>
    </workRoles>
  </workHistoryEntry>
  <workHistoryEntry startDate="1975" endDate="1981">
    <workRoles>
      <workRole role="Deputy Secretary"/>
      <workRole institution="Wuxi Diesel Engine Plant"/>
      <workRole institution="CPC"/>
      <workRole institution="Party Committee"/>
      <workRole location="Jiangsu Province"/>
      <workRole location="Wuxi City"/>
    </workRoles>
  </workHistoryEntry>
  <workHistoryEntry startDate="1959" endDate="1965">
    <workRoles>
      <workRole role="Deputy Secretary"/>
      <workRole institution="Jilin Industrial University"/>
      <workRole institution="Engineering Economics Department"/>
      <workRole institution="CPC"/>
      <workRole institution="General Branch"/>
      <workRole location="Jilin Province"/>
    </workRoles>
  </workHistoryEntry>
  <workHistoryEntry startDate="1959" endDate="1965">
    <workRoles>
      <workRole role="Secretary"/>
      <workRole institution="Jilin Industrial University"/>
      <workRole institution="Engineering Economics Department"/>
      <workRole institution="Teaching Office"/>
      <workRole location="Jilin Province"/>
    </workRoles>
  </workHistoryEntry>
  <workHistoryEntry startDate="1959" endDate="1965">
    <workRoles>
      <workRole role="Lecturer"/>
      <workRole institution="Jilin Industrial University"/>
      <workRole institution="Engineering Economics Department"/>
      <workRole location="Jilin Province"/>
    </workRoles>
  </workHistoryEntry>
  <workHistoryEntry startDate="1955">
    <workRoles>
      <workRole role="Graduate"/>
      <workRole institution="People's University of China"/>
      <workRole institution="Industrial Economy Department"/>
      <workRole location="Beijing Municipality"/>
    </workRoles>
  </workHistoryEntry>
  <workHistoryEntry startDate="1954">
    <workRoles>
      <workRole role="Joined"/>
      <workRole institution="CPC"/>
    </workRoles>
  </workHistoryEntry>
  <workHistoryEntry startDate="1950" endDate="1952">
    <workRoles>
      <workRole role="Student"/>
      <workRole institution="East China Military and Political Academy"/>
    </workRoles>
  </workHistoryEntry>
  <workHistoryEntry startDate="1949">
    <workRoles>
      <workRole role="Joined"/>
      <workRole institution="PLA"/>
    </workRoles>
  </workHistoryEntry>
  <workHistory/>
</biography>
