<?xml version="1.0" encoding="UTF-8"?>
<biography birthDate="1938" fullName="Chen Shineng" displayName="Chen Shineng" nonEnglishName="" sex="male" nationality="Han">
  <bioText>Chen Shineng, male, Han nationality, is a native of Jiaxing County, Zhejiang province. He was born in 1938 and joined the CPC in 1962. He served as governor of Guizhou province until 1996, and he was elected vice-chairman of the ethnic affairs committee of the NPC in 2003.</bioText>
  <posts>
    <post description="Vice-Chairman of the Ethnic Affairs Committee of the NPC"/>
  </posts>
  <birthLocations>
    <birthLocation location="Zhejiang Province"/>
    <birthLocation location="Jiaxing County"/>
  </birthLocations>
  <workHistoryEntry startDate="2003">
    <workRoles>
      <workRole role="Vice-Chairman"/>
      <workRole institution="10th Ethnic Affairs Committee of the NPC"/>
    </workRoles>
  </workHistoryEntry>
  <workHistoryEntry startDate="1996" endDate="1998">
    <workRoles>
      <workRole role="Vice-Minister"/>
      <workRole institution="Ministry of Chemical Industry"/>
    </workRoles>
  </workHistoryEntry>
  <workHistoryEntry startDate="1993" endDate="1996">
    <workRoles>
      <workRole role="Governor"/>
      <workRole institution="People's Government"/>
      <workRole location="Guizhou Province"/>
    </workRoles>
  </workHistoryEntry>
  <workHistoryEntry startDate="1993" endDate="1996">
    <workRoles>
      <workRole role="Deputy Secretary"/>
      <workRole institution="CPC"/>
      <workRole institution="Provincial Committee"/>
      <workRole location="Guizhou Province"/>
    </workRoles>
  </workHistoryEntry>
  <workHistoryEntry startDate="1991" endDate="1993">
    <workRoles>
      <workRole role="Vice-Governor"/>
      <workRole institution="People's Government"/>
      <workRole location="Guizhou Province"/>
    </workRoles>
  </workHistoryEntry>
  <workHistoryEntry startDate="1962">
    <workRoles>
      <workRole role="Joined"/>
      <workRole institution="CPC"/>
    </workRoles>
  </workHistoryEntry>
  <workHistory/>
</biography>
