<?xml version="1.0" encoding="UTF-8"?>
<biography fullName="Chen Tong" displayName="Chen Tong" nonEnglishName="" sex="male" nationality="Han">
  <bioText>Chen Tong, male, Han, nationality, graduated from Beijing Industrial University with a bachelor's degree in engineering. He earned a master's degree in telecommunications from Beijing Science and Engineering University. A former chief editor of Lifang On-Line, Chen helped develop content for their website. He left Lifang to become the chief of the news center at Sina.com. In this position, where he supervised content, Chen oversaw the reporting of events such as the Kosovo War, an earthquake in Taiwan, and China's accession into the World Trade Organization. He is credited with establishing Sina.com as one of the top websites in the country. Chen holds the deputy president post at Sina.com.</bioText>
  <posts>
    <post description="Vice-President of Sina.com"/>
  </posts>
  <birthLocations/>
  <workHistoryEntry startDate="">
    <workRoles>
      <workRole role="Vice-President"/>
      <workRole institution="Sina.com"/>
    </workRoles>
  </workHistoryEntry>
  <workHistoryEntry startDate="">
    <workRoles>
      <workRole role="Chief"/>
      <workRole institution="Sina.com"/>
      <workRole institution="News Center"/>
    </workRoles>
  </workHistoryEntry>
  <workHistoryEntry startDate="">
    <workRoles>
      <workRole role="Graduate"/>
      <workRole institution="Beijing University of Science and Engineering"/>
      <workRole location="Beijing Municipality"/>
    </workRoles>
  </workHistoryEntry>
  <workHistoryEntry startDate="">
    <workRoles>
      <workRole role="Graduate"/>
      <workRole institution="Beijing Industrial University"/>
      <workRole location="Beijing Municipality"/>
    </workRoles>
  </workHistoryEntry>
  <workHistory/>
</biography>
