<?xml version="1.0" encoding="UTF-8"?>
<biography birthDate="1952" fullName="Chen Cungen" displayName="Chen Cungen" nonEnglishName="" sex="male" nationality="Han">
  <bioText>Chen Cungen, male, Han nationality, is a native of Zhouzhi County of Shaanxi Province. He was born in 1952, started to work in 1970 and joined CPC in 1985. Chen graduated from Northwestern Agricultural University in 1982 with a Master Degree in Forest Ecology, and from Vienna Agricultural University of Austria in 1987 with a Doctorate Degree. He serves as Director of Department of Publicity of the CPC Municipal Committee of Chongqing Municipality since 2007. Currently, he is an Alternate Member of 17th CPC Central Committee. In 2012, he became Director of the Chongqing Municipal People's Congress Standing Committee.</bioText>
  <posts>
    <post description="Alternate Member, 17th CPC, Central Committee"/>
    <post description="Director, Municipal People's Congress, Standing Committee, Chongqing Municipality"/>
  </posts>
  <birthLocations>
    <birthLocation location="Shaanxi Province"/>
    <birthLocation location="Zhouzhi"/>
  </birthLocations>
  <workHistoryEntry startDate="2012">
    <workRoles>
      <workRole role="Director"/>
      <workRole institution="Municipal People's Congress"/>
      <workRole institution="Standing Committee"/>
      <workRole location="Chongqing Municipality"/>
    </workRoles>
  </workHistoryEntry>
  <workHistoryEntry startDate="2007">
    <workRoles>
      <workRole role="Director"/>
      <workRole institution="CPC"/>
      <workRole institution="Municipal Committee"/>
      <workRole institution="Publicity Department"/>
      <workRole location="Chongqing Municipality"/>
    </workRoles>
  </workHistoryEntry>
  <workHistoryEntry startDate="2007">
    <workRoles>
      <workRole role="Member"/>
      <workRole institution="CPC"/>
      <workRole institution="Municipal Committee"/>
      <workRole institution="Standing Committee"/>
      <workRole location="Chongqing Municipality"/>
    </workRoles>
  </workHistoryEntry>
  <workHistoryEntry startDate="2007">
    <workRoles>
      <workRole role="Alternate Member"/>
      <workRole institution="17th CPC"/>
      <workRole institution="Central Committee"/>
    </workRoles>
  </workHistoryEntry>
  <workHistoryEntry startDate="2006" endDate="2007">
    <workRoles>
      <workRole role="Deputy Director"/>
      <workRole institution="CPC"/>
      <workRole institution="Provincial Committee"/>
      <workRole institution="Personnel Department"/>
      <workRole location="Shaanxi Province"/>
    </workRoles>
  </workHistoryEntry>
  <workHistoryEntry startDate="2003" endDate="2006">
    <workRoles>
      <workRole role="Director"/>
      <workRole institution="Personnel Department"/>
      <workRole location="Shaanxi Province"/>
    </workRoles>
  </workHistoryEntry>
  <workHistoryEntry startDate="2003" endDate="2006">
    <workRoles>
      <workRole role="Deputy Director"/>
      <workRole institution="CPC"/>
      <workRole institution="Provincial Committee"/>
      <workRole institution="Organization Department"/>
      <workRole location="Shaanxi Province"/>
    </workRoles>
  </workHistoryEntry>
  <workHistoryEntry startDate="2003" endDate="2006">
    <workRoles>
      <workRole role="Secretary"/>
      <workRole institution="Personnel Department"/>
      <workRole institution="CPC"/>
      <workRole institution="Leading Party Group"/>
      <workRole location="Shaanxi Province"/>
    </workRoles>
  </workHistoryEntry>
  <workHistoryEntry startDate="1970">
    <workRoles>
      <workRole role="Joined"/>
      <workRole institution="CPC"/>
    </workRoles>
  </workHistoryEntry>
  <workHistory/>
</biography>
