<?xml version="1.0" encoding="UTF-8"?>
<biography birthDate="1952" fullName="Cheng Guoping" displayName="Cheng Guoping" nonEnglishName="" sex="male" nationality="Han">
  <bioText>Cheng Guoping, male, Han nationality, is a native of Hebei Province. He was born in 1952, entered the work force in 1975 and graduated from Beijing University in 1986 with a Master Degree. From 2009 to 2011, he was Assistant Minister of Ministry of Foreign Affairs. Since 2011, he is Vice-Minister, Ministry of Foreign Affairs.</bioText>
  <posts>
    <post description="Vice-Minister, Ministry of Foreign Affairs"/>
  </posts>
  <birthLocations>
    <birthLocation location="Hebei Province"/>
  </birthLocations>
  <workHistoryEntry startDate="2012">
    <workRoles>
      <workRole role="Vice-Minister"/>
      <workRole institution="Ministry of Foreign Affairs"/>
    </workRoles>
  </workHistoryEntry>
  <workHistoryEntry startDate="2009" endDate="2011">
    <workRoles>
      <workRole role="Assistant Minister"/>
      <workRole institution="Ministry of Foreign Affairs"/>
    </workRoles>
  </workHistoryEntry>
  <workHistoryEntry startDate="2008" endDate="2009">
    <workRoles>
      <workRole role="Ambassador"/>
      <workRole institution="Chinese Embassy"/>
      <workRole location="Kazakhstan"/>
      <workRole location="Astana"/>
    </workRoles>
  </workHistoryEntry>
  <workHistoryEntry startDate="2007" endDate="2008">
    <workRoles>
      <workRole role="Director"/>
      <workRole institution="Ministry of Foreign Affairs"/>
      <workRole institution="Europe-Asia Department"/>
    </workRoles>
  </workHistoryEntry>
  <workHistoryEntry startDate="2003" endDate="2007">
    <workRoles>
      <workRole role="Diplomat"/>
      <workRole institution="Chinese Embassy"/>
      <workRole location="Russia"/>
      <workRole location="Moscow"/>
    </workRoles>
  </workHistoryEntry>
  <workHistoryEntry startDate="2001" endDate="2003">
    <workRoles>
      <workRole role="Consul General"/>
      <workRole institution="Chinese Embassy"/>
      <workRole location="Russia"/>
      <workRole location="Khabarovsk Krai"/>
      <workRole location="Khabarovsk"/>
    </workRoles>
  </workHistoryEntry>
  <workHistoryEntry startDate="1997" endDate="2001">
    <workRoles>
      <workRole role="Attache"/>
      <workRole institution="Chinese Embassy"/>
      <workRole location="Georgia"/>
      <workRole location="Tbilisi"/>
    </workRoles>
  </workHistoryEntry>
  <workHistoryEntry startDate="1996" endDate="1997">
    <workRoles>
      <workRole role="Secretary"/>
      <workRole institution="Ministry of Foreign Affairs"/>
      <workRole institution="Europe-Asia Department"/>
    </workRoles>
  </workHistoryEntry>
  <workHistoryEntry startDate="1993" endDate="1997">
    <workRoles>
      <workRole role="Secretary"/>
      <workRole institution="Chinese Embassy"/>
      <workRole location="Russia"/>
      <workRole location="Moscow"/>
    </workRoles>
  </workHistoryEntry>
  <workHistoryEntry startDate="1986" endDate="1993">
    <workRoles>
      <workRole role="Director"/>
      <workRole institution="Ministry of Foreign Affairs"/>
      <workRole institution="Europe and Russia Department"/>
    </workRoles>
  </workHistoryEntry>
  <workHistoryEntry startDate="1984" endDate="1986">
    <workRoles>
      <workRole role="Student"/>
      <workRole institution="Beijing University"/>
      <workRole institution="Law Department"/>
      <workRole location="Beijing Municipality"/>
    </workRoles>
  </workHistoryEntry>
  <workHistory/>
</biography>
