<?xml version="1.0" encoding="UTF-8"?>
<biography birthDate="1940" fullName="Cheng Shi'er" displayName="Cheng Shi'er" nonEnglishName="" sex="female" nationality="Han">
  <bioText>Cheng Shi'er, female, Han nationality, is a native of Wanxian, Chongqing. She was born in 1940, joined the CPC in 1983 and started to work in 1962. Cheng received a college education and is a senior engineer. Cheng spent the early part of her career at the Beijing Plastics Industrial Company, and she has held top Party and governmental posts in the Shijingshan district. Cheng Shi'er is currently chairwoman of the CPPCC Beijing Committee.</bioText>
  <posts>
    <post description="Chairwoman of the CPPCC Beijing Committee, Senior Engineer"/>
  </posts>
  <birthLocations>
    <birthLocation location="Chongqing Municipality"/>
    <birthLocation location="Wanxian"/>
  </birthLocations>
  <workHistory/>
</biography>
