<?xml version="1.0" encoding="UTF-8"?>
<biography birthDate="1963" fullName="Chen Yuanfeng" displayName="Chen Yuanfeng" nonEnglishName="" sex="male" nationality="Han">
  <bioText>Chen Yuanfeng, male, Han nationality, is a native of Wangkui County, Heilongjiang Province. He was born in 1963, graduated from Heilongjiang Provincial Finance Special School and entered the work force in 1982, and joined the CPC in 1986. From 2006 to 2009, he was Assistant Director of Taiwan Affairs Office of the State Council and CPC Central Committee. Since 2009, he is Deputy Director, Taiwan Affairs Office of the State Council and CPC Central Committee.</bioText>
  <posts>
    <post description="Deputy Director, Taiwan Affairs Office of the State Council"/>
  </posts>
  <birthLocations>
    <birthLocation location="Heilongjiang Province"/>
    <birthLocation location="Wangkui County"/>
  </birthLocations>
  <workHistoryEntry startDate="2009">
    <workRoles>
      <workRole role="Deputy Director"/>
      <workRole institution="Taiwan Affairs Office of the State Council"/>
    </workRoles>
  </workHistoryEntry>
  <workHistoryEntry startDate="2006" endDate="2009">
    <workRoles>
      <workRole role="Assistant Director"/>
      <workRole institution="Taiwan Affairs Office of the State Council"/>
    </workRoles>
  </workHistoryEntry>
  <workHistoryEntry startDate="2005" endDate="2009">
    <workRoles>
      <workRole role="Director"/>
      <workRole institution="Taiwan Affairs Office of the State Council"/>
      <workRole institution="Communication Bureau"/>
    </workRoles>
  </workHistoryEntry>
  <workHistoryEntry startDate="2003" endDate="2005">
    <workRoles>
      <workRole role="Director"/>
      <workRole institution="Taiwan Affairs Office of the State Council"/>
      <workRole institution="Secretary Bureau"/>
    </workRoles>
  </workHistoryEntry>
  <workHistoryEntry startDate="2000" endDate="2003">
    <workRoles>
      <workRole role="Deputy Director"/>
      <workRole institution="Taiwan Affairs Office of the State Council"/>
      <workRole institution="Secretary Bureau"/>
    </workRoles>
  </workHistoryEntry>
  <workHistoryEntry startDate="1997" endDate="2000">
    <workRoles>
      <workRole role="Division Director"/>
      <workRole institution="Taiwan Affairs Office of the State Council"/>
      <workRole institution="Secretary Bureau"/>
    </workRoles>
  </workHistoryEntry>
  <workHistoryEntry startDate="1994" endDate="1997">
    <workRoles>
      <workRole role="Investigator"/>
      <workRole institution="Taiwan Affairs Office of the State Council"/>
      <workRole institution="Secretary Bureau"/>
    </workRoles>
  </workHistoryEntry>
  <workHistoryEntry startDate="1992" endDate="1994">
    <workRoles>
      <workRole role="Investigator"/>
      <workRole institution="People's Government"/>
      <workRole institution="General Office"/>
      <workRole location="Heilongjiang Province"/>
    </workRoles>
  </workHistoryEntry>
  <workHistoryEntry startDate="1989" endDate="1992">
    <workRoles>
      <workRole role="Staff Member"/>
      <workRole institution="People's Government"/>
      <workRole institution="General Office"/>
      <workRole location="Heilongjiang Province"/>
    </workRoles>
  </workHistoryEntry>
  <workHistory/>
</biography>
