<?xml version="1.0" encoding="UTF-8"?>
<biography birthDate="1948" fullName="Cheng Jinpei" displayName="Cheng Jinpei" nonEnglishName="" sex="male" nationality="Han">
  <bioText>Cheng Jinpei, male, Han nationality, is a native of Guanyun, Jiangsu province. He was born in 1948, and attended Nankai University and Northwestern University in the U.S., where he obtained a doctorate. Cheng was an academician at the Chinese Academy of Sciences and the Third World Academy of Science. He serves as vice-minister of the Ministry of Science and Technology and vice-chairman of the Central Committee of the China Zhi Gong Party.</bioText>
  <posts>
    <post description="Vice-Minister of Science and Technology, Vice-Chairman of the Central Committee of the China Zhi Gong Party"/>
  </posts>
  <birthLocations>
    <birthLocation location="Jiangsu Province"/>
    <birthLocation location="Guanyun County"/>
  </birthLocations>
  <workHistoryEntry startDate="">
    <workRoles>
      <workRole role="Vice-Minister"/>
      <workRole institution="Ministry of Science and Technology"/>
    </workRoles>
  </workHistoryEntry>
  <workHistoryEntry startDate="">
    <workRoles>
      <workRole role="Vice-Chairman"/>
      <workRole institution="China Zhi Gong Party (Public Interest Party)"/>
      <workRole institution="Central Committee"/>
    </workRoles>
  </workHistoryEntry>
  <workHistoryEntry startDate="">
    <workRoles>
      <workRole role="Academician"/>
      <workRole institution="Third World Academy of Sciences"/>
    </workRoles>
  </workHistoryEntry>
  <workHistoryEntry startDate="">
    <workRoles>
      <workRole role="Academician"/>
      <workRole institution="Chinese Academy of Sciences"/>
    </workRoles>
  </workHistoryEntry>
  <workHistoryEntry startDate="1998" endDate="2003">
    <workRoles>
      <workRole role="Member"/>
      <workRole institution="9th CPPCC"/>
      <workRole institution="National Committee"/>
      <workRole institution="Standing Committee"/>
    </workRoles>
  </workHistoryEntry>
  <workHistoryEntry startDate="">
    <workRoles>
      <workRole role="Vice-President"/>
      <workRole institution="Nankai University"/>
      <workRole location="Tianjin Municipality"/>
    </workRoles>
  </workHistoryEntry>
  <workHistoryEntry startDate="">
    <workRoles>
      <workRole role="Doctoral Student Tutor"/>
      <workRole institution="Nankai University"/>
      <workRole location="Tianjin Municipality"/>
    </workRoles>
  </workHistoryEntry>
  <workHistoryEntry startDate="">
    <workRoles>
      <workRole role="Professor"/>
      <workRole institution="Nankai University"/>
      <workRole location="Tianjin Municipality"/>
    </workRoles>
  </workHistoryEntry>
  <workHistoryEntry startDate="1980">
    <workRoles>
      <workRole role="Graduate"/>
      <workRole institution="Northwestern University"/>
      <workRole location="USA"/>
      <workRole location="Illinois"/>
      <workRole location="Evanston"/>
    </workRoles>
  </workHistoryEntry>
  <workHistoryEntry startDate="1978">
    <workRoles>
      <workRole role="Postgraduate Student"/>
      <workRole institution="Nankai University"/>
      <workRole location="Tianjin Municipality"/>
    </workRoles>
  </workHistoryEntry>
  <workHistory/>
</biography>
