<?xml version="1.0" encoding="UTF-8"?>
<biography birthDate="Beijing Municipality" fullName="Chen Lihua" displayName="Chen Lihua" nonEnglishName="" sex="female" nationality="Han">
  <bioText>Chen Lihua, female, Han nationality, is a native of Beijing. She is educated through high school. Chen is the epitome of a Chinese success story. Born into a poor family, she completed high school before starting a furniture maintenance business in 1976. During the 1980s, she traveled to Hong Kong to pursue real investment and trade opportunities. Ten years later, she returned to her hometown of Beijing to start Fu Wah – the company focuses on residential housing projects. Along with her business commitments, Chen invested 200 million RMB to build a state-level private museum, the China Rosewood Museum. Chen is focused on developing a Beijing real estate project in the Dongdan area.</bioText>
  <posts>
    <post description="President of Fu Wah International Group, Hong Kong"/>
  </posts>
  <birthLocations/>
  <workHistoryEntry startDate="">
    <workRoles>
      <workRole role="President"/>
      <workRole institution="Fu Wah International Group"/>
      <workRole location="Hong Kong SAR"/>
    </workRoles>
  </workHistoryEntry>
  <workHistory/>
</biography>
