<?xml version="1.0" encoding="UTF-8"?>
<biography birthDate="1953" fullName="Chen Zhu" displayName="Chen Zhu" nonEnglishName="" sex="male" nationality="Han">
  <bioText>Chen Zhu, male, Han nationality, is a native of Shanghai. His ancestral home is in Zhenjiang, Jiangsu Province. He was born in 1953 and received a Master's from the Shanghai Second Medical Sciences University in 1981. Chen Zhu is a leading hematology expert and an academician of Chinese Academy of Sciences molecular biologist. He is distinguished in hemophilia classification, diagnosis, and hereditary consultation. As the only Chinese member of the International Hemophilia League Chen has conducted initiative research into the human T cell recipient (TCR) gene's structure and expression and elaborated the No.22 chromosome breakage point and cluster area, while establishing the BCR-ABL reorganized molecular model in Ph chromosome accompanying acute leukemia. Chen is one of the chief scientists in the gene cloning and DNA-sequencing. Chen Zhu served as vice-president of the Chinese Academy of Sciences from 2000 - 2007. Chen Zhu is currently Minister of Health.</bioText>
  <posts>
    <post description="Minister, Ministry of Health"/>
  </posts>
  <birthLocations>
    <birthLocation location="Shanghai Municipality"/>
  </birthLocations>
  <workHistoryEntry startDate="2007">
    <workRoles>
      <workRole role="Minister"/>
      <workRole institution="Ministry of Health"/>
    </workRoles>
  </workHistoryEntry>
  <workHistoryEntry startDate="2000" endDate="2007">
    <workRoles>
      <workRole role="Vice-President"/>
      <workRole institution="Chinese Academy of Sciences"/>
    </workRoles>
  </workHistoryEntry>
  <workHistoryEntry startDate="1999">
    <workRoles>
      <workRole role="(Conferred Outstanding Technician Medals, Ministry of Personnel)"/>
    </workRoles>
  </workHistoryEntry>
  <workHistoryEntry startDate="1999">
    <workRoles>
      <workRole role="(Won Yangtze Scholar Awarding Program Top Grade Prize)"/>
    </workRoles>
  </workHistoryEntry>
  <workHistoryEntry startDate="">
    <workRoles>
      <workRole role="Deputy Director"/>
      <workRole institution="Shanghai No.2 Medical Sciences University"/>
      <workRole institution="Joint Genetics and Medical Sciences Center"/>
      <workRole location="Shanghai Municipality"/>
    </workRoles>
  </workHistoryEntry>
  <workHistoryEntry startDate="">
    <workRoles>
      <workRole role="(Honored as National Outstanding Science and Technology Worker)"/>
    </workRoles>
  </workHistoryEntry>
  <workHistoryEntry startDate="">
    <workRoles>
      <workRole role="(Honored as Shanghai Science Elite National Model Worker)"/>
    </workRoles>
  </workHistoryEntry>
  <workHistoryEntry startDate="">
    <workRoles>
      <workRole role="Deputy Director"/>
      <workRole institution="Shanghai Research Center of Life Sciences"/>
    </workRoles>
  </workHistoryEntry>
  <workHistoryEntry startDate="1996">
    <workRoles>
      <workRole role="(Awarded Ho Lee and Ho Leung Foundation Prize for Medicine)"/>
    </workRoles>
  </workHistoryEntry>
  <workHistoryEntry startDate="">
    <workRoles>
      <workRole role="Director"/>
      <workRole institution="Shanghai Hematology Research Institute"/>
      <workRole location="Shanghai Municipality"/>
    </workRoles>
  </workHistoryEntry>
  <workHistoryEntry startDate="1995">
    <workRoles>
      <workRole role="Academician"/>
      <workRole institution="Chinese Academy of Sciences"/>
    </workRoles>
  </workHistoryEntry>
  <workHistoryEntry startDate="1994">
    <workRoles>
      <workRole role="(Awarded China Youth Scientists Prize)"/>
    </workRoles>
  </workHistoryEntry>
  <workHistoryEntry startDate="1994">
    <workRoles>
      <workRole role="(Laureate, 1st Shanghai Honor Award of Medical Science)"/>
    </workRoles>
  </workHistoryEntry>
  <workHistoryEntry startDate="1990" endDate="????">
    <workRoles>
      <workRole role="Research Fellow"/>
      <workRole institution="Chinese Academy of Sciences"/>
      <workRole institution="Division of Biological Sciences"/>
    </workRoles>
  </workHistoryEntry>
  <workHistoryEntry startDate="">
    <workRoles>
      <workRole role="Graduate"/>
      <workRole institution="University of Paris"/>
      <workRole institution="Life Sciences Department"/>
      <workRole location="France"/>
      <workRole location="Paris"/>
    </workRoles>
  </workHistoryEntry>
  <workHistoryEntry startDate="1984" endDate="????">
    <workRoles>
      <workRole role="Foreign Resident Doctor"/>
      <workRole institution="University of Paris"/>
      <workRole institution="St. Louise Hospital"/>
      <workRole location="France"/>
      <workRole location="Paris"/>
    </workRoles>
  </workHistoryEntry>
  <workHistoryEntry startDate="1981">
    <workRoles>
      <workRole role="Graduate"/>
      <workRole institution="Shanghai No.2 Medical Sciences University"/>
      <workRole location="Shanghai Municipality"/>
    </workRoles>
  </workHistoryEntry>
  <workHistoryEntry startDate="">
    <workRoles>
      <workRole role="Graduate"/>
      <workRole institution="Shanghai No.2 Medical Sciences University"/>
      <workRole location="Shanghai Municipality"/>
    </workRoles>
  </workHistoryEntry>
  <workHistory/>
</biography>
