<?xml version="1.0" encoding="UTF-8"?>
<biography birthDate="1952" fullName="Chen Zhenggao" displayName="Chen Zhenggao" nonEnglishName="" sex="male" nationality="Han Nationality">
  <bioText>Chen Zhenggao, male, Han Nationality, was born in 1952 and is a native of Haicheng of Liaoning Province. He is Governor of Liaoning Province. In 2011, he became Deputy Secretary of the CPC Liaoning Provincial Committee.</bioText>
  <posts>
    <post description="Alternate Member, 17th CPC, Central Committee"/>
    <post description="Governor, People's Government, Liaoning Province"/>
    <post description="Deputy Secretary, CPC, Provincial Committee, Liaoning Province"/>
  </posts>
  <birthLocations>
    <birthLocation location="Liaoning Province"/>
    <birthLocation location="Haicheng City"/>
  </birthLocations>
  <workHistoryEntry startDate="2011">
    <workRoles>
      <workRole role="Deputy Secretary"/>
      <workRole institution="CPC"/>
      <workRole institution="Provincial Committee"/>
      <workRole location="Liaoning Province"/>
    </workRoles>
  </workHistoryEntry>
  <workHistoryEntry startDate="2008">
    <workRoles>
      <workRole role="Governor"/>
      <workRole institution="People's Government"/>
      <workRole location="Liaoning Province"/>
    </workRoles>
  </workHistoryEntry>
  <workHistoryEntry startDate="2007">
    <workRoles>
      <workRole role="Alternate Member"/>
      <workRole institution="17th CPC"/>
      <workRole institution="Central Committee"/>
    </workRoles>
  </workHistoryEntry>
  <workHistoryEntry startDate="2007" endDate="2008">
    <workRoles>
      <workRole role="Acting Governor"/>
      <workRole institution="People's Government"/>
      <workRole location="Liaoning Province"/>
    </workRoles>
  </workHistoryEntry>
  <workHistoryEntry startDate="2005" endDate="2007">
    <workRoles>
      <workRole role="Secretary"/>
      <workRole institution="CPC"/>
      <workRole institution="City Committee"/>
      <workRole location="Liaoning Province"/>
      <workRole location="Shenyang City"/>
    </workRoles>
  </workHistoryEntry>
  <workHistoryEntry startDate="2001" endDate="2005">
    <workRoles>
      <workRole role="Mayor"/>
      <workRole institution="People's Government"/>
      <workRole location="Liaoning Province"/>
      <workRole location="Shenyang City"/>
    </workRoles>
  </workHistoryEntry>
  <workHistoryEntry startDate="2000" endDate="2005">
    <workRoles>
      <workRole role="Deputy Secretary"/>
      <workRole institution="CPC"/>
      <workRole institution="City Committee"/>
      <workRole location="Liaoning Province"/>
      <workRole location="Shenyang City"/>
    </workRoles>
  </workHistoryEntry>
  <workHistoryEntry startDate="1998" endDate="2003">
    <workRoles>
      <workRole role="Vice-Governor"/>
      <workRole institution="People's Government"/>
      <workRole location="Liaoning Province"/>
    </workRoles>
  </workHistoryEntry>
  <workHistoryEntry startDate="1997" endDate="1998">
    <workRoles>
      <workRole role="Assistant Governor"/>
      <workRole institution="People's Government"/>
      <workRole location="Liaoning Province"/>
    </workRoles>
  </workHistoryEntry>
  <workHistoryEntry startDate="1997" endDate="2003">
    <workRoles>
      <workRole role="Member"/>
      <workRole institution="People's Government"/>
      <workRole institution="CPC"/>
      <workRole institution="Leading Party Group"/>
      <workRole location="Liaoning Province"/>
    </workRoles>
  </workHistoryEntry>
  <workHistoryEntry startDate="1995" endDate="1997">
    <workRoles>
      <workRole role="Vice-Mayor"/>
      <workRole institution="People's Government"/>
      <workRole location="Liaoning Province"/>
      <workRole location="Dalian City"/>
    </workRoles>
  </workHistoryEntry>
  <workHistoryEntry startDate="1993" endDate="1995">
    <workRoles>
      <workRole role="Vice-Mayor"/>
      <workRole institution="People's Government"/>
      <workRole location="Liaoning Province"/>
      <workRole location="Dalian City"/>
    </workRoles>
  </workHistoryEntry>
  <workHistoryEntry startDate="1990" endDate="1993">
    <workRoles>
      <workRole role="Deputy Secretary"/>
      <workRole institution="CPC"/>
      <workRole institution="District Committee"/>
      <workRole location="Liaoning Province"/>
      <workRole location="Dalian City"/>
      <workRole location="Xigang District"/>
    </workRoles>
  </workHistoryEntry>
  <workHistoryEntry startDate="1988" endDate="1990">
    <workRoles>
      <workRole role="Member"/>
      <workRole institution="CPC"/>
      <workRole institution="District Committee"/>
      <workRole institution="Standing Committee"/>
      <workRole location="Liaoning Province"/>
      <workRole location="Dalian City"/>
      <workRole location="Xigang District"/>
    </workRoles>
  </workHistoryEntry>
  <workHistoryEntry startDate="1988" endDate="1990">
    <workRoles>
      <workRole role="Deputy Administrative Chief"/>
      <workRole institution="People's Government"/>
      <workRole location="Liaoning Province"/>
      <workRole location="Dalian City"/>
      <workRole location="Xigang District"/>
    </workRoles>
  </workHistoryEntry>
  <workHistoryEntry startDate="1985" endDate="1988">
    <workRoles>
      <workRole role="Deputy Magistrate"/>
      <workRole institution="County (District) People's Court"/>
      <workRole location="Liaoning Province"/>
      <workRole location="Changhai County"/>
    </workRoles>
  </workHistoryEntry>
  <workHistoryEntry startDate="1983" endDate="1985">
    <workRoles>
      <workRole role="Deputy Secretary"/>
      <workRole institution="CYLC"/>
      <workRole institution="City-Level"/>
      <workRole location="Liaoning Province"/>
      <workRole location="Dalian City"/>
    </workRoles>
  </workHistoryEntry>
  <workHistoryEntry startDate="1982" endDate="1983">
    <workRoles>
      <workRole role="Director"/>
      <workRole institution="CYLC"/>
      <workRole institution="City-Level"/>
      <workRole institution="School Work Department"/>
      <workRole location="Liaoning Province"/>
      <workRole location="Dalian City"/>
    </workRoles>
  </workHistoryEntry>
  <workHistoryEntry startDate="1978" endDate="1982">
    <workRoles>
      <workRole role="Secretary"/>
      <workRole institution="Dalian Maritime University"/>
      <workRole institution="CYLC"/>
      <workRole institution="Institutional Level"/>
      <workRole location="Liaoning Province"/>
      <workRole location="Dalian City"/>
    </workRoles>
  </workHistoryEntry>
  <workHistoryEntry startDate="1976" endDate="1978">
    <workRoles>
      <workRole role="Deputy Secretary"/>
      <workRole institution="Dalian Maritime University"/>
      <workRole institution="CYLC"/>
      <workRole institution="Institutional Level"/>
      <workRole location="Liaoning Province"/>
      <workRole location="Dalian City"/>
    </workRoles>
  </workHistoryEntry>
  <workHistoryEntry startDate="1972" endDate="1975">
    <workRoles>
      <workRole role="Student"/>
      <workRole institution="Dalian Maritime University"/>
      <workRole location="Liaoning Province"/>
      <workRole location="Dalian City"/>
    </workRoles>
  </workHistoryEntry>
  <workHistory/>
</biography>
