<?xml version="1.0" encoding="UTF-8"?>
<biography birthDate="1960" fullName="Chen Min'er" displayName="Chen Miner (Chen Min'er)" nonEnglishName="" sex="male" nationality="Han">
  <bioText>Chen Min'er, male, Han nationality, is a native of Zhuji City of Zhejiang Province. He was born in 1960, started to work in 1981 and joined CPC in 1982. Chen graduated from Party School of the CPC Central Committee and holds a Master Degree in Law. He was serves as Executive Vice-Governor of Provincial People’s Government since from 2007 to 2012, and Member of Standing Committee of the CPC Provincial Committee of Zhejiang Province. Since 2012, he is Deputy Secretary, CPC, Provincial Committee, Guizhou Province. Currently, he is also an Alternate Member of 17th CPC Central Committee.</bioText>
  <posts>
    <post description="Alternate Member, 17th CPC, Central Committee"/>
    <post description="Deputy Secretary, CPC, Provincial Committee, Guizhou Province"/>
  </posts>
  <birthLocations>
    <birthLocation location="Zhejiang Province"/>
    <birthLocation location="Zhuji City"/>
  </birthLocations>
  <workHistoryEntry startDate="2012">
    <workRoles>
      <workRole role="Deputy Secretary"/>
      <workRole institution="CPC"/>
      <workRole institution="Provincial Committee"/>
      <workRole location="Guizhou Province"/>
    </workRoles>
  </workHistoryEntry>
  <workHistoryEntry startDate="2007">
    <workRoles>
      <workRole role="Alternate Member"/>
      <workRole institution="17th CPC"/>
      <workRole institution="Central Committee"/>
    </workRoles>
  </workHistoryEntry>
  <workHistoryEntry startDate="2007" endDate="2007">
    <workRoles>
      <workRole role="Vice-Governor"/>
      <workRole institution="People's Government"/>
      <workRole location="Zhejiang Province"/>
    </workRoles>
  </workHistoryEntry>
  <workHistoryEntry startDate="2007">
    <workRoles>
      <workRole role="Delegate"/>
      <workRole institution="17th CPC"/>
      <workRole institution="National Congress"/>
    </workRoles>
  </workHistoryEntry>
  <workHistoryEntry startDate="2007" endDate="2012">
    <workRoles>
      <workRole role="President"/>
      <workRole institution="Zhejiang Administration College"/>
      <workRole location="Zhejiang Province"/>
    </workRoles>
  </workHistoryEntry>
  <workHistoryEntry startDate="2007" endDate="2012">
    <workRoles>
      <workRole role="Deputy Secretary"/>
      <workRole institution="People's Government"/>
      <workRole institution="CPC"/>
      <workRole institution="Leading Party Group"/>
      <workRole location="Zhejiang Province"/>
    </workRoles>
  </workHistoryEntry>
  <workHistoryEntry startDate="2007" endDate="2012">
    <workRoles>
      <workRole role="Executive Vice-Governor"/>
      <workRole institution="People's Government"/>
      <workRole location="Zhejiang Province"/>
    </workRoles>
  </workHistoryEntry>
  <workHistoryEntry startDate="2002" endDate="2012">
    <workRoles>
      <workRole role="Member"/>
      <workRole institution="CPC"/>
      <workRole institution="Provincial Committee"/>
      <workRole institution="Standing Committee"/>
      <workRole location="Zhejiang Province"/>
    </workRoles>
  </workHistoryEntry>
  <workHistoryEntry startDate="2002" endDate="2007">
    <workRoles>
      <workRole role="Delegate"/>
      <workRole institution="16th CPC"/>
      <workRole institution="National Congress"/>
    </workRoles>
  </workHistoryEntry>
  <workHistoryEntry startDate="2001" endDate="2007">
    <workRoles>
      <workRole role="Director"/>
      <workRole institution="CPC"/>
      <workRole institution="Provincial Committee"/>
      <workRole institution="Publicity Department"/>
      <workRole location="Zhejiang Province"/>
    </workRoles>
  </workHistoryEntry>
  <workHistoryEntry startDate="2000" endDate="2001">
    <workRoles>
      <workRole role="Secretary"/>
      <workRole institution="Zhejiang Daily Press"/>
      <workRole institution="CPC"/>
      <workRole institution="Party Committee"/>
    </workRoles>
  </workHistoryEntry>
  <workHistoryEntry startDate="2000" endDate="2001">
    <workRoles>
      <workRole role="President"/>
      <workRole institution="Zhejiang Daily Press"/>
    </workRoles>
  </workHistoryEntry>
  <workHistoryEntry startDate="1999" endDate="2000">
    <workRoles>
      <workRole role="Deputy Secretary"/>
      <workRole institution="CPC"/>
      <workRole institution="City Committee"/>
      <workRole location="Zhejiang Province"/>
      <workRole location="Ningbo City"/>
    </workRoles>
  </workHistoryEntry>
  <workHistoryEntry startDate="1997" endDate="2002">
    <workRoles>
      <workRole role="Delegate"/>
      <workRole institution="15th CPC"/>
      <workRole institution="National Congress"/>
    </workRoles>
  </workHistoryEntry>
  <workHistoryEntry startDate="1997" endDate="1999">
    <workRoles>
      <workRole role="Member"/>
      <workRole institution="CPC"/>
      <workRole institution="City Committee"/>
      <workRole institution="Standing Committee"/>
      <workRole location="Zhejiang Province"/>
      <workRole location="Ningbo City"/>
    </workRoles>
  </workHistoryEntry>
  <workHistoryEntry startDate="1997" endDate="1998">
    <workRoles>
      <workRole role="Vice-Mayor"/>
      <workRole institution="People's Government"/>
      <workRole location="Zhejiang Province"/>
      <workRole location="Ningbo City"/>
    </workRoles>
  </workHistoryEntry>
  <workHistoryEntry startDate="1996" endDate="1997">
    <workRoles>
      <workRole role="Member"/>
      <workRole institution="CPC"/>
      <workRole institution="City Committee"/>
      <workRole institution="Standing Committee"/>
      <workRole location="Zhejiang Province"/>
      <workRole location="Shaoxing City"/>
    </workRoles>
  </workHistoryEntry>
  <workHistoryEntry startDate="1994" endDate="1997">
    <workRoles>
      <workRole role="Secretary"/>
      <workRole institution="CPC"/>
      <workRole institution="County Committee"/>
      <workRole location="Zhejiang Province"/>
      <workRole location="Shaoxing County"/>
    </workRoles>
  </workHistoryEntry>
  <workHistoryEntry startDate="1991" endDate="1995">
    <workRoles>
      <workRole role="Magistrate"/>
      <workRole institution="County (District) People's Court"/>
      <workRole location="Zhejiang Province"/>
      <workRole location="Shaoxing County"/>
    </workRoles>
  </workHistoryEntry>
  <workHistoryEntry startDate="1990" endDate="1994">
    <workRoles>
      <workRole role="Deputy Secretary"/>
      <workRole institution="CPC"/>
      <workRole institution="County Committee"/>
      <workRole location="Zhejiang Province"/>
      <workRole location="Shaoxing County"/>
    </workRoles>
  </workHistoryEntry>
  <workHistoryEntry startDate="1989" endDate="1990">
    <workRoles>
      <workRole role="Deputy Director"/>
      <workRole institution="CPC"/>
      <workRole institution="City Committee"/>
      <workRole institution="Publicity Department"/>
      <workRole location="Zhejiang Province"/>
      <workRole location="Shaoxing City"/>
    </workRoles>
  </workHistoryEntry>
  <workHistoryEntry startDate="1987" endDate="1989">
    <workRoles>
      <workRole role="Director"/>
      <workRole institution="CPC"/>
      <workRole institution="County Committee"/>
      <workRole institution="Publicity Department"/>
      <workRole location="Zhejiang Province"/>
      <workRole location="Shaoxing County"/>
    </workRoles>
  </workHistoryEntry>
  <workHistoryEntry startDate="1987" endDate="1989">
    <workRoles>
      <workRole role="Member"/>
      <workRole institution="CPC"/>
      <workRole institution="County Committee"/>
      <workRole institution="Standing Committee"/>
      <workRole location="Zhejiang Province"/>
      <workRole location="Shaoxing County"/>
    </workRoles>
  </workHistoryEntry>
  <workHistory/>
</biography>
