<?xml version="1.0" encoding="UTF-8"?>
<biography birthDate="1954" fullName="Chen Mingde" displayName="Chen Mingde" nonEnglishName="" sex="male" nationality="Han">
  <bioText>Chen Mingde, male, Han nationality, is a native of Dongguan, Guangdong province. He was born in 1954, and joined the CPC in 1979. He is a senior economic engineer, and attended the executive Master's program in economics at the Guangdong Provincial Party School. As vice-mayor of Guangzhou, Chen is in charge of foreign economic and trade relations, foreign affairs, Taiwan affairs, ports, economic and technological development zones, high-tech development zones, bonded zones, the Nansha Development District, and campaigns against smuggling. He also assists Shen Bonian, executive vice-mayor of Guangzhou, in the supervision and management of state-owned assets.</bioText>
  <posts>
    <post description="Vice-Mayor of Guangzhou"/>
  </posts>
  <birthLocations>
    <birthLocation location="Guangdong Province"/>
    <birthLocation location="Dongguan County"/>
  </birthLocations>
  <workHistoryEntry startDate="2003">
    <workRoles>
      <workRole role="Vice-Mayor"/>
      <workRole institution="People's Government"/>
      <workRole location="Guangdong Province"/>
      <workRole location="Guangzhou City"/>
    </workRoles>
  </workHistoryEntry>
  <workHistoryEntry startDate="2001" endDate="2003">
    <workRoles>
      <workRole role="Secretary"/>
      <workRole institution="Foreign Trade Bureau"/>
      <workRole institution="CPC"/>
      <workRole institution="Party Committee"/>
      <workRole location="Guangdong Province"/>
      <workRole location="Guangzhou City"/>
    </workRoles>
  </workHistoryEntry>
  <workHistoryEntry startDate="2001" endDate="2003">
    <workRoles>
      <workRole role="Director"/>
      <workRole institution="Foreign Trade Bureau"/>
      <workRole institution="CPC"/>
      <workRole institution="Party Committee"/>
      <workRole location="Guangdong Province"/>
      <workRole location="Guangzhou City"/>
    </workRoles>
  </workHistoryEntry>
  <workHistoryEntry startDate="2000" endDate="2001">
    <workRoles>
      <workRole role="Deputy Director"/>
      <workRole institution="Foreign Trade Committee"/>
      <workRole location="Guangdong Province"/>
      <workRole location="Guangzhou City"/>
    </workRoles>
  </workHistoryEntry>
  <workHistoryEntry startDate="1997" endDate="1999">
    <workRoles>
      <workRole role="General Manager"/>
      <workRole institution="Guangzhou Iron and Steel Group Co., Ltd."/>
      <workRole location="Ltd. Guangdong Province"/>
    </workRoles>
  </workHistoryEntry>
  <workHistoryEntry startDate="1994" endDate="1995">
    <workRoles>
      <workRole role="Deputy General Manager"/>
      <workRole institution="Guangzhou Iron and Steel Group Co., Ltd."/>
      <workRole location="Ltd. Guangdong Province"/>
    </workRoles>
  </workHistoryEntry>
  <workHistoryEntry startDate="1994" endDate="1995">
    <workRoles>
      <workRole role="Vice-President"/>
      <workRole institution="Guangzhou Iron and Steel Group Co., Ltd."/>
      <workRole location="Ltd. Guangdong Province"/>
    </workRoles>
  </workHistoryEntry>
  <workHistoryEntry startDate="1979">
    <workRoles>
      <workRole role="Joined"/>
      <workRole institution="CPC"/>
    </workRoles>
  </workHistoryEntry>
  <workHistory/>
</biography>
