<?xml version="1.0" encoding="UTF-8"?>
<biography birthDate="1915" fullName="Chen Guanrong" displayName="Chen Guanrong" nonEnglishName="" sex="male" nationality="Han">
  <bioText>Chen Guanrong, male, Han nationality, is a native of Shanghai. He was born in 1915, graduated from Qinghua University in 1936, received a master from the Carnegie Institute of Technology in 1948 and joined the CPC in 1953. Chen Guanrong led the design of dozens of chemical plants in Vietnam and nitrogen fertilizer plants in Albania. He also led and participated in the development of new technologies, such as the new gas purification process for ammonia synthesis from coal and PVC process modification. After 1987, he organized and directed the projects of coal gasification cooling water treatment. Chen is an academician of the Chinese Academy of Sciences.</bioText>
  <posts>
    <post description="Chemical Engineering Expert, Academician of the Chinese Academy of Sciences"/>
  </posts>
  <birthLocations>
    <birthLocation location="Shanghai Municipality"/>
  </birthLocations>
  <workHistoryEntry startDate="">
    <workRoles>
      <workRole role="Editor-in-Chief"/>
      <workRole institution="China's Encyclopedia of Chemical Technology"/>
    </workRoles>
  </workHistoryEntry>
  <workHistoryEntry startDate="1992" endDate="1997">
    <workRoles>
      <workRole role="Delegate"/>
      <workRole institution="14th CPC"/>
      <workRole institution="National Congress"/>
    </workRoles>
  </workHistoryEntry>
  <workHistoryEntry startDate="1982" endDate="1987">
    <workRoles>
      <workRole role="Delegate"/>
      <workRole institution="12th CPC"/>
      <workRole institution="National Congress"/>
    </workRoles>
  </workHistoryEntry>
  <workHistoryEntry startDate="1980">
    <workRoles>
      <workRole role="Academician"/>
      <workRole institution="Chinese Academy of Sciences"/>
    </workRoles>
  </workHistoryEntry>
  <workHistoryEntry startDate="1964" endDate="1975">
    <workRoles>
      <workRole role="Deputy"/>
      <workRole institution="3rd NPC"/>
    </workRoles>
  </workHistoryEntry>
  <workHistoryEntry startDate="1953">
    <workRoles>
      <workRole role="Joined"/>
      <workRole institution="CPC"/>
    </workRoles>
  </workHistoryEntry>
  <workHistoryEntry startDate="">
    <workRoles>
      <workRole role="Senior Engineer"/>
      <workRole institution="Ministry of Chemical Industry"/>
      <workRole institution="Commission of Science and Technology"/>
    </workRoles>
  </workHistoryEntry>
  <workHistoryEntry startDate="">
    <workRoles>
      <workRole role="Chief Engineer"/>
      <workRole institution="Ministry of Chemical Industry"/>
      <workRole institution="No. 1 Designing Institute"/>
    </workRoles>
  </workHistoryEntry>
  <workHistoryEntry startDate="">
    <workRoles>
      <workRole role="Director"/>
      <workRole institution="Ministry of Chemical Industry"/>
      <workRole institution="No. 1 Designing Institute"/>
    </workRoles>
  </workHistoryEntry>
  <workHistoryEntry startDate="">
    <workRoles>
      <workRole role="Deputy Director"/>
      <workRole institution="Ministry of Chemical Industry"/>
      <workRole institution="No. 1 Designing Institute"/>
    </workRoles>
  </workHistoryEntry>
  <workHistoryEntry startDate="1948">
    <workRoles>
      <workRole role="Graduate"/>
      <workRole institution="Carnegie Institute of Technology"/>
      <workRole location="USA"/>
      <workRole location="Washington D.C."/>
    </workRoles>
  </workHistoryEntry>
  <workHistoryEntry startDate="1936">
    <workRoles>
      <workRole role="Graduate"/>
      <workRole institution="Tsinghua University"/>
      <workRole institution="Chemistry Department"/>
      <workRole location="Beijing Municipality"/>
    </workRoles>
  </workHistoryEntry>
  <workHistory/>
</biography>
