<?xml version="1.0" encoding="UTF-8"?>
<biography birthDate="1942" fullName="Chen Haosu" displayName="Chen Haosu" nonEnglishName="" sex="male" nationality="Han">
  <bioText>Chen Haosu, male, Han nationality, is a native of Sichuan Province. He graduated from China Science and Technology University. Chen successively held the posts of secretary of the Secretariat of the CYLC, deputy mayor of Beijing People's Government, deputy minister of the Broadcasting, Film and TV Ministry, deputy chairman of Chinese People's Friendship Association to Foreign Countries, and is incumbent chairman of Chinese's People's Friendship Association. In the meantime, Mr. Chen is also the chairman of China International Friendship City Union, and the chairperson of Sino-Russian Friendship Association. Mr. Chen is a member of the 9th CPPCC.</bioText>
  <posts>
    <post description="Chairman of the Chinese People's Association for Friendship with Foreign Countries"/>
  </posts>
  <birthLocations>
    <birthLocation location="Sichuan Province"/>
  </birthLocations>
  <workHistoryEntry startDate="2000">
    <workRoles>
      <workRole role="Chairman"/>
      <workRole institution="Chinese People's Association for Friendship with Foreign Countries"/>
    </workRoles>
  </workHistoryEntry>
  <workHistoryEntry startDate="">
    <workRoles>
      <workRole role="Chairman"/>
      <workRole institution="Sino-Russian Friendship Association"/>
    </workRoles>
  </workHistoryEntry>
  <workHistoryEntry startDate="1987" endDate="1990">
    <workRoles>
      <workRole role="Vice-Minister"/>
      <workRole institution="Ministry of Radio, Film and Television"/>
    </workRoles>
  </workHistoryEntry>
  <workHistoryEntry startDate="">
    <workRoles>
      <workRole role="Vice-Mayor"/>
      <workRole institution="People's Government"/>
      <workRole location="Beijing Municipality"/>
    </workRoles>
  </workHistoryEntry>
  <workHistoryEntry startDate="1981" endDate="1984">
    <workRoles>
      <workRole role="Secretary"/>
      <workRole institution="CYLC"/>
      <workRole institution="Central Committee"/>
      <workRole institution="Secretariat"/>
    </workRoles>
  </workHistoryEntry>
  <workHistoryEntry startDate="1973" endDate="1981">
    <workRoles>
      <workRole role="Researcher"/>
      <workRole institution="PLA Military Academy of Sciences"/>
    </workRoles>
  </workHistoryEntry>
  <workHistoryEntry startDate="1960" endDate="1965">
    <workRoles>
      <workRole role="Graduate"/>
      <workRole institution="University of Science and Technology of China"/>
      <workRole location="Anhui Province"/>
    </workRoles>
  </workHistoryEntry>
  <workHistory/>
</biography>
