<?xml version="1.0" encoding="UTF-8"?>
<biography birthDate="1938" fullName="Chen Aie" displayName="Chen Aie" nonEnglishName="" sex="female" nationality="Han">
  <bioText>Chen Aie, female, Han nationality, is a native of Hubei Province. She was born in 1938, joined the CPC in 1956. She was an alternate member of 11th CPC Central Committee.</bioText>
  <posts>
    <post description="Alternate Member of the 11th CPC Central Committee"/>
  </posts>
  <birthLocations>
    <birthLocation location="Hubei Province"/>
  </birthLocations>
  <workHistoryEntry startDate="1977" endDate="1982">
    <workRoles>
      <workRole role="Alternate Member"/>
      <workRole institution="11th CPC"/>
      <workRole institution="Central Committee"/>
    </workRoles>
  </workHistoryEntry>
  <workHistoryEntry startDate="1956">
    <workRoles>
      <workRole role="Joined"/>
      <workRole institution="CPC"/>
    </workRoles>
  </workHistoryEntry>
  <workHistory/>
</biography>
