<?xml version="1.0" encoding="UTF-8"?>
<biography birthDate="1939" fullName="Chen Xinzhao" displayName="Chen Xinzhao" nonEnglishName="" sex="male" nationality="Chairman of the Anhui Provincial Committee of the Jiusan Society. Born: 1939">
  <bioText>Chen Xinzhao, Vice Chairman of the CPPCC Anhui Provincial Committee, Chairman of the Anhui Provincial Committee of the Jiusan Society. Born: 1939, Yuyao, Zhejiang Province Chen Xinzhao, male, Han nationality, is a native of Yuyao, Zhejiang Province. He was born in 1939 and completed postgraduate studies. Chen spent the early part of his career as president and professor of Hefei Polytechnical University in Anhui. In 1998, he served as vice chairman of the 8th CPPCC Anhui Provincial Committee. Chen Xinzhao was a member of the 9th NPC Standing Committee.</bioText>
  <posts>
    <post description="Vice Chairman of the CPPCC Anhui Provincial Committee, Chairman of the Anhui Provincial Committee of the Jiusan Society"/>
  </posts>
  <birthLocations>
    <birthLocation location="Zhejiang Province"/>
    <birthLocation location="Yuyao County"/>
  </birthLocations>
  <workHistoryEntry startDate="1998">
    <workRoles>
      <workRole role="Vice-Chairman"/>
      <workRole institution="CPPCC"/>
      <workRole institution="Provincial Committee"/>
      <workRole location="Anhui Province"/>
    </workRoles>
  </workHistoryEntry>
  <workHistoryEntry startDate="1998" endDate="2003">
    <workRoles>
      <workRole role="Member"/>
      <workRole institution="9th Standing Committee of the NPC"/>
    </workRoles>
  </workHistoryEntry>
  <workHistoryEntry startDate="1997">
    <workRoles>
      <workRole role="Chairman"/>
      <workRole institution="Jiusan Society"/>
      <workRole institution="Provincial Committee"/>
      <workRole location="Anhui Province"/>
    </workRoles>
  </workHistoryEntry>
  <workHistoryEntry startDate="1993" endDate="1998">
    <workRoles>
      <workRole role="Deputy"/>
      <workRole institution="8th NPC"/>
    </workRoles>
  </workHistoryEntry>
  <workHistoryEntry startDate="">
    <workRoles>
      <workRole role="Professor"/>
      <workRole institution="Hefei Polytechnical University"/>
      <workRole location="Anhui Province"/>
      <workRole location="Hefei City"/>
    </workRoles>
  </workHistoryEntry>
  <workHistoryEntry startDate="">
    <workRoles>
      <workRole role="President"/>
      <workRole institution="Hefei Polytechnical University"/>
      <workRole location="Anhui Province"/>
      <workRole location="Hefei City"/>
    </workRoles>
  </workHistoryEntry>
  <workHistory/>
</biography>
