<?xml version="1.0" encoding="UTF-8"?>
<biography birthDate="1954" fullName="Chen Hao" displayName="Chen Hao" nonEnglishName="" sex="male" nationality="Han">
  <bioText>Chen Hao, male, Han nationality, is a native of Haimen, Jiangsu province. He was born in 1954, obtained a MBA, and joined the CPC in 1976. He is currently a member of the Shanghai Municipal CPC Committee, vice-chairman of the standing committee of the people's congress of Shanghai, and chairman of the Municipal General Labor Union. Chen Hao was deputy to the 11th and 12th Shanghai City People's Congress.</bioText>
  <posts>
    <post description="Vice-Chairman of the Standing Committee of the Shanghai City People's Congress"/>
  </posts>
  <birthLocations>
    <birthLocation location="Jiangsu Province"/>
    <birthLocation location="Haimen"/>
  </birthLocations>
  <workHistoryEntry startDate="2003">
    <workRoles>
      <workRole role="Member"/>
      <workRole institution="CPC"/>
      <workRole institution="Municipal Committee"/>
      <workRole institution="Standing Committee"/>
      <workRole location="Shanghai Municipality"/>
    </workRoles>
  </workHistoryEntry>
  <workHistoryEntry startDate="2003">
    <workRoles>
      <workRole role="Chairman"/>
      <workRole institution="Shanghai General Trade Union"/>
      <workRole location="Shanghai Municipality"/>
    </workRoles>
  </workHistoryEntry>
  <workHistoryEntry startDate="2003">
    <workRoles>
      <workRole role="Vice-Chairman"/>
      <workRole institution="Municipal People's Congress"/>
      <workRole institution="Standing Committee"/>
      <workRole location="Shanghai Municipality"/>
    </workRoles>
  </workHistoryEntry>
  <workHistoryEntry startDate="1995" endDate="1996">
    <workRoles>
      <workRole role="Deputy Secretary"/>
      <workRole institution="CPC"/>
      <workRole institution="District Committee"/>
      <workRole institution="Standing Committee"/>
      <workRole location="Jiangsu Province"/>
      <workRole location="Jing'an District"/>
    </workRoles>
  </workHistoryEntry>
  <workHistoryEntry startDate="1993" endDate="1995">
    <workRoles>
      <workRole role="Member"/>
      <workRole institution="CPC"/>
      <workRole institution="District Committee"/>
      <workRole institution="Standing Committee"/>
      <workRole location="Jiangsu Province"/>
      <workRole location="Jing'an District"/>
    </workRoles>
  </workHistoryEntry>
  <workHistoryEntry startDate="1992" endDate="1996">
    <workRoles>
      <workRole role="Head"/>
      <workRole institution="CPC"/>
      <workRole institution="District Committee"/>
      <workRole institution="Organization Department"/>
      <workRole location="Jiangsu Province"/>
      <workRole location="Jing'an District"/>
    </workRoles>
  </workHistoryEntry>
  <workHistoryEntry startDate="1985" endDate="1992">
    <workRoles>
      <workRole role="Deputy Head"/>
      <workRole institution="CPC"/>
      <workRole institution="District Committee"/>
      <workRole institution="Organization Department"/>
      <workRole location="Jiangsu Province"/>
      <workRole location="Jing'an District"/>
    </workRoles>
  </workHistoryEntry>
  <workHistoryEntry startDate="1983" endDate="1985">
    <workRoles>
      <workRole role="Deputy Chief"/>
      <workRole institution="CPC"/>
      <workRole institution="District Committee"/>
      <workRole institution="Organization Department"/>
      <workRole location="Jiangsu Province"/>
      <workRole location="Jing'an District"/>
    </workRoles>
  </workHistoryEntry>
  <workHistoryEntry startDate="1983" endDate="1985">
    <workRoles>
      <workRole role="Cadre"/>
      <workRole institution="CPC"/>
      <workRole institution="District Committee"/>
      <workRole institution="Organization Department"/>
      <workRole location="Jiangsu Province"/>
      <workRole location="Jing'an District"/>
    </workRoles>
  </workHistoryEntry>
  <workHistoryEntry startDate="1979" endDate="1983">
    <workRoles>
      <workRole role="Secretary"/>
      <workRole location="Jiangsu Province"/>
      <workRole location="Jing'an District (CYLC Branch"/>
    </workRoles>
  </workHistoryEntry>
  <workHistoryEntry startDate="1978" endDate="1979">
    <workRoles>
      <workRole role="Office Worker"/>
      <workRole location="Jiangsu Province"/>
      <workRole location="Haimen (Broadcasting Station"/>
    </workRoles>
  </workHistoryEntry>
  <workHistoryEntry startDate="1977" endDate="1978">
    <workRoles>
      <workRole role="Worker"/>
      <workRole location="Jiangsu Province"/>
      <workRole location="Haimen (Broadcasting Station"/>
    </workRoles>
  </workHistoryEntry>
  <workHistoryEntry startDate="1976">
    <workRoles>
      <workRole role="Joined"/>
      <workRole institution="CPC"/>
    </workRoles>
  </workHistoryEntry>
  <workHistory/>
</biography>
