<?xml version="1.0" encoding="UTF-8"?>
<biography fullName="Chen Tonghai" displayName="Chen Tonghai" nonEnglishName="" sex="male" nationality="Han">
  <bioText>Chen Tonghai, male, Han nationality, graduated from Northeast Petroleum University in 1976 with a major in oil extraction engineering. C In 1986, Chen became the vice mayor of Ningbo, in Zhejiang Province. During his time in Ningbo, he ultimately ascended to become mayor – a position he remained in until 1994. That year, he was made vice dean at the State Development Planning Commission. He left the commission in 1998 to become the general manager at SINOPEC. Two years later, he was appointed the director and the vice-chairman of the board of directors at SINOPEC. As a result of his work with SINOPEC, he has considerable experience in macroeconomic management in the petroleum and chemical industry. He served as chairman of SINOPEC from 2006-2007.</bioText>
  <posts>
    <post description="Former Chairman of SINOPEC (China Petroleum &amp; Chemical Corporation)"/>
  </posts>
  <birthLocations/>
  <workHistoryEntry startDate="2006" endDate="2007">
    <workRoles>
      <workRole role="Chairman"/>
      <workRole institution="Sinopec Corp."/>
    </workRoles>
  </workHistoryEntry>
  <workHistoryEntry startDate="2000">
    <workRoles>
      <workRole role="Director"/>
      <workRole institution="Sinopec Corp."/>
    </workRoles>
  </workHistoryEntry>
  <workHistoryEntry startDate="2000" endDate="2006">
    <workRoles>
      <workRole role="Vice-Chairman"/>
      <workRole institution="Sinopec Corp."/>
    </workRoles>
  </workHistoryEntry>
  <workHistoryEntry startDate="1998" endDate="2000">
    <workRoles>
      <workRole role="Deputy General Manager"/>
      <workRole institution="Sinopec Corp."/>
    </workRoles>
  </workHistoryEntry>
  <workHistoryEntry startDate="1986" endDate="1994">
    <workRoles>
      <workRole role="Mayor"/>
      <workRole institution="People's Government"/>
      <workRole location="Zhejiang Province"/>
      <workRole location="Ningbo City"/>
    </workRoles>
  </workHistoryEntry>
  <workHistoryEntry startDate="1983" endDate="1986">
    <workRoles>
      <workRole role="General Director"/>
      <workRole institution="Sinopec Corp."/>
      <workRole institution="Zhenhai Petroleum Chemical Factory"/>
    </workRoles>
  </workHistoryEntry>
  <workHistory/>
</biography>
