<?xml version="1.0" encoding="UTF-8"?>
<biography birthDate="1937" fullName="Chen Nanxia" displayName="Chen Nanxian" nonEnglishName="" sex="male" nationality="Han">
  <bioText>Chen Nanxia, male, Han nationality, is a native of Hangzhou, Zhejiang Province. He was born in 1937, majored in physics at Beijing University and then taught at the Beijing Institute of Iron and Steel Engineering. He got a doctorate in electric engineering at the University of Pennsylvania, and following post-doctoral studies, was an academician of the New York Academy of Sciences from 1980 to 1986. Returning to China in 1987, he was a professor and director of the Institute of Applied Physics and director of the physics department's academic committee at the Beijing University of Science and Technology. He also served as deputy editor-in-chief of the English-language academic journal "Zhongguo Wuli Kuaibao" (China Physics Bulletin) and was head of an experts group on hi-tech functional materials. He did research on the physics of condensed matter and cooperated in finding an exact solution to the question of lattice specific heat. He is the translator of "Vibration and Wave Physics". Also, after returning to China, Chen began participation in government and party affairs when he joined the China Association for Promoting Democracy, one of China's eight non-communist parties. He subsequently served as vice-chairman of the 8th, 9th, and 10th China Association for Promoting Democracy Central Committees. In the CPPCC, he was a member of two national committees and a member of the standing committee of the 8th CPPCC National Committee. And in the NPC, he was a member of the standing committee of the 9th NPC.</bioText>
  <posts>
    <post description="Vice Chairman of CPPCC Beijing Municipal Committee, Member of the 10th NPC Standing Committee, Vice-Chairman of the 11th Central Committee of the China Association for Promoting Democracy"/>
  </posts>
  <birthLocations>
    <birthLocation location="Zhejiang Province"/>
    <birthLocation location="Hangzhou City"/>
  </birthLocations>
  <workHistoryEntry startDate="2003">
    <workRoles>
      <workRole role="Vice-Chairman"/>
      <workRole institution="Education, Science, Culture and Health Committee of the NPC"/>
    </workRoles>
  </workHistoryEntry>
  <workHistoryEntry startDate="2002">
    <workRoles>
      <workRole role="Chairman"/>
      <workRole institution="China Association for Promoting Democracy"/>
      <workRole institution="Municipal Committee"/>
      <workRole location="Beijing Municipality"/>
    </workRoles>
  </workHistoryEntry>
  <workHistoryEntry startDate="2002">
    <workRoles>
      <workRole role="Vice-Chairman"/>
      <workRole institution="11th China Association for Promoting Democracy"/>
      <workRole institution="Central Committee"/>
    </workRoles>
  </workHistoryEntry>
  <workHistoryEntry startDate="2000">
    <workRoles>
      <workRole role="Professor"/>
      <workRole institution="Tsinghua University"/>
      <workRole institution="Physics Department"/>
      <workRole location="Beijing Municipality"/>
    </workRoles>
  </workHistoryEntry>
  <workHistoryEntry startDate="1998" endDate="2003">
    <workRoles>
      <workRole role="Member"/>
      <workRole institution="9th Standing Committee of the NPC"/>
    </workRoles>
  </workHistoryEntry>
  <workHistoryEntry startDate="1997" endDate="2002">
    <workRoles>
      <workRole role="Vice-Chairman"/>
      <workRole institution="10th China Association for Promoting Democracy"/>
      <workRole institution="Central Committee"/>
    </workRoles>
  </workHistoryEntry>
  <workHistoryEntry startDate="1994" endDate="2000">
    <workRoles>
      <workRole role="Vice-President"/>
      <workRole institution="Beijing University of Science and Technology"/>
      <workRole location="Beijing Municipality"/>
    </workRoles>
  </workHistoryEntry>
  <workHistoryEntry startDate="1994" endDate="2000">
    <workRoles>
      <workRole role="Professor"/>
      <workRole institution="Beijing University of Science and Technology"/>
      <workRole location="Beijing Municipality"/>
    </workRoles>
  </workHistoryEntry>
  <workHistoryEntry startDate="1993" endDate="1998">
    <workRoles>
      <workRole role="Member"/>
      <workRole institution="8th CPPCC"/>
      <workRole institution="National Committee"/>
      <workRole institution="Standing Committee"/>
    </workRoles>
  </workHistoryEntry>
  <workHistoryEntry startDate="1992" endDate="1997">
    <workRoles>
      <workRole role="Member"/>
      <workRole institution="9th China Association for Promoting Democracy"/>
      <workRole institution="Central Committee"/>
    </workRoles>
  </workHistoryEntry>
  <workHistoryEntry startDate="1988" endDate="1993">
    <workRoles>
      <workRole role="Member"/>
      <workRole institution="7th CPPCC"/>
      <workRole institution="National Committee"/>
      <workRole institution="Standing Committee"/>
    </workRoles>
  </workHistoryEntry>
  <workHistoryEntry startDate="1988">
    <workRoles>
      <workRole role="Vice-Chairman"/>
      <workRole institution="8th China Association for Promoting Democracy"/>
      <workRole institution="Central Committee"/>
    </workRoles>
  </workHistoryEntry>
  <workHistoryEntry startDate="1987">
    <workRoles>
      <workRole role="Joined"/>
      <workRole institution="China Association for Promoting Democracy (CAPD)"/>
    </workRoles>
  </workHistoryEntry>
  <workHistoryEntry startDate="1987" endDate="????">
    <workRoles>
      <workRole role="Professor"/>
      <workRole institution="Institute of Applied Physics"/>
    </workRoles>
  </workHistoryEntry>
  <workHistoryEntry startDate="">
    <workRoles>
      <workRole role="Director"/>
      <workRole institution="Institute of Applied Physics"/>
    </workRoles>
  </workHistoryEntry>
  <workHistoryEntry startDate="">
    <workRoles>
      <workRole role="Director"/>
      <workRole institution="Beijing University of Science and Technology"/>
      <workRole institution="Physics Department"/>
      <workRole institution="Academic Committee"/>
      <workRole location="Beijing Municipality"/>
    </workRoles>
  </workHistoryEntry>
  <workHistoryEntry startDate="">
    <workRoles>
      <workRole role="Deputy Editor-in-Chief"/>
      <workRole institution="China Physics Bulletin"/>
    </workRoles>
  </workHistoryEntry>
  <workHistoryEntry startDate="1986">
    <workRoles>
      <workRole role="Academician"/>
      <workRole institution="New York Academy of Sciences"/>
    </workRoles>
  </workHistoryEntry>
  <workHistoryEntry startDate="1983" endDate="1988">
    <workRoles>
      <workRole role="Member"/>
      <workRole institution="6th CPPCC"/>
      <workRole institution="National Committee"/>
    </workRoles>
  </workHistoryEntry>
  <workHistoryEntry startDate="1980">
    <workRoles>
      <workRole role="Graduate"/>
      <workRole institution="University of Pennsylvania"/>
      <workRole location="USA"/>
      <workRole location="Pennsylvania"/>
      <workRole location="Philadelphia"/>
    </workRoles>
  </workHistoryEntry>
  <workHistoryEntry startDate="">
    <workRoles>
      <workRole role="Professor"/>
      <workRole institution="Beijing Institute of Iron and Steel Engineering"/>
      <workRole location="Beijing Municipality"/>
    </workRoles>
  </workHistoryEntry>
  <workHistoryEntry startDate="">
    <workRoles>
      <workRole role="Lecturer"/>
      <workRole institution="Beijing Institute of Iron and Steel Engineering"/>
      <workRole location="Beijing Municipality"/>
    </workRoles>
  </workHistoryEntry>
  <workHistoryEntry startDate="1962">
    <workRoles>
      <workRole role="Graduate"/>
      <workRole institution="Beijing University"/>
      <workRole institution="Physics Department"/>
      <workRole location="Beijing Municipality"/>
    </workRoles>
  </workHistoryEntry>
  <workHistory/>
</biography>
