<?xml version="1.0" encoding="UTF-8"?>
<biography birthDate="1934" fullName="Chen Jiaer" displayName="Chen Jiaer" nonEnglishName="" sex="male" nationality="Han">
  <bioText>Chen Jiaer, male, Han nationality, is a native of Shanghai. He was born in 1934, joined the CPC in 1952 and graduated from Jilin University. Chen spent over 30 years teaching and serving in the administration of Beijing University. He traveled as a visiting scholar to both and England and the United States. In 1993, he was elected to the Chinese Academy of Sciences. He became president of Beijing University in 1996 and director of the National Natural Science Foundation of China in 1999. Chen was an alternate member of the 15th CPC Central Committee.</bioText>
  <posts>
    <post description="Former Director of the National Natural Science Foundation of China"/>
  </posts>
  <birthLocations>
    <birthLocation location="Shanghai Municipality"/>
  </birthLocations>
  <workHistoryEntry startDate="1999" endDate="????">
    <workRoles>
      <workRole role="Vice-President"/>
      <workRole institution="Beijing University"/>
      <workRole institution="Council of Capital Development Institute"/>
      <workRole location="Beijing Municipality"/>
    </workRoles>
  </workHistoryEntry>
  <workHistoryEntry startDate="1999" endDate="2003">
    <workRoles>
      <workRole role="Director"/>
      <workRole institution="National Natural Science Foundation of China"/>
    </workRoles>
  </workHistoryEntry>
  <workHistoryEntry startDate="1997" endDate="2002">
    <workRoles>
      <workRole role="Alternate Member"/>
      <workRole institution="15th CPC"/>
      <workRole institution="Central Committee"/>
    </workRoles>
  </workHistoryEntry>
  <workHistoryEntry startDate="">
    <workRoles>
      <workRole role="Board Director"/>
      <workRole institution="China Physics Society"/>
    </workRoles>
  </workHistoryEntry>
  <workHistoryEntry startDate="1996" endDate="1999">
    <workRoles>
      <workRole role="President"/>
      <workRole institution="Beijing University"/>
      <workRole location="Beijing Municipality"/>
    </workRoles>
  </workHistoryEntry>
  <workHistoryEntry startDate="1993" endDate="????">
    <workRoles>
      <workRole role="Member"/>
      <workRole institution="Chinese Academy of Sciences"/>
      <workRole institution="Division of Mathematics and Physics"/>
    </workRoles>
  </workHistoryEntry>
  <workHistoryEntry startDate="1991">
    <workRoles>
      <workRole role="Deputy Director"/>
      <workRole institution="National Natural Science Foundation of China"/>
    </workRoles>
  </workHistoryEntry>
  <workHistoryEntry startDate="1984" endDate="1986">
    <workRoles>
      <workRole role="Deputy Director"/>
      <workRole institution="Beijing University"/>
      <workRole institution="Heavy Ion Physics Research Institute"/>
      <workRole location="Beijing Municipality"/>
    </workRoles>
  </workHistoryEntry>
  <workHistoryEntry startDate="1984" endDate="????">
    <workRoles>
      <workRole role="President"/>
      <workRole institution="Beijing University"/>
      <workRole institution="Postgraduate School"/>
      <workRole location="Beijing Municipality"/>
    </workRoles>
  </workHistoryEntry>
  <workHistoryEntry startDate="1984" endDate="????">
    <workRoles>
      <workRole role="Vice-President"/>
      <workRole institution="Beijing University"/>
      <workRole institution="Postgraduate School"/>
      <workRole location="Beijing Municipality"/>
    </workRoles>
  </workHistoryEntry>
  <workHistoryEntry startDate="1984" endDate="????">
    <workRoles>
      <workRole role="Doctorate Director"/>
      <workRole institution="Beijing University"/>
      <workRole location="Beijing Municipality"/>
    </workRoles>
  </workHistoryEntry>
  <workHistoryEntry startDate="1984">
    <workRoles>
      <workRole role="Professor"/>
      <workRole institution="Beijing University"/>
      <workRole location="Beijing Municipality"/>
    </workRoles>
  </workHistoryEntry>
  <workHistoryEntry startDate="1982" endDate="1984">
    <workRoles>
      <workRole role="Visiting Scientist"/>
      <workRole institution="South Africa"/>
    </workRoles>
  </workHistoryEntry>
  <workHistoryEntry startDate="">
    <workRoles>
      <workRole role="Director"/>
      <workRole institution="Beijing University"/>
      <workRole institution="Physics Department"/>
      <workRole location="Beijing Municipality"/>
    </workRoles>
  </workHistoryEntry>
  <workHistoryEntry startDate="">
    <workRoles>
      <workRole role="Director"/>
      <workRole institution="Hanzhong School"/>
      <workRole location="Shaanxi Province"/>
    </workRoles>
  </workHistoryEntry>
  <workHistoryEntry startDate="1963" endDate="1966">
    <workRoles>
      <workRole role="Visiting Scholar"/>
      <workRole institution="Oxford University"/>
      <workRole institution="Nuclear Department"/>
      <workRole location="United Kingdom"/>
      <workRole location="Oxford"/>
    </workRoles>
  </workHistoryEntry>
  <workHistoryEntry startDate="1960" endDate="1963">
    <workRoles>
      <workRole role="Lecturer"/>
      <workRole institution="Beijing University"/>
      <workRole institution="Physics Department"/>
      <workRole location="Beijing Municipality"/>
    </workRoles>
  </workHistoryEntry>
  <workHistoryEntry startDate="1955" endDate="1960">
    <workRoles>
      <workRole role="Teaching Assistant"/>
      <workRole institution="Beijing University"/>
      <workRole institution="Physics Department"/>
      <workRole location="Beijing Municipality"/>
    </workRoles>
  </workHistoryEntry>
  <workHistoryEntry startDate="1954">
    <workRoles>
      <workRole role="Graduate"/>
      <workRole institution="Jilin University"/>
      <workRole institution="Physics Department"/>
      <workRole location="Jilin Province"/>
    </workRoles>
  </workHistoryEntry>
  <workHistoryEntry startDate="1952">
    <workRoles>
      <workRole role="Joined"/>
      <workRole institution="CPC"/>
    </workRoles>
  </workHistoryEntry>
  <workHistory/>
</biography>
