<?xml version="1.0" encoding="UTF-8"?>
<biography birthDate="1954" fullName="Chen Qiufa" displayName="Chen Qiufa" nonEnglishName="" sex="male" nationality="Miao Nationality">
  <bioText>Chen Qiufa, male, Miao Nationality, was born in 1954 and is a native of Miao Autonomous County of Chengbu of Hunan Province. He is Vice Minister of Ministry of Industry and Information Technology and Director of China Atomic Energy Authority. In 2009, he became Director of the State Administration for Science, Technology and Industry for National Defense (SASTIND) and in 2010, he became Director of the China National Space Administration (CNSA).</bioText>
  <posts>
    <post description="Director, China National Space Administration (CNSA)"/>
    <post description="Director, State Administration for Science, Technology and Industry for National Defense (SASTIND)"/>
    <post description="Director, China Atomic Energy Authority"/>
    <post description="Vice-Minister, Ministry of Industry and Information Technology"/>
  </posts>
  <birthLocations>
    <birthLocation location="Hunan Province"/>
    <birthLocation location="Chengbu"/>
    <birthLocation location="Miao Autonomous County"/>
  </birthLocations>
  <workHistoryEntry startDate="2010">
    <workRoles>
      <workRole role="Director"/>
      <workRole institution="China National Space Administration (CNSA)"/>
    </workRoles>
  </workHistoryEntry>
  <workHistoryEntry startDate="2009">
    <workRoles>
      <workRole role="Director"/>
      <workRole institution="State Administration for Science, Technology and Industry for National Defense (SASTIND)"/>
    </workRoles>
  </workHistoryEntry>
  <workHistoryEntry startDate="2008">
    <workRoles>
      <workRole role="Secretary"/>
      <workRole institution="State Administration for Science, Technology and Industry for National Defense (SASTIND)"/>
      <workRole institution="Technology and Industry for National Defense (SASTIND) CPC"/>
      <workRole institution="Leading Party Group"/>
    </workRoles>
  </workHistoryEntry>
  <workHistoryEntry startDate="2008">
    <workRoles>
      <workRole role="Member"/>
      <workRole institution="Ministry of Industry and Information Technology"/>
      <workRole institution="CPC"/>
      <workRole institution="Leading Party Group"/>
    </workRoles>
  </workHistoryEntry>
  <workHistoryEntry startDate="2008">
    <workRoles>
      <workRole role="Director"/>
      <workRole institution="China Atomic Energy Authority"/>
    </workRoles>
  </workHistoryEntry>
  <workHistoryEntry startDate="2008">
    <workRoles>
      <workRole role="Vice-Minister"/>
      <workRole institution="Ministry of Industry and Information Technology"/>
    </workRoles>
  </workHistoryEntry>
  <workHistoryEntry startDate="2007" endDate="2008">
    <workRoles>
      <workRole role="Deputy Secretary"/>
      <workRole institution="State Administration for Science, Technology and Industry for National Defense (SASTIND)"/>
      <workRole institution="Technology and Industry for National Defense (SASTIND) CPC"/>
      <workRole institution="Leading Party Group"/>
    </workRoles>
  </workHistoryEntry>
  <workHistoryEntry startDate="2007">
    <workRoles>
      <workRole role="Delegate"/>
      <workRole institution="17th CPC"/>
      <workRole institution="National Congress"/>
    </workRoles>
  </workHistoryEntry>
  <workHistoryEntry startDate="2005" endDate="2007">
    <workRoles>
      <workRole role="Head"/>
      <workRole institution="State Administration for Science, Technology and Industry for National Defense (SASTIND)"/>
      <workRole institution="Technology and Industry for National Defense (SASTIND) CPC"/>
      <workRole institution="Party Committee"/>
      <workRole institution="Commission for Discipline Inspection"/>
    </workRoles>
  </workHistoryEntry>
  <workHistoryEntry startDate="2005" endDate="2007">
    <workRoles>
      <workRole role="Member"/>
      <workRole institution="State Administration for Science, Technology and Industry for National Defense (SASTIND)"/>
      <workRole institution="Technology and Industry for National Defense (SASTIND) CPC"/>
      <workRole institution="Leading Party Group"/>
    </workRoles>
  </workHistoryEntry>
  <workHistoryEntry startDate="2005" endDate="2008">
    <workRoles>
      <workRole role="Deputy Director"/>
      <workRole institution="State Administration for Science, Technology and Industry for National Defense (SASTIND)"/>
    </workRoles>
  </workHistoryEntry>
  <workHistoryEntry startDate="2002" endDate="2007">
    <workRoles>
      <workRole role="Delegate"/>
      <workRole institution="16th CPC"/>
      <workRole institution="National Congress"/>
    </workRoles>
  </workHistoryEntry>
  <workHistory/>
</biography>
