<?xml version="1.0" encoding="UTF-8"?>
<biography displayName="Chen Yonglin" nonEnglishName="" sex="male" nationality="Chinese">
  <bioText>Information on this official is limited because China Vitae has not yet prepared a full biographical sketch.</bioText>
  <posts>
    <post description="Alternate Member, 11th CPC Central Committee"/>
  </posts>
  <birthLocations/>
  <workHistoryEntry startDate="1977" endDate="1982">
    <workRoles>
      <workRole role="Alternate Member"/>
      <workRole institution="11th CPC"/>
      <workRole institution="Central Committee"/>
    </workRoles>
  </workHistoryEntry>
  <workHistory/>
</biography>
