<?xml version="1.0" encoding="UTF-8"?>
<biography birthDate="1938" fullName="Chen Huiguang" displayName="Chen Huiguang" nonEnglishName="" sex="male" nationality="Han">
  <bioText>Chen Huiguang, male, Han nationality, is a native of Yulin, Guangxi Zhuang Autonomous Region. Chen was born in 1938, he graduated from Jianxi Coal Mining College and joined the CPC in 1965. Chen spent almost 20 years working at the Dongluo Mining Administration in Guangxi Zhuang Autonomous Region. After serving in various leadership roles in the CPC in Guangxi Zhuang Autonomous Region, he became chairman of the 6th, 7th and 8th CPPCC of Guangxi Zhuang Autonomous Regional Committee. Chen was a member of the 12th and 13th CPC Central Committee and a delegate to the 14th and 15th CPC National Congresses. He was a member of the 9th CPPCC National Committee.</bioText>
  <posts>
    <post description="Chairman of CPPCC Guangxi Zhuang Autonomous Regional Committee"/>
  </posts>
  <birthLocations>
    <birthLocation location="Guangxi Zhuang Autonomous Region"/>
    <birthLocation location="Yulin City"/>
  </birthLocations>
  <workHistoryEntry startDate="1998" endDate="2003">
    <workRoles>
      <workRole role="Member"/>
      <workRole institution="9th CPPCC"/>
      <workRole institution="National Committee"/>
    </workRoles>
  </workHistoryEntry>
  <workHistoryEntry startDate="1997" endDate="2002">
    <workRoles>
      <workRole role="Delegate"/>
      <workRole institution="15th CPC"/>
      <workRole institution="National Congress"/>
    </workRoles>
  </workHistoryEntry>
  <workHistoryEntry startDate="1993" endDate="1998">
    <workRoles>
      <workRole role="Member"/>
      <workRole institution="8th CPPCC"/>
      <workRole institution="National Committee"/>
    </workRoles>
  </workHistoryEntry>
  <workHistoryEntry startDate="1992" endDate="1997">
    <workRoles>
      <workRole role="Delegate"/>
      <workRole institution="14th CPC"/>
      <workRole institution="National Congress"/>
    </workRoles>
  </workHistoryEntry>
  <workHistoryEntry startDate="1987" endDate="1992">
    <workRoles>
      <workRole role="Member"/>
      <workRole institution="13th CPC"/>
      <workRole institution="Central Committee"/>
    </workRoles>
  </workHistoryEntry>
  <workHistoryEntry startDate="1983">
    <workRoles>
      <workRole role="Chairman"/>
      <workRole institution="CPPCC"/>
      <workRole institution="Autonomous Regional Committee"/>
      <workRole location="Guangxi Zhuang Autonomous Region"/>
    </workRoles>
  </workHistoryEntry>
  <workHistoryEntry startDate="1983" endDate="1998">
    <workRoles>
      <workRole role="Secretary"/>
      <workRole institution="CPC"/>
      <workRole institution="Autonomous City Committee"/>
      <workRole location="Guangxi Zhuang Autonomous Region"/>
      <workRole location="Nanning City"/>
    </workRoles>
  </workHistoryEntry>
  <workHistoryEntry startDate="1982" endDate="1987">
    <workRoles>
      <workRole role="Member"/>
      <workRole institution="12th CPC"/>
      <workRole institution="Central Committee"/>
    </workRoles>
  </workHistoryEntry>
  <workHistoryEntry startDate="">
    <workRoles>
      <workRole role="Secretary"/>
      <workRole institution="CPC"/>
      <workRole institution="Autonomous Regional Committee"/>
      <workRole location="Guangxi Zhuang Autonomous Region"/>
    </workRoles>
  </workHistoryEntry>
  <workHistoryEntry startDate="">
    <workRoles>
      <workRole role="Deputy Secretary"/>
      <workRole institution="CPC"/>
      <workRole institution="Autonomous Regional Committee"/>
      <workRole location="Guangxi Zhuang Autonomous Region"/>
    </workRoles>
  </workHistoryEntry>
  <workHistoryEntry startDate="1980" endDate="1983">
    <workRoles>
      <workRole role="Deputy Director"/>
      <workRole institution="Coal Industry Bureau"/>
      <workRole location="Guangxi Zhuang Autonomous Region"/>
    </workRoles>
  </workHistoryEntry>
  <workHistoryEntry startDate="1965">
    <workRoles>
      <workRole role="Joined"/>
      <workRole institution="CPC"/>
    </workRoles>
  </workHistoryEntry>
  <workHistoryEntry startDate="1961" endDate="1980">
    <workRoles>
      <workRole role="Deputy Secretary"/>
      <workRole institution="Dongluo Mining Administration"/>
      <workRole institution="CPC"/>
      <workRole institution="Party Committee"/>
      <workRole location="Guangxi Zhuang Autonomous Region"/>
    </workRoles>
  </workHistoryEntry>
  <workHistoryEntry startDate="1961" endDate="1980">
    <workRoles>
      <workRole role="Director"/>
      <workRole institution="Dongluo Mining Administration"/>
      <workRole location="Guangxi Zhuang Autonomous Region"/>
    </workRoles>
  </workHistoryEntry>
  <workHistoryEntry startDate="1961" endDate="1980">
    <workRoles>
      <workRole role="Engineer"/>
      <workRole institution="Dongluo Mining Administration"/>
      <workRole location="Guangxi Zhuang Autonomous Region"/>
    </workRoles>
  </workHistoryEntry>
  <workHistoryEntry startDate="1961" endDate="1980">
    <workRoles>
      <workRole role="Technician"/>
      <workRole institution="Dongluo Mining Administration"/>
      <workRole location="Guangxi Zhuang Autonomous Region"/>
    </workRoles>
  </workHistoryEntry>
  <workHistoryEntry startDate="1961">
    <workRoles>
      <workRole role="Graduate"/>
      <workRole institution="Jiangxi Coal Mining College"/>
      <workRole institution="Mining Department"/>
      <workRole location="Jiangxi Province"/>
    </workRoles>
  </workHistoryEntry>
  <workHistory/>
</biography>
