<?xml version="1.0" encoding="UTF-8"?>
<biography birthDate="1942" fullName="Chen Chuanyu" displayName="Chen Chuanyu" nonEnglishName="" sex="male" nationality="Han">
  <bioText>Chen Chuanyu, male, Han nationality, is a native of Puning, Guangdong Province. He was born in 1942, and graduated from Inner Mongolia University. Chen has been a professor of physics at Inner Mongolia University, and he once served as vice-president of Guangzhou Normal College. Chen has completed advanced studies in his field abroad, in the US as well as in Hong Kong. He has been a member of the China Physics Academy, and he was appointed vice-mayor of Guangzhou in the late 1990s. Chen Chuanyu was a member of the 9th CPPCC.</bioText>
  <posts>
    <post description="Vice-Mayor of Guangzhou Municipality, Physicist"/>
  </posts>
  <birthLocations>
    <birthLocation location="Guangdong Province"/>
    <birthLocation location="Puning County"/>
  </birthLocations>
  <workHistoryEntry startDate="1998">
    <workRoles>
      <workRole role="Vice-Mayor"/>
      <workRole institution="People's Government"/>
      <workRole location="Guangdong Province"/>
      <workRole location="Guangzhou City"/>
    </workRoles>
  </workHistoryEntry>
  <workHistoryEntry startDate="1998" endDate="2003">
    <workRoles>
      <workRole role="Member"/>
      <workRole institution="9th CPPCC"/>
      <workRole institution="National Committee"/>
    </workRoles>
  </workHistoryEntry>
  <workHistoryEntry startDate="1997" endDate="1998">
    <workRoles>
      <workRole role="Vice-President"/>
      <workRole institution="Guangzhou Normal University"/>
      <workRole location="Guangdong Province"/>
      <workRole location="Guangzhou City"/>
    </workRoles>
  </workHistoryEntry>
  <workHistoryEntry startDate="1995" endDate="1996">
    <workRoles>
      <workRole role="Visiting Scholar"/>
      <workRole institution="The Hong Kong Polytechnic University"/>
      <workRole location="Hong Kong SAR"/>
    </workRoles>
  </workHistoryEntry>
  <workHistoryEntry startDate="1988" endDate="1997">
    <workRoles>
      <workRole role="Professor"/>
      <workRole institution="Guangzhou Normal University"/>
      <workRole institution="Physics Department"/>
      <workRole location="Guangdong Province"/>
      <workRole location="Guangzhou City"/>
    </workRoles>
  </workHistoryEntry>
  <workHistoryEntry startDate="1980" endDate="1988">
    <workRoles>
      <workRole role="Teacher"/>
      <workRole institution="Inner Mongolia University"/>
      <workRole institution="Physics Department"/>
      <workRole location="Inner Mongolia Autonomous Region"/>
    </workRoles>
  </workHistoryEntry>
  <workHistoryEntry startDate="1980" endDate="1988">
    <workRoles>
      <workRole role="Lecturer"/>
      <workRole institution="Inner Mongolia University"/>
      <workRole institution="Physics Department"/>
      <workRole location="Inner Mongolia Autonomous Region"/>
    </workRoles>
  </workHistoryEntry>
  <workHistoryEntry startDate="1962" endDate="1967">
    <workRoles>
      <workRole role="Graduate"/>
      <workRole institution="Inner Mongolia University"/>
      <workRole institution="Physics Department"/>
      <workRole location="Inner Mongolia Autonomous Region"/>
    </workRoles>
  </workHistoryEntry>
  <workHistory/>
</biography>
