<?xml version="1.0" encoding="UTF-8"?>
<biography birthDate="1933" fullName="Chen Junliang" displayName="Chen Junliang" nonEnglishName="" sex="male" nationality="Han">
  <bioText>Chen Junliang, male, Han nationality, is a native of Ningbo, Zhejiang Province. He graduated from the Shanghai Jiaotong University in 1955 and obtained an assistant doctorate degree from Moscow Telecommunications Engineering Institute in 1961. Chen was one of the key researchers in the 1960s of wired 600 - 1200 band and wireless 600 band data transmission equipment. He participated in the research and manufacture of 'D</bioText>
  <posts>
    <post description="Member of the 9th NPC Standing Committee, Academician of the Chinese Academy of Sciences"/>
  </posts>
  <birthLocations>
    <birthLocation location="Zhejiang Province"/>
    <birthLocation location="Ningbo City"/>
  </birthLocations>
  <workHistoryEntry startDate="">
    <workRoles>
      <workRole role="Professor"/>
      <workRole institution="Beijing Institute of Posts and Telecommunications"/>
      <workRole location="Beijing Municipality"/>
    </workRoles>
  </workHistoryEntry>
  <workHistoryEntry startDate="">
    <workRoles>
      <workRole role="Director"/>
      <workRole institution="National Key Laboratory of Program-Control Switch Technique and Communication Networks"/>
      <workRole institution="Academic Committee"/>
    </workRoles>
  </workHistoryEntry>
  <workHistoryEntry startDate="1994">
    <workRoles>
      <workRole role="Academician"/>
      <workRole institution="Chinese Academy of Engineering"/>
    </workRoles>
  </workHistoryEntry>
  <workHistoryEntry startDate="1991">
    <workRoles>
      <workRole role="Academician"/>
      <workRole institution="Chinese Academy of Sciences"/>
    </workRoles>
  </workHistoryEntry>
  <workHistoryEntry startDate="1961">
    <workRoles>
      <workRole role="Graduate"/>
      <workRole institution="Moscow Telecommunications Engineering Institute"/>
      <workRole location="Russia"/>
      <workRole location="Moscow"/>
    </workRoles>
  </workHistoryEntry>
  <workHistoryEntry startDate="1955">
    <workRoles>
      <workRole role="Graduate"/>
      <workRole institution="Jiaotong University"/>
      <workRole institution="Telecommunications Department"/>
      <workRole location="Shanghai Municipality"/>
    </workRoles>
  </workHistoryEntry>
  <workHistory/>
</biography>
