<?xml version="1.0" encoding="UTF-8"?>
<biography birthDate="1958" fullName="Chen Li" displayName="Chen Li" nonEnglishName="" sex="male" nationality="Han">
  <bioText>Chen Li, male, Han nationality, is a native of Shaanxi Province. He was born in 1958 and graduated from Nankai University with a Bachelor Degree in 1983. He is currently Vice-Minister of the State Population and Family Planning Commission.</bioText>
  <posts>
    <post description="Vice-Minister, National Population and Family Planning Commission"/>
  </posts>
  <birthLocations>
    <birthLocation location="Shaanxi Province"/>
  </birthLocations>
  <workHistoryEntry startDate="2011">
    <workRoles>
      <workRole role="Vice-Minister"/>
      <workRole institution="National Population and Family Planning Commission"/>
    </workRoles>
  </workHistoryEntry>
  <workHistoryEntry startDate="2011">
    <workRoles>
      <workRole role="Member"/>
      <workRole institution="National Population and Family Planning Commission"/>
      <workRole institution="CPC"/>
      <workRole institution="Leading Party Group"/>
    </workRoles>
  </workHistoryEntry>
  <workHistoryEntry startDate="1986" endDate="1986">
    <workRoles>
      <workRole role="Student"/>
      <workRole institution="CPC"/>
      <workRole institution="Central Committee"/>
      <workRole institution="Central Party School"/>
    </workRoles>
  </workHistoryEntry>
  <workHistoryEntry startDate="1979" endDate="1983">
    <workRoles>
      <workRole role="Student"/>
      <workRole institution="Nankai University"/>
      <workRole location="Tianjin Municipality"/>
    </workRoles>
  </workHistoryEntry>
  <workHistory/>
</biography>
