<?xml version="1.0" encoding="UTF-8"?>
<biography birthDate="1945" fullName="Chen Yuning" displayName="Chen Yuning" nonEnglishName="" sex="male" nationality="Han">
  <bioText>Chen Yuning, male, Han nationality, is a native of Qingxu, Shanxi province. He was born in 1945, and graduated from the history department of Beijing University. He is the vice-president of the CPPCC of the Ningxia Hui Autonomous Region. He was appointed president of Ningxia University in 2001. He receives the special subsidy from the State Council. He has focused his research on the history of northern minorities, and theories of national history. His main works include "The History Record of Ningxia", "A Collection of Northern National Historical Works", and "A Collection of Historical Works of Er Dosi."</bioText>
  <posts>
    <post description="President of Ningxia University"/>
  </posts>
  <birthLocations>
    <birthLocation location="Shanxi Province"/>
    <birthLocation location="Qingxu County"/>
  </birthLocations>
  <workHistoryEntry startDate="2001">
    <workRoles>
      <workRole role="Secretary"/>
      <workRole institution="Ningxia University"/>
      <workRole institution="CPC"/>
      <workRole institution="Party Committee"/>
      <workRole location="Ningxia Hui Autonomous Region"/>
      <workRole location="Yinchuan City"/>
    </workRoles>
  </workHistoryEntry>
  <workHistoryEntry startDate="2001">
    <workRoles>
      <workRole role="President"/>
      <workRole institution="Ningxia University"/>
      <workRole location="Ningxia Hui Autonomous Region"/>
      <workRole location="Yinchuan City"/>
    </workRoles>
  </workHistoryEntry>
  <workHistoryEntry startDate="1995" endDate="2001">
    <workRoles>
      <workRole role="Secretary"/>
      <workRole institution="CPC"/>
      <workRole institution="Autonomous City Committee"/>
      <workRole location="Ningxia Hui Autonomous Region"/>
      <workRole location="Yinchuan City"/>
    </workRoles>
  </workHistoryEntry>
  <workHistoryEntry startDate="1993" endDate="1995">
    <workRoles>
      <workRole role="Deputy Secretary-General"/>
      <workRole institution="Autonomous Region People's Government"/>
      <workRole location="Ningxia Hui Autonomous Region"/>
    </workRoles>
  </workHistoryEntry>
  <workHistoryEntry startDate="1987" endDate="1993">
    <workRoles>
      <workRole role="Deputy Director"/>
      <workRole institution="Ningxia Academy of Social Sciences"/>
      <workRole location="Ningxia Hui Autonomous Region"/>
      <workRole location="Yinchuan City"/>
    </workRoles>
  </workHistoryEntry>
  <workHistoryEntry startDate="1987" endDate="1993">
    <workRoles>
      <workRole role="Director"/>
      <workRole institution="Ningxia Academy of Social Sciences"/>
      <workRole location="Ningxia Hui Autonomous Region"/>
      <workRole location="Yinchuan City"/>
    </workRoles>
  </workHistoryEntry>
  <workHistoryEntry startDate="1980" endDate="1987">
    <workRoles>
      <workRole role="Director"/>
      <workRole institution="Inner Mongolia Academy of Social Sciences"/>
      <workRole location="Inner Mongolia Autonomous Region"/>
      <workRole location="Hohhot City"/>
    </workRoles>
  </workHistoryEntry>
  <workHistoryEntry startDate="">
    <workRoles>
      <workRole role="Graduate"/>
      <workRole institution="Beijing University"/>
      <workRole institution="History Department"/>
      <workRole location="Beijing Municipality"/>
    </workRoles>
  </workHistoryEntry>
  <workHistory/>
</biography>
