<?xml version="1.0" encoding="UTF-8"?>
<biography displayName="Chen Shaoyu" nonEnglishName="" sex="male" nationality="Chinese">
  <bioText>Information on this official is limited because China Vitae has not yet prepared a full biographical sketch.</bioText>
  <posts>
    <post description="Member, 8th CPC Central Committee"/>
  </posts>
  <birthLocations/>
  <workHistoryEntry startDate="1956" endDate="1969">
    <workRoles>
      <workRole role="Member"/>
      <workRole institution="8th CPC"/>
      <workRole institution="Central Committee"/>
    </workRoles>
  </workHistoryEntry>
  <workHistory/>
</biography>
