<?xml version="1.0" encoding="UTF-8"?>
<biography birthDate="1908" fullName="Cheng Siyuan" displayName="Cheng Siyuan" nonEnglishName="" sex="male" nationality="Han">
  <bioText>Cheng Siyuan, male, Han nationality, is a native of Binyang, Guangxi Zhuang Autonomous Region. He was born in 1908 and received a Ph.D. from Rome University. Early in his career, Cheng was actively involved in the KMT. He began as secretary to Bai Chongxi of the KMT National Military Council. He later served as a standing committee member of the KMT 6th Central Executive Committee. In 1965, he became chairman of the Association for Promoting Peaceful Reunification of China and later presided over the Council for Promoting Peaceful Reunification of China. He then became a standing committee member of the CPPCC National Committee. In 1998, he became president of the Taiwan Studies Society. Cheng was a standing committee member of the 5th and 6th CPPCC National Committees. He also was a standing committee member of the 6th NPC and was elected vice-chairman of 8th and 9th NPC Standing Committees.</bioText>
  <posts>
    <post description="Vice-Chairman of the 9th NPC Standing Committee, President of the Taiwan Studies Society"/>
  </posts>
  <birthLocations>
    <birthLocation location="Guangxi Zhuang Autonomous Region"/>
    <birthLocation location="Binyang"/>
  </birthLocations>
  <workHistoryEntry startDate="">
    <workRoles>
      <workRole role="Author"/>
    </workRoles>
  </workHistoryEntry>
  <workHistoryEntry startDate="1998">
    <workRoles>
      <workRole role="President"/>
      <workRole institution="Chinese Institute of Taiwan Studies"/>
    </workRoles>
  </workHistoryEntry>
  <workHistoryEntry startDate="1998" endDate="2003">
    <workRoles>
      <workRole role="Vice-Chairman"/>
      <workRole institution="9th Standing Committee of the NPC"/>
    </workRoles>
  </workHistoryEntry>
  <workHistoryEntry startDate="1997">
    <workRoles>
      <workRole role="Member"/>
      <workRole institution="Hong Kong SAR Preparatory Committee"/>
      <workRole institution="Government Delegation, Hong Kong Hand-Over Ceremony"/>
    </workRoles>
  </workHistoryEntry>
  <workHistoryEntry startDate="1997" endDate="????">
    <workRoles>
      <workRole role="Honorary President"/>
      <workRole institution="China Overseas Friendship Association"/>
    </workRoles>
  </workHistoryEntry>
  <workHistoryEntry startDate="1993" endDate="1998">
    <workRoles>
      <workRole role="Vice-Chairman"/>
      <workRole institution="8th Standing Committee of the NPC"/>
    </workRoles>
  </workHistoryEntry>
  <workHistoryEntry startDate="1990" endDate="1999">
    <workRoles>
      <workRole role="President"/>
      <workRole institution="China Council for the Promotion of Peaceful Reunification"/>
    </workRoles>
  </workHistoryEntry>
  <workHistoryEntry startDate="1983" endDate="1988">
    <workRoles>
      <workRole role="Member"/>
      <workRole institution="6th Standing Committee of the NPC"/>
    </workRoles>
  </workHistoryEntry>
  <workHistoryEntry startDate="1983" endDate="1988">
    <workRoles>
      <workRole role="Member"/>
      <workRole institution="6th CPPCC"/>
      <workRole institution="National Committee"/>
      <workRole institution="Standing Committee"/>
    </workRoles>
  </workHistoryEntry>
  <workHistoryEntry startDate="1978" endDate="1983">
    <workRoles>
      <workRole role="Deputy Secretary-General"/>
      <workRole institution="5th CPPCC"/>
      <workRole institution="National Committee"/>
    </workRoles>
  </workHistoryEntry>
  <workHistoryEntry startDate="1978" endDate="1983">
    <workRoles>
      <workRole role="Member"/>
      <workRole institution="5th Standing Committee of the NPC"/>
    </workRoles>
  </workHistoryEntry>
  <workHistoryEntry startDate="1978" endDate="1983">
    <workRoles>
      <workRole role="Member"/>
      <workRole institution="5th CPPCC"/>
      <workRole institution="National Committee"/>
      <workRole institution="Standing Committee"/>
    </workRoles>
  </workHistoryEntry>
  <workHistoryEntry startDate="1965" endDate="????">
    <workRoles>
      <workRole role="Chairman"/>
      <workRole institution="China Council for the Promotion of Peaceful Reunification"/>
    </workRoles>
  </workHistoryEntry>
  <workHistoryEntry startDate="">
    <workRoles>
      <workRole role="Deputy Secretary-General"/>
      <workRole institution="Chinese KMT"/>
      <workRole institution="Central Committee"/>
      <workRole institution="Wartime Committee"/>
    </workRoles>
  </workHistoryEntry>
  <workHistoryEntry startDate="">
    <workRoles>
      <workRole role="Member"/>
      <workRole institution="Chinese KMT"/>
      <workRole institution="Legislative Committee"/>
    </workRoles>
  </workHistoryEntry>
  <workHistoryEntry startDate="">
    <workRoles>
      <workRole role="Member"/>
      <workRole institution="People's Political Council"/>
    </workRoles>
  </workHistoryEntry>
  <workHistoryEntry startDate="">
    <workRoles>
      <workRole role="Member"/>
      <workRole institution="Chinese KMT"/>
      <workRole institution="Central Committee"/>
      <workRole institution="Standing Committee"/>
    </workRoles>
  </workHistoryEntry>
  <workHistoryEntry startDate="">
    <workRoles>
      <workRole role="Director"/>
      <workRole institution="Pacification Headquarters"/>
      <workRole institution="Political Department"/>
      <workRole location="Guangxi Zhuang Autonomous Region"/>
    </workRoles>
  </workHistoryEntry>
  <workHistoryEntry startDate="">
    <workRoles>
      <workRole role="Director"/>
      <workRole institution="Three People's Principles Youth League"/>
      <workRole institution="Central Committee"/>
    </workRoles>
  </workHistoryEntry>
  <workHistoryEntry startDate="">
    <workRoles>
      <workRole role="Chief"/>
      <workRole institution="Three People's Principles Youth League"/>
      <workRole institution="Central Committee"/>
      <workRole institution="Service Section"/>
    </workRoles>
  </workHistoryEntry>
  <workHistoryEntry startDate="">
    <workRoles>
      <workRole role="Secretary to Bai Chongxi"/>
      <workRole institution="Chinese KMT"/>
      <workRole institution="National Military Council"/>
    </workRoles>
  </workHistoryEntry>
  <workHistoryEntry startDate="1934" endDate="1937">
    <workRoles>
      <workRole role="Student"/>
      <workRole institution="Rome University"/>
      <workRole location="Italy"/>
      <workRole location="Rome"/>
    </workRoles>
  </workHistoryEntry>
  <workHistoryEntry startDate="">
    <workRoles>
      <workRole role="Political Secretary to Commander-in-Chief"/>
      <workRole institution="Chinese KMT"/>
      <workRole institution="No. 4 Army Group"/>
    </workRoles>
  </workHistoryEntry>
  <workHistoryEntry startDate="">
    <workRoles>
      <workRole role="Joined"/>
      <workRole institution="PLA"/>
    </workRoles>
  </workHistoryEntry>
  <workHistory/>
</biography>
