<?xml version="1.0" encoding="UTF-8"?>
<biography birthDate="1945" fullName="Chen Yuan" displayName="Chen Yuan" nonEnglishName="" sex="male" nationality="is of Han">
  <bioText>Chen Yuan, male, is of Han nationality. He was born in 1945, graduated from Tsinghua University, and received a Master's Degree from the Postgraduate Research Institute of the Chinese Academy of Social Sciences. Chen has been a long term student of international finance. He has served as director of the department of business and trade of the People's Bank of China, as well as deputy governor. Chen Yuan has also been an advisor to the Institute for International Economics for International Economics in the U.S.A. He was an alternate member of the 16th CPC Central Committee and is currently an alternate member of the 17th CPC Central Committee.</bioText>
  <posts>
    <post description="Alternate Member, 17th CPC, Central Committee"/>
    <post description="Governor, China Development Bank"/>
  </posts>
  <birthLocations/>
  <workHistoryEntry startDate="2007">
    <workRoles>
      <workRole role="Alternate Member"/>
      <workRole institution="17th CPC"/>
      <workRole institution="Central Committee"/>
    </workRoles>
  </workHistoryEntry>
  <workHistoryEntry startDate="2002" endDate="2007">
    <workRoles>
      <workRole role="Alternate Member"/>
      <workRole institution="16th CPC"/>
      <workRole institution="Central Committee"/>
    </workRoles>
  </workHistoryEntry>
  <workHistoryEntry startDate="1998">
    <workRoles>
      <workRole role="Governor"/>
      <workRole institution="China Development Bank"/>
    </workRoles>
  </workHistoryEntry>
  <workHistoryEntry startDate="1998">
    <workRoles>
      <workRole role="Secretary"/>
      <workRole institution="China Development Bank"/>
      <workRole institution="CPC"/>
      <workRole institution="Party Committee"/>
    </workRoles>
  </workHistoryEntry>
  <workHistoryEntry startDate="">
    <workRoles>
      <workRole role="Member"/>
      <workRole institution="Institute for International Economics"/>
      <workRole institution="Financial Stability Institute"/>
      <workRole location="United States of America"/>
    </workRoles>
  </workHistoryEntry>
  <workHistoryEntry startDate="">
    <workRoles>
      <workRole role="Member"/>
      <workRole institution="Institute for International Economics"/>
      <workRole institution="Advisory Committee"/>
      <workRole location="United States of America"/>
    </workRoles>
  </workHistoryEntry>
  <workHistoryEntry startDate="">
    <workRoles>
      <workRole role="Director"/>
      <workRole institution="Institute for International Economics"/>
      <workRole location="United States of America"/>
    </workRoles>
  </workHistoryEntry>
  <workHistoryEntry startDate="">
    <workRoles>
      <workRole role="Advisor to Postgraduates"/>
      <workRole institution="People's Bank of China"/>
    </workRoles>
  </workHistoryEntry>
  <workHistoryEntry startDate="1988" endDate="1998">
    <workRoles>
      <workRole role="Vice-Governor"/>
      <workRole institution="People's Bank of China"/>
    </workRoles>
  </workHistoryEntry>
  <workHistoryEntry startDate="">
    <workRoles>
      <workRole role="Member"/>
      <workRole institution="CPC"/>
      <workRole institution="Municipal Committee"/>
      <workRole institution="Standing Committee"/>
      <workRole location="Beijing Municipality"/>
    </workRoles>
  </workHistoryEntry>
  <workHistoryEntry startDate="1984" endDate="1988">
    <workRoles>
      <workRole role="Director"/>
      <workRole institution="People's Bank of China"/>
      <workRole institution="Business and Trade Activities Department"/>
    </workRoles>
  </workHistoryEntry>
  <workHistoryEntry startDate="">
    <workRoles>
      <workRole role="Secretary"/>
      <workRole institution="China Development Bank"/>
      <workRole institution="CPC"/>
      <workRole institution="Party Committee"/>
    </workRoles>
  </workHistoryEntry>
  <workHistoryEntry startDate="1983" endDate="1984">
    <workRoles>
      <workRole role="Secretary"/>
      <workRole institution="CPC"/>
      <workRole institution="District Committee"/>
      <workRole location="Beijing"/>
      <workRole location="Xicheng District"/>
    </workRoles>
  </workHistoryEntry>
  <workHistoryEntry startDate="1982" endDate="1982">
    <workRoles>
      <workRole role="Engineer"/>
      <workRole institution="National Development and Reform Commission"/>
    </workRoles>
  </workHistoryEntry>
  <workHistoryEntry startDate="1982" endDate="1983">
    <workRoles>
      <workRole role="Deputy Secretary"/>
      <workRole institution="CPC"/>
      <workRole institution="District Committee"/>
      <workRole location="Beijing"/>
      <workRole location="Xicheng District"/>
    </workRoles>
  </workHistoryEntry>
  <workHistoryEntry startDate="1981">
    <workRoles>
      <workRole role="Graduate"/>
      <workRole institution="Chinese Academy of Social Sciences"/>
    </workRoles>
  </workHistoryEntry>
  <workHistoryEntry startDate="1981" endDate="1982">
    <workRoles>
      <workRole role="Worker"/>
      <workRole institution="Chinese Academy of Social Sciences"/>
      <workRole institution="Institute of Economics"/>
    </workRoles>
  </workHistoryEntry>
  <workHistoryEntry startDate="1972" endDate="1978">
    <workRoles>
      <workRole role="Technician"/>
      <workRole institution="Ministry of Astronautics Industry"/>
      <workRole institution="No.239 Factory"/>
    </workRoles>
  </workHistoryEntry>
  <workHistoryEntry startDate="1970" endDate="1972">
    <workRoles>
      <workRole role="Worker"/>
      <workRole location="Hunan Province"/>
      <workRole location="Xinshao County"/>
    </workRoles>
  </workHistoryEntry>
  <workHistoryEntry startDate="1964" endDate="1970">
    <workRoles>
      <workRole role="Student"/>
      <workRole institution="Tsinghua University"/>
      <workRole location="Beijing Municipality"/>
    </workRoles>
  </workHistoryEntry>
  <workHistory/>
</biography>
