<?xml version="1.0" encoding="UTF-8"?>
<biography birthDate="1948" fullName="Chen Xingwei" displayName="Chen Xingwei" nonEnglishName="" sex="male" nationality="Han">
  <bioText>Chen Xingwei, male, Han nationality, is a native of Ningbo, Zhejiang Province. He was born in 1948 and is a member of the CPC. Chen served as a manger for the Ningbo Region Material Bureau and the Ningbo Municipal Materials Bureau from 1967 to 1990. During that time, he was also deputy general manager and later general manager of the Material Cooperation Development Company. In addition, Chen held the general manager position of the Ningbo Production Material Trading Market. In 1991, he was sent to establish the Hainan Province Economy Cooperation Corporation and remained there for two years until 1993. Chen then established the Ningbo Oriental Group, and served as their chairman and president. He then became chairman of the United States East American Investment Company Limited. In 1995, he became the standing vice-chairman of the director board at Shenzhen COL. In the late 1990s, Chen helped create two new companies. In 1999, he founded Zhongxun Jinwang Information Development Company Limited, acting as its chairman. The following year, in 2000, he was chairman of the Zhonglian Online Information Development Company Limited.</bioText>
  <posts>
    <post description="Chairman of Zhonglian Online Information Development Company Limited"/>
  </posts>
  <birthLocations>
    <birthLocation location="Zhejiang Province"/>
    <birthLocation location="Ningbo City"/>
  </birthLocations>
  <workHistoryEntry startDate="2000">
    <workRoles>
      <workRole role="Chairman"/>
      <workRole institution="Zhonglian Online Information Development Company Limited"/>
    </workRoles>
  </workHistoryEntry>
  <workHistoryEntry startDate="">
    <workRoles>
      <workRole role="Joined"/>
      <workRole institution="CPC"/>
    </workRoles>
  </workHistoryEntry>
  <workHistory/>
</biography>
