<?xml version="1.0" encoding="UTF-8"?>
<biography birthDate="1933" fullName="Cheng Weigao" displayName="Cheng Weigao" nonEnglishName="" sex="male" nationality="Han">
  <bioText>Cheng Weigao, male, Han nationality, is a native of Suzhou, Jiangsu Province. He was born in 1933 and joined the CPC in 1950. Cheng spent his early career in leadership positions with the Chuangzhou City CYLC Committee. He later became vice-chairman of the Changzhou Planning Committee. In 1984, he was transferred to Nanjing where he became secretary of the CPC Nanjing City Committee. In 1987, he was transferred again and he became deputy secretary of the CPC Henan Provincial Committee. Cheng was a member of the 13th, 14th, and 15th CPC Central Committees.</bioText>
  <posts>
    <post description="Chairman of Standing Committee of 9th Hebei Provincial People's Congress"/>
  </posts>
  <birthLocations>
    <birthLocation location="Jiangsu Province"/>
    <birthLocation location="Suzhou City"/>
  </birthLocations>
  <workHistoryEntry startDate="1998" endDate="2003">
    <workRoles>
      <workRole role="Deputy"/>
      <workRole institution="9th NPC"/>
    </workRoles>
  </workHistoryEntry>
  <workHistoryEntry startDate="1998" endDate="2003">
    <workRoles>
      <workRole role="Chairman"/>
      <workRole institution="Provincial People's Congress"/>
      <workRole institution="Standing Committee"/>
      <workRole location="Hebei Province"/>
    </workRoles>
  </workHistoryEntry>
  <workHistoryEntry startDate="1997" endDate="2002">
    <workRoles>
      <workRole role="Member"/>
      <workRole institution="15th CPC"/>
      <workRole institution="Central Committee"/>
    </workRoles>
  </workHistoryEntry>
  <workHistoryEntry startDate="1993" endDate="1998">
    <workRoles>
      <workRole role="Secretary"/>
      <workRole institution="CPC"/>
      <workRole institution="Provincial Committee"/>
      <workRole location="Hebei Province"/>
    </workRoles>
  </workHistoryEntry>
  <workHistoryEntry startDate="1992" endDate="1997">
    <workRoles>
      <workRole role="Member"/>
      <workRole institution="14th CPC"/>
      <workRole institution="Central Committee"/>
    </workRoles>
  </workHistoryEntry>
  <workHistoryEntry startDate="1991" endDate="1993">
    <workRoles>
      <workRole role="Governor"/>
      <workRole institution="People's Government"/>
      <workRole location="Hebei Province"/>
    </workRoles>
  </workHistoryEntry>
  <workHistoryEntry startDate="1990" endDate="1991">
    <workRoles>
      <workRole role="Acting Governor"/>
      <workRole institution="People's Government"/>
      <workRole location="Hebei Province"/>
    </workRoles>
  </workHistoryEntry>
  <workHistoryEntry startDate="1988" endDate="1990">
    <workRoles>
      <workRole role="Vice-Governor"/>
      <workRole institution="People's Government"/>
      <workRole location="Henan Province"/>
    </workRoles>
  </workHistoryEntry>
  <workHistoryEntry startDate="1987" endDate="????">
    <workRoles>
      <workRole role="Deputy Secretary"/>
      <workRole institution="CPC"/>
      <workRole institution="Provincial Committee"/>
      <workRole location="Henan Province"/>
    </workRoles>
  </workHistoryEntry>
  <workHistoryEntry startDate="1987" endDate="1988">
    <workRoles>
      <workRole role="Vice-Governor"/>
      <workRole institution="People's Government"/>
      <workRole location="Henan Province"/>
    </workRoles>
  </workHistoryEntry>
  <workHistoryEntry startDate="1987" endDate="1990">
    <workRoles>
      <workRole role="Deputy Secretary"/>
      <workRole institution="CPC"/>
      <workRole institution="Provincial Committee"/>
      <workRole location="Hebei Province"/>
    </workRoles>
  </workHistoryEntry>
  <workHistoryEntry startDate="1987" endDate="1992">
    <workRoles>
      <workRole role="Member"/>
      <workRole institution="13th CPC"/>
      <workRole institution="Central Committee"/>
    </workRoles>
  </workHistoryEntry>
  <workHistoryEntry startDate="1984" endDate="1987">
    <workRoles>
      <workRole role="Member"/>
      <workRole institution="CPC"/>
      <workRole institution="Provincial Committee"/>
      <workRole institution="Standing Committee"/>
      <workRole location="Jiangsu Province"/>
    </workRoles>
  </workHistoryEntry>
  <workHistoryEntry startDate="1984" endDate="1987">
    <workRoles>
      <workRole role="Secretary"/>
      <workRole institution="CPC"/>
      <workRole institution="City Committee"/>
      <workRole location="Jiangsu Province"/>
      <workRole location="Nanjing City"/>
    </workRoles>
  </workHistoryEntry>
  <workHistoryEntry startDate="1983" endDate="1988">
    <workRoles>
      <workRole role="Deputy"/>
      <workRole institution="6th NPC"/>
    </workRoles>
  </workHistoryEntry>
  <workHistoryEntry startDate="1980" endDate="1984">
    <workRoles>
      <workRole role="Secretary"/>
      <workRole institution="CPC"/>
      <workRole institution="City Committee"/>
      <workRole location="Jiangsu Province"/>
      <workRole location="Changzhou City"/>
    </workRoles>
  </workHistoryEntry>
  <workHistoryEntry startDate="1977" endDate="1980">
    <workRoles>
      <workRole role="Chairman"/>
      <workRole institution="Capital Construction Committee"/>
      <workRole location="Jiangsu Province"/>
      <workRole location="Changzhou City"/>
    </workRoles>
  </workHistoryEntry>
  <workHistoryEntry startDate="1977" endDate="1980">
    <workRoles>
      <workRole role="Vice-Chairman"/>
      <workRole institution="Planning Committee"/>
      <workRole location="Jiangsu Province"/>
      <workRole location="Changzhou City"/>
    </workRoles>
  </workHistoryEntry>
  <workHistoryEntry startDate="1972" endDate="1977">
    <workRoles>
      <workRole role="Secretary"/>
      <workRole institution="Shanghuang Coal Mine"/>
      <workRole institution="CPC"/>
      <workRole institution="Party Committee"/>
      <workRole location="Jiangsu Province"/>
      <workRole location="Shanghuang"/>
    </workRoles>
  </workHistoryEntry>
  <workHistoryEntry startDate="1965" endDate="1972">
    <workRoles>
      <workRole role="Secretary"/>
      <workRole institution="Changzhou Tractor Plant"/>
      <workRole institution="CPC"/>
      <workRole institution="Party Committee"/>
      <workRole location="Jiangsu Province"/>
      <workRole location="Changzhou City"/>
    </workRoles>
  </workHistoryEntry>
  <workHistoryEntry startDate="1965" endDate="1972">
    <workRoles>
      <workRole role="Director"/>
      <workRole institution="Changzhou Tractor Plant"/>
      <workRole location="Jiangsu Province"/>
      <workRole location="Changzhou City"/>
    </workRoles>
  </workHistoryEntry>
  <workHistoryEntry startDate="1963" endDate="1965">
    <workRoles>
      <workRole role="Director"/>
      <workRole institution="People's Government"/>
      <workRole institution="General Office"/>
      <workRole location="Jiangsu Province"/>
      <workRole location="Changzhou City"/>
    </workRoles>
  </workHistoryEntry>
  <workHistoryEntry startDate="1962" endDate="1963">
    <workRoles>
      <workRole role="Deputy Director"/>
      <workRole institution="People's Government"/>
      <workRole institution="General Office"/>
      <workRole location="Jiangsu Province"/>
      <workRole location="Changzhou City"/>
    </workRoles>
  </workHistoryEntry>
  <workHistoryEntry startDate="1955" endDate="1962">
    <workRoles>
      <workRole role="Worker"/>
      <workRole institution="People's Government"/>
      <workRole institution="General Office"/>
      <workRole location="Jiangsu Province"/>
      <workRole location="Changzhou City"/>
    </workRoles>
  </workHistoryEntry>
  <workHistoryEntry startDate="1950">
    <workRoles>
      <workRole role="Joined"/>
      <workRole institution="CPC"/>
    </workRoles>
  </workHistoryEntry>
  <workHistoryEntry startDate="1949" endDate="1954">
    <workRoles>
      <workRole role="Head"/>
      <workRole institution="CYLC"/>
      <workRole institution="City-Level"/>
      <workRole institution="Propaganda Department"/>
      <workRole location="Jiangsu Province"/>
      <workRole location="Changzhou City"/>
    </workRoles>
  </workHistoryEntry>
  <workHistoryEntry startDate="1949" endDate="1954">
    <workRoles>
      <workRole role="Director"/>
      <workRole institution="CYLC"/>
      <workRole institution="City-Level"/>
      <workRole institution="Student Department"/>
      <workRole location="Jiangsu Province"/>
      <workRole location="Changzhou City"/>
    </workRoles>
  </workHistoryEntry>
  <workHistoryEntry startDate="1949" endDate="1954">
    <workRoles>
      <workRole role="Director"/>
      <workRole institution="CYLC"/>
      <workRole institution="City-Level"/>
      <workRole institution="Juvenile Department"/>
      <workRole location="Jiangsu Province"/>
      <workRole location="Changzhou City"/>
    </workRoles>
  </workHistoryEntry>
  <workHistory/>
</biography>
