<?xml version="1.0" encoding="UTF-8"?>
<biography birthDate="1958" fullName="Chen Xiaoyang" displayName="Chen Xiaoyang" nonEnglishName="" sex="male" nationality="Han">
  <bioText>Chen Xiaoyang, male, Han nationality, is a native of Nanchong, Sichuan Province. He was born in 1958, and graduated from Beijing Forestry University in 1980. He earned MA and Ph.D. degrees and from 1995 to 1998 was director of the Forestry Department of the Tibet Farming and Herding College. In 1994 Chen was honored as a remarkable youth expert by the Ministry of Forestry. He was senior visiting scholar at Victoria University in Canada and became vice-president of Beijing Forestry University on his return.</bioText>
  <posts>
    <post description="Vice-President of Beijing Forestry University"/>
  </posts>
  <birthLocations>
    <birthLocation location="Sichuan Province"/>
    <birthLocation location="Nanchong County"/>
  </birthLocations>
  <workHistoryEntry startDate="2000">
    <workRoles>
      <workRole role="Vice-President"/>
      <workRole institution="Beijing Forestry University"/>
      <workRole location="Beijing Municipality"/>
    </workRoles>
  </workHistoryEntry>
  <workHistoryEntry startDate="1980">
    <workRoles>
      <workRole role="Graduate"/>
      <workRole institution="Beijing Forestry University"/>
      <workRole location="Beijing Municipality"/>
    </workRoles>
  </workHistoryEntry>
  <workHistory/>
</biography>
