<?xml version="1.0" encoding="UTF-8"?>
<biography birthDate="1936" fullName="Chen Fuhan" displayName="Chen Fuhan" nonEnglishName="" sex="male" nationality="Han">
  <bioText>Chen Fuhan, male, Han nationality, is a native of Tianjin. He was born in 1936 and joined the CPC in 1959. He was the head driver of Mao Zedong Locomotive, Fengtai Locomotive Terminal, Beijing Railway Bureau and was member of 11th and 12th CPC Central Committees.</bioText>
  <posts>
    <post description="Member of the 12th CPC Central Committee"/>
  </posts>
  <birthLocations>
    <birthLocation location="Tianjin Municipality"/>
  </birthLocations>
  <workHistoryEntry startDate="1982" endDate="1987">
    <workRoles>
      <workRole role="Member"/>
      <workRole institution="12th CPC"/>
      <workRole institution="Central Committee"/>
    </workRoles>
  </workHistoryEntry>
  <workHistoryEntry startDate="1977" endDate="1982">
    <workRoles>
      <workRole role="Member"/>
      <workRole institution="11th CPC"/>
      <workRole institution="Central Committee"/>
    </workRoles>
  </workHistoryEntry>
  <workHistory/>
</biography>
