<?xml version="1.0" encoding="UTF-8"?>
<biography birthDate="1940" fullName="Chen Kaizhi" displayName="Chen Kaizhi" nonEnglishName="" sex="male" nationality="Han">
  <bioText>Chen Kaizhi, male, Han nationality, is a native of Yunfu, Guangdong province. He was born in 1940, graduated from South China Teachers' University, and joined the CPC in 1960. Chen held leading posts in the CPC Guangdong Provincial Committee, including deputy secretary-general in 1989. Subsequently he served a term as vice-mayor of Guangzhou city, and was elected chairman of the CPPCC Guangzhou City Committee in 1998. Chen Kaizhi was a member of the 9th and 10th CPPCC National Committees.</bioText>
  <posts>
    <post description="Chairman of the CPPCC Guangzhou City Committee"/>
  </posts>
  <birthLocations>
    <birthLocation location="Guangdong Province"/>
    <birthLocation location="Yunfu"/>
  </birthLocations>
  <workHistoryEntry startDate="2003">
    <workRoles>
      <workRole role="Member"/>
      <workRole institution="10th CPPCC"/>
      <workRole institution="National Committee"/>
    </workRoles>
  </workHistoryEntry>
  <workHistoryEntry startDate="1998" endDate="2003">
    <workRoles>
      <workRole role="Member"/>
      <workRole institution="9th CPPCC"/>
      <workRole institution="National Committee"/>
    </workRoles>
  </workHistoryEntry>
  <workHistoryEntry startDate="1998">
    <workRoles>
      <workRole role="Secretary"/>
      <workRole institution="CPPCC"/>
      <workRole institution="City Committee"/>
      <workRole institution="CPC"/>
      <workRole institution="Leading Party Group"/>
      <workRole location="Guangdong Province"/>
      <workRole location="Guangzhou City"/>
    </workRoles>
  </workHistoryEntry>
  <workHistoryEntry startDate="1998">
    <workRoles>
      <workRole role="Chairman"/>
      <workRole institution="CPPCC"/>
      <workRole institution="City Committee"/>
      <workRole location="Guangdong Province"/>
      <workRole location="Guangzhou City"/>
    </workRoles>
  </workHistoryEntry>
  <workHistoryEntry startDate="1992" endDate="1998">
    <workRoles>
      <workRole role="Executive Vice-Mayor"/>
      <workRole institution="People's Government"/>
      <workRole location="Guangdong Province"/>
      <workRole location="Guangzhou City"/>
    </workRoles>
  </workHistoryEntry>
  <workHistoryEntry startDate="1992" endDate="1998">
    <workRoles>
      <workRole role="Member"/>
      <workRole institution="CPC"/>
      <workRole institution="City Committee"/>
      <workRole institution="Standing Committee"/>
      <workRole location="Guangdong Province"/>
      <workRole location="Guangzhou City"/>
    </workRoles>
  </workHistoryEntry>
  <workHistoryEntry startDate="1989" endDate="1992">
    <workRoles>
      <workRole role="Deputy Secretary-General"/>
      <workRole institution="CPC"/>
      <workRole institution="Provincial Committee"/>
      <workRole location="Guangdong Province"/>
    </workRoles>
  </workHistoryEntry>
  <workHistoryEntry startDate="1983" endDate="1989">
    <workRoles>
      <workRole role="Deputy Secretary"/>
      <workRole institution="CPC"/>
      <workRole institution="County Committee"/>
      <workRole location="Guangdong Province"/>
      <workRole location="Dongguan County"/>
    </workRoles>
  </workHistoryEntry>
  <workHistoryEntry startDate="1964" endDate="1975">
    <workRoles>
      <workRole role="Division Head"/>
      <workRole institution="CPC"/>
      <workRole institution="Provincial Committee"/>
      <workRole location="Guangdong Province"/>
    </workRoles>
  </workHistoryEntry>
  <workHistoryEntry startDate="1964" endDate="1975">
    <workRoles>
      <workRole role="Deputy Division Head"/>
      <workRole institution="CPC"/>
      <workRole institution="Provincial Committee"/>
      <workRole location="Guangdong Province"/>
    </workRoles>
  </workHistoryEntry>
  <workHistoryEntry startDate="1964" endDate="1975">
    <workRoles>
      <workRole role="Office Secretary"/>
      <workRole institution="CPC"/>
      <workRole institution="Provincial Committee"/>
      <workRole location="Guangdong Province"/>
    </workRoles>
  </workHistoryEntry>
  <workHistoryEntry startDate="1964">
    <workRoles>
      <workRole role="Graduate"/>
      <workRole institution="South China Teachers' University"/>
      <workRole location="Guangdong Province"/>
    </workRoles>
  </workHistoryEntry>
  <workHistoryEntry startDate="1960">
    <workRoles>
      <workRole role="Joined"/>
      <workRole institution="CPC"/>
    </workRoles>
  </workHistoryEntry>
  <workHistory/>
</biography>
