<?xml version="1.0" encoding="UTF-8"?>
<biography birthDate="1950" fullName="Chen Xiwen" displayName="Chen Xiwen" nonEnglishName="" sex="male" nationality="Han">
  <bioText>Chen Xiwen, male, Han nationality, is a native of Danyang, Jiangsu Province. He was born in 1950 and graduated from junior high school in Shanghai in 1966. Following the Cultural Revolution, Chen studied in the Agricultural Economics Department at Renmin University of China. An agricultural economist, Chen served as a peasant worker and clerk in the Heilongjiang Production and Constructions Corps. He was secretary of the corps battalion and was involved with the corps political department. Following his education studies, Chen joined the institute of agricultural economics at Chinese Academy of Social Sciences in 1982. He served concurrently as deputy director of the State Rural Study and Survey Group. Chen was later deputy director of the State Rural Study and Survey Center of the State Council and then served as the center's director. In 1994, Chen joined the general office of the central financial and economic leadership group at the State Council. He assumed deputy director responsibilities of the development research center of the State Council in 2000.</bioText>
  <posts>
    <post description="Deputy Director of the Development Research Center of State Council"/>
  </posts>
  <birthLocations>
    <birthLocation location="Jiangsu Province"/>
    <birthLocation location="Danyang City"/>
  </birthLocations>
  <workHistoryEntry startDate="2000">
    <workRoles>
      <workRole role="Deputy Director"/>
      <workRole institution="Development Research Center of the State Council"/>
    </workRoles>
  </workHistoryEntry>
  <workHistory/>
</biography>
