<?xml version="1.0" encoding="UTF-8"?>
<biography displayName="Chen Jiageng" nonEnglishName="" sex="male" nationality="Chinese">
  <bioText>Information on this official is limited because China Vitae has not yet prepared a full biographical sketch.</bioText>
  <posts>
    <post description="Vice-Chairman of the 3rd CPPCC National Committee"/>
  </posts>
  <birthLocations/>
  <workHistoryEntry startDate="1959" endDate="1964">
    <workRoles>
      <workRole role="Vice-Chairman"/>
      <workRole institution="3rd CPPCC"/>
      <workRole institution="National Committee"/>
    </workRoles>
  </workHistoryEntry>
  <workHistoryEntry startDate="1954" endDate="1959">
    <workRoles>
      <workRole role="Vice-Chairman"/>
      <workRole institution="2nd CPPCC"/>
      <workRole institution="National Committee"/>
    </workRoles>
  </workHistoryEntry>
  <workHistory/>
</biography>
