<?xml version="1.0" encoding="UTF-8"?>
<biography birthDate="1952" fullName="Chen Jinen" displayName="Chen Jinen" nonEnglishName="" sex="male" nationality="Han">
  <bioText>Chen Jinen, male, Han nationality, is a native of Lianhua County, Jiangxi province. He was born in 1952 and received a master's degree. He was elected secretary of the CPC Committee of the China Energy Conservation Investment Corporation in 2002.</bioText>
  <posts>
    <post description="Secretary of the CPC Committee of the China Energy Conservation Investment Corporation"/>
  </posts>
  <birthLocations>
    <birthLocation location="Jiangxi Province"/>
    <birthLocation location="Lianhua County"/>
  </birthLocations>
  <workHistoryEntry startDate="2002">
    <workRoles>
      <workRole role="Secretary"/>
      <workRole institution="China Energy Conservation Investment Corporation"/>
      <workRole institution="CPC"/>
      <workRole institution="Party Committee"/>
    </workRoles>
  </workHistoryEntry>
  <workHistoryEntry startDate="1998">
    <workRoles>
      <workRole role="Director General"/>
      <workRole institution="CPC"/>
      <workRole institution="Working Commission for State-Owned Enterprises"/>
    </workRoles>
  </workHistoryEntry>
  <workHistoryEntry startDate="1992" endDate="1998">
    <workRoles>
      <workRole role="Engineer"/>
      <workRole institution="Ministry of Aviation"/>
      <workRole institution="No. 602 Institute"/>
    </workRoles>
  </workHistoryEntry>
  <workHistory/>
</biography>
