<?xml version="1.0" encoding="UTF-8"?>
<biography birthDate="Hunan Province, Yuanjiang" fullName="Chen Xunqiu" displayName="Chen Xunqiu" nonEnglishName="" sex="male" nationality="Han">
  <bioText>Chen Xunqiu, male, Han nationality, is a native of Yuanjiang, Hunan Province. He was born in 1956 and joined the CPC in 1956. Chen served in different leadership positions in the Communist Party Youth League of Hubei Province. In 1993, he became secretary of the CPC Hubei Province. Later, he became a member of the 8th CPC Hubei Standing Committee. He was vice-minister of the Ministry of Justice from 2006 to 2011. Chen was an alternate member of the 16th CPC Central Committee. He is currently a member of the 17th CPC Central Commission for Discipline Inspection.</bioText>
  <posts>
    <post description="Member of the 17th CPC Central Commission for Discipline Inspection"/>
  </posts>
  <birthLocations/>
  <workHistoryEntry startDate="2007">
    <workRoles>
      <workRole role="Member"/>
      <workRole institution="17th CPC"/>
      <workRole institution="Central Committee"/>
      <workRole institution="Central Commission for Discipline Inspection"/>
    </workRoles>
  </workHistoryEntry>
  <workHistoryEntry startDate="2006" endDate="2011">
    <workRoles>
      <workRole role="Vice-Minister"/>
      <workRole institution="Ministry of Justice"/>
    </workRoles>
  </workHistoryEntry>
  <workHistoryEntry startDate="2003" endDate="2006">
    <workRoles>
      <workRole role="Deputy Secretary"/>
      <workRole institution="CPC"/>
      <workRole institution="Provincial Committee"/>
      <workRole location="Hubei Province"/>
    </workRoles>
  </workHistoryEntry>
  <workHistoryEntry startDate="2002" endDate="2003">
    <workRoles>
      <workRole role="Secretary"/>
      <workRole institution="CPC"/>
      <workRole institution="City Committee"/>
      <workRole location="Hubei Province"/>
      <workRole location="Wuhan City"/>
    </workRoles>
  </workHistoryEntry>
  <workHistoryEntry startDate="2002" endDate="2007">
    <workRoles>
      <workRole role="Alternate Member"/>
      <workRole institution="16th CPC"/>
      <workRole institution="Central Committee"/>
    </workRoles>
  </workHistoryEntry>
  <workHistoryEntry startDate="2002" endDate="2006">
    <workRoles>
      <workRole role="Member"/>
      <workRole institution="CPC"/>
      <workRole institution="Provincial Committee"/>
      <workRole institution="Standing Committee"/>
      <workRole location="Hubei Province"/>
    </workRoles>
  </workHistoryEntry>
  <workHistoryEntry startDate="1998" endDate="2002">
    <workRoles>
      <workRole role="Head"/>
      <workRole institution="Public Security Department"/>
      <workRole location="Hubei Province"/>
    </workRoles>
  </workHistoryEntry>
  <workHistoryEntry startDate="1997" endDate="2002">
    <workRoles>
      <workRole role="Delegate"/>
      <workRole institution="15th CPC"/>
      <workRole institution="Central Committee"/>
    </workRoles>
  </workHistoryEntry>
  <workHistoryEntry startDate="1996" endDate="1998">
    <workRoles>
      <workRole role="Secretary"/>
      <workRole institution="CPC"/>
      <workRole institution="City Committee"/>
      <workRole location="Hubei Province"/>
      <workRole location="Ezhou City"/>
    </workRoles>
  </workHistoryEntry>
  <workHistoryEntry startDate="1993" endDate="1996">
    <workRoles>
      <workRole role="Director"/>
      <workRole institution="Sports Commission"/>
      <workRole location="Hubei Province"/>
    </workRoles>
  </workHistoryEntry>
  <workHistoryEntry startDate="1992" endDate="1993">
    <workRoles>
      <workRole role="Secretary"/>
      <workRole institution="CYLC"/>
      <workRole institution="Provincial-Level"/>
      <workRole location="Hubei Province"/>
    </workRoles>
  </workHistoryEntry>
  <workHistoryEntry startDate="1984" endDate="1992">
    <workRoles>
      <workRole role="Deputy Secretary"/>
      <workRole institution="CYLC"/>
      <workRole institution="Provincial-Level"/>
      <workRole location="Hubei Province"/>
    </workRoles>
  </workHistoryEntry>
  <workHistoryEntry startDate="1983" endDate="1984">
    <workRoles>
      <workRole role="Deputy Director"/>
      <workRole institution="CPC"/>
      <workRole institution="District Committee"/>
      <workRole institution="Publicity Department"/>
      <workRole location="Hubei Province"/>
      <workRole location="Xianning"/>
    </workRoles>
  </workHistoryEntry>
  <workHistoryEntry startDate="1981" endDate="1983">
    <workRoles>
      <workRole role="Staff Member"/>
      <workRole institution="CYLC"/>
      <workRole institution="District-Level"/>
      <workRole location="Hubei Province"/>
      <workRole location="Xianning"/>
    </workRoles>
  </workHistoryEntry>
  <workHistoryEntry startDate="1978" endDate="1981">
    <workRoles>
      <workRole role="Student"/>
      <workRole institution="Hubei University"/>
      <workRole institution="Chinese Department"/>
      <workRole location="Hubei Province"/>
      <workRole location="Wuhan City"/>
    </workRoles>
  </workHistoryEntry>
  <workHistoryEntry startDate="1976">
    <workRoles>
      <workRole role="Joined"/>
      <workRole institution="CPC"/>
    </workRoles>
  </workHistoryEntry>
  <workHistory/>
</biography>
