<?xml version="1.0" encoding="UTF-8"?>
<biography birthDate="1941" fullName="Chen Fujin" displayName="Chen Fujin" nonEnglishName="" sex="male" nationality="Han">
  <bioText>Chen Fujin, male, Han nationality, is a native of Shiping, Yunnan province. He was born in 1941, joined the CPC in 1965, and graduated from the department of philosophy of Beijing University in that same year. In September of 1997, Chen Fujin became a delegate to the 15th CPC National Congress. He is secretary of the National Administrative Institute and a Member of the 11th CPPCC National Committee.</bioText>
  <posts>
    <post description="Secretary of the National Administrative Institute, Member of the 11th CPPCC National Committee"/>
  </posts>
  <birthLocations>
    <birthLocation location="Yunnan Province"/>
    <birthLocation location="Shiping"/>
  </birthLocations>
  <workHistoryEntry startDate="2008">
    <workRoles>
      <workRole role="Member"/>
      <workRole institution="11th CPPCC"/>
      <workRole institution="National Committee"/>
    </workRoles>
  </workHistoryEntry>
  <workHistoryEntry startDate="2003">
    <workRoles>
      <workRole role="Secretary"/>
      <workRole institution="National Administrative Institute"/>
    </workRoles>
  </workHistoryEntry>
  <workHistoryEntry startDate="2002" endDate="2007">
    <workRoles>
      <workRole role="Member"/>
      <workRole institution="16th CPC"/>
      <workRole institution="Central Committee"/>
    </workRoles>
  </workHistoryEntry>
  <workHistoryEntry startDate="1999" endDate="2006">
    <workRoles>
      <workRole role="Vice-President"/>
      <workRole institution="China National School of Administration"/>
    </workRoles>
  </workHistoryEntry>
  <workHistoryEntry startDate="1997" endDate="2002">
    <workRoles>
      <workRole role="Delegate"/>
      <workRole institution="15th CPC"/>
      <workRole institution="National Congress"/>
    </workRoles>
  </workHistoryEntry>
  <workHistoryEntry startDate="1997" endDate="2002">
    <workRoles>
      <workRole role="Member"/>
      <workRole institution="15th CPC"/>
      <workRole institution="Central Committee"/>
      <workRole institution="Central Commission for Discipline Inspection"/>
    </workRoles>
  </workHistoryEntry>
  <workHistoryEntry startDate="1992" endDate="1997">
    <workRoles>
      <workRole role="Delegate"/>
      <workRole institution="14th CPC"/>
      <workRole institution="National Congress"/>
    </workRoles>
  </workHistoryEntry>
  <workHistoryEntry startDate="1986" endDate="1990">
    <workRoles>
      <workRole role="Deputy Director"/>
      <workRole institution="CPC"/>
      <workRole institution="Central Committee"/>
      <workRole institution="Research Office"/>
    </workRoles>
  </workHistoryEntry>
  <workHistoryEntry startDate="1982" endDate="1986">
    <workRoles>
      <workRole role="Editor-in-Chief"/>
      <workRole institution="Chinese Coal Industry Newspaper"/>
    </workRoles>
  </workHistoryEntry>
  <workHistoryEntry startDate="1969" endDate="1971">
    <workRoles>
      <workRole role="Worker"/>
      <workRole institution="Cultural Revolution"/>
      <workRole institution="May 7th Cadre School"/>
    </workRoles>
  </workHistoryEntry>
  <workHistoryEntry startDate="1965" endDate="1969">
    <workRoles>
      <workRole role="Worker"/>
      <workRole institution="Ministry of Culture"/>
      <workRole institution="Political Department"/>
    </workRoles>
  </workHistoryEntry>
  <workHistoryEntry startDate="1965">
    <workRoles>
      <workRole role="Joined"/>
      <workRole institution="CPC"/>
    </workRoles>
  </workHistoryEntry>
  <workHistoryEntry startDate="1960" endDate="1965">
    <workRoles>
      <workRole role="Student"/>
      <workRole institution="Beijing University"/>
      <workRole institution="Philosophy Department"/>
      <workRole location="Beijing Municipality"/>
    </workRoles>
  </workHistoryEntry>
  <workHistory/>
</biography>
