<?xml version="1.0" encoding="UTF-8"?>
<biography birthDate="1961" fullName="Chen Zhangliang" displayName="Chen Zhangliang" nonEnglishName="" sex="male" nationality="Han">
  <bioText>Chen Zhangliang, male, Han nationality was born in 1961. He graduated from Huanan Tropical Crops College and received a doctorate degree in plant molecular biology from the University of Washington in 1987. On his return to China he became professor, head of the Plant Gene Engineering Laboratory of the Biology Department and vice-president of Beijing University. Chen has carried out extensive research in plant gene engineering and has received several awards for his work. He was president of China Agricultural University and in 2008 became Vice-Chairman of Guangxi Zhuang Autonomous Region.</bioText>
  <posts>
    <post description="Vice-Chairman of Guangxi Zhuang Autonomous Region"/>
  </posts>
  <birthLocations>
    <birthLocation location="Fujian Province"/>
    <birthLocation location="Fuqing City"/>
  </birthLocations>
  <workHistoryEntry startDate="2007">
    <workRoles>
      <workRole role="Vice-Chairman"/>
      <workRole institution="Autonomous Region People's Government"/>
      <workRole location="Guangxi Zhuang Autonomous Region"/>
    </workRoles>
  </workHistoryEntry>
  <workHistoryEntry startDate="2003" endDate="2008">
    <workRoles>
      <workRole role="Member"/>
      <workRole institution="Education, Science, Culture and Health Committee of the NPC"/>
    </workRoles>
  </workHistoryEntry>
  <workHistoryEntry startDate="2002" endDate="2007">
    <workRoles>
      <workRole role="President"/>
      <workRole institution="China Agricultural University"/>
      <workRole location="Beijing Municipality"/>
    </workRoles>
  </workHistoryEntry>
  <workHistoryEntry startDate="1998" endDate="2003">
    <workRoles>
      <workRole role="Member"/>
      <workRole institution="Education, Science, Culture and Health Committee of the NPC"/>
    </workRoles>
  </workHistoryEntry>
  <workHistoryEntry startDate="1995" endDate="2002">
    <workRoles>
      <workRole role="Vice-President"/>
      <workRole institution="Beijing University"/>
      <workRole location="Beijing Municipality"/>
    </workRoles>
  </workHistoryEntry>
  <workHistoryEntry startDate="1993" endDate="1998">
    <workRoles>
      <workRole role="Member"/>
      <workRole institution="Education, Science, Culture and Health Committee of the NPC"/>
    </workRoles>
  </workHistoryEntry>
  <workHistoryEntry startDate="1992" endDate="1998">
    <workRoles>
      <workRole role="Dean"/>
      <workRole institution="Beijing University"/>
      <workRole institution="Biology Department"/>
      <workRole location="Beijing Municipality"/>
    </workRoles>
  </workHistoryEntry>
  <workHistoryEntry startDate="1987" endDate="1992">
    <workRoles>
      <workRole role="Associate Professor"/>
      <workRole institution="Beijing University"/>
      <workRole institution="Biology Department"/>
      <workRole location="Beijing Municipality"/>
    </workRoles>
  </workHistoryEntry>
  <workHistoryEntry startDate="1987" endDate="1992">
    <workRoles>
      <workRole role="Professor"/>
      <workRole institution="Beijing University"/>
      <workRole location="Beijing Municipality"/>
    </workRoles>
  </workHistoryEntry>
  <workHistoryEntry startDate="1983" endDate="1987">
    <workRoles>
      <workRole role="Student"/>
      <workRole institution="University of Washington"/>
      <workRole location="USA"/>
      <workRole location="Washington"/>
    </workRoles>
  </workHistoryEntry>
  <workHistory/>
</biography>
