<?xml version="1.0" encoding="UTF-8"?>
<biography birthDate="1953" fullName="Chen Jiayuan" displayName="Chen Jiayuan" nonEnglishName="" sex="male" nationality="Han">
  <bioText>Chen Jiayuan, male, Han nationality, is a native of Yongkang, Zhejiang province. He was born in 1953, attended the Party school, started to work in 1977, and joined the CPC in 1974. Chen has served as director of the Zhejiang Provincial Grain Administration and deputy secretary-general of the Zhejiang Provincial Government. He was elected vice-governor of Zhejiang province in 2003.</bioText>
  <posts>
    <post description="Vice-Governor of Zhejiang Province"/>
  </posts>
  <birthLocations>
    <birthLocation location="Zhejiang Province"/>
    <birthLocation location="Yongkang"/>
  </birthLocations>
  <workHistoryEntry startDate="2003">
    <workRoles>
      <workRole role="Vice-Governor"/>
      <workRole institution="People's Government"/>
      <workRole location="Zhejiang Province"/>
    </workRoles>
  </workHistoryEntry>
  <workHistoryEntry startDate="">
    <workRoles>
      <workRole role="Secretary"/>
      <workRole institution="CPC"/>
      <workRole institution="City Committee"/>
      <workRole location="Zhejiang Province"/>
      <workRole location="Jiaxing City"/>
    </workRoles>
  </workHistoryEntry>
  <workHistoryEntry startDate="">
    <workRoles>
      <workRole role="Secretary"/>
      <workRole institution="Provincial Grain Administration"/>
      <workRole institution="CPC"/>
      <workRole institution="Leading Party Group"/>
      <workRole location="Zhejiang Province"/>
    </workRoles>
  </workHistoryEntry>
  <workHistoryEntry startDate="">
    <workRoles>
      <workRole role="Director"/>
      <workRole institution="Provincial Grain Administration"/>
      <workRole location="Zhejiang Province"/>
    </workRoles>
  </workHistoryEntry>
  <workHistoryEntry startDate="">
    <workRoles>
      <workRole role="Deputy Secretary-General"/>
      <workRole institution="People's Government"/>
      <workRole location="Zhejiang Province"/>
    </workRoles>
  </workHistoryEntry>
  <workHistoryEntry startDate="">
    <workRoles>
      <workRole role="Deputy Director"/>
      <workRole institution="People's Government"/>
      <workRole institution="General Office"/>
      <workRole location="Zhejiang Province"/>
    </workRoles>
  </workHistoryEntry>
  <workHistoryEntry startDate="">
    <workRoles>
      <workRole role="Deputy Director"/>
      <workRole institution="CPC"/>
      <workRole institution="Provincial Committee"/>
      <workRole institution="Policy Research Office"/>
      <workRole location="Zhejiang Province"/>
    </workRoles>
  </workHistoryEntry>
  <workHistoryEntry startDate="">
    <workRoles>
      <workRole role="Deputy Director"/>
      <workRole institution="CPC"/>
      <workRole institution="City Committee"/>
      <workRole institution="Administrative Office"/>
      <workRole location="Zhejiang Province"/>
      <workRole location="Hangzhou City"/>
    </workRoles>
  </workHistoryEntry>
  <workHistoryEntry startDate="">
    <workRoles>
      <workRole role="Postgraduate Student"/>
      <workRole institution="CPC"/>
      <workRole institution="Provincial Committee"/>
      <workRole institution="Party School"/>
      <workRole institution="Political Economics Department"/>
      <workRole location="Zhejiang Province"/>
    </workRoles>
  </workHistoryEntry>
  <workHistoryEntry startDate="1974">
    <workRoles>
      <workRole role="Joined"/>
      <workRole institution="CPC"/>
    </workRoles>
  </workHistoryEntry>
  <workHistory/>
</biography>
