<?xml version="1.0" encoding="UTF-8"?>
<biography birthDate="1946" fullName="Chen Ping" displayName="Chen Ping" nonEnglishName="" sex="male" nationality="Han">
  <bioText>Chen Ping, male, Han nationality, was born in 1946, graduated from the University of Science and Technology of China of the Chinese Academy of Sciences, and received a doctorate in physics from the University of Texas at Austin. As an active contributor to reform since 1978, Chen was one of the scientists who systematically criticized traditional agriculture policies in China. His articles appeared in leading Chinese papers, including the People's Daily, the World Economic Herald, and the United Daily News. Chen is a professor of economics at Beijing University.</bioText>
  <posts>
    <post description="Economics Professor of the China Center for Economic Research of Beijing University"/>
  </posts>
  <birthLocations/>
  <workHistoryEntry startDate="1997">
    <workRoles>
      <workRole role="Economics Professor"/>
      <workRole institution="Beijing University"/>
      <workRole institution="China Center for Economic Research"/>
      <workRole location="Beijing Municipality"/>
    </workRoles>
  </workHistoryEntry>
  <workHistoryEntry startDate="1989" endDate="1992">
    <workRoles>
      <workRole role="Research Associate"/>
      <workRole institution="University of Texas"/>
      <workRole institution="Ilya Prigogine Center for Studies in Thermodynamics and Statistical Mechanics"/>
      <workRole location="USA"/>
      <workRole location="Texas"/>
      <workRole location="Austin"/>
    </workRoles>
  </workHistoryEntry>
  <workHistoryEntry startDate="1989">
    <workRoles>
      <workRole role="Chairman"/>
      <workRole location="USA"/>
      <workRole location="Texas"/>
      <workRole location="Austin"/>
    </workRoles>
  </workHistoryEntry>
  <workHistoryEntry startDate="1986" endDate="1987">
    <workRoles>
      <workRole role="Member"/>
      <workRole institution="Chinese Young Economist Society"/>
      <workRole institution="Board of Directors"/>
    </workRoles>
  </workHistoryEntry>
  <workHistoryEntry startDate="1983" endDate="1987">
    <workRoles>
      <workRole role="Research Assistant"/>
      <workRole institution="University of Texas"/>
      <workRole institution="Ilya Prigogine Center for Studies in Thermodynamics and Statistical Mechanics"/>
      <workRole location="USA"/>
      <workRole location="Texas"/>
      <workRole location="Austin"/>
    </workRoles>
  </workHistoryEntry>
  <workHistoryEntry startDate="1974" endDate="1980">
    <workRoles>
      <workRole role="Research Assistant"/>
      <workRole institution="Chinese Academy of Sciences"/>
      <workRole institution="Plasma Physics Research Institute"/>
    </workRoles>
  </workHistoryEntry>
  <workHistory/>
</biography>
