<?xml version="1.0" encoding="UTF-8"?>
<biography birthDate="1927" fullName="Chen Junwu" displayName="Chen Junwu" nonEnglishName="" sex="male" nationality="Han">
  <bioText>Chen Junwu, male, Han nationality, is a native of Changle, Fujian Province. He was born in 1927, graduated from Beijing University in 1948, and joined the CPC in 1956. Chen Junwu was the engineer of China's first commercial fluid catalytic cracking unit. Under his direction, the first catalytic cracking unit with a capacity of 1,200 thousand T/Y was completed, which combined the combined technology of three reactors and a regenerator. The first co-axial riser type catalytic cracking semi-commercial unit was designed under Chen's guidance. Chen improved devices in the unit revamp design for oil refining which obtained excellent economic results. Chen also directed and designed China's first high efficient regenerator, laying a solid foundation for the development of the technology industry in China. Under his leadership new technologies such as air distributor pipes, cyclone separators, and stage fast fluidized bed regenerator were put into practice. Chen successfully organized the task force for the catalytic cracking Daqing atmospheric residual oil. Chen Junwu is a member of the Chinese Academy of Sciences.</bioText>
  <posts>
    <post description="Chemical Engineer Scientist"/>
  </posts>
  <birthLocations>
    <birthLocation location="Fujian Province"/>
    <birthLocation location="Changle"/>
  </birthLocations>
  <workHistoryEntry startDate="1995">
    <workRoles>
      <workRole role="(Awarded, Ho Leung and Ho Lee Prize for the Progress of Sciences and Technology)"/>
    </workRoles>
  </workHistoryEntry>
  <workHistoryEntry startDate="1992" endDate="1997">
    <workRoles>
      <workRole role="Delegate"/>
      <workRole institution="14th CPC"/>
      <workRole institution="National Congress"/>
    </workRoles>
  </workHistoryEntry>
  <workHistoryEntry startDate="1991">
    <workRoles>
      <workRole role="Member"/>
      <workRole institution="Chinese Academy of Sciences"/>
    </workRoles>
  </workHistoryEntry>
  <workHistoryEntry startDate="1990">
    <workRoles>
      <workRole role="(Awarded, Master of Engineering Design of the People's Republic of China)"/>
    </workRoles>
  </workHistoryEntry>
  <workHistoryEntry startDate="1985">
    <workRoles>
      <workRole role="(Awarded, May 1st Labor Medal, All-China Federation of Labor Union)"/>
    </workRoles>
  </workHistoryEntry>
  <workHistoryEntry startDate="1978">
    <workRoles>
      <workRole role="(Winner, National Sciences Assembly Award)"/>
    </workRoles>
  </workHistoryEntry>
  <workHistoryEntry startDate="">
    <workRoles>
      <workRole role="Director"/>
      <workRole institution="Luoyang Petrochemical Company"/>
      <workRole location="Henan Province"/>
      <workRole location="Luoyang City"/>
    </workRoles>
  </workHistoryEntry>
  <workHistoryEntry startDate="">
    <workRoles>
      <workRole role="Head"/>
      <workRole institution="Sinopec Corp."/>
      <workRole institution="Task Team for Catalysis Cracking Techniques"/>
    </workRoles>
  </workHistoryEntry>
  <workHistoryEntry startDate="">
    <workRoles>
      <workRole role="Director"/>
      <workRole institution="Luoyang Petrochemical Engineering Design Institute"/>
      <workRole location="Henan Province"/>
      <workRole location="Luoyang City"/>
    </workRoles>
  </workHistoryEntry>
  <workHistoryEntry startDate="">
    <workRoles>
      <workRole role="Deputy Director"/>
      <workRole institution="Luoyang Petrochemical Engineering Design Institute"/>
      <workRole location="Henan Province"/>
      <workRole location="Luoyang City"/>
    </workRoles>
  </workHistoryEntry>
  <workHistoryEntry startDate="">
    <workRoles>
      <workRole role="Chief Engineer"/>
      <workRole institution="Luoyang Petrochemical Engineering Design Institute"/>
      <workRole location="Henan Province"/>
      <workRole location="Luoyang City"/>
    </workRoles>
  </workHistoryEntry>
  <workHistoryEntry startDate="">
    <workRoles>
      <workRole role="Deputy Chief Engineer"/>
      <workRole institution="Luoyang Petrochemical Engineering Design Institute"/>
      <workRole location="Henan Province"/>
      <workRole location="Luoyang City"/>
    </workRoles>
  </workHistoryEntry>
  <workHistoryEntry startDate="">
    <workRoles>
      <workRole role="Section Chief"/>
      <workRole institution="Fushun Petroleum Design Institute"/>
      <workRole location="Liaoning Province"/>
      <workRole location="Fushun City"/>
    </workRoles>
  </workHistoryEntry>
  <workHistoryEntry startDate="">
    <workRoles>
      <workRole role="Designer"/>
      <workRole institution="Fushun Petroleum Design Institute"/>
      <workRole location="Liaoning Province"/>
      <workRole location="Fushun City"/>
    </workRoles>
  </workHistoryEntry>
  <workHistoryEntry startDate="1956">
    <workRoles>
      <workRole role="Joined"/>
      <workRole institution="CPC"/>
    </workRoles>
  </workHistoryEntry>
  <workHistoryEntry startDate="1948">
    <workRoles>
      <workRole role="Graduate"/>
      <workRole institution="Beijing University"/>
      <workRole institution="Chemical Engineering Department"/>
      <workRole location="Beijing Municipality"/>
    </workRoles>
  </workHistoryEntry>
  <workHistory/>
</biography>
