<?xml version="1.0" encoding="UTF-8"?>
<biography birthDate="1929" fullName="Chen Zhuanwu" displayName="Chen Zhangwu" nonEnglishName="" sex="male" nationality="Han">
  <bioText>Chen Zhuanwu, male, Han nationality, is a native of Ningbo City, Zhejiang province. He was born in 1929. He teaches and conducts research in microeconomics and managerial economics at Tsinghua University. In 1997, he was promoted to associate dean of the Economics Institute.</bioText>
  <posts>
    <post description="Associate Dean of the Economics Institute of Tsinghua University"/>
  </posts>
  <birthLocations>
    <birthLocation location="Zhejiang Province"/>
    <birthLocation location="Ningbo City"/>
  </birthLocations>
  <workHistoryEntry startDate="1997">
    <workRoles>
      <workRole role="Associate Dean"/>
      <workRole institution="Tsinghua University"/>
      <workRole institution="Economics Institute"/>
      <workRole location="Beijing Municipality"/>
    </workRoles>
  </workHistoryEntry>
  <workHistoryEntry startDate="1991" endDate="1995">
    <workRoles>
      <workRole role="Professor"/>
      <workRole institution="Tsinghua University"/>
      <workRole institution="Economics Institute"/>
      <workRole location="Beijing Municipality"/>
    </workRoles>
  </workHistoryEntry>
  <workHistoryEntry startDate="1991" endDate="1995">
    <workRoles>
      <workRole role="Associate Dean"/>
      <workRole institution="Tsinghua University"/>
      <workRole institution="Economics Institute"/>
      <workRole institution="Sloan School of Management"/>
      <workRole location="Beijing Municipality"/>
    </workRoles>
  </workHistoryEntry>
  <workHistoryEntry startDate="1989" endDate="1990">
    <workRoles>
      <workRole role="Visiting Scholar"/>
      <workRole institution="Western Ontario University"/>
      <workRole institution="Business Administration School"/>
      <workRole location="Canada"/>
      <workRole location="Western Ontario"/>
    </workRoles>
  </workHistoryEntry>
  <workHistoryEntry startDate="1986" endDate="1991">
    <workRoles>
      <workRole role="Lecturer"/>
      <workRole institution="Tsinghua University"/>
      <workRole institution="Economics Institute"/>
      <workRole location="Beijing Municipality"/>
    </workRoles>
  </workHistoryEntry>
  <workHistoryEntry startDate="1970" endDate="1986">
    <workRoles>
      <workRole role="Lecturer"/>
      <workRole institution="Tsinghua University"/>
      <workRole institution="Physics Department"/>
      <workRole location="Beijing Municipality"/>
    </workRoles>
  </workHistoryEntry>
  <workHistoryEntry startDate="1970" endDate="1986">
    <workRoles>
      <workRole role="Deputy Chairman"/>
      <workRole institution="Tsinghua University"/>
      <workRole institution="Physics Department"/>
      <workRole location="Beijing Municipality"/>
    </workRoles>
  </workHistoryEntry>
  <workHistory/>
</biography>
