<?xml version="1.0" encoding="UTF-8"?>
<biography birthDate="1945" fullName="Chen Bangzhu" displayName="Chen Bangzhu" nonEnglishName="" sex="male" nationality="Han">
  <bioText>Chen Bangzhu, male, Han nationality, is a native of Xianyang, Shanxi province. He was born in 1945, and joined the CPC in November 1964. Chen graduated from the Department of Astronomic and Geodetic Surveying of the PLA's College of Surveying and Mapping in 1968. Chen served as a member of the CPC Committee of the First Geodetic Surveying and Mapping Brigade of the State Bureau of Surveying and Mapping until 1978. Subsequently, he was transferred to the Surveying and Mapping Bureau of Shanxi province, where he served as director of the organization department. Chen Bangzhu was appointed director of the State Bureau of Surveying and Mapping in 2000 and served as director until 2005.</bioText>
  <posts>
    <post description="Former Director of the State Bureau of Surveying and Mapping"/>
  </posts>
  <birthLocations>
    <birthLocation location="Shaanxi Province"/>
    <birthLocation location="Xianyang City"/>
  </birthLocations>
  <workHistoryEntry startDate="2000" endDate="2005">
    <workRoles>
      <workRole role="Secretary"/>
      <workRole institution="State Bureau of Surveying and Mapping"/>
      <workRole institution="CPC"/>
      <workRole institution="Leading Party Group"/>
    </workRoles>
  </workHistoryEntry>
  <workHistoryEntry startDate="2000" endDate="2005">
    <workRoles>
      <workRole role="Director"/>
      <workRole institution="State Bureau of Surveying and Mapping"/>
    </workRoles>
  </workHistoryEntry>
  <workHistoryEntry startDate="2000" endDate="2005">
    <workRoles>
      <workRole role="Member"/>
      <workRole institution="Ministry of Land and Resources"/>
      <workRole institution="CPC"/>
      <workRole institution="Leading Party Group"/>
    </workRoles>
  </workHistoryEntry>
  <workHistoryEntry startDate="1998">
    <workRoles>
      <workRole role="Student"/>
      <workRole institution="CPC"/>
      <workRole institution="Central Committee"/>
      <workRole institution="Central Party School"/>
    </workRoles>
  </workHistoryEntry>
  <workHistoryEntry startDate="1996" endDate="2000">
    <workRoles>
      <workRole role="Deputy Director"/>
      <workRole institution="State Bureau of Surveying and Mapping"/>
    </workRoles>
  </workHistoryEntry>
  <workHistoryEntry startDate="1994" endDate="1996">
    <workRoles>
      <workRole role="Chief"/>
      <workRole institution="State Bureau of Surveying and Mapping"/>
      <workRole institution="Discipline Inspection Group"/>
    </workRoles>
  </workHistoryEntry>
  <workHistoryEntry startDate="1994">
    <workRoles>
      <workRole role="Member"/>
      <workRole institution="State Bureau of Surveying and Mapping"/>
      <workRole institution="CPC"/>
      <workRole institution="Leading Party Group"/>
    </workRoles>
  </workHistoryEntry>
  <workHistoryEntry startDate="1992" endDate="1994">
    <workRoles>
      <workRole role="Secretary"/>
      <workRole institution="Surveying and Mapping Bureau"/>
      <workRole institution="CPC"/>
      <workRole institution="Party Committee"/>
      <workRole location="Shanxi Province"/>
    </workRoles>
  </workHistoryEntry>
  <workHistoryEntry startDate="1988" endDate="1994">
    <workRoles>
      <workRole role="Deputy Director"/>
      <workRole institution="Surveying and Mapping Bureau"/>
      <workRole location="Shanxi Province"/>
    </workRoles>
  </workHistoryEntry>
  <workHistoryEntry startDate="1987" endDate="1992">
    <workRoles>
      <workRole role="Acting Secretary"/>
      <workRole institution="Surveying and Mapping Bureau"/>
      <workRole institution="CPC"/>
      <workRole institution="Party Committee"/>
      <workRole location="Shanxi Province"/>
    </workRoles>
  </workHistoryEntry>
  <workHistoryEntry startDate="1987" endDate="1988">
    <workRoles>
      <workRole role="Deputy Director"/>
      <workRole institution="Surveying and Mapping Bureau"/>
      <workRole institution="Organization Department"/>
      <workRole location="Shanxi Province"/>
    </workRoles>
  </workHistoryEntry>
  <workHistoryEntry startDate="1987" endDate="1987">
    <workRoles>
      <workRole role="Deputy Secretary"/>
      <workRole institution="Surveying and Mapping Bureau"/>
      <workRole institution="CPC"/>
      <workRole institution="Party Committee"/>
      <workRole location="Shanxi Province"/>
    </workRoles>
  </workHistoryEntry>
  <workHistoryEntry startDate="1985" endDate="????">
    <workRoles>
      <workRole role="Member"/>
      <workRole institution="Surveying and Mapping Bureau"/>
      <workRole institution="CPC"/>
      <workRole institution="Party Committee"/>
      <workRole location="Shanxi Province"/>
    </workRoles>
  </workHistoryEntry>
  <workHistoryEntry startDate="1983" endDate="1985">
    <workRoles>
      <workRole role="Deputy Director"/>
      <workRole institution="Surveying and Mapping Bureau"/>
      <workRole institution="Administrative Office"/>
      <workRole location="Shanxi Province"/>
    </workRoles>
  </workHistoryEntry>
  <workHistoryEntry startDate="1978" endDate="1983">
    <workRoles>
      <workRole role="Secretary"/>
      <workRole institution="State Bureau of Surveying and Mapping"/>
      <workRole institution="First Geodetic Surveying and Mapping Brigade"/>
      <workRole institution="Security Department"/>
    </workRoles>
  </workHistoryEntry>
  <workHistoryEntry startDate="1978" endDate="1983">
    <workRoles>
      <workRole role="Political Instructor"/>
      <workRole institution="State Bureau of Surveying and Mapping"/>
      <workRole institution="First Geodetic Surveying and Mapping Brigade"/>
    </workRoles>
  </workHistoryEntry>
  <workHistoryEntry startDate="1978" endDate="1983">
    <workRoles>
      <workRole role="Secretary"/>
      <workRole institution="State Bureau of Surveying and Mapping"/>
      <workRole institution="First Geodetic Surveying and Mapping Brigade"/>
      <workRole institution="CPC"/>
      <workRole institution="Party Committee"/>
    </workRoles>
  </workHistoryEntry>
  <workHistoryEntry startDate="1978" endDate="1983">
    <workRoles>
      <workRole role="Member"/>
      <workRole institution="State Bureau of Surveying and Mapping"/>
      <workRole institution="First Geodetic Surveying and Mapping Brigade"/>
      <workRole institution="CPC"/>
      <workRole institution="Party Committee"/>
    </workRoles>
  </workHistoryEntry>
  <workHistoryEntry startDate="1978" endDate="1983">
    <workRoles>
      <workRole role="Director"/>
      <workRole institution="State Bureau of Surveying and Mapping"/>
      <workRole institution="First Geodetic Surveying and Mapping Brigade"/>
    </workRoles>
  </workHistoryEntry>
  <workHistoryEntry startDate="1969" endDate="1978">
    <workRoles>
      <workRole role="Deputy Political Instructor"/>
      <workRole institution="PLA"/>
      <workRole institution="Regions"/>
      <workRole institution="Lanzhou Military Region"/>
      <workRole institution="Xinjiang Military District"/>
    </workRoles>
  </workHistoryEntry>
  <workHistoryEntry startDate="1969" endDate="1978">
    <workRoles>
      <workRole role="Chief"/>
      <workRole institution="PLA"/>
      <workRole institution="Regions"/>
      <workRole institution="Lanzhou Military Region"/>
      <workRole institution="Xinjiang Military District (Surveying and Mapping Brigade"/>
    </workRoles>
  </workHistoryEntry>
  <workHistoryEntry startDate="1969" endDate="1969">
    <workRoles>
      <workRole role="Technician"/>
      <workRole institution="PLA"/>
      <workRole institution="Regions"/>
      <workRole institution="Lanzhou Military Region"/>
      <workRole institution="Xinjiang Military District"/>
    </workRoles>
  </workHistoryEntry>
  <workHistoryEntry startDate="1968" endDate="1969">
    <workRoles>
      <workRole role="Soldier"/>
      <workRole institution="PLA (Regiment"/>
    </workRoles>
  </workHistoryEntry>
  <workHistoryEntry startDate="1964">
    <workRoles>
      <workRole role="Joined"/>
      <workRole institution="CPC"/>
    </workRoles>
  </workHistoryEntry>
  <workHistory/>
</biography>
