<?xml version="1.0" encoding="UTF-8"?>
<biography birthDate="1956" fullName="Chen Jianmin" displayName="Chen Jianmin" nonEnglishName="" sex="male" nationality="Han">
  <bioText>Chen Jianmin, male, Han nationality, is a native of Ninghe County, Tianjin Municipality. He was born in 1956, entered the work force in 1975, graduated from Beijing University in 1982, and joined the CPC in 1993. From 2000 to 2004, he was Vice Director of China Earthquake Administration. Since 2004, he is Director of China Earthquake Administration.</bioText>
  <posts>
    <post description="Director of the China Earthquake Administration"/>
  </posts>
  <birthLocations>
    <birthLocation location="Tianjin Municipality"/>
    <birthLocation location="Ninghe County"/>
  </birthLocations>
  <workHistoryEntry startDate="2004">
    <workRoles>
      <workRole role="Director"/>
      <workRole institution="China Earthquake Administration"/>
    </workRoles>
  </workHistoryEntry>
  <workHistoryEntry startDate="2004">
    <workRoles>
      <workRole role="Secretary"/>
      <workRole institution="China Earthquake Administration"/>
      <workRole institution="CPC"/>
      <workRole institution="Leading Party Group"/>
    </workRoles>
  </workHistoryEntry>
  <workHistoryEntry startDate="2001" endDate="2004">
    <workRoles>
      <workRole role="Deputy Secretary"/>
      <workRole institution="China Earthquake Administration"/>
      <workRole institution="CPC"/>
      <workRole institution="Leading Party Group"/>
    </workRoles>
  </workHistoryEntry>
  <workHistoryEntry startDate="2000" endDate="2004">
    <workRoles>
      <workRole role="Deputy Director"/>
      <workRole institution="China Earthquake Administration"/>
    </workRoles>
  </workHistoryEntry>
  <workHistoryEntry startDate="1998" endDate="2000">
    <workRoles>
      <workRole role="Director"/>
      <workRole institution="China Earthquake Administration"/>
      <workRole institution="Forecast Center"/>
    </workRoles>
  </workHistoryEntry>
  <workHistoryEntry startDate="1994" endDate="1998">
    <workRoles>
      <workRole role="Deputy Director"/>
      <workRole institution="China Earthquake Administration"/>
      <workRole institution="Prevention and Forecast Department"/>
    </workRoles>
  </workHistoryEntry>
  <workHistoryEntry startDate="1983" endDate="1994">
    <workRoles>
      <workRole role="Deputy Director"/>
      <workRole institution="China Earthquake Administration"/>
      <workRole institution="Forecast Center"/>
      <workRole institution="Research Office"/>
    </workRoles>
  </workHistoryEntry>
  <workHistoryEntry startDate="1982" endDate="1983">
    <workRoles>
      <workRole role="Staff Member"/>
      <workRole institution="Chinese Academy of Sciences"/>
      <workRole institution="Geophysics Research Institute"/>
    </workRoles>
  </workHistoryEntry>
  <workHistoryEntry startDate="1978" endDate="1982">
    <workRoles>
      <workRole role="Student"/>
      <workRole institution="Beijing University"/>
      <workRole institution="Geology Department"/>
      <workRole location="Beijing Municipality"/>
    </workRoles>
  </workHistoryEntry>
  <workHistoryEntry startDate="1975" endDate="1978">
    <workRoles>
      <workRole role="Cultural Revolution, Rusticated Youth Beijing, Shunyi District (Niulanshan Commune)"/>
    </workRoles>
  </workHistoryEntry>
  <workHistory/>
</biography>
