<?xml version="1.0" encoding="UTF-8"?>
<biography birthDate="1936" fullName="Chen Guangwen" displayName="Chen Guangwen" nonEnglishName="" sex="male" nationality="Han">
  <bioText>Chen Guangwen, male, Han nationality, is a native of Dachang, Hebei Province. Chen was born in 1936 and joined the CPC in 1955. Chen spent the bulk of his career in leadership roles at the district level in Beijing, becoming deputy secretary of the CPC Beijing Municipal Committee in 1992. He was also appointed as a member of the Hong Kong SAR Preparatory Committee. In 1998 he became chairman of the CPPCC Beijing Municipal Committee. Chen was a member of the 9th CPPCC National Committee.</bioText>
  <posts>
    <post description="Chairman of CPPCC Beijing Municipal Committee"/>
  </posts>
  <birthLocations>
    <birthLocation location="Hebei Province"/>
    <birthLocation location="Dachang"/>
  </birthLocations>
  <workHistoryEntry startDate="1998" endDate="2003">
    <workRoles>
      <workRole role="Member"/>
      <workRole institution="9th CPPCC"/>
      <workRole institution="National Committee"/>
    </workRoles>
  </workHistoryEntry>
  <workHistoryEntry startDate="1998">
    <workRoles>
      <workRole role="Chairman"/>
      <workRole institution="CPPCC"/>
      <workRole institution="Municipal Committee"/>
      <workRole location="Beijing Municipality"/>
    </workRoles>
  </workHistoryEntry>
  <workHistoryEntry startDate="1997" endDate="2002">
    <workRoles>
      <workRole role="Delegate"/>
      <workRole institution="15th CPC"/>
      <workRole institution="National Congress"/>
    </workRoles>
  </workHistoryEntry>
  <workHistoryEntry startDate="1995" endDate="1997">
    <workRoles>
      <workRole role="Member"/>
      <workRole institution="Hong Kong SAR Preparatory Committee"/>
    </workRoles>
  </workHistoryEntry>
  <workHistoryEntry startDate="1992" endDate="????">
    <workRoles>
      <workRole role="Deputy Secretary"/>
      <workRole institution="CPC"/>
      <workRole institution="Municipal Committee"/>
      <workRole location="Beijing Municipality"/>
    </workRoles>
  </workHistoryEntry>
  <workHistoryEntry startDate="">
    <workRoles>
      <workRole role="Member"/>
      <workRole institution="CPC"/>
      <workRole institution="Municipal Committee"/>
      <workRole institution="Standing Committee"/>
      <workRole location="Beijing Municipality"/>
    </workRoles>
  </workHistoryEntry>
  <workHistoryEntry startDate="">
    <workRoles>
      <workRole role="Head"/>
      <workRole institution="CPC"/>
      <workRole institution="Municipal Committee"/>
      <workRole institution="Organization Department"/>
      <workRole location="Beijing Municipality"/>
    </workRoles>
  </workHistoryEntry>
  <workHistoryEntry startDate="">
    <workRoles>
      <workRole role="Secretary"/>
      <workRole institution="CPC"/>
      <workRole institution="District Committee"/>
      <workRole location="Beijing"/>
      <workRole location="Chongwen District"/>
    </workRoles>
  </workHistoryEntry>
  <workHistoryEntry startDate="">
    <workRoles>
      <workRole role="Deputy Secretary"/>
      <workRole institution="CPC"/>
      <workRole institution="District Committee"/>
      <workRole location="Beijing"/>
      <workRole location="Chongwen District"/>
    </workRoles>
  </workHistoryEntry>
  <workHistoryEntry startDate="">
    <workRoles>
      <workRole role="Member"/>
      <workRole institution="CPC"/>
      <workRole institution="District Committee"/>
      <workRole institution="Standing Committee"/>
      <workRole location="Beijing"/>
      <workRole location="Chongwen District"/>
    </workRoles>
  </workHistoryEntry>
  <workHistoryEntry startDate="">
    <workRoles>
      <workRole role="Head"/>
      <workRole institution="CPC"/>
      <workRole institution="District Committee"/>
      <workRole institution="Organization Department"/>
      <workRole location="Beijing"/>
      <workRole location="Chongwen District"/>
    </workRoles>
  </workHistoryEntry>
  <workHistoryEntry startDate="">
    <workRoles>
      <workRole role="Deputy Head"/>
      <workRole institution="CPC"/>
      <workRole institution="District Committee"/>
      <workRole institution="Organization Department"/>
      <workRole location="Beijing"/>
      <workRole location="Chongwen District"/>
    </workRoles>
  </workHistoryEntry>
  <workHistoryEntry startDate="1955">
    <workRoles>
      <workRole role="Joined"/>
      <workRole institution="CPC"/>
    </workRoles>
  </workHistoryEntry>
  <workHistory/>
</biography>
