<?xml version="1.0" encoding="UTF-8"?>
<biography birthDate="1952" fullName="Chen Jian" displayName="Chen Jian" nonEnglishName="" sex="male" nationality="Han Nationality">
  <bioText>Chen Jian, male, Han Nationality, was born in 1952 and is a native of Xinchang, Zhejiang Province. Chen graduated from the Spanish Department of Beijing International Studies University. He joined the CPC in 1976. As vice-minister since 2008, he is responsible for the Department of Asian Affairs, Department of Outward Investment and Economic Cooperation, China International Contractors Association, China Association of International Engineering Consultants, China International Economic Cooperation Society and China International Institute of Multinational Corporations.</bioText>
  <posts>
    <post description="Vice-Minister of the Ministry of Commerce"/>
  </posts>
  <birthLocations>
    <birthLocation location="Zhejiang Province"/>
    <birthLocation location="Xinchang County"/>
  </birthLocations>
  <workHistoryEntry startDate="2008">
    <workRoles>
      <workRole role="Vice-Minister"/>
      <workRole institution="Ministry of Commerce"/>
    </workRoles>
  </workHistoryEntry>
  <workHistoryEntry startDate="2002">
    <workRoles>
      <workRole role="Member"/>
      <workRole institution="Ministry of Commerce"/>
      <workRole institution="CPC"/>
      <workRole institution="Leading Party Group"/>
    </workRoles>
  </workHistoryEntry>
  <workHistoryEntry startDate="2002" endDate="2008">
    <workRoles>
      <workRole role="Assistant Minister"/>
      <workRole institution="Ministry of Commerce"/>
    </workRoles>
  </workHistoryEntry>
  <workHistoryEntry startDate="1998" endDate="2002">
    <workRoles>
      <workRole role="Director"/>
      <workRole institution="Ministry of Foreign Trade and Economic Cooperation"/>
      <workRole institution="Outward Investment and Economic Cooperation Department"/>
    </workRoles>
  </workHistoryEntry>
  <workHistoryEntry startDate="1994" endDate="1998">
    <workRoles>
      <workRole role="Assistant General Manager"/>
      <workRole institution="China Overseas Engineering Group Co., Ltd."/>
    </workRoles>
  </workHistoryEntry>
  <workHistoryEntry startDate="1992" endDate="1994">
    <workRoles>
      <workRole role="Commercial Counselor"/>
      <workRole institution="Chinese Embassy"/>
      <workRole location="Argentina"/>
      <workRole location="Buenos Aires"/>
    </workRoles>
  </workHistoryEntry>
  <workHistoryEntry startDate="1976">
    <workRoles>
      <workRole role="Joined"/>
      <workRole institution="CPC"/>
    </workRoles>
  </workHistoryEntry>
  <workHistory/>
</biography>
