<?xml version="1.0" encoding="UTF-8"?>
<biography birthDate="1941" fullName="Chen Ruiqing" displayName="Chen Ruiqing" nonEnglishName="" sex="male" nationality="Han">
  <bioText>Chen Ruiqing, male, Han nationality, is a native of Beijing Municipality. He was born in 1941, received higher education, and started to work in Sept. 1965. He is a member of the Chinese Peasants and Workers Democratic Party. Chen has held leading posts in Inner Mongolia, including serving as vice-mayor of Hohhot city. He was elected vice-chairman of the Inner Mongolia Autonomous Regional People's Congress in 1998. He served as chairman of the Inner Mongolia Autonomous Regional Committee of the Chinese Peasants and Workers Democratic Party Central Committee until 1998, and also served as a member of the standing committee in the same year.</bioText>
  <posts>
    <post description="Vice-Chairman of the Inner Mongolia Autonomous Regional People's Congress, Member of the Standing Committee of the Chinese Peasants and Workers Democratic Party Central Committee"/>
  </posts>
  <birthLocations>
    <birthLocation location="Beijing Municipality"/>
  </birthLocations>
  <workHistoryEntry startDate="1998">
    <workRoles>
      <workRole role="Vice-Chairman"/>
      <workRole institution="Autonomous Regional People's Congress"/>
      <workRole location="Inner Mongolia Autonomous Region"/>
    </workRoles>
  </workHistoryEntry>
  <workHistoryEntry startDate="1996" endDate="1998">
    <workRoles>
      <workRole role="Chairman"/>
      <workRole institution="Chinese Peasants and Workers Democratic Party"/>
      <workRole institution="Autonomous Regional Committee"/>
      <workRole location="Inner Mongolia Autonomous Region"/>
    </workRoles>
  </workHistoryEntry>
  <workHistoryEntry startDate="1996">
    <workRoles>
      <workRole role="Member"/>
      <workRole institution="Chinese Peasants and Workers Democratic Party"/>
      <workRole institution="Autonomous Regional Committee"/>
      <workRole institution="Standing Committee"/>
      <workRole location="Inner Mongolia Autonomous Region"/>
    </workRoles>
  </workHistoryEntry>
  <workHistoryEntry startDate="1996" endDate="1996">
    <workRoles>
      <workRole role="Vice-Chairman"/>
      <workRole institution="Chinese Peasants and Workers Democratic Party"/>
      <workRole institution="Autonomous Regional Committee"/>
      <workRole location="Inner Mongolia Autonomous Region"/>
    </workRoles>
  </workHistoryEntry>
  <workHistoryEntry startDate="1995" endDate="1998">
    <workRoles>
      <workRole role="Vice-Mayor"/>
      <workRole institution="People's Government"/>
      <workRole location="Inner Mongolia Autonomous Region"/>
      <workRole location="Hohhot City"/>
    </workRoles>
  </workHistoryEntry>
  <workHistoryEntry startDate="1991" endDate="1995">
    <workRoles>
      <workRole role="Deputy League Head"/>
      <workRole location="Inner Mongolia Autonomous Region"/>
      <workRole location="Alxa League"/>
    </workRoles>
  </workHistoryEntry>
  <workHistoryEntry startDate="1987" endDate="1991">
    <workRoles>
      <workRole role="President"/>
      <workRole institution="Correspondence University and Television University"/>
      <workRole location="Inner Mongolia Autonomous Region"/>
      <workRole location="Alxa League"/>
    </workRoles>
  </workHistoryEntry>
  <workHistoryEntry startDate="1987" endDate="1991">
    <workRoles>
      <workRole role="Deputy Director"/>
      <workRole institution="Education Department"/>
      <workRole location="Inner Mongolia Autonomous Region"/>
      <workRole location="Alxa League"/>
    </workRoles>
  </workHistoryEntry>
  <workHistoryEntry startDate="1987" endDate="1991">
    <workRoles>
      <workRole role="Deputy Director"/>
      <workRole institution="Education Department"/>
      <workRole location="Inner Mongolia Autonomous Region"/>
      <workRole location="Alxa League"/>
    </workRoles>
  </workHistoryEntry>
  <workHistoryEntry startDate="1983" endDate="1987">
    <workRoles>
      <workRole role="Deputy Banner Head"/>
      <workRole location="Inner Mongolia Autonomous Region"/>
      <workRole location="Alxa Right Banner"/>
    </workRoles>
  </workHistoryEntry>
  <workHistoryEntry startDate="1965" endDate="1983">
    <workRoles>
      <workRole role="Director"/>
      <workRole location="Inner Mongolia Autonomous Region"/>
      <workRole location="Alxa Right Banner"/>
    </workRoles>
  </workHistoryEntry>
  <workHistoryEntry startDate="1965" endDate="1983">
    <workRoles>
      <workRole role="Deputy Director"/>
      <workRole location="Inner Mongolia Autonomous Region"/>
      <workRole location="Alxa Right Banner"/>
    </workRoles>
  </workHistoryEntry>
  <workHistoryEntry startDate="1965" endDate="1983">
    <workRoles>
      <workRole role="Teacher"/>
      <workRole location="Inner Mongolia Autonomous Region"/>
      <workRole location="Alxa Right Banner"/>
    </workRoles>
  </workHistoryEntry>
  <workHistoryEntry startDate="1960" endDate="1965">
    <workRoles>
      <workRole role="Student"/>
      <workRole institution="Central University for Nationalities"/>
      <workRole institution="History Department"/>
      <workRole location="Beijing Municipality"/>
    </workRoles>
  </workHistoryEntry>
  <workHistory/>
</biography>
