<?xml version="1.0" encoding="UTF-8"?>
<biography birthDate="1946" fullName="Chen Sen" displayName="Chen Sen" nonEnglishName="" sex="male" nationality="Han">
  <bioText>Chen Sen, male, Han nationality, is a native of Beijing. He is a member of the CPC and a 1970 graduate of Beijing Forestry College. He began his career as a high school teacher in Yunnan and Hebei provinces, then spent 20 years at the Chang Lu Salt Bureau in Hebei province, beginning as teacher and moving up to director of the Teaching Affairs Department and finally director of the General Service Office. Chen returned to the Beijing Forestry College in 1998 as associate professor and standing member of the Party Committee. In 2000, he was named vice-president for Infrastructure, House Property and Equipment.</bioText>
  <posts>
    <post description="Vice-President for Infrastructure, House Property and Equipmentof Beijing Forestry University"/>
  </posts>
  <birthLocations>
    <birthLocation location="Beijing Municipality"/>
  </birthLocations>
  <workHistoryEntry startDate="2000">
    <workRoles>
      <workRole role="Vice-President"/>
      <workRole institution="Beijing Forestry University"/>
      <workRole institution="Infrastructure, House Property and Equipment"/>
      <workRole location="House Property and Equipment Beijing Municipality"/>
    </workRoles>
  </workHistoryEntry>
  <workHistoryEntry startDate="1999">
    <workRoles>
      <workRole role="Associate Professor"/>
      <workRole institution="Beijing Forestry University"/>
      <workRole location="Beijing Municipality"/>
    </workRoles>
  </workHistoryEntry>
  <workHistoryEntry startDate="1964" endDate="1970">
    <workRoles>
      <workRole role="Student"/>
      <workRole institution="Beijing Forestry College"/>
      <workRole location="Beijing Municipality"/>
    </workRoles>
  </workHistoryEntry>
  <workHistoryEntry startDate="">
    <workRoles>
      <workRole role="Joined"/>
      <workRole institution="CPC"/>
    </workRoles>
  </workHistoryEntry>
  <workHistory/>
</biography>
