<?xml version="1.0" encoding="UTF-8"?>
<biography birthDate="1922" fullName="Chen Jiayong" displayName="Chen Jiayong" nonEnglishName="" sex="male" nationality="Han">
  <bioText>Chen Jiayong, male, Han nationality, is a native of Chengdu, Sichuan Province. He was born in 1922, graduated from Central University in 1943, and received his Ph.D. from the University of Illinois, Urbana-Champaign in 1951. Together with his co-workers, Chen Jiayong successfully developed a process of high pressure ammonia leaching of refractory oxidized copper ore as well as the hydrometallurgical process to recover nickel and cobalt in metallic form from laterite and nickel silicate ore. This discovery contributed to the aid of foreign countries. Chen led the preparation of different kinds of composite coated powders and the production of pilot plant scales for the national defense industry. He conducted fundamental research on the gas-liquid-solid phase reactor and the separation engineering for developing effective equipment and optimum operation conditions. With regard to China's mineral resources, Chen developed new and effective processes for the separation of vanadium from chromium, tungsten from molybdenum and iron from other valuable metals. He also developed a new solvent system for the recovery of antibiotics such as Penicillin G and Lincomycin from filtered fermentation liquor. He has been granted a number of patents for the processes he has developed. Chen is a chemical engineering expert and an academician of the Chinese Academy of Sciences.</bioText>
  <posts>
    <post description="Chemical Engineering Expert, Academician of the Chinese Academy of Sciences"/>
  </posts>
  <birthLocations>
    <birthLocation location="Sichuan Province"/>
    <birthLocation location="Chengdu City"/>
  </birthLocations>
  <workHistoryEntry startDate="1996">
    <workRoles>
      <workRole role="(Winner, Ho Leung Ho Lee Foundation, Scientific and Technological Progress Award)"/>
    </workRoles>
  </workHistoryEntry>
  <workHistoryEntry startDate="1993" endDate="1998">
    <workRoles>
      <workRole role="Member"/>
      <workRole institution="8th CPPCC"/>
      <workRole institution="National Committee"/>
    </workRoles>
  </workHistoryEntry>
  <workHistoryEntry startDate="1988" endDate="1993">
    <workRoles>
      <workRole role="Member"/>
      <workRole institution="7th CPPCC"/>
      <workRole institution="National Committee"/>
    </workRoles>
  </workHistoryEntry>
  <workHistoryEntry startDate="1980">
    <workRoles>
      <workRole role="Academician"/>
      <workRole institution="Chinese Academy of Sciences"/>
    </workRoles>
  </workHistoryEntry>
  <workHistoryEntry startDate="">
    <workRoles>
      <workRole role="Research Professor"/>
      <workRole institution="Chinese Academy of Sciences"/>
      <workRole institution="Institute of Chemical Metallurgy"/>
    </workRoles>
  </workHistoryEntry>
  <workHistoryEntry startDate="1956" endDate="????">
    <workRoles>
      <workRole role="Vice-President"/>
      <workRole institution="Chinese Society of Non-Ferrous Metals"/>
    </workRoles>
  </workHistoryEntry>
  <workHistoryEntry startDate="1951">
    <workRoles>
      <workRole role="Graduate"/>
      <workRole institution="University of Illinois"/>
      <workRole location="USA"/>
      <workRole location="Illinois"/>
      <workRole location="Urbana-Champaign"/>
    </workRoles>
  </workHistoryEntry>
  <workHistoryEntry startDate="1943">
    <workRoles>
      <workRole role="Graduate"/>
      <workRole institution="Central University for Nationalities"/>
      <workRole institution="Chemical Engineering Department"/>
      <workRole location="Beijing Municipality"/>
    </workRoles>
  </workHistoryEntry>
  <workHistory/>
</biography>
