<?xml version="1.0" encoding="UTF-8"?>
<biography birthDate="1955" fullName="Chen Fengxiang" displayName="Chen Fengxiang" nonEnglishName="" sex="male" nationality="Han">
  <bioText>Chen Fengxiang, male, Han nationality, is a native of Inner Mongolia. He was born in 1955, joined the CPC in 1974, and graduated from the Russian department of Beijing University. He started to work in the Qahar Right Wing Front Banner in the Inner Mongolia Autonomous Region in 1973. After studying in Russia, Chen served as first secretary of the Chinese Embassy there in the early 1990's. He became deputy director of the international department of the CPC Central Committee in 2006.</bioText>
  <posts>
    <post description="Deputy Director of the International Liaison Department of the CPC Central Committee"/>
  </posts>
  <birthLocations>
    <birthLocation location="Inner Mongolia Autonomous Region"/>
  </birthLocations>
  <workHistoryEntry startDate="2006">
    <workRoles>
      <workRole role="Deputy Director"/>
      <workRole institution="CPC"/>
      <workRole institution="Central Committee"/>
      <workRole institution="International Liaison Department"/>
    </workRoles>
  </workHistoryEntry>
  <workHistoryEntry startDate="2004" endDate="2006">
    <workRoles>
      <workRole role="Assistant Director"/>
      <workRole institution="CPC"/>
      <workRole institution="Central Committee"/>
      <workRole institution="International Liaison Department"/>
    </workRoles>
  </workHistoryEntry>
  <workHistoryEntry startDate="2003" endDate="2004">
    <workRoles>
      <workRole role="Deputy Secretary-General"/>
      <workRole institution="CPC"/>
      <workRole institution="Central Committee"/>
      <workRole institution="International Liaison Department"/>
    </workRoles>
  </workHistoryEntry>
  <workHistoryEntry startDate="1997" endDate="1998">
    <workRoles>
      <workRole role="Deputy County Magistrate"/>
      <workRole institution="County (District) People's Court"/>
      <workRole location="Shaanxi Province"/>
      <workRole location="Binxian County"/>
    </workRoles>
  </workHistoryEntry>
  <workHistoryEntry startDate="1992" endDate="1994">
    <workRoles>
      <workRole role="First Secretary"/>
      <workRole institution="Chinese Embassy"/>
      <workRole location="Russia"/>
      <workRole location="Moscow"/>
    </workRoles>
  </workHistoryEntry>
  <workHistoryEntry startDate="1988" endDate="1992">
    <workRoles>
      <workRole role="Bureau Director-General"/>
      <workRole institution="CPC"/>
      <workRole institution="Central Committee"/>
      <workRole institution="International Liaison Department"/>
    </workRoles>
  </workHistoryEntry>
  <workHistoryEntry startDate="1987" endDate="1988">
    <workRoles>
      <workRole role="Exchange Student, Soviet Union"/>
    </workRoles>
  </workHistoryEntry>
  <workHistoryEntry startDate="1984" endDate="1987">
    <workRoles>
      <workRole role="Division Director"/>
      <workRole institution="CPC"/>
      <workRole institution="Central Committee"/>
      <workRole institution="International Liaison Department"/>
    </workRoles>
  </workHistoryEntry>
  <workHistoryEntry startDate="1984" endDate="1987">
    <workRoles>
      <workRole role="Deputy Bureau Director-General"/>
      <workRole institution="CPC"/>
      <workRole institution="Central Committee"/>
      <workRole institution="International Liaison Department"/>
    </workRoles>
  </workHistoryEntry>
  <workHistoryEntry startDate="1984" endDate="1987">
    <workRoles>
      <workRole role="Deputy Division Director"/>
      <workRole institution="CPC"/>
      <workRole institution="Central Committee"/>
      <workRole institution="International Liaison Department"/>
    </workRoles>
  </workHistoryEntry>
  <workHistoryEntry startDate="1979" endDate="1984">
    <workRoles>
      <workRole role="Teacher"/>
      <workRole institution="Beijing University"/>
      <workRole institution="International Politics Department"/>
      <workRole location="Beijing Municipality"/>
    </workRoles>
  </workHistoryEntry>
  <workHistoryEntry startDate="1974">
    <workRoles>
      <workRole role="Joined"/>
      <workRole institution="CPC"/>
    </workRoles>
  </workHistoryEntry>
  <workHistory/>
</biography>
