<?xml version="1.0" encoding="UTF-8"?>
<biography birthDate="1962" fullName="Chen Chuanping" displayName="Chen Chuanping" nonEnglishName="" sex="male" nationality="Han">
  <bioText>Chen Chuanping, male, Han nationality, is a native of Pinglu County of Shanxi Province. He was born in 1962, started to work in 1982 and joined CPC in 1985. Chen graduated from Xi’an Jiaotong University with a Master Degree in 2006. He served as Vice-Governor of Shanxi Province Government from 2008 to 2010. He is currently an Alternate Member of 17th CPC Central Committee and Secretary of CPC Taiyuan City Party Committee of Shanxi Province.</bioText>
  <posts>
    <post description="Alternate Member, 17th CPC, Central Committee"/>
    <post description="Secretary, CPC, City Committee, Shanxi Province, Taiyuan City"/>
  </posts>
  <birthLocations>
    <birthLocation location="Shanxi Province"/>
    <birthLocation location="Pinglu County"/>
  </birthLocations>
  <workHistoryEntry startDate="2010">
    <workRoles>
      <workRole role="Secretary"/>
      <workRole institution="CPC"/>
      <workRole institution="City Committee"/>
      <workRole location="Shanxi Province"/>
      <workRole location="Taiyuan City"/>
    </workRoles>
  </workHistoryEntry>
  <workHistoryEntry startDate="2010">
    <workRoles>
      <workRole role="Member"/>
      <workRole institution="CPC"/>
      <workRole institution="City Committee"/>
      <workRole institution="Standing Committee"/>
      <workRole location="Shanxi Province"/>
      <workRole location="Taiyuan City"/>
    </workRoles>
  </workHistoryEntry>
  <workHistoryEntry startDate="2010">
    <workRoles>
      <workRole role="Member"/>
      <workRole institution="CPC"/>
      <workRole institution="Provincial Committee"/>
      <workRole institution="Standing Committee"/>
      <workRole location="Shanxi Province"/>
    </workRoles>
  </workHistoryEntry>
  <workHistoryEntry startDate="2008" endDate="2010">
    <workRoles>
      <workRole role="Vice-Governor"/>
      <workRole institution="People's Government"/>
      <workRole location="Shanxi Province"/>
    </workRoles>
  </workHistoryEntry>
  <workHistoryEntry startDate="2008">
    <workRoles>
      <workRole role="Member"/>
      <workRole institution="People's Government"/>
      <workRole institution="CPC"/>
      <workRole institution="Leading Party Group"/>
      <workRole location="Shanxi Province"/>
    </workRoles>
  </workHistoryEntry>
  <workHistoryEntry startDate="2007">
    <workRoles>
      <workRole role="Alternate Member"/>
      <workRole institution="17th CPC"/>
      <workRole institution="Central Committee"/>
    </workRoles>
  </workHistoryEntry>
  <workHistoryEntry startDate="2007">
    <workRoles>
      <workRole role="Member"/>
      <workRole institution="Shanxi Taigang Stainless Steel Co., Ltd"/>
      <workRole institution="Ltd CPC"/>
      <workRole institution="Party Committee"/>
      <workRole institution="Standing Committee"/>
    </workRoles>
  </workHistoryEntry>
  <workHistoryEntry startDate="2007" endDate="2008">
    <workRoles>
      <workRole role="Chairman"/>
      <workRole institution="Shanxi Taigang Stainless Steel Co., Ltd"/>
    </workRoles>
  </workHistoryEntry>
  <workHistoryEntry startDate="2003" endDate="2008">
    <workRoles>
      <workRole role="Deputy"/>
      <workRole institution="10th NPC"/>
    </workRoles>
  </workHistoryEntry>
  <workHistoryEntry startDate="2001" endDate="2008">
    <workRoles>
      <workRole role="Chairman"/>
      <workRole institution="Taiyuan Iron and Steel Corporation"/>
      <workRole institution="Board of Directors"/>
    </workRoles>
  </workHistoryEntry>
  <workHistoryEntry startDate="2000" endDate="2001">
    <workRoles>
      <workRole role="General Manager"/>
      <workRole institution="Taiyuan Iron and Steel Corporation"/>
      <workRole institution="Board of Directors"/>
    </workRoles>
  </workHistoryEntry>
  <workHistoryEntry startDate="1997" endDate="2008">
    <workRoles>
      <workRole role="Member"/>
      <workRole institution="Taiyuan Iron and Steel Corporation"/>
      <workRole institution="CPC"/>
      <workRole institution="Party Committee"/>
      <workRole institution="Standing Committee"/>
    </workRoles>
  </workHistoryEntry>
  <workHistoryEntry startDate="1997" endDate="2001">
    <workRoles>
      <workRole role="Member"/>
      <workRole institution="Taiyuan Iron and Steel Corporation"/>
      <workRole institution="Board of Directors"/>
    </workRoles>
  </workHistoryEntry>
  <workHistoryEntry startDate="1997" endDate="2000">
    <workRoles>
      <workRole role="Executive Deputy General Manager"/>
      <workRole institution="Taiyuan Iron and Steel Corporation"/>
      <workRole institution="Board of Directors"/>
    </workRoles>
  </workHistoryEntry>
  <workHistoryEntry startDate="1995" endDate="1997">
    <workRoles>
      <workRole role="Deputy General Manager"/>
      <workRole institution="Taiyuan Iron and Steel Corporation"/>
      <workRole institution="Board of Directors"/>
    </workRoles>
  </workHistoryEntry>
  <workHistoryEntry startDate="1994" endDate="1997">
    <workRoles>
      <workRole role="Director"/>
      <workRole institution="Taiyuan Iron and Steel Corporation"/>
      <workRole institution="Production Department"/>
    </workRoles>
  </workHistoryEntry>
  <workHistoryEntry startDate="1994" endDate="1994">
    <workRoles>
      <workRole role="Assistant General Manager"/>
      <workRole institution="Panzhihua Iron and Steel Corporation"/>
    </workRoles>
  </workHistoryEntry>
  <workHistoryEntry startDate="1992" endDate="1994">
    <workRoles>
      <workRole role="Head"/>
      <workRole institution="Taiyuan Iron and Steel Corporation"/>
      <workRole institution="1st Steel Mill"/>
    </workRoles>
  </workHistoryEntry>
  <workHistoryEntry startDate="1991" endDate="1992">
    <workRoles>
      <workRole role="Deputy Head"/>
      <workRole institution="Taiyuan Iron and Steel Corporation"/>
      <workRole institution="Machinery Factory"/>
    </workRoles>
  </workHistoryEntry>
  <workHistoryEntry startDate="1985">
    <workRoles>
      <workRole role="Joined"/>
      <workRole institution="CPC"/>
    </workRoles>
  </workHistoryEntry>
  <workHistory/>
</biography>
