<?xml version="1.0" encoding="UTF-8"?>
<biography birthDate="1947" fullName="Chen Guangguo" displayName="Chen Guangguo" nonEnglishName="" sex="male" nationality="was born on 1947 in Chongqing Municipality. He was a student at Renmin University and joined the CPC in 1979. He has held a number of local leadership positions throughout Sichuan Province. In 2008">
  <bioText>Chen Guangguo, male, was born on 1947 in Chongqing Municipality. He was a student at Renmin University and joined the CPC in 1979. He has held a number of local leadership positions throughout Sichuan Province. In 2008, he became Chairman of the People's Congress of Chongqing.</bioText>
  <posts>
    <post description="Chairman of the People's Congress of Chongqing Municipality"/>
  </posts>
  <birthLocations>
    <birthLocation location="Chongqing Municipality"/>
  </birthLocations>
  <workHistoryEntry startDate="2008">
    <workRoles>
      <workRole role="Chairman"/>
      <workRole institution="People's Congress"/>
      <workRole location="Chongqing Municipality"/>
    </workRoles>
  </workHistoryEntry>
  <workHistoryEntry startDate="2007" endDate="2008">
    <workRoles>
      <workRole role="Vice Chairman"/>
      <workRole institution="People's Congress"/>
      <workRole location="Chongqing Municipality"/>
    </workRoles>
  </workHistoryEntry>
  <workHistoryEntry startDate="2004" endDate="2007">
    <workRoles>
      <workRole role="Member"/>
      <workRole institution="CPC"/>
      <workRole institution="Municipal Committee"/>
      <workRole location="Chongqing Municipality"/>
    </workRoles>
  </workHistoryEntry>
  <workHistoryEntry startDate="2003" endDate="2008">
    <workRoles>
      <workRole role="Member"/>
      <workRole institution="10th NPC"/>
    </workRoles>
  </workHistoryEntry>
  <workHistoryEntry startDate="1997" endDate="2002">
    <workRoles>
      <workRole role="Delegate"/>
      <workRole institution="15th CPC"/>
      <workRole institution="National Congress"/>
    </workRoles>
  </workHistoryEntry>
  <workHistoryEntry startDate="1997" endDate="2007">
    <workRoles>
      <workRole role="Vice-Mayor"/>
      <workRole institution="People's Government"/>
      <workRole location="Chongqing Municipality"/>
    </workRoles>
  </workHistoryEntry>
  <workHistoryEntry startDate="1996">
    <workRoles>
      <workRole role="Student"/>
      <workRole institution="CPC"/>
      <workRole institution="Central Committee"/>
      <workRole institution="Central Party School"/>
    </workRoles>
  </workHistoryEntry>
  <workHistoryEntry startDate="1994" endDate="1997">
    <workRoles>
      <workRole role="Secretary"/>
      <workRole institution="CPC"/>
      <workRole institution="City Committee"/>
      <workRole location="Sichuan Province"/>
      <workRole location="Wanxian City"/>
    </workRoles>
  </workHistoryEntry>
  <workHistoryEntry startDate="1993" endDate="1998">
    <workRoles>
      <workRole role="Member"/>
      <workRole institution="8th NPC"/>
    </workRoles>
  </workHistoryEntry>
  <workHistoryEntry startDate="1993" endDate="1994">
    <workRoles>
      <workRole role="Deputy Secretary"/>
      <workRole institution="CPC"/>
      <workRole institution="City Committee"/>
      <workRole location="Sichuan Province"/>
      <workRole location="Wanxian City"/>
    </workRoles>
  </workHistoryEntry>
  <workHistoryEntry startDate="1992" endDate="1993">
    <workRoles>
      <workRole role="Commissioner"/>
      <workRole institution="People's Government"/>
      <workRole location="Sichuan Province"/>
    </workRoles>
  </workHistoryEntry>
  <workHistoryEntry startDate="1991" endDate="1992">
    <workRoles>
      <workRole role="Deputy Commissioner"/>
      <workRole institution="People's Government"/>
      <workRole location="Sichuan Province"/>
    </workRoles>
  </workHistoryEntry>
  <workHistoryEntry startDate="1989">
    <workRoles>
      <workRole role="Student"/>
      <workRole institution="CPC"/>
      <workRole institution="Central Committee"/>
      <workRole institution="Central Party School"/>
    </workRoles>
  </workHistoryEntry>
  <workHistoryEntry startDate="1985" endDate="1993">
    <workRoles>
      <workRole role="Deputy Secretary"/>
      <workRole institution="CPC"/>
      <workRole institution="Prefectural Committee"/>
      <workRole location="Sichuan Province"/>
      <workRole location="Wanxian Prefecture"/>
    </workRoles>
  </workHistoryEntry>
  <workHistoryEntry startDate="1984" endDate="1985">
    <workRoles>
      <workRole role="Deputy Secretary"/>
      <workRole institution="CPC"/>
      <workRole institution="County Committee"/>
      <workRole location="Sichuan Province"/>
      <workRole location="Yunyang County"/>
    </workRoles>
  </workHistoryEntry>
  <workHistoryEntry startDate="1980" endDate="1984">
    <workRoles>
      <workRole role="Director"/>
      <workRole institution="Economic Committee"/>
      <workRole location="Sichuan Province"/>
      <workRole location="Liangping County"/>
    </workRoles>
  </workHistoryEntry>
  <workHistoryEntry startDate="1979">
    <workRoles>
      <workRole role="Joined"/>
      <workRole institution="CPC"/>
    </workRoles>
  </workHistoryEntry>
  <workHistoryEntry startDate="1975" endDate="1980">
    <workRoles>
      <workRole role="Cadre"/>
      <workRole institution="Ministry of Agricultural Machinery"/>
      <workRole location="Sichuan Province"/>
      <workRole location="Liangping County"/>
    </workRoles>
  </workHistoryEntry>
  <workHistoryEntry startDate="1965" endDate="1970">
    <workRoles>
      <workRole role="Student"/>
      <workRole institution="Renmin University of China"/>
      <workRole location="Beijing"/>
      <workRole location="Haidian District"/>
    </workRoles>
  </workHistoryEntry>
  <workHistory/>
</biography>
