<?xml version="1.0" encoding="UTF-8"?>
<biography birthDate="1916" fullName="Chen Mingshan" displayName="Chen Mingshan" nonEnglishName="" sex="male" nationality="Han">
  <bioText>Chen Mingshan, male, Han nationality, is a native of Xiaoshan, Zhejiang Province. He was born in 1916. After studying at a technical institute in Shanghai, he started as a drugstore manager and later became general manager of a pharmaceutical factory in Shanghai. In 1952, he joined the China Democratic National Construction Association, and over a period of years held various positions in that party at both the local and national level, ending up as honorary vice-chairman of the 7th China Democratic National Construction Association Central Committee. Chen was also active in the CPPCC as a member of the 5th, 6th, and 7th CPPCC National Committees and a member of the standing committee of the last two.</bioText>
  <posts>
    <post description="Honorary Vice-Chairman of the 7th Central Committee of the China Democratic National Construction Association"/>
  </posts>
  <birthLocations>
    <birthLocation location="Zhejiang Province"/>
    <birthLocation location="Xiaoshan City"/>
  </birthLocations>
  <workHistoryEntry startDate="1997" endDate="2002">
    <workRoles>
      <workRole role="Honorary Vice-Chairman"/>
      <workRole institution="7th China Democratic National Construction Association"/>
      <workRole institution="Central Committee"/>
    </workRoles>
  </workHistoryEntry>
  <workHistoryEntry startDate="">
    <workRoles>
      <workRole role="Honorary Chairman"/>
      <workRole institution="China Democratic National Construction Association"/>
      <workRole institution="Municipal Committee"/>
      <workRole location="Shanghai Municipality"/>
    </workRoles>
  </workHistoryEntry>
  <workHistoryEntry startDate="1988" endDate="????">
    <workRoles>
      <workRole role="Chairman"/>
      <workRole institution="China Democratic National Construction Association"/>
      <workRole institution="Municipal Committee"/>
      <workRole location="Shanghai Municipality"/>
    </workRoles>
  </workHistoryEntry>
  <workHistoryEntry startDate="1988" endDate="1993">
    <workRoles>
      <workRole role="Member"/>
      <workRole institution="7th CPPCC"/>
      <workRole institution="National Committee"/>
      <workRole institution="Standing Committee"/>
    </workRoles>
  </workHistoryEntry>
  <workHistoryEntry startDate="1988" endDate="1992">
    <workRoles>
      <workRole role="Vice- Chairman"/>
      <workRole institution="5th China Democratic National Construction Association"/>
      <workRole institution="Central Committee"/>
    </workRoles>
  </workHistoryEntry>
  <workHistoryEntry startDate="1983" endDate="1988">
    <workRoles>
      <workRole role="Member"/>
      <workRole institution="6th CPPCC"/>
      <workRole institution="National Committee"/>
      <workRole institution="Standing Committee"/>
    </workRoles>
  </workHistoryEntry>
  <workHistoryEntry startDate="1980" endDate="1984">
    <workRoles>
      <workRole role="Vice-Chairman"/>
      <workRole institution="Shanghai Federation of Industry and Commerce"/>
      <workRole institution="Executive Committee"/>
    </workRoles>
  </workHistoryEntry>
  <workHistoryEntry startDate="1978" endDate="1983">
    <workRoles>
      <workRole role="Member"/>
      <workRole institution="5th CPPCC"/>
      <workRole institution="National Committee"/>
    </workRoles>
  </workHistoryEntry>
  <workHistoryEntry startDate="">
    <workRoles>
      <workRole role="Vice-Chairman"/>
      <workRole institution="CPPCC"/>
      <workRole institution="Municipal Committee"/>
      <workRole location="Shanghai Municipality"/>
    </workRoles>
  </workHistoryEntry>
  <workHistoryEntry startDate="1959" endDate="1979">
    <workRoles>
      <workRole role="Member"/>
      <workRole institution="2nd China Democratic National Construction Association"/>
      <workRole institution="Central Committee"/>
    </workRoles>
  </workHistoryEntry>
  <workHistoryEntry startDate="1959" endDate="1964">
    <workRoles>
      <workRole role="Deputy"/>
      <workRole institution="3rd NPC"/>
    </workRoles>
  </workHistoryEntry>
  <workHistoryEntry startDate="1956" endDate="1986">
    <workRoles>
      <workRole role="Vice-Chairman"/>
      <workRole institution="China Democratic National Construction Association"/>
      <workRole institution="Municipal Committee"/>
      <workRole location="Shanghai Municipality"/>
    </workRoles>
  </workHistoryEntry>
  <workHistoryEntry startDate="1956" endDate="1986">
    <workRoles>
      <workRole role="Secretary-General"/>
      <workRole institution="China Democratic National Construction Association"/>
      <workRole institution="Municipal Committee"/>
      <workRole location="Shanghai Municipality"/>
    </workRoles>
  </workHistoryEntry>
  <workHistoryEntry startDate="1955" endDate="1959">
    <workRoles>
      <workRole role="Member"/>
      <workRole institution="1st China Democratic National Construction Association"/>
      <workRole institution="Central Committee"/>
    </workRoles>
  </workHistoryEntry>
  <workHistoryEntry startDate="">
    <workRoles>
      <workRole role="Member"/>
      <workRole institution="3rd China Democratic National Construction Association"/>
      <workRole institution="Central Committee"/>
      <workRole institution="Standing Committee"/>
    </workRoles>
  </workHistoryEntry>
  <workHistoryEntry startDate="1952">
    <workRoles>
      <workRole role="Joined"/>
      <workRole institution="China Democratic National Construction Association"/>
    </workRoles>
  </workHistoryEntry>
  <workHistoryEntry startDate="1942" endDate="????">
    <workRoles>
      <workRole role="Manager"/>
      <workRole institution="Shanghai Xinyi Pharmaceutical Factory"/>
      <workRole location="Shanghai Municipality"/>
    </workRoles>
  </workHistoryEntry>
  <workHistoryEntry startDate="">
    <workRoles>
      <workRole role="Student"/>
      <workRole institution="Leister Institute of Technology"/>
      <workRole location="Shanghai Municipality"/>
    </workRoles>
  </workHistoryEntry>
  <workHistory/>
</biography>
