<?xml version="1.0" encoding="UTF-8"?>
<biography birthDate="1936" fullName="Cheng Andong" displayName="Cheng Andong" nonEnglishName="" sex="male" nationality="Han">
  <bioText>Cheng Andong, male, Han nationality, is a native of Huainan, Anhui Province. He was born in 1936, joined the CPC in 1980, and graduated from Hefei Polytechnical University. Cheng was active in the Pingxiang Mining Administration in Jiangxi Province, serving as its director in the late 1980s. He became mayor of the city, and later became deputy secretary of the CPC Nanchang City Committee, and served as that city's mayor until 1990. Subsequently, he was elected chairman of Xi'an City People's Congress, and after assisting the governor of Jiangxi Province for several years, Cheng was elected to successive terms as governor of Shaanxi Province. Cheng served as an alternate member of the 14th CPC Central Committee and a member of the 15th CPC Central Committee.</bioText>
  <posts>
    <post description="Former Governor of Shaanxi Province"/>
  </posts>
  <birthLocations>
    <birthLocation location="Anhui Province"/>
    <birthLocation location="Huainan City"/>
  </birthLocations>
  <workHistoryEntry startDate="1998">
    <workRoles>
      <workRole role="Member"/>
      <workRole institution="CPC"/>
      <workRole institution="Provincial Committee"/>
      <workRole institution="Standing Committee"/>
      <workRole location="Shaanxi Province"/>
    </workRoles>
  </workHistoryEntry>
  <workHistoryEntry startDate="1997" endDate="2002">
    <workRoles>
      <workRole role="Member"/>
      <workRole institution="15th CPC"/>
      <workRole institution="Central Committee"/>
    </workRoles>
  </workHistoryEntry>
  <workHistoryEntry startDate="1995" endDate="????">
    <workRoles>
      <workRole role="Honorary President of the Board"/>
      <workRole institution="Hefei Polytechnical University"/>
    </workRoles>
  </workHistoryEntry>
  <workHistoryEntry startDate="1995" endDate="2003">
    <workRoles>
      <workRole role="Governor"/>
      <workRole institution="People's Government"/>
      <workRole location="Shaanxi Province"/>
    </workRoles>
  </workHistoryEntry>
  <workHistoryEntry startDate="1994" endDate="2003">
    <workRoles>
      <workRole role="Deputy Secretary"/>
      <workRole institution="CPC"/>
      <workRole institution="Provincial Committee"/>
      <workRole location="Shaanxi Province"/>
    </workRoles>
  </workHistoryEntry>
  <workHistoryEntry startDate="1994" endDate="1995">
    <workRoles>
      <workRole role="Vice-Governor"/>
      <workRole institution="People's Government"/>
      <workRole location="Shaanxi Province"/>
    </workRoles>
  </workHistoryEntry>
  <workHistoryEntry startDate="1994" endDate="1995">
    <workRoles>
      <workRole role="Secretary"/>
      <workRole institution="CPC"/>
      <workRole institution="City Committee"/>
      <workRole location="Shaanxi Province"/>
      <workRole location="Xi'an City"/>
    </workRoles>
  </workHistoryEntry>
  <workHistoryEntry startDate="1992" endDate="1997">
    <workRoles>
      <workRole role="Alternate Member"/>
      <workRole institution="14th CPC"/>
      <workRole institution="Central Committee"/>
    </workRoles>
  </workHistoryEntry>
  <workHistoryEntry startDate="1990" endDate="1994">
    <workRoles>
      <workRole role="Member"/>
      <workRole institution="CPC"/>
      <workRole institution="Provincial Committee"/>
      <workRole institution="Standing Committee"/>
      <workRole location="Shaanxi Province"/>
    </workRoles>
  </workHistoryEntry>
  <workHistoryEntry startDate="1990" endDate="1994">
    <workRoles>
      <workRole role="Chairman"/>
      <workRole institution="City People's Congress"/>
      <workRole institution="Standing Committee"/>
      <workRole location="Shaanxi Province"/>
      <workRole location="Xi'an City"/>
    </workRoles>
  </workHistoryEntry>
  <workHistoryEntry startDate="1990" endDate="1992">
    <workRoles>
      <workRole role="Mayor"/>
      <workRole institution="People's Government"/>
      <workRole location="Shaanxi Province"/>
      <workRole location="Xi'an City"/>
    </workRoles>
  </workHistoryEntry>
  <workHistoryEntry startDate="1990">
    <workRoles>
      <workRole role="Assistant to Governor"/>
      <workRole institution="People's Government"/>
      <workRole location="Jiangxi Province"/>
    </workRoles>
  </workHistoryEntry>
  <workHistoryEntry startDate="1984" endDate="1990">
    <workRoles>
      <workRole role="Mayor"/>
      <workRole institution="People's Government"/>
      <workRole location="Jiangxi Province"/>
      <workRole location="Nanchang City"/>
    </workRoles>
  </workHistoryEntry>
  <workHistoryEntry startDate="1984" endDate="1990">
    <workRoles>
      <workRole role="Deputy Secretary"/>
      <workRole institution="CPC"/>
      <workRole institution="City Committee"/>
      <workRole location="Jiangxi Province"/>
      <workRole location="Nanchang City"/>
    </workRoles>
  </workHistoryEntry>
  <workHistoryEntry startDate="1983" endDate="1984">
    <workRoles>
      <workRole role="Mayor"/>
      <workRole institution="People's Government"/>
      <workRole location="Jiangxi Province"/>
      <workRole location="Pingxiang City"/>
    </workRoles>
  </workHistoryEntry>
  <workHistoryEntry startDate="1983" endDate="1984">
    <workRoles>
      <workRole role="Deputy Secretary"/>
      <workRole institution="CPC"/>
      <workRole institution="City Committee"/>
      <workRole location="Jiangxi Province"/>
      <workRole location="Pingxiang City"/>
    </workRoles>
  </workHistoryEntry>
  <workHistoryEntry startDate="1982" endDate="1983">
    <workRoles>
      <workRole role="Director"/>
      <workRole institution="Mining Administration"/>
      <workRole location="Jiangxi Province"/>
      <workRole location="Pingxiang City"/>
    </workRoles>
  </workHistoryEntry>
  <workHistoryEntry startDate="1980" endDate="1983">
    <workRoles>
      <workRole role="Chief Engineer"/>
      <workRole institution="Mining Administration"/>
      <workRole location="Jiangxi Province"/>
      <workRole location="Pingxiang City"/>
    </workRoles>
  </workHistoryEntry>
  <workHistoryEntry startDate="1980" endDate="1982">
    <workRoles>
      <workRole role="Deputy Director"/>
      <workRole institution="Mining Administration"/>
      <workRole location="Jiangxi Province"/>
      <workRole location="Pingxiang City"/>
    </workRoles>
  </workHistoryEntry>
  <workHistoryEntry startDate="1980">
    <workRoles>
      <workRole role="Joined"/>
      <workRole institution="CPC"/>
    </workRoles>
  </workHistoryEntry>
  <workHistoryEntry startDate="1977" endDate="1980">
    <workRoles>
      <workRole role="Deputy Chief Engineer"/>
      <workRole institution="Mining Administration"/>
      <workRole location="Jiangxi Province"/>
      <workRole location="Gangkang City"/>
    </workRoles>
  </workHistoryEntry>
  <workHistoryEntry startDate="1971" endDate="1976">
    <workRoles>
      <workRole role="Engineer"/>
      <workRole institution="Mining Administration"/>
      <workRole institution="Production Department"/>
      <workRole location="Jiangxi Province"/>
      <workRole location="Pingxiang City"/>
    </workRoles>
  </workHistoryEntry>
  <workHistoryEntry startDate="1965" endDate="1968">
    <workRoles>
      <workRole role="Engineer"/>
      <workRole institution="Mining Administration"/>
      <workRole location="Jiangxi Province"/>
      <workRole location="Pingxiang City"/>
    </workRoles>
  </workHistoryEntry>
  <workHistoryEntry startDate="1962">
    <workRoles>
      <workRole role="Graduate"/>
      <workRole institution="Hefei Polytechnical University"/>
      <workRole institution="Mining Department"/>
      <workRole location="Anhui Province"/>
      <workRole location="Hefei City"/>
    </workRoles>
  </workHistoryEntry>
  <workHistory/>
</biography>
