<?xml version="1.0" encoding="UTF-8"?>
<biography birthDate="1950" fullName="Chen Hongsheng" displayName="Chen Hongsheng" nonEnglishName="" sex="male" nationality="Han">
  <bioText>Chen Hongsheng, male, Han nationality, is a native of Guangzhou City. He was born in 1950, and graduated from the Sichuan Foreign Language Institute. Chen has extensive experience in international shipping, freight forwarding and seafaring management. He was appointed as a vice-president of the China Ocean Shipping Group Company in 1998.</bioText>
  <posts>
    <post description="Vice-President of the China Ocean Shipping Group Company"/>
  </posts>
  <birthLocations>
    <birthLocation location="Guangdong Province"/>
    <birthLocation location="Guangzhou City"/>
  </birthLocations>
  <workHistoryEntry startDate="1998">
    <workRoles>
      <workRole role="Member"/>
      <workRole institution="China Ocean Shipping Group"/>
      <workRole institution="CPC"/>
      <workRole institution="Party Committee"/>
    </workRoles>
  </workHistoryEntry>
  <workHistoryEntry startDate="1998">
    <workRoles>
      <workRole role="Vice-President"/>
      <workRole institution="China Ocean Shipping Group"/>
    </workRoles>
  </workHistoryEntry>
  <workHistoryEntry startDate="1993" endDate="1996">
    <workRoles>
      <workRole role="Deputy Director"/>
      <workRole institution="China Ocean Shipping Group"/>
      <workRole institution="International Freight Forwarding Company"/>
    </workRoles>
  </workHistoryEntry>
  <workHistoryEntry startDate="1993" endDate="1996">
    <workRoles>
      <workRole role="Deputy Director"/>
      <workRole institution="China Ocean Shipping Group"/>
      <workRole institution="Container Lines Department"/>
    </workRoles>
  </workHistoryEntry>
  <workHistoryEntry startDate="1993" endDate="1996">
    <workRoles>
      <workRole role="Managing Director"/>
      <workRole institution="China Ocean Shipping Group"/>
      <workRole institution="International Freight Forwarding Company"/>
    </workRoles>
  </workHistoryEntry>
  <workHistoryEntry startDate="1993" endDate="1998">
    <workRoles>
      <workRole role="Deputy Director"/>
      <workRole institution="China Ocean Shipping Group"/>
    </workRoles>
  </workHistoryEntry>
  <workHistoryEntry startDate="1986" endDate="1993">
    <workRoles>
      <workRole role="General Manager"/>
      <workRole institution="China Ocean Shipping Group"/>
      <workRole institution="International Freight Forwarding Company"/>
      <workRole location="Beijing Municipality"/>
    </workRoles>
  </workHistoryEntry>
  <workHistoryEntry startDate="1980" endDate="1986">
    <workRoles>
      <workRole role="General Manager"/>
      <workRole institution="China Ocean Shipping Group"/>
      <workRole institution="Shipping Department"/>
    </workRoles>
  </workHistoryEntry>
  <workHistoryEntry startDate="1975" endDate="1980">
    <workRoles>
      <workRole role="Assistant Manager"/>
      <workRole institution="Nantong Ocean Shipping Agency"/>
      <workRole location="Jiangsu Province"/>
      <workRole location="Nantong City"/>
    </workRoles>
  </workHistoryEntry>
  <workHistory/>
</biography>
