<?xml version="1.0" encoding="UTF-8"?>
<biography birthDate="1943" fullName="Chen Gunagming" displayName="Chen Guangming" nonEnglishName="" sex="male" nationality="Han">
  <bioText>Chen Gunagming, male, Han nationality, is a native of Tiandong Guangxi Zhuang Autonomous Region. He was born in 1943, joined the CPC in 1964, and graduated from the Guangxi Army Institute. Chen began his career as an educator in the military and subsequently held leading Party posts, principally in Guilin and Nanning of his native Guangxi. In 2002 he served as vice-chairman of the Guangxi Zhuang Autonomous Regional CPPCC Committee.</bioText>
  <posts>
    <post description="Member of the Leading Party Group of the Guangxi Zhuang Autonomous Regional People's Congress"/>
  </posts>
  <birthLocations>
    <birthLocation location="Guangxi Zhuang Autonomous Region"/>
    <birthLocation location="Tiandong"/>
  </birthLocations>
  <workHistoryEntry startDate="2002">
    <workRoles>
      <workRole role="Member"/>
      <workRole institution="Autonomous Regional People's Congress"/>
      <workRole institution="CPC"/>
      <workRole institution="Leading Party Group"/>
      <workRole location="Guangxi Zhuang Autonomous Region"/>
    </workRoles>
  </workHistoryEntry>
  <workHistoryEntry startDate="2002" endDate="2002">
    <workRoles>
      <workRole role="Vice-Chairman"/>
      <workRole institution="Autonomous Regional People's Congress"/>
      <workRole location="Guangxi Zhuang Autonomous Region"/>
    </workRoles>
  </workHistoryEntry>
  <workHistoryEntry startDate="2001" endDate="2002">
    <workRoles>
      <workRole role="Deputy Director"/>
      <workRole institution="CPC"/>
      <workRole institution="Autonomous Regional Committee"/>
      <workRole institution="General Office"/>
      <workRole location="Guangxi Zhuang Autonomous Region"/>
    </workRoles>
  </workHistoryEntry>
  <workHistoryEntry startDate="2000" endDate="2002">
    <workRoles>
      <workRole role="Deputy Secretary-General"/>
      <workRole institution="CPC"/>
      <workRole institution="Autonomous Regional Committee"/>
      <workRole location="Guangxi Zhuang Autonomous Region"/>
    </workRoles>
  </workHistoryEntry>
  <workHistoryEntry startDate="1997" endDate="2002">
    <workRoles>
      <workRole role="Delegate"/>
      <workRole institution="15th CPC"/>
      <workRole institution="National Congress"/>
    </workRoles>
  </workHistoryEntry>
  <workHistoryEntry startDate="1996" endDate="2000">
    <workRoles>
      <workRole role="Secretary"/>
      <workRole institution="CPC"/>
      <workRole institution="Autonomous City Committee"/>
      <workRole location="Guangxi Zhuang Autonomous Region"/>
      <workRole location="Nanning City"/>
    </workRoles>
  </workHistoryEntry>
  <workHistoryEntry startDate="1991" endDate="1996">
    <workRoles>
      <workRole role="Deputy Secretary"/>
      <workRole institution="CPC"/>
      <workRole institution="Autonomous City Committee"/>
      <workRole location="Guangxi Zhuang Autonomous Region"/>
      <workRole location="Guilin City"/>
    </workRoles>
  </workHistoryEntry>
  <workHistoryEntry startDate="1990">
    <workRoles>
      <workRole role="Student"/>
      <workRole institution="CPC"/>
      <workRole institution="Central Committee"/>
      <workRole institution="Central Party School"/>
    </workRoles>
  </workHistoryEntry>
  <workHistoryEntry startDate="1989" endDate="1991">
    <workRoles>
      <workRole role="Secretary"/>
      <workRole institution="CPC"/>
      <workRole institution="Autonomous City Committee"/>
      <workRole institution="Commission for Discipline Inspection"/>
      <workRole location="Guangxi Zhuang Autonomous Region"/>
      <workRole location="Guilin City"/>
    </workRoles>
  </workHistoryEntry>
  <workHistoryEntry startDate="1983" endDate="1989">
    <workRoles>
      <workRole role="Deputy Director"/>
      <workRole institution="Guilin Army School"/>
      <workRole institution="Political Department"/>
      <workRole location="Guangxi Zhuang Autonomous Region"/>
      <workRole location="Guilin City"/>
    </workRoles>
  </workHistoryEntry>
  <workHistoryEntry startDate="1981" endDate="1983">
    <workRoles>
      <workRole role="Chief"/>
      <workRole institution="Guilin Army School"/>
      <workRole institution="Cadre Division"/>
      <workRole location="Guangxi Zhuang Autonomous Region"/>
      <workRole location="Guilin City"/>
    </workRoles>
  </workHistoryEntry>
  <workHistoryEntry startDate="1979" endDate="1981">
    <workRoles>
      <workRole role="Deputy Chief"/>
      <workRole institution="PLA"/>
      <workRole institution="Regions"/>
      <workRole institution="Guangzhou Military Region"/>
      <workRole institution="Infantry School"/>
      <workRole location="Guangdong Province"/>
      <workRole location="Guangzhou City"/>
    </workRoles>
  </workHistoryEntry>
  <workHistoryEntry startDate="1973" endDate="1979">
    <workRoles>
      <workRole role="Chief"/>
      <workRole institution="PLA"/>
      <workRole institution="Regions"/>
      <workRole institution="Guangzhou Military Region"/>
      <workRole institution="Military and Political Cadre School"/>
      <workRole location="Guangdong Province"/>
      <workRole location="Guangzhou City"/>
    </workRoles>
  </workHistoryEntry>
  <workHistoryEntry startDate="1970" endDate="1973">
    <workRoles>
      <workRole role="Worker"/>
      <workRole institution="PLA"/>
      <workRole institution="Regions"/>
      <workRole institution="Guangzhou Military Region"/>
      <workRole institution="Guangxi Military District Guangxi Zhuang Autonomous Region (Organization Division"/>
      <workRole location="Guangxi Zhuang Autonomous Region"/>
    </workRoles>
  </workHistoryEntry>
  <workHistoryEntry startDate="1969" endDate="1970">
    <workRoles>
      <workRole role="Instructor"/>
      <workRole location="PLA"/>
      <workRole location="Regions"/>
      <workRole location="Guangzhou Military Region"/>
      <workRole location="Guangxi Military District (No.1 Company"/>
    </workRoles>
  </workHistoryEntry>
  <workHistoryEntry startDate="1964">
    <workRoles>
      <workRole role="Joined"/>
      <workRole institution="CPC"/>
    </workRoles>
  </workHistoryEntry>
  <workHistoryEntry startDate="1962" endDate="1969">
    <workRoles>
      <workRole role="Soldier"/>
      <workRole location="Guangxi Zhuang Autonomous Region"/>
      <workRole location="Jingxiu (No.1 Squadron"/>
    </workRoles>
  </workHistoryEntry>
  <workHistory/>
</biography>
