<?xml version="1.0" encoding="UTF-8"?>
<biography birthDate="1937" fullName="Chen Qingtai" displayName="Chen Qingtai" nonEnglishName="" sex="male" nationality="Han">
  <bioText>Chen Qingtai, male, Han nationality, is a native of Fengrun, Hebei Province. He was born in 1937. A graduate of Qinghua University, he started working in 1970 at the No. 2 Motor Vehicle Plant and rose from deputy division chief to director of the plant. He then became general manager and chairman of the board of the Aeolus United Automotive Industry Corporation before moving on to chairman of the board of Aeolus-Citroen Autombile Co., Ltd. In 1992, he switched to positions under the State Council in economic, trade, and monetary policy, serving as vice-minister of the State Economic and Trade Commission from 1993 to 1998. In 1998 he was named deputy director of the State Council's Development Research Center. In that same year he began a term as member of the 9th CPPCC National Committee.</bioText>
  <posts>
    <post description="Deputy Director of the Development Research Center of the State Council"/>
  </posts>
  <birthLocations>
    <birthLocation location="Hebei Province"/>
    <birthLocation location="Fengrun County"/>
  </birthLocations>
  <workHistoryEntry startDate="1998" endDate="2003">
    <workRoles>
      <workRole role="Member"/>
      <workRole institution="9th CPPCC"/>
      <workRole institution="National Committee"/>
    </workRoles>
  </workHistoryEntry>
  <workHistoryEntry startDate="1998">
    <workRoles>
      <workRole role="Deputy Director"/>
      <workRole institution="Development Research Center of the State Council"/>
    </workRoles>
  </workHistoryEntry>
  <workHistoryEntry startDate="1997" endDate="????">
    <workRoles>
      <workRole role="Member"/>
      <workRole institution="Chinese Monetary Policy Committee"/>
    </workRoles>
  </workHistoryEntry>
  <workHistoryEntry startDate="1993" endDate="1998">
    <workRoles>
      <workRole role="Vice-Minister"/>
      <workRole institution="State Economic and Trade Commission"/>
    </workRoles>
  </workHistoryEntry>
  <workHistoryEntry startDate="1992" endDate="1993">
    <workRoles>
      <workRole role="Deputy Director"/>
      <workRole institution="State Economic and Trade Commission"/>
    </workRoles>
  </workHistoryEntry>
  <workHistoryEntry startDate="1988">
    <workRoles>
      <workRole role="(National Excellent Entrepreneur)"/>
    </workRoles>
  </workHistoryEntry>
  <workHistoryEntry startDate="">
    <workRoles>
      <workRole role="Chairman"/>
      <workRole institution="Aeolus-Citroen Automobile Co., Ltd."/>
    </workRoles>
  </workHistoryEntry>
  <workHistoryEntry startDate="">
    <workRoles>
      <workRole role="Chairman"/>
      <workRole institution="Aeolus United Automotive Industry Corporation"/>
    </workRoles>
  </workHistoryEntry>
  <workHistoryEntry startDate="">
    <workRoles>
      <workRole role="General Manager"/>
      <workRole institution="Aeolus United Automotive Industry Corporation"/>
    </workRoles>
  </workHistoryEntry>
  <workHistoryEntry startDate="1962">
    <workRoles>
      <workRole role="Graduate"/>
      <workRole institution="Tsinghua University"/>
      <workRole institution="Power Department"/>
      <workRole location="Beijing Municipality"/>
    </workRoles>
  </workHistoryEntry>
  <workHistoryEntry startDate="1956">
    <workRoles>
      <workRole role="Joined"/>
      <workRole institution="CPC"/>
    </workRoles>
  </workHistoryEntry>
  <workHistory/>
</biography>
