<?xml version="1.0" encoding="UTF-8"?>
<biography birthDate="1964" fullName="Chen Jianming" displayName="Chen Jianming" nonEnglishName="" sex="male" nationality="Han">
  <bioText>Chen Jianming, male, Han nationality, was born in 1964, graduated from Tsinghua University, and received a master's degree in business from Peking University. Chen is chairman of the board of the Beijing Oriental Three Invest Consulting Company Limited, Chief Executive Officer of WWW.YIPU.COM.CN, and senior consultant of the Gallup Consultant Company Limited. Chen was the project manager of the Beijing mall project and was awarded by the news office of the Beijing government with the "Predominant Contribution Prize". He engaged in the consulting, developing, and financing of the project, and he has extensive knowledge of the Chinese real estate market, especially the theory and the operation of the commercial real estate market. His published works include "Guidance to Investment and Development of the China Shopping Mall", "Guidance to Investment and Finance of Commercial Real Estate", and "Guidance to Investment of Shops". Under his leadership, Beijing Oriental Three Invest Consulting Company Limited has successfully planned for the Jinyuan Time Shopping Mall and financed it. By the end of 2004, the company planned for the businesses occupying 2.28 million square meters, and offered professional commercial real estate services for enterprises such as the Shangdong Luneng Group, Zhongyuan Real Estate, Huanyuan Group, and the Beijing New Yansha Investing Group.</bioText>
  <posts>
    <post description="Chairman of the Board of the Beijing Oriental Three Invest Consulting Company Limited"/>
  </posts>
  <birthLocations/>
  <workHistoryEntry startDate="">
    <workRoles>
      <workRole role="Chairman of the Board"/>
      <workRole institution="Beijing Oriental Three Invest Consulting Company Limited"/>
      <workRole location="Beijing Municipality"/>
    </workRoles>
  </workHistoryEntry>
  <workHistoryEntry startDate="">
    <workRoles>
      <workRole role="Graduate"/>
      <workRole institution="Beijing University"/>
      <workRole location="Beijing Municipality"/>
    </workRoles>
  </workHistoryEntry>
  <workHistoryEntry startDate="">
    <workRoles>
      <workRole role="Graduate"/>
      <workRole institution="Tsinghua University"/>
      <workRole location="Beijing Municipality"/>
    </workRoles>
  </workHistoryEntry>
  <workHistory/>
</biography>
