<?xml version="1.0" encoding="UTF-8"?>
<biography birthDate="1931" fullName="Chen Guizun" displayName="Chen Guizun" nonEnglishName="" sex="male" nationality="Han">
  <bioText>Chen Guizun, male, Han nationality, was born in Hong Kong in 1931. His ancestral home is in Haifeng, Guangdong Province, and his grandfather was Chen Yansheng, one of founding members of the China Zhi Gong Party (Public Interest) Party. Chen majored in physics at Beijing University and after graduation taught at various geological and metallurgical institutions for about 20 years. He served twice as vice-governor of Jiangxi Province beginning in 1985. In the China Democratic League, Chen has held various positions at the provincial and national level. He was also active in the CPPCC and the NPC, serving as a deputy in the 8th NPC and a member of the standing committee of the 9th NPC. He is now in his second term as vice-chairman of the standing committee of the Jiangxi Provincial People's Congress.</bioText>
  <posts>
    <post description="Vice-Chairman of the Standing Committee of the Jiangxi Provincial People's Congress, Chairman of the Jiangxi Provincial Committee of the China Democratic League"/>
  </posts>
  <birthLocations>
    <birthLocation location="Hong Kong SAR"/>
  </birthLocations>
  <workHistoryEntry startDate="1998" endDate="2003">
    <workRoles>
      <workRole role="Member"/>
      <workRole institution="9th Standing Committee of the NPC"/>
    </workRoles>
  </workHistoryEntry>
  <workHistoryEntry startDate="">
    <workRoles>
      <workRole role="Member"/>
      <workRole institution="China Democratic League"/>
      <workRole institution="Central Committee"/>
      <workRole institution="Standing Committee"/>
    </workRoles>
  </workHistoryEntry>
  <workHistoryEntry startDate="1993" endDate="1998">
    <workRoles>
      <workRole role="Deputy"/>
      <workRole institution="8th NPC"/>
    </workRoles>
  </workHistoryEntry>
  <workHistoryEntry startDate="1993">
    <workRoles>
      <workRole role="Vice-Chairman"/>
      <workRole institution="Provincial People's Congress"/>
      <workRole institution="Standing Committee"/>
      <workRole location="Jiangxi Province"/>
    </workRoles>
  </workHistoryEntry>
  <workHistoryEntry startDate="1992" endDate="2002">
    <workRoles>
      <workRole role="Chairman"/>
      <workRole institution="China Democratic League"/>
      <workRole institution="Provincial Committee"/>
      <workRole location="Jiangxi Province"/>
    </workRoles>
  </workHistoryEntry>
  <workHistoryEntry startDate="">
    <workRoles>
      <workRole role="President"/>
      <workRole institution="Jiangxi Provincial Society of Science"/>
      <workRole location="Jiangxi Province"/>
    </workRoles>
  </workHistoryEntry>
  <workHistoryEntry startDate="">
    <workRoles>
      <workRole role="Vice-Chairman"/>
      <workRole institution="China Democratic League"/>
      <workRole institution="Provincial Committee"/>
      <workRole location="Jiangxi Province"/>
    </workRoles>
  </workHistoryEntry>
  <workHistoryEntry startDate="1988" endDate="1993">
    <workRoles>
      <workRole role="Member"/>
      <workRole institution="7th CPPCC"/>
      <workRole institution="National Committee"/>
    </workRoles>
  </workHistoryEntry>
  <workHistoryEntry startDate="1985" endDate="????">
    <workRoles>
      <workRole role="Vice-Governor"/>
      <workRole institution="People's Government"/>
      <workRole location="Jiangxi Province"/>
    </workRoles>
  </workHistoryEntry>
  <workHistoryEntry startDate="">
    <workRoles>
      <workRole role="Vice-President"/>
      <workRole institution="Jiangxi Metallurgical Institute"/>
      <workRole location="Jiangxi Province"/>
    </workRoles>
  </workHistoryEntry>
  <workHistoryEntry startDate="">
    <workRoles>
      <workRole role="Associate Professor"/>
      <workRole institution="Jiangxi Metallurgical Institute"/>
      <workRole location="Jiangxi Province"/>
    </workRoles>
  </workHistoryEntry>
  <workHistoryEntry startDate="">
    <workRoles>
      <workRole role="Deputy Director"/>
      <workRole institution="Jiangxi Geological College"/>
      <workRole institution="Teaching Research Office"/>
      <workRole location="Jiangxi Province"/>
    </workRoles>
  </workHistoryEntry>
  <workHistoryEntry startDate="">
    <workRoles>
      <workRole role="Chief of Teaching"/>
      <workRole institution="Beijing Geological College"/>
      <workRole institution="Research Office"/>
      <workRole location="Beijing Municipality"/>
    </workRoles>
  </workHistoryEntry>
  <workHistoryEntry startDate="1959" endDate="????">
    <workRoles>
      <workRole role="Teaching Assistant"/>
      <workRole institution="Beijing Geological College"/>
      <workRole location="Beijing Municipality"/>
    </workRoles>
  </workHistoryEntry>
  <workHistoryEntry startDate="1953">
    <workRoles>
      <workRole role="Graduate"/>
      <workRole institution="Beijing University"/>
      <workRole institution="Physics Department"/>
      <workRole location="Beijing Municipality"/>
    </workRoles>
  </workHistoryEntry>
  <workHistory/>
</biography>
