<?xml version="1.0" encoding="UTF-8"?>
<biography birthDate="Zhejiang Province, Hangzhou City" fullName="Chen Zhongwei" displayName="Chen Zhongwei" nonEnglishName="" sex="male" nationality="Han">
  <bioText>Chen Zhongwei, male, Han nationality, is a native of Hangzhou, Zhejiang Province. He graduated from 2nd Medical College of Shanghai and served as director and professor at Fudan University's Zhongshan Hospital. He was elected academician of the Chinese Academy of Sciences in 1980. As a medical scientist, Chen has developed new techniques for transplant surgery.</bioText>
  <posts>
    <post description="Academician of the Chinese Academy of Sciences"/>
  </posts>
  <birthLocations/>
  <workHistoryEntry startDate="1985">
    <workRoles>
      <workRole role="Academician"/>
      <workRole institution="Third World Academy of Sciences"/>
    </workRoles>
  </workHistoryEntry>
  <workHistoryEntry startDate="">
    <workRoles>
      <workRole role="Director"/>
      <workRole institution="Zhongshan Hospital"/>
    </workRoles>
  </workHistoryEntry>
  <workHistoryEntry startDate="">
    <workRoles>
      <workRole role="Professor"/>
      <workRole institution="Fudan University"/>
    </workRoles>
  </workHistoryEntry>
  <workHistoryEntry startDate="1980">
    <workRoles>
      <workRole role="Academician"/>
      <workRole institution="Chinese Academy of Sciences"/>
    </workRoles>
  </workHistoryEntry>
  <workHistoryEntry startDate="1954">
    <workRoles>
      <workRole role="Graduate"/>
      <workRole institution="Shanghai No. 2 Medical College"/>
      <workRole location="Shanghai Municipality"/>
    </workRoles>
  </workHistoryEntry>
  <workHistory/>
</biography>
