<?xml version="1.0" encoding="UTF-8"?>
<biography birthDate="1933" fullName="Chen Guangyi" displayName="Chen Guangyi" nonEnglishName="" sex="male" nationality="Han">
  <bioText>Chen Guangyi, male, Han nationality, is a native of Putian, Fujian Province. He was born in 1933. An engineering college graduate, he joined the CPC in 1959 but held no national-level Party position until 23 years later when he was elected a member of the 12th CPC Central Committee.Shortly thereafter, he was named governor of Gansu Province. In the interim, he occupied a number of managerial positions in heavy industry and metallurgy in Gansu and from 1980 to 1983 was deputy director of the Gansu Provincial Planning Committee. From Gansu, he moved back to his home province to chair the 6th CPPCC Fujian Provincial Committee and later the standing commitee of the 8th Fujian Provincial People's Congress. From 1993 to 1998, he was director of the Civil Aviation Administration of China. Chen was a member of the 12th to the 15th CPC Central Committees and in 1998 became a member of the standing committee of the 9th NPC as well as chairman of its financial and economic committee.</bioText>
  <posts>
    <post description="Chairman, 10th NPC Overseas Chinese Affairs Committee"/>
  </posts>
  <birthLocations>
    <birthLocation location="Fujian Province"/>
    <birthLocation location="Putian City"/>
  </birthLocations>
  <workHistoryEntry startDate="2003">
    <workRoles>
      <workRole role="Chairman"/>
      <workRole institution="10th Overseas Chinese Affairs Committee of the NPC"/>
    </workRoles>
  </workHistoryEntry>
  <workHistoryEntry startDate="1998" endDate="2003">
    <workRoles>
      <workRole role="Chairman"/>
      <workRole institution="9th Financial and Economic Committee of the NPC"/>
    </workRoles>
  </workHistoryEntry>
  <workHistoryEntry startDate="1998" endDate="2003">
    <workRoles>
      <workRole role="Member"/>
      <workRole institution="9th Standing Committee of the NPC"/>
    </workRoles>
  </workHistoryEntry>
  <workHistoryEntry startDate="1997" endDate="2002">
    <workRoles>
      <workRole role="Member"/>
      <workRole institution="15th CPC"/>
      <workRole institution="Central Committee"/>
    </workRoles>
  </workHistoryEntry>
  <workHistoryEntry startDate="">
    <workRoles>
      <workRole role="Honorary President"/>
      <workRole institution="Nanjing Aerospace Institute"/>
      <workRole institution="Civil Aviation College"/>
      <workRole location="Jiangsu Province"/>
      <workRole location="Nanjing City"/>
    </workRoles>
  </workHistoryEntry>
  <workHistoryEntry startDate="1993" endDate="1994">
    <workRoles>
      <workRole role="Chairman"/>
      <workRole institution="Provincial People's Congress"/>
      <workRole institution="Standing Committee"/>
      <workRole location="Fujian Province"/>
    </workRoles>
  </workHistoryEntry>
  <workHistoryEntry startDate="1993" endDate="1998">
    <workRoles>
      <workRole role="Director"/>
      <workRole institution="Civil Aviation Administration of China"/>
    </workRoles>
  </workHistoryEntry>
  <workHistoryEntry startDate="1992" endDate="1997">
    <workRoles>
      <workRole role="Member"/>
      <workRole institution="14th CPC"/>
      <workRole institution="Central Committee"/>
    </workRoles>
  </workHistoryEntry>
  <workHistoryEntry startDate="1988" endDate="????">
    <workRoles>
      <workRole role="Chairman"/>
      <workRole institution="CPPCC"/>
      <workRole institution="Provincial Committee"/>
      <workRole location="Fujian Province"/>
    </workRoles>
  </workHistoryEntry>
  <workHistoryEntry startDate="1987" endDate="1992">
    <workRoles>
      <workRole role="Member"/>
      <workRole institution="13th CPC"/>
      <workRole institution="Central Committee"/>
    </workRoles>
  </workHistoryEntry>
  <workHistoryEntry startDate="">
    <workRoles>
      <workRole role="Secretary"/>
      <workRole institution="CPC"/>
      <workRole institution="Provincial Committee"/>
      <workRole location="Fujian Province"/>
    </workRoles>
  </workHistoryEntry>
  <workHistoryEntry startDate="">
    <workRoles>
      <workRole role="Secretary"/>
      <workRole institution="PLA"/>
      <workRole institution="Regions"/>
      <workRole institution="Nanjing Military Region"/>
      <workRole institution="Fujian Military District"/>
      <workRole institution="CPC"/>
      <workRole institution="Party Committee"/>
    </workRoles>
  </workHistoryEntry>
  <workHistoryEntry startDate="1983" endDate="1986">
    <workRoles>
      <workRole role="Governor"/>
      <workRole institution="People's Government"/>
      <workRole location="Gansu Province"/>
    </workRoles>
  </workHistoryEntry>
  <workHistoryEntry startDate="1982" endDate="1987">
    <workRoles>
      <workRole role="Member"/>
      <workRole institution="12th CPC"/>
      <workRole institution="Central Committee"/>
    </workRoles>
  </workHistoryEntry>
  <workHistoryEntry startDate="1980" endDate="1983">
    <workRoles>
      <workRole role="Deputy Secretary"/>
      <workRole institution="CPC"/>
      <workRole institution="Provincial Committee"/>
      <workRole location="Gansu Province"/>
    </workRoles>
  </workHistoryEntry>
  <workHistoryEntry startDate="1980" endDate="1983">
    <workRoles>
      <workRole role="Deputy Director"/>
      <workRole institution="Provincial Planning Committee"/>
      <workRole location="Gansu Province"/>
    </workRoles>
  </workHistoryEntry>
  <workHistoryEntry startDate="1977" endDate="1980">
    <workRoles>
      <workRole role="Division Chief"/>
      <workRole institution="Provincial Metallurgical Bureau"/>
      <workRole location="Gansu Province"/>
    </workRoles>
  </workHistoryEntry>
  <workHistoryEntry startDate="1964" endDate="1975">
    <workRoles>
      <workRole role="Director"/>
      <workRole institution="Northwest China Nonferrous Metallurgical Design Academy"/>
      <workRole institution="Production Office"/>
    </workRoles>
  </workHistoryEntry>
  <workHistoryEntry startDate="1960" endDate="1964">
    <workRoles>
      <workRole role="Deputy Division Chief"/>
      <workRole institution="Provincial Heavy Industry Department"/>
      <workRole location="Gansu Province"/>
    </workRoles>
  </workHistoryEntry>
  <workHistoryEntry startDate="1959">
    <workRoles>
      <workRole role="Joined"/>
      <workRole institution="CPC"/>
    </workRoles>
  </workHistoryEntry>
  <workHistoryEntry startDate="1953">
    <workRoles>
      <workRole role="Graduate"/>
      <workRole institution="Northeast China Engineering College"/>
      <workRole institution="Mechanical-Electrical Department"/>
    </workRoles>
  </workHistoryEntry>
  <workHistoryEntry startDate="1953" endDate="1954">
    <workRoles>
      <workRole role="Technician"/>
      <workRole institution="Ministry of Metallurgy"/>
      <workRole institution="Design Department"/>
    </workRoles>
  </workHistoryEntry>
  <workHistory/>
</biography>
