<?xml version="1.0" encoding="UTF-8"?>
<biography birthDate="Hunan Province, Cili County" fullName="Chen Nengkuan" displayName="Chen Nengkuan" nonEnglishName="" sex="male" nationality="Han">
  <bioText>Chen Nengkuan, male, Han nationality, is a native of Cili, Hunan Province. He graduated from Tangshan Jiaotong University in 1946 and received his master's degree and doctor's degree from Yele University in 1948 and 1950, respectively. Chen has long been engaged in research on metal physics and material science. He solved a series of theories and problems of significant application in the field of single crystallization deformation of multiple metals, recrystallization and the performance of such materials under high temperature and high pressure. His research on the engineering physics of interdisciplinary subjects made significant contributions to the study and manufacture of atomic bombs and hydrogen bombs. Chen is an academician of the Chinese Academy of Arts and Sciences.</bioText>
  <posts>
    <post description="Scientist of Metal Physics, Material Physics, and Engineering Physics"/>
  </posts>
  <birthLocations/>
  <workHistoryEntry startDate="1999">
    <workRoles>
      <workRole role="(Obtained &quot;Two-bombs and One-star Meritorious Medal&quot;)"/>
    </workRoles>
  </workHistoryEntry>
  <workHistoryEntry startDate="1980">
    <workRoles>
      <workRole role="Academician"/>
      <workRole institution="Chinese Academy of Sciences"/>
    </workRoles>
  </workHistoryEntry>
  <workHistoryEntry startDate="">
    <workRoles>
      <workRole role="Researcher"/>
      <workRole institution="China Engineering Physics Research Institute"/>
    </workRoles>
  </workHistoryEntry>
  <workHistoryEntry startDate="">
    <workRoles>
      <workRole role="Senior Advisor"/>
      <workRole institution="China Engineering Physics Research Institute"/>
    </workRoles>
  </workHistoryEntry>
  <workHistoryEntry startDate="1950">
    <workRoles>
      <workRole role="Graduate"/>
      <workRole institution="Yale University"/>
      <workRole location="USA"/>
      <workRole location="Connecticut"/>
      <workRole location="New Haven"/>
    </workRoles>
  </workHistoryEntry>
  <workHistoryEntry startDate="1948">
    <workRoles>
      <workRole role="Graduate"/>
      <workRole institution="Yale University"/>
      <workRole location="USA"/>
      <workRole location="Connecticut"/>
      <workRole location="New Haven"/>
    </workRoles>
  </workHistoryEntry>
  <workHistoryEntry startDate="1946">
    <workRoles>
      <workRole role="Graduate"/>
      <workRole institution="Tangshan Jiaotong University"/>
      <workRole institution="Mining and Metallurgical Department"/>
      <workRole location="Hebei Province"/>
      <workRole location="Tangshan City"/>
    </workRoles>
  </workHistoryEntry>
  <workHistory/>
</biography>
