<?xml version="1.0" encoding="UTF-8"?>
<biography birthDate="1954" fullName="Chen Lei" displayName="Chen Lei" nonEnglishName="" sex="male" nationality="Han">
  <bioText>Chen Lei, male, Han nationality, is a native of Beijing. He was born in 1954 and joined the CPC in 1980. Chen is a postgraduate of the Department of Irrigation and Water Conservancy of the North China Institute of Water Conservancy and Hydroelectric Power. Chen Lei has held leading positions with the Ministry of Water Resources, in the China Irrigation and Drainage Company, as well as in the Comprehensive Development Management Center. He was appointed vice-minister of the Ministry of Water Resources in 2001. He became Minister of the Ministry of Water Resources and a member of the 17th CPC Central Committee in 2007.</bioText>
  <posts>
    <post description="Member, 17th CPC, Central Committee"/>
    <post description="Minister, Ministry of Water Resources"/>
  </posts>
  <birthLocations>
    <birthLocation location="Beijing Municipality"/>
  </birthLocations>
  <workHistoryEntry startDate="2007">
    <workRoles>
      <workRole role="Member"/>
      <workRole institution="17th CPC"/>
      <workRole institution="Central Committee"/>
    </workRoles>
  </workHistoryEntry>
  <workHistoryEntry startDate="2007">
    <workRoles>
      <workRole role="Minister"/>
      <workRole institution="Ministry of Water Resources"/>
    </workRoles>
  </workHistoryEntry>
  <workHistoryEntry startDate="2005" endDate="2007">
    <workRoles>
      <workRole role="Executive Vice-Chairman"/>
      <workRole institution="Autonomous Region People's Government"/>
    </workRoles>
  </workHistoryEntry>
  <workHistoryEntry startDate="2005" endDate="2005">
    <workRoles>
      <workRole role="Vice-Chairman"/>
      <workRole institution="Autonomous Region People's Government"/>
      <workRole location="Xinjiang Uygur Autonomous Region"/>
    </workRoles>
  </workHistoryEntry>
  <workHistoryEntry startDate="2005" endDate="2007">
    <workRoles>
      <workRole role="Member"/>
      <workRole institution="CPC"/>
      <workRole institution="Autonomous Regional Committee"/>
      <workRole institution="Standing Committee"/>
      <workRole location="Xinjiang Uygur Autonomous Region"/>
    </workRoles>
  </workHistoryEntry>
  <workHistoryEntry startDate="2004" endDate="2005">
    <workRoles>
      <workRole role="Member"/>
      <workRole institution="Three Gorges Project Construction Committee"/>
    </workRoles>
  </workHistoryEntry>
  <workHistoryEntry startDate="2001" endDate="2004">
    <workRoles>
      <workRole role="Vice-Minister"/>
      <workRole institution="Ministry of Water Resources"/>
    </workRoles>
  </workHistoryEntry>
  <workHistoryEntry startDate="2001" endDate="2004">
    <workRoles>
      <workRole role="Member"/>
      <workRole institution="Ministry of Water Resources"/>
      <workRole institution="CPC"/>
      <workRole institution="Leading Party Group"/>
    </workRoles>
  </workHistoryEntry>
  <workHistoryEntry startDate="2000" endDate="2001">
    <workRoles>
      <workRole role="Director"/>
      <workRole institution="Ministry of Water Resources"/>
      <workRole institution="Planning Department"/>
    </workRoles>
  </workHistoryEntry>
  <workHistoryEntry startDate="1996" endDate="2000">
    <workRoles>
      <workRole role="Director"/>
      <workRole institution="Ministry of Water Resources"/>
      <workRole institution="Rural Water Conservancy Department"/>
    </workRoles>
  </workHistoryEntry>
  <workHistoryEntry startDate="1995" endDate="1996">
    <workRoles>
      <workRole role="Executive Deputy Director"/>
      <workRole institution="Ministry of Water Resources"/>
      <workRole institution="Comprehensive Development Management Center"/>
    </workRoles>
  </workHistoryEntry>
  <workHistoryEntry startDate="1995" endDate="1995">
    <workRoles>
      <workRole role="General Manager"/>
      <workRole institution="Ministry of Water Resources"/>
      <workRole institution="China Irrigation and Drainage Company"/>
    </workRoles>
  </workHistoryEntry>
  <workHistoryEntry startDate="1993" endDate="1995">
    <workRoles>
      <workRole role="Deputy General Manager"/>
      <workRole institution="Ministry of Water Resources"/>
      <workRole institution="China Irrigation and Drainage Company"/>
    </workRoles>
  </workHistoryEntry>
  <workHistoryEntry startDate="1992" endDate="1993">
    <workRoles>
      <workRole role="Manager"/>
      <workRole institution="Ministry of Water Resources"/>
      <workRole institution="China Irrigation and Drainage Company"/>
      <workRole institution="Project Planning Department"/>
    </workRoles>
  </workHistoryEntry>
  <workHistoryEntry startDate="1989" endDate="1992">
    <workRoles>
      <workRole role="Associate Manager"/>
      <workRole institution="Ministry of Water Resources"/>
      <workRole institution="China Irrigation and Drainage Company"/>
      <workRole institution="Project Planning Department"/>
    </workRoles>
  </workHistoryEntry>
  <workHistoryEntry startDate="1985" endDate="1989">
    <workRoles>
      <workRole role="Clerk"/>
      <workRole institution="Ministry of Water Resources"/>
      <workRole institution="China Irrigation and Drainage Company"/>
      <workRole institution="Technology Department"/>
    </workRoles>
  </workHistoryEntry>
  <workHistoryEntry startDate="1982" endDate="1985">
    <workRoles>
      <workRole role="Graduate Student"/>
      <workRole institution="North China Institute of Water Resources and Hydropower"/>
    </workRoles>
  </workHistoryEntry>
  <workHistoryEntry startDate="1980" endDate="1982">
    <workRoles>
      <workRole role="Teacher"/>
      <workRole institution="North China Institute of Water Resources and Hydropower"/>
    </workRoles>
  </workHistoryEntry>
  <workHistory/>
</biography>
