<?xml version="1.0" encoding="UTF-8"?>
<biography birthDate="1943" fullName="Chen Zhixuan" displayName="Chen Zhixuan" nonEnglishName="" sex="male" nationality="Han">
  <bioText>Chen Zhixuan, male, Han nationality, is a native of Baoding, Gaoyang County, Hebei Province. He was born in 1943 and graduated from the Chemical Engineering Department of Tianjin Technical College in 1969. He served as a researcher on the laser team and as league secretary until 1976 when he became league secretary at the Chemical Engineering Department of Hebei Technical College. He was associated in various positions in the Chemical Engineering and Finance departments of Hebei Technical College until 1998, when he was named vice-president. Chen has been director of several collegiate societies and in 1998 became a standing member of the Party committee.</bioText>
  <posts>
    <post description="Vice-President, Hebei University of Technology"/>
  </posts>
  <birthLocations>
    <birthLocation location="Hebei Province"/>
    <birthLocation location="Gaoyang County"/>
  </birthLocations>
  <workHistoryEntry startDate="1998">
    <workRoles>
      <workRole role="Member"/>
      <workRole institution="CPC"/>
      <workRole institution="Provincial Committee"/>
      <workRole institution="Standing Committee"/>
      <workRole location="Hebei Province"/>
    </workRoles>
  </workHistoryEntry>
  <workHistoryEntry startDate="1998">
    <workRoles>
      <workRole role="Vice-President"/>
      <workRole institution="Hebei University of Technology"/>
      <workRole location="Hebei Province"/>
    </workRoles>
  </workHistoryEntry>
  <workHistory/>
</biography>
