<?xml version="1.0" encoding="UTF-8"?>
<biography birthDate="1936" fullName="Cheng Daoxi" displayName="Cheng Daoxi" nonEnglishName="" sex="male" nationality="Han">
  <bioText>Cheng Daoxi, male, Han nationality, is a native of Jixi, Anhui Province. He was born in 1936, and graduated from the Nanjing Institute of Technology, majoring in Automation. Cheng joined the CPC in November 1984. Cheng has taught physics at the Heilongjiang Institute of Technology and Heilongjiang University. He has been chairman of the Harbin Municipal CPPCC Commission and secretary of its leading Party group.</bioText>
  <posts>
    <post description="Chairman of the CPPCC Harbin Municipal Committee Born: 1936, Jixi, Anhui"/>
  </posts>
  <birthLocations>
    <birthLocation location="Anhui Province"/>
    <birthLocation location="Jixi County"/>
  </birthLocations>
  <workHistory/>
</biography>
