<?xml version="1.0" encoding="UTF-8"?>
<biography birthDate="1917" fullName="Chen Shunli" displayName="Chen Shunli" nonEnglishName="" sex="male" nationality="Han">
  <bioText>Chen Shunli, male, Han nationality, is a native of Fenghua, Zhejiang Province. He was born in 1917, and graduated from Qinghua University. Chen worked as Director of the Farmers' Bank of China in various regions and then left China to study at Oxford University. Upon his return, he served as vice-dean of Nankai University and president of Shanxi University. Subsequently, he became active in the China Association for Promoting Democracy Central Committees, and served as Director of the China Association for Promoting Democracy Executive Bureau. Chen Shunli served as vice-chairman of the 5th CPPCC Shanxi Provincial Committee in 1978. Chen Shunli was a member of the 7th and 8th NPC Standing Committees, and served as vice-chairman of the 10th China Association for Promoting Democracy Central Committee in 1997.</bioText>
  <posts>
    <post description="Honorary Vice Chairman of the 10th Central Committee of the China Association for Promoting Democracy"/>
  </posts>
  <birthLocations>
    <birthLocation location="Zhejiang Province"/>
    <birthLocation location="Fenghua City"/>
  </birthLocations>
  <workHistoryEntry startDate="2002">
    <workRoles>
      <workRole role="Vice-Chairman"/>
      <workRole institution="9th China Association for Promoting Democracy"/>
      <workRole institution="Central Committee"/>
    </workRoles>
  </workHistoryEntry>
  <workHistoryEntry startDate="1997" endDate="2002">
    <workRoles>
      <workRole role="Vice-Chairman"/>
      <workRole institution="8th China Association for Promoting Democracy"/>
      <workRole institution="Central Committee"/>
    </workRoles>
  </workHistoryEntry>
  <workHistoryEntry startDate="1993" endDate="1998">
    <workRoles>
      <workRole role="Member"/>
      <workRole institution="8th Standing Committee of the NPC"/>
    </workRoles>
  </workHistoryEntry>
  <workHistoryEntry startDate="1992" endDate="1997">
    <workRoles>
      <workRole role="Vice-Chairman"/>
      <workRole institution="7th China Association for Promoting Democracy"/>
      <workRole institution="Central Committee"/>
    </workRoles>
  </workHistoryEntry>
  <workHistoryEntry startDate="1988" endDate="1993">
    <workRoles>
      <workRole role="Member"/>
      <workRole institution="7th Standing Committee of the NPC"/>
    </workRoles>
  </workHistoryEntry>
  <workHistoryEntry startDate="1983" endDate="1988">
    <workRoles>
      <workRole role="Member"/>
      <workRole institution="6th CPPCC"/>
      <workRole institution="National Committee"/>
      <workRole institution="Standing Committee"/>
    </workRoles>
  </workHistoryEntry>
  <workHistoryEntry startDate="1979" endDate="1983">
    <workRoles>
      <workRole role="Member"/>
      <workRole institution="4th China Association for Promoting Democracy"/>
      <workRole institution="Central Committee"/>
    </workRoles>
  </workHistoryEntry>
  <workHistoryEntry startDate="1978" endDate="1983">
    <workRoles>
      <workRole role="Member"/>
      <workRole institution="5th CPPCC"/>
      <workRole institution="National Committee"/>
    </workRoles>
  </workHistoryEntry>
  <workHistoryEntry startDate="">
    <workRoles>
      <workRole role="Director"/>
      <workRole institution="China Association for Promoting Democracy"/>
      <workRole institution="Central Committee"/>
      <workRole institution="Executive Bureau"/>
    </workRoles>
  </workHistoryEntry>
  <workHistoryEntry startDate="1964" endDate="1983">
    <workRoles>
      <workRole role="Vice-Chairman"/>
      <workRole institution="CPPCC"/>
      <workRole institution="Provincial Committee"/>
      <workRole location="Shanxi Province"/>
    </workRoles>
  </workHistoryEntry>
  <workHistoryEntry startDate="1964" endDate="1978">
    <workRoles>
      <workRole role="Member"/>
      <workRole institution="4th CPPCC"/>
      <workRole institution="National Committee"/>
    </workRoles>
  </workHistoryEntry>
  <workHistoryEntry startDate="">
    <workRoles>
      <workRole role="Vice-Chairman"/>
      <workRole institution="China Association for Promoting Democracy"/>
      <workRole institution="Municipal Committee"/>
      <workRole location="Tianjin Municipality"/>
    </workRoles>
  </workHistoryEntry>
  <workHistoryEntry startDate="1959" endDate="????">
    <workRoles>
      <workRole role="Professor"/>
      <workRole institution="Shanxi University"/>
      <workRole location="Shanxi Province"/>
    </workRoles>
  </workHistoryEntry>
  <workHistoryEntry startDate="">
    <workRoles>
      <workRole role="Vice Dean of Studies"/>
      <workRole institution="Nankai University"/>
      <workRole location="Tianjin Municipality"/>
    </workRoles>
  </workHistoryEntry>
  <workHistoryEntry startDate="1959" endDate="????">
    <workRoles>
      <workRole role="President"/>
      <workRole institution="Shanxi University"/>
      <workRole location="Shanxi Province"/>
    </workRoles>
  </workHistoryEntry>
  <workHistoryEntry startDate="1959" endDate="????">
    <workRoles>
      <workRole role="Vice Dean of Studies"/>
      <workRole institution="Shanxi University"/>
      <workRole location="Shanxi Province"/>
    </workRoles>
  </workHistoryEntry>
  <workHistoryEntry startDate="1958" endDate="1979">
    <workRoles>
      <workRole role="Alternate Member"/>
      <workRole institution="3rd China Association for Promoting Democracy"/>
      <workRole institution="Central Committee"/>
    </workRoles>
  </workHistoryEntry>
  <workHistoryEntry startDate="1949" endDate="????">
    <workRoles>
      <workRole role="Professor"/>
      <workRole institution="Nankai University"/>
      <workRole location="Tianjin Municipality"/>
    </workRoles>
  </workHistoryEntry>
  <workHistoryEntry startDate="1945" endDate="1948">
    <workRoles>
      <workRole role="Student"/>
      <workRole institution="Oxford University"/>
      <workRole location="United Kingdom"/>
      <workRole location="Oxford"/>
    </workRoles>
  </workHistoryEntry>
  <workHistoryEntry startDate="1939">
    <workRoles>
      <workRole role="Graduate"/>
      <workRole institution="Tsinghua University"/>
      <workRole institution="Economics Department"/>
      <workRole location="Beijing Municipality"/>
    </workRoles>
  </workHistoryEntry>
  <workHistory/>
</biography>
