<?xml version="1.0" encoding="UTF-8"?>
<biography birthDate="1944" fullName="Chen Yiyu" displayName="Chen Yiyu" nonEnglishName="" sex="male" nationality="Han">
  <bioText>Chen Yiyu, male, Han nationality, is a native of Xianyou County, Fujian Province. He was born in 1944, graduated from Xiamen University in 1964 and became a Fellow of Chinese Academy of Science in 1991. He was Vice-President of Chinese Academy of Science from 1995 to 2003. Since 2004, he is Director of National Natural Science Foundation.</bioText>
  <posts>
    <post description="Director of the National Natural Science Foundation of China"/>
  </posts>
  <birthLocations>
    <birthLocation location="Fujian Province"/>
    <birthLocation location="Xianyou"/>
  </birthLocations>
  <workHistoryEntry startDate="2008">
    <workRoles>
      <workRole role="Member"/>
      <workRole institution="11th Standing Committee of the NPC"/>
    </workRoles>
  </workHistoryEntry>
  <workHistoryEntry startDate="2004">
    <workRoles>
      <workRole role="Director"/>
      <workRole institution="National Natural Science Foundation of China"/>
    </workRoles>
  </workHistoryEntry>
  <workHistoryEntry startDate="2003" endDate="2008">
    <workRoles>
      <workRole role="Member"/>
      <workRole institution="10th Environmental and Resources Protection Committee of the NPC"/>
    </workRoles>
  </workHistoryEntry>
  <workHistoryEntry startDate="2003" endDate="2008">
    <workRoles>
      <workRole role="Member"/>
      <workRole institution="10th Standing Committee of the NPC"/>
    </workRoles>
  </workHistoryEntry>
  <workHistoryEntry startDate="1997" endDate="2002">
    <workRoles>
      <workRole role="Delegate"/>
      <workRole institution="15th CPC"/>
      <workRole institution="National Congress"/>
    </workRoles>
  </workHistoryEntry>
  <workHistoryEntry startDate="1995" endDate="2003">
    <workRoles>
      <workRole role="Vice-President"/>
      <workRole institution="Chinese Academy of Sciences"/>
    </workRoles>
  </workHistoryEntry>
  <workHistoryEntry startDate="1992" endDate="1997">
    <workRoles>
      <workRole role="Delegate"/>
      <workRole institution="14th CPC"/>
      <workRole institution="National Congress"/>
    </workRoles>
  </workHistoryEntry>
  <workHistoryEntry startDate="1991">
    <workRoles>
      <workRole role="Academician"/>
      <workRole institution="Chinese Academy of Sciences"/>
    </workRoles>
  </workHistoryEntry>
  <workHistoryEntry startDate="1991" endDate="1995">
    <workRoles>
      <workRole role="Director"/>
      <workRole institution="Chinese Academy of Sciences"/>
      <workRole institution="Institute of Hydrobiology"/>
    </workRoles>
  </workHistoryEntry>
  <workHistoryEntry startDate="1989" endDate="1991">
    <workRoles>
      <workRole role="Deputy Director"/>
      <workRole institution="Chinese Academy of Sciences"/>
      <workRole institution="Institute of Hydrobiology"/>
    </workRoles>
  </workHistoryEntry>
  <workHistoryEntry startDate="1988" endDate="1993">
    <workRoles>
      <workRole role="Deputy"/>
      <workRole institution="7th NPC"/>
    </workRoles>
  </workHistoryEntry>
  <workHistoryEntry startDate="1983" endDate="1988">
    <workRoles>
      <workRole role="Deputy"/>
      <workRole institution="6th NPC"/>
    </workRoles>
  </workHistoryEntry>
  <workHistoryEntry startDate="">
    <workRoles>
      <workRole role="Researcher"/>
      <workRole institution="Hydrophilic Creature Research Institute"/>
    </workRoles>
  </workHistoryEntry>
  <workHistoryEntry startDate="">
    <workRoles>
      <workRole role="Vice-Dean"/>
      <workRole institution="Chinese Academy of Sciences"/>
    </workRoles>
  </workHistoryEntry>
  <workHistoryEntry startDate="1964">
    <workRoles>
      <workRole role="Graduate"/>
      <workRole institution="Xiamen University"/>
      <workRole institution="Biology Department"/>
      <workRole location="Fujian Province"/>
      <workRole location="Xiamen City"/>
    </workRoles>
  </workHistoryEntry>
  <workHistory/>
</biography>
