<?xml version="1.0" encoding="UTF-8"?>
<biography birthDate="1966" fullName="Chen Gang" displayName="Chen Gang" nonEnglishName="" sex="male" nationality="Han">
  <bioText>Chen Gang, male, Han nationality, is a native of Chongyang County, Hubei Province. He was born in 1966, joined the CPC in 1987, and entered the work force in 1989. He graduated from Tsinghua University with a Master Degree. From 2002 to 2006, he was Director of Planning Committee of Beijing (Captial Planning and Construction Committee Office). Since 2006, he is Vice-Mayor, Beijing Municipality.</bioText>
  <posts>
    <post description="Vice-Mayor of Beijing"/>
  </posts>
  <birthLocations>
    <birthLocation location="Hubei Province"/>
    <birthLocation location="Chongyang County"/>
  </birthLocations>
  <workHistoryEntry startDate="2007">
    <workRoles>
      <workRole role="Member"/>
      <workRole institution="People's Government"/>
      <workRole institution="CPC"/>
      <workRole institution="Leading Party Group"/>
      <workRole location="Beijing Municipality"/>
    </workRoles>
  </workHistoryEntry>
  <workHistoryEntry startDate="2006">
    <workRoles>
      <workRole role="Vice-Mayor"/>
      <workRole institution="People's Government"/>
      <workRole location="Beijing Municipality"/>
    </workRoles>
  </workHistoryEntry>
  <workHistoryEntry startDate="">
    <workRoles>
      <workRole role="Deputy Director"/>
      <workRole institution="Planning Committee"/>
      <workRole location="Beijing Municipality"/>
    </workRoles>
  </workHistoryEntry>
  <workHistoryEntry startDate="">
    <workRoles>
      <workRole role="Mayor's Assistant"/>
      <workRole institution="Autonomous Region People's Government"/>
      <workRole location="Guangxi Zhuang Autonomous Region"/>
      <workRole location="Liuzhou City"/>
    </workRoles>
  </workHistoryEntry>
  <workHistoryEntry startDate="">
    <workRoles>
      <workRole role="Secretary"/>
      <workRole institution="CYLC"/>
      <workRole institution="Tsinghua University"/>
      <workRole institution="Architectural Department"/>
      <workRole location="Beijing"/>
      <workRole location="Haidian District"/>
    </workRoles>
  </workHistoryEntry>
  <workHistory/>
</biography>
