<?xml version="1.0" encoding="UTF-8"?>
<biography birthDate="1964" fullName="Chen Jining" displayName="Chen Jining" nonEnglishName="" sex="male" nationality="Han">
  <bioText>Chen Jining, male, Han nationality, is a native of Lishu County, Jilin Province. He was born in 1964, joined the CPC in 1984, and graduated from Tsinghua University in 1986. From 2007 to 2012, he was Executive Vice President of Tsinghua University. Since 2012, he is President, Tsinghua University.</bioText>
  <posts>
    <post description="President, Tsinghua University, Beijing Municipality"/>
  </posts>
  <birthLocations>
    <birthLocation location="Jilin Province"/>
    <birthLocation location="Lishu County"/>
  </birthLocations>
  <workHistoryEntry startDate="2012">
    <workRoles>
      <workRole role="President"/>
      <workRole institution="Tsinghua University"/>
      <workRole location="Beijing Municipality"/>
    </workRoles>
  </workHistoryEntry>
  <workHistoryEntry startDate="2007">
    <workRoles>
      <workRole role="Dean"/>
      <workRole institution="Tsinghua University"/>
      <workRole institution="School of Life Sciences"/>
      <workRole location="Beijing Municipality"/>
    </workRoles>
  </workHistoryEntry>
  <workHistoryEntry startDate="2007" endDate="2012">
    <workRoles>
      <workRole role="Executive Vice-President"/>
      <workRole institution="Tsinghua University"/>
      <workRole location="Beijing Municipality"/>
    </workRoles>
  </workHistoryEntry>
  <workHistoryEntry startDate="2007" endDate="2012">
    <workRoles>
      <workRole role="Secretary-General"/>
      <workRole institution="Tsinghua University"/>
      <workRole location="Beijing Municipality"/>
    </workRoles>
  </workHistoryEntry>
  <workHistoryEntry startDate="2006" endDate="2007">
    <workRoles>
      <workRole role="Member"/>
      <workRole institution="Tsinghua University"/>
      <workRole institution="CPC"/>
      <workRole institution="Party Committee"/>
      <workRole location="Beijing Municipality"/>
    </workRoles>
  </workHistoryEntry>
  <workHistoryEntry startDate="2006" endDate="2007">
    <workRoles>
      <workRole role="Vice-President"/>
      <workRole institution="Tsinghua University"/>
      <workRole location="Beijing Municipality"/>
    </workRoles>
  </workHistoryEntry>
  <workHistoryEntry startDate="1999" endDate="2006">
    <workRoles>
      <workRole role="Chairman"/>
      <workRole institution="Tsinghua University"/>
      <workRole institution="Environment Science and Engineering Department"/>
      <workRole location="Beijing Municipality"/>
    </workRoles>
  </workHistoryEntry>
  <workHistoryEntry startDate="1998" endDate="1999">
    <workRoles>
      <workRole role="Vice-Chairman"/>
      <workRole institution="Tsinghua University"/>
      <workRole institution="Environment Science and Engineering Department"/>
      <workRole location="Beijing Municipality"/>
    </workRoles>
  </workHistoryEntry>
  <workHistoryEntry startDate="1994" endDate="1998">
    <workRoles>
      <workRole role="Assistant Researcher"/>
      <workRole institution="Imperial College London"/>
      <workRole location="United Kingdom"/>
      <workRole location="London"/>
    </workRoles>
  </workHistoryEntry>
  <workHistoryEntry startDate="1992" endDate="1994">
    <workRoles>
      <workRole role="Postdoctoral Student"/>
      <workRole institution="Imperial College London"/>
      <workRole location="United Kingdom"/>
      <workRole location="London"/>
    </workRoles>
  </workHistoryEntry>
  <workHistoryEntry startDate="1989" endDate="1992">
    <workRoles>
      <workRole role="Student"/>
      <workRole institution="Imperial College London"/>
      <workRole location="United Kingdom"/>
      <workRole location="London"/>
    </workRoles>
  </workHistoryEntry>
  <workHistoryEntry startDate="1988" endDate="1989">
    <workRoles>
      <workRole role="Student"/>
      <workRole institution="Brunel University"/>
      <workRole location="United Kingdom"/>
      <workRole location="London"/>
    </workRoles>
  </workHistoryEntry>
  <workHistoryEntry startDate="1986" endDate="1988">
    <workRoles>
      <workRole role="Student"/>
      <workRole institution="Tsinghua University"/>
      <workRole location="Beijing Municipality"/>
    </workRoles>
  </workHistoryEntry>
  <workHistoryEntry startDate="1981" endDate="1986">
    <workRoles>
      <workRole role="Student"/>
      <workRole institution="Tsinghua University"/>
      <workRole institution="Environmental Engineering Department"/>
      <workRole location="Beijing Municipality"/>
    </workRoles>
  </workHistoryEntry>
  <workHistory/>
</biography>
