<?xml version="1.0" encoding="UTF-8"?>
<biography birthDate="Fujian Province, Nan'an County" fullName="Chen Guilin has long been engaged in photoelectrical technology research. During his research of photo-electricity techniques" displayName="Chen Guilin" nonEnglishName="" sex="male" nationality="he realized a new method of using two mutually perpendicular detectors to measure in real-time a target coordinate in the issue of photoelectrical online detection of hot-press round steel. This technique has been popularized in steel plants throughout China. Chen is an academician of the Chinese Academy of Sciences">
  <bioText>Chen Guilin has long been engaged in photoelectrical technology research. During his research of photo-electricity techniques, in close combination with industrial application, he realized a new method of using two mutually perpendicular detectors to measure in real-time a target coordinate in the issue of photoelectrical online detection of hot-press round steel. This technique has been popularized in steel plants throughout China. Chen is an academician of the Chinese Academy of Sciences</bioText>
  <posts>
    <post description="Expert on Space Infrared Remote-Sensing Technology"/>
  </posts>
  <birthLocations/>
  <workHistoryEntry startDate="2001">
    <workRoles>
      <workRole role="Academician"/>
      <workRole institution="Chinese Academy of Sciences"/>
    </workRoles>
  </workHistoryEntry>
  <workHistoryEntry startDate="">
    <workRoles>
      <workRole role="Researcher"/>
      <workRole institution="Chinese Academy of Sciences"/>
      <workRole institution="Shanghai Technical Physics Research Institute"/>
    </workRoles>
  </workHistoryEntry>
  <workHistoryEntry startDate="1967">
    <workRoles>
      <workRole role="Graduate"/>
      <workRole institution="Xi'an Jiaotong University"/>
      <workRole institution="Radio Engineering Department"/>
      <workRole location="Shaanxi Province"/>
      <workRole location="Xi'an City"/>
    </workRoles>
  </workHistoryEntry>
  <workHistory/>
</biography>
