<?xml version="1.0" encoding="UTF-8"?>
<biography birthDate="1960" fullName="Chen Xingdong" displayName="Chen Xingdong" nonEnglishName="" sex="male" nationality="Han">
  <bioText>Chen Xingdong, male, Han nationality, is a native of Fujian province. He was born in 1960, graduated from Beijing University with a master's degree in economics and studied at Oxford University as a visiting postgraduate. In 1988, Chen was appointed as an economic consultant by the China Department of the World Bank in Washington D.C. He became chief economist of the BNP Paribas Peregrine Securities Limited Company in 1997.</bioText>
  <posts>
    <post description="Chief Economist of BNP Paribas Securities (Asia) Ltd."/>
  </posts>
  <birthLocations>
    <birthLocation location="Fujian Province"/>
  </birthLocations>
  <workHistoryEntry startDate="1993" endDate="1997">
    <workRoles>
      <workRole role="Deputy Director"/>
      <workRole institution="BNP Paribas Securities (Asia) Ltd."/>
    </workRoles>
  </workHistoryEntry>
  <workHistoryEntry startDate="1993">
    <workRoles>
      <workRole role="Chief Economist"/>
      <workRole institution="BNP Paribas Securities (Asia) Ltd."/>
    </workRoles>
  </workHistoryEntry>
  <workHistoryEntry startDate="1990" endDate="1993">
    <workRoles>
      <workRole role="Researcher"/>
      <workRole institution="The World Bank"/>
      <workRole institution="China Department"/>
      <workRole location="USA"/>
      <workRole location="Washington D.C."/>
    </workRoles>
  </workHistoryEntry>
  <workHistoryEntry startDate="1985" endDate="1990">
    <workRoles>
      <workRole role="Economist"/>
      <workRole institution="National Development and Reform Commission"/>
      <workRole institution="Economic Research Center"/>
    </workRoles>
  </workHistoryEntry>
  <workHistoryEntry startDate="">
    <workRoles>
      <workRole role="Postgraduate Student"/>
      <workRole institution="Oxford University"/>
      <workRole location="United Kingdom"/>
      <workRole location="Oxford"/>
    </workRoles>
  </workHistoryEntry>
  <workHistoryEntry startDate="">
    <workRoles>
      <workRole role="Graduate"/>
      <workRole institution="Beijing University"/>
      <workRole location="Beijing Municipality"/>
    </workRoles>
  </workHistoryEntry>
  <workHistory/>
</biography>
