<?xml version="1.0" encoding="UTF-8"?>
<biography birthDate="1943" fullName="Chen Ganfeng" displayName="Chen Ganfeng" nonEnglishName="" sex="male" nationality="Han">
  <bioText>Chen Ganfeng, male, Han nationality, is a native of Fujian Province. He was born in 1943 and joined the CPC in 1968; he was an Alternate Member of 9th CPC Central Committee. In 1978, he was sentenced to prison, and was expelled from the Party in 1980.</bioText>
  <posts>
    <post description="Alternate Member, 9th CPC Central Committee"/>
  </posts>
  <birthLocations>
    <birthLocation location="Fujian Province"/>
  </birthLocations>
  <workHistoryEntry startDate="1969" endDate="1973">
    <workRoles>
      <workRole role="Alternate Member"/>
      <workRole institution="9th CPC"/>
      <workRole institution="Central Committee"/>
    </workRoles>
  </workHistoryEntry>
  <workHistory/>
</biography>
