<?xml version="1.0" encoding="UTF-8"?>
<biography displayName="Chen Pixian" nonEnglishName="" sex="male" nationality="Chinese">
  <bioText>Information on this official is limited because China Vitae has not yet prepared a full biographical sketch.</bioText>
  <posts>
    <post description="Member, 12th CPC Central Committee"/>
  </posts>
  <birthLocations/>
  <workHistoryEntry startDate="1983" endDate="1988">
    <workRoles>
      <workRole role="Vice-Chairman"/>
      <workRole institution="6th Standing Committee of the NPC"/>
    </workRoles>
  </workHistoryEntry>
  <workHistoryEntry startDate="1982" endDate="1987">
    <workRoles>
      <workRole role="Member"/>
      <workRole institution="12th CPC"/>
      <workRole institution="Central Committee"/>
    </workRoles>
  </workHistoryEntry>
  <workHistory/>
</biography>
