<?xml version="1.0" encoding="UTF-8"?>
<biography birthDate="Jiangxi Province, Pingxiang City" fullName="Chen Shupeng" displayName="Chen Shupeng" nonEnglishName="" sex="male" nationality="Han">
  <bioText>Chen Shupeng, male, Han nationality, is a native of Pingxiang, Jiangxi Province. He graduated from the Geochronic Geology Department of Zhejiang University and was named senior academician of the Chinese Academy of Sciences in 1980. Chen is an expert on geography, cartography, and the application of remote sensing. He has authored and edited numerous books and articles and has won national and international awards for his work.</bioText>
  <posts>
    <post description="Senior Academician of the Chinese Academy of Sciences"/>
  </posts>
  <birthLocations/>
  <workHistoryEntry startDate="">
    <workRoles>
      <workRole role="Consultant"/>
      <workRole institution="National Remote Sensing Center"/>
    </workRoles>
  </workHistoryEntry>
  <workHistoryEntry startDate="">
    <workRoles>
      <workRole role="Chairman"/>
      <workRole institution="Ministry of Environmental Protection"/>
      <workRole institution="Science and Technology Consultation Committee"/>
    </workRoles>
  </workHistoryEntry>
  <workHistoryEntry startDate="1992">
    <workRoles>
      <workRole role="Academician"/>
      <workRole institution="Third World Academy of Sciences"/>
    </workRoles>
  </workHistoryEntry>
  <workHistoryEntry startDate="1992">
    <workRoles>
      <workRole role="Awarded Jinniu Prize"/>
    </workRoles>
  </workHistoryEntry>
  <workHistoryEntry startDate="1992">
    <workRoles>
      <workRole role="Awarded Gold Prize"/>
    </workRoles>
  </workHistoryEntry>
  <workHistoryEntry startDate="1987" endDate="1992">
    <workRoles>
      <workRole role="Chief Designer"/>
    </workRoles>
  </workHistoryEntry>
  <workHistoryEntry startDate="1980">
    <workRoles>
      <workRole role="Academician"/>
      <workRole institution="Chinese Academy of Sciences"/>
    </workRoles>
  </workHistoryEntry>
  <workHistoryEntry startDate="">
    <workRoles>
      <workRole role="Researcher"/>
      <workRole institution="Geographical Science and Resources Institute"/>
    </workRoles>
  </workHistoryEntry>
  <workHistoryEntry startDate="">
    <workRoles>
      <workRole role="Honorary Head"/>
      <workRole institution="Chinese Academy of Sciences"/>
      <workRole institution="Institute of Remote Sensing"/>
    </workRoles>
  </workHistoryEntry>
  <workHistoryEntry startDate="1941">
    <workRoles>
      <workRole role="Graduate"/>
      <workRole institution="Zhejiang University"/>
      <workRole institution="Geochronic Geology Department"/>
    </workRoles>
  </workHistoryEntry>
  <workHistory/>
</biography>
