<?xml version="1.0" encoding="UTF-8"?>
<biography birthDate="1947" fullName="Chen Geng" displayName="Chen Geng" nonEnglishName="" sex="male" nationality="is of Han">
  <bioText>Chen Geng, male, is of Han nationality. He was born in 1947, and graduated from Beijing College of Economics. Chen possesses over 30 years experience in the management of China national petroleum. He became the president of Petrochina Company Limited in 2002. He became the general manager of Petrochina Company Limited in 2004, and resigned the positions in 2006.</bioText>
  <posts>
    <post description="Deputy General Manager of the China National Petroleum Corporation"/>
  </posts>
  <birthLocations/>
  <workHistoryEntry startDate="2004" endDate="2006">
    <workRoles>
      <workRole role="General Manager"/>
      <workRole institution="PetroChina Company Ltd."/>
    </workRoles>
  </workHistoryEntry>
  <workHistoryEntry startDate="2002" endDate="2006">
    <workRoles>
      <workRole role="President"/>
      <workRole institution="PetroChina Company Ltd."/>
    </workRoles>
  </workHistoryEntry>
  <workHistoryEntry startDate="2001" endDate="2002">
    <workRoles>
      <workRole role="Director"/>
      <workRole institution="PetroChina Company Ltd."/>
    </workRoles>
  </workHistoryEntry>
  <workHistoryEntry startDate="1998" endDate="2001">
    <workRoles>
      <workRole role="Deputy Director"/>
      <workRole institution="State Petroleum and Chemical Industry Bureau"/>
    </workRoles>
  </workHistoryEntry>
  <workHistoryEntry startDate="1997">
    <workRoles>
      <workRole role="Deputy General Manager"/>
      <workRole institution="China National Petroleum Corporation (CNPC)"/>
    </workRoles>
  </workHistoryEntry>
  <workHistoryEntry startDate="1993" endDate="1996">
    <workRoles>
      <workRole role="Assistant to General Manager"/>
      <workRole institution="China National Petroleum Corporation (CNPC)"/>
    </workRoles>
  </workHistoryEntry>
  <workHistoryEntry startDate="1985" endDate="1996">
    <workRoles>
      <workRole role="Director"/>
      <workRole institution="China National Petroleum Corporation"/>
      <workRole institution="Labor and Capital Department"/>
    </workRoles>
  </workHistoryEntry>
  <workHistoryEntry startDate="1985" endDate="1993">
    <workRoles>
      <workRole role="Deputy Director"/>
      <workRole institution="Ministry of Petroleum Industry"/>
      <workRole institution="Labor and Capital Department"/>
    </workRoles>
  </workHistoryEntry>
  <workHistoryEntry startDate="1983" endDate="1985">
    <workRoles>
      <workRole role="Deputy Director"/>
      <workRole institution="Petroleum Exploration Bureau"/>
      <workRole location="Shandong Province"/>
      <workRole location="Changqing"/>
    </workRoles>
  </workHistoryEntry>
  <workHistoryEntry startDate="">
    <workRoles>
      <workRole role="Graduate"/>
      <workRole institution="Beijing Petroleum Institute"/>
      <workRole location="Beijing Municipality"/>
    </workRoles>
  </workHistoryEntry>
  <workHistoryEntry startDate="1956" endDate="1969">
    <workRoles>
      <workRole role="Member"/>
      <workRole institution="8th CPC"/>
      <workRole institution="Central Committee"/>
    </workRoles>
  </workHistoryEntry>
  <workHistoryEntry startDate="1945" endDate="1956">
    <workRoles>
      <workRole role="Alternate Member"/>
      <workRole institution="7th CPC"/>
      <workRole institution="Central Committee"/>
    </workRoles>
  </workHistoryEntry>
  <workHistory/>
</biography>
