<?xml version="1.0" encoding="UTF-8"?>
<biography birthDate="1946" fullName="Chen Liangyu" displayName="Chen Liangyu" nonEnglishName="" sex="male" nationality="55">
  <bioText>Chen Liangyu, male, 55, Han Nationality, is a native of Ningbo, Zhejiang Province. He was born in October 1946, joined the CPC in April 1980 and entered the workforce in August 1963. Chen graduated from the Architecture Department of the People's Liberation Army Institute of Logistics Engineering, where he majored in architectural structure. As a university graduate, he holds the title of Engineer. Chen has spent most of his career in Shanghai. After leaving the PLA, he worked in Shanghai machinery, engineering, mining and electrical sectors. By the mid-1990s, he was deputy secretary of the CPC Shanghai Municipal Committee and vice-mayor of Shanghai. He was mayor of Shanghai from 2002 - 2003. Chen was an alternate member of the 15th CPC Central Committee. Chen served as a member of the Politburo of the 16th CPC Central Committee, and secretary of the CPC Shanghai Municipal Committee until Septemebr, 2006.</bioText>
  <posts>
    <post description="Former Member of the Politburo of the 16th CPC Central Committee, Former Secretary of the CPC Shanghai Municipal Committee"/>
  </posts>
  <birthLocations>
    <birthLocation location="Zhejiang Province"/>
    <birthLocation location="Ningbo City"/>
  </birthLocations>
  <workHistoryEntry startDate="2002" endDate="2006">
    <workRoles>
      <workRole role="Member"/>
      <workRole institution="16th CPC"/>
      <workRole institution="Central Committee"/>
      <workRole institution="Politburo"/>
    </workRoles>
  </workHistoryEntry>
  <workHistoryEntry startDate="2002" endDate="2006">
    <workRoles>
      <workRole role="Member"/>
      <workRole institution="16th CPC"/>
      <workRole institution="Central Committee"/>
    </workRoles>
  </workHistoryEntry>
  <workHistoryEntry startDate="2002" endDate="2003">
    <workRoles>
      <workRole role="Mayor"/>
      <workRole institution="People's Government"/>
      <workRole location="Shanghai Municipality"/>
    </workRoles>
  </workHistoryEntry>
  <workHistoryEntry startDate="2002" endDate="2006">
    <workRoles>
      <workRole role="Secretary"/>
      <workRole institution="CPC"/>
      <workRole institution="Municipal Committee"/>
      <workRole location="Shanghai Municipality"/>
    </workRoles>
  </workHistoryEntry>
  <workHistoryEntry startDate="2001" endDate="2002">
    <workRoles>
      <workRole role="Acting Mayor"/>
      <workRole institution="People's Government"/>
      <workRole location="Shanghai Municipality"/>
    </workRoles>
  </workHistoryEntry>
  <workHistoryEntry startDate="1997" endDate="2002">
    <workRoles>
      <workRole role="Alternate Member"/>
      <workRole institution="15th CPC"/>
      <workRole institution="Central Committee"/>
    </workRoles>
  </workHistoryEntry>
  <workHistoryEntry startDate="1996" endDate="2001">
    <workRoles>
      <workRole role="Vice-Mayor"/>
      <workRole institution="People's Government"/>
      <workRole location="Shanghai Municipality"/>
    </workRoles>
  </workHistoryEntry>
  <workHistoryEntry startDate="1992" endDate="2002">
    <workRoles>
      <workRole role="Deputy Secretary"/>
      <workRole institution="CPC"/>
      <workRole institution="Municipal Committee"/>
      <workRole location="Shanghai Municipality"/>
    </workRoles>
  </workHistoryEntry>
  <workHistoryEntry startDate="1992" endDate="1992">
    <workRoles>
      <workRole role="Deputy Secretary-General"/>
      <workRole institution="CPC"/>
      <workRole institution="Municipal Committee"/>
      <workRole location="Shanghai Municipality"/>
    </workRoles>
  </workHistoryEntry>
  <workHistoryEntry startDate="1992" endDate="1992">
    <workRoles>
      <workRole role="Student"/>
      <workRole institution="The University of Birmingham"/>
      <workRole institution="College of Public Policy"/>
      <workRole location="United Kingdom"/>
      <workRole location="Birmingham"/>
    </workRoles>
  </workHistoryEntry>
  <workHistoryEntry startDate="1987" endDate="1992">
    <workRoles>
      <workRole role="Deputy Secretary and Secretary"/>
      <workRole institution="CPC"/>
      <workRole institution="District Committee"/>
      <workRole location="Shanghai"/>
      <workRole location="Huangpu District"/>
    </workRoles>
  </workHistoryEntry>
  <workHistoryEntry startDate="1985" endDate="1987">
    <workRoles>
      <workRole role="Deputy Director; Director"/>
      <workRole institution="CPC"/>
      <workRole institution="Municipal Committee"/>
      <workRole institution="Retired Cadre Bureau"/>
      <workRole location="Shanghai Municipality"/>
    </workRoles>
  </workHistoryEntry>
  <workHistoryEntry startDate="1984" endDate="1985">
    <workRoles>
      <workRole role="Secretary"/>
      <workRole institution="Shanghai Electrical Appliances Corporation"/>
      <workRole institution="CPC"/>
      <workRole institution="Party Committee"/>
    </workRoles>
  </workHistoryEntry>
  <workHistoryEntry startDate="1983" endDate="1984">
    <workRoles>
      <workRole role="Deputy Secretary"/>
      <workRole institution="Shanghai Metallurgical and Mining Machinery Corporation"/>
      <workRole institution="CPC"/>
      <workRole institution="Party Committee"/>
    </workRoles>
  </workHistoryEntry>
  <workHistoryEntry startDate="1983" endDate="1984">
    <workRoles>
      <workRole role="Deputy Director"/>
      <workRole institution="Shanghai Pengpu Machinery Factory"/>
    </workRoles>
  </workHistoryEntry>
  <workHistoryEntry startDate="1982" endDate="1983">
    <workRoles>
      <workRole role="Student"/>
      <workRole institution="First Bureau of Electrical Machinery"/>
      <workRole institution="Party School"/>
    </workRoles>
  </workHistoryEntry>
  <workHistoryEntry startDate="1980">
    <workRoles>
      <workRole role="Joined"/>
      <workRole institution="CPC"/>
    </workRoles>
  </workHistoryEntry>
  <workHistoryEntry startDate="1979" endDate="1980">
    <workRoles>
      <workRole role="Student"/>
      <workRole institution="Tongji University"/>
      <workRole institution="Engineering Structure Department"/>
      <workRole location="Shanghai Municipality"/>
    </workRoles>
  </workHistoryEntry>
  <workHistoryEntry startDate="1970" endDate="1983">
    <workRoles>
      <workRole role="Worker; Designer; Deputy Section Chief of Infrastructure"/>
      <workRole institution="Shanghai Pengpu Machinery Factory"/>
    </workRoles>
  </workHistoryEntry>
  <workHistoryEntry startDate="1968" endDate="1970">
    <workRoles>
      <workRole role="Soldier"/>
      <workRole institution="PLA"/>
      <workRole institution="Services and Arms"/>
      <workRole institution="Group Army"/>
      <workRole institution="Unit No. 6716"/>
    </workRoles>
  </workHistoryEntry>
  <workHistoryEntry startDate="1963" endDate="1968">
    <workRoles>
      <workRole role="Student"/>
      <workRole institution="PLA Institute of Logistics Engineering"/>
      <workRole institution="Architecture Department"/>
    </workRoles>
  </workHistoryEntry>
  <workHistoryEntry startDate="1963">
    <workRoles>
      <workRole role="Joined"/>
      <workRole institution="PLA"/>
    </workRoles>
  </workHistoryEntry>
  <workHistory/>
</biography>
