<?xml version="1.0" encoding="UTF-8"?>
<biography birthDate="1930" fullName="Chen Xitong" displayName="Chen Xitong" nonEnglishName="" sex="male" nationality="was born in 1930 in Anyue">
  <bioText>Chen Xitong, Han nationality, was born in 1930 in Anyue, Sichuan province. He joined the CPC in 1949, and was the focus of a major corruption scandal in Beijing in the mid-1990s. Chen attended Beijing University's Chinese Department from 1948 to 1949. He worked in the Beijing Party Committee and Beijing Government in the 1950s and 1960s before being sent down to the countryside for labor reform from 1966 to 1971 during the Cultural Revolution. He became deputy mayor of Beijing in 1979 and mayor in 1983. He was the Party Secretary of Beijing starting in 1981. Chen became a member of the CPC Politboro in 1992. Chen was the focus of a massive corruption scandal in the mid 1990s, accused of embezzling over US$2 billion from the Beijing municipal treasury. He lost his posts in 1995, his CPC membership in 1997, and was sentenced to 16 years imprisonment in 1998. In July 2006, Chen was released on medical parole after serving eight years of his sentence.</bioText>
  <posts>
    <post description="Former Mayor of Beijing"/>
  </posts>
  <birthLocations>
    <birthLocation location="Sichuan Province"/>
    <birthLocation location="Anyue County"/>
  </birthLocations>
  <workHistoryEntry startDate="2006">
    <workRoles>
      <workRole role="(Released on medical parole after serving eight years of his sentence)"/>
    </workRoles>
  </workHistoryEntry>
  <workHistoryEntry startDate="1998">
    <workRoles>
      <workRole role="(Sentenced to 13 years imprisonment for corruption)"/>
    </workRoles>
  </workHistoryEntry>
  <workHistoryEntry startDate="1992" endDate="1997">
    <workRoles>
      <workRole role="Member"/>
      <workRole institution="14th CPC"/>
      <workRole institution="Central Committee"/>
    </workRoles>
  </workHistoryEntry>
  <workHistoryEntry startDate="1992" endDate="1995">
    <workRoles>
      <workRole role="Member"/>
      <workRole institution="14th CPC"/>
      <workRole institution="Central Committee"/>
      <workRole institution="Politburo"/>
    </workRoles>
  </workHistoryEntry>
  <workHistoryEntry startDate="1987" endDate="1992">
    <workRoles>
      <workRole role="Member"/>
      <workRole institution="13th CPC"/>
      <workRole institution="Central Committee"/>
    </workRoles>
  </workHistoryEntry>
  <workHistoryEntry startDate="1983" endDate="1995">
    <workRoles>
      <workRole role="Mayor"/>
      <workRole institution="People's Government"/>
      <workRole location="Beijing Municipality"/>
    </workRoles>
  </workHistoryEntry>
  <workHistoryEntry startDate="1982" endDate="1987">
    <workRoles>
      <workRole role="Member"/>
      <workRole institution="12th CPC"/>
      <workRole institution="Central Committee"/>
    </workRoles>
  </workHistoryEntry>
  <workHistoryEntry startDate="1981" endDate="1995">
    <workRoles>
      <workRole role="Secretary"/>
      <workRole institution="CPC"/>
      <workRole institution="City Committee"/>
      <workRole location="Beijing Municipality"/>
    </workRoles>
  </workHistoryEntry>
  <workHistoryEntry startDate="1979" endDate="1983">
    <workRoles>
      <workRole role="Vice-Mayor"/>
      <workRole institution="People's Government"/>
      <workRole location="Beijing Municipality"/>
    </workRoles>
  </workHistoryEntry>
  <workHistoryEntry startDate="1973" endDate="1979">
    <workRoles>
      <workRole role="Secretary"/>
      <workRole institution="CPC"/>
      <workRole institution="District Committee"/>
      <workRole location="Beijing"/>
      <workRole location="Changping District"/>
    </workRoles>
  </workHistoryEntry>
  <workHistoryEntry startDate="1966" endDate="1971">
    <workRoles>
      <workRole role="Worker"/>
      <workRole institution="Cultural Revolution"/>
      <workRole institution="Sent to do manual labor"/>
    </workRoles>
  </workHistoryEntry>
  <workHistoryEntry startDate="1949">
    <workRoles>
      <workRole role="Joined"/>
      <workRole institution="CPC"/>
    </workRoles>
  </workHistoryEntry>
  <workHistoryEntry startDate="1948" endDate="1949">
    <workRoles>
      <workRole role="Student"/>
      <workRole institution="Beijing University"/>
      <workRole institution="Chinese Department"/>
    </workRoles>
  </workHistoryEntry>
  <workHistory/>
</biography>
