<?xml version="1.0" encoding="UTF-8"?>
<biography birthDate="1935" fullName="Chen Yaobang" displayName="Chen Yaobang" nonEnglishName="" sex="male" nationality="Minister of Agriculture Born: 1935">
  <bioText>Chen Yaobang, Member of the 15th CPC Central Committee, Minister of Agriculture Born: 1935, Panyu, Guangdong Province Chen Yaobang, male, Han nationality, is a native of Panyu, Guangdong Province. He was born in 1935, graduated from China Agricultural College and joined the CPC in 1982. Chen spent over 30 years in the agriculture industry. He began as an assistant at the Central China Agricultural College. In 1979, he joined the Ministry of Agriculture where he served in different management roles. He also held leadership positions in the Party in Wuxi. He later became a vice-minister in the Ministry of Agriculture. In 1997, he was named Minister of the Ministry of Forestry. Chen was a delegate to the 13th and 14th CPC National Congresses and a member of the Subcommittee of Science and Technology of the 8th CPPCC National Committee.</bioText>
  <posts>
    <post description="Former Minister of Agriculture"/>
  </posts>
  <birthLocations>
    <birthLocation location="Guangdong Province"/>
    <birthLocation location="Panyu"/>
  </birthLocations>
  <workHistoryEntry startDate="1998" endDate="2003">
    <workRoles>
      <workRole role="Minister"/>
      <workRole institution="Ministry of Agriculture"/>
    </workRoles>
  </workHistoryEntry>
  <workHistoryEntry startDate="">
    <workRoles>
      <workRole role="Deputy Director"/>
      <workRole institution="Afforestation Committee"/>
      <workRole location="Beijing Municipality"/>
    </workRoles>
  </workHistoryEntry>
  <workHistoryEntry startDate="1997" endDate="2002">
    <workRoles>
      <workRole role="Member"/>
      <workRole institution="15th CPC"/>
      <workRole institution="Central Committee"/>
    </workRoles>
  </workHistoryEntry>
  <workHistoryEntry startDate="1997" endDate="????">
    <workRoles>
      <workRole role="Vice-President"/>
      <workRole institution="China Mining Industry Association"/>
    </workRoles>
  </workHistoryEntry>
  <workHistoryEntry startDate="1997" endDate="1998">
    <workRoles>
      <workRole role="Minister"/>
      <workRole institution="Ministry of Forestry"/>
    </workRoles>
  </workHistoryEntry>
  <workHistoryEntry startDate="1995" endDate="????">
    <workRoles>
      <workRole role="Deputy Director"/>
      <workRole institution="National Committee on Mineral Reserves"/>
    </workRoles>
  </workHistoryEntry>
  <workHistoryEntry startDate="">
    <workRoles>
      <workRole role="Deputy Chief"/>
      <workRole institution="State Flood Control and Drought Relief Headquarters"/>
    </workRoles>
  </workHistoryEntry>
  <workHistoryEntry startDate="">
    <workRoles>
      <workRole role="Deputy Head"/>
      <workRole institution="State Leading Group for Poverty Relief and Development"/>
    </workRoles>
  </workHistoryEntry>
  <workHistoryEntry startDate="">
    <workRoles>
      <workRole role="Deputy Director"/>
      <workRole institution="National Afforestation Committee"/>
    </workRoles>
  </workHistoryEntry>
  <workHistoryEntry startDate="1993" endDate="1998">
    <workRoles>
      <workRole role="Vice-Minister"/>
      <workRole institution="National Development and Reform Commission"/>
    </workRoles>
  </workHistoryEntry>
  <workHistoryEntry startDate="1993" endDate="1998">
    <workRoles>
      <workRole role="Member"/>
      <workRole institution="CPPCC"/>
      <workRole institution="National Committee"/>
      <workRole institution="Science and Technology Subcommittee"/>
    </workRoles>
  </workHistoryEntry>
  <workHistoryEntry startDate="1992" endDate="1997">
    <workRoles>
      <workRole role="Delegate"/>
      <workRole institution="14th CPC"/>
      <workRole institution="National Congress"/>
    </workRoles>
  </workHistoryEntry>
  <workHistoryEntry startDate="1991" endDate="????">
    <workRoles>
      <workRole role="President"/>
      <workRole institution="China Association for Agrotechnical Popularization"/>
    </workRoles>
  </workHistoryEntry>
  <workHistoryEntry startDate="1988" endDate="1993">
    <workRoles>
      <workRole role="Vice-Minister"/>
      <workRole institution="Ministry of Agriculture"/>
    </workRoles>
  </workHistoryEntry>
  <workHistoryEntry startDate="1987" endDate="1992">
    <workRoles>
      <workRole role="Delegate"/>
      <workRole institution="13th CPC"/>
      <workRole institution="National Congress"/>
    </workRoles>
  </workHistoryEntry>
  <workHistoryEntry startDate="1986" endDate="1988">
    <workRoles>
      <workRole role="Vice-Minister"/>
      <workRole institution="Ministry of Agriculture"/>
      <workRole institution="Agricultural Bureau"/>
      <workRole institution="Animal Husbandry and Fisheries"/>
    </workRoles>
  </workHistoryEntry>
  <workHistoryEntry startDate="1984" endDate="1986">
    <workRoles>
      <workRole role="Deputy Secretary"/>
      <workRole institution="CPC"/>
      <workRole institution="City Committee"/>
      <workRole location="Jiangsu Province"/>
      <workRole location="Wuxi City"/>
    </workRoles>
  </workHistoryEntry>
  <workHistoryEntry startDate="1982" endDate="1984">
    <workRoles>
      <workRole role="Deputy Director"/>
      <workRole institution="Ministry of Agriculture"/>
      <workRole institution="Agricultural Bureau"/>
      <workRole institution="Animal Husbandry and Fisheries"/>
    </workRoles>
  </workHistoryEntry>
  <workHistoryEntry startDate="1982">
    <workRoles>
      <workRole role="Joined"/>
      <workRole institution="CPC"/>
    </workRoles>
  </workHistoryEntry>
  <workHistoryEntry startDate="1979" endDate="1982">
    <workRoles>
      <workRole role="Deputy Chief"/>
      <workRole institution="Ministry of Agriculture"/>
      <workRole institution="Division of Cash Crops Bureau"/>
    </workRoles>
  </workHistoryEntry>
  <workHistoryEntry startDate="1969" endDate="1972">
    <workRoles>
      <workRole role="Worker"/>
      <workRole institution="Cultural Revolution"/>
      <workRole institution="May 7th Cadre School"/>
    </workRoles>
  </workHistoryEntry>
  <workHistoryEntry startDate="1966">
    <workRoles>
      <workRole role="Graduate"/>
      <workRole institution="Central China Agricultural College"/>
      <workRole location="Hubei Province"/>
      <workRole location="Wuhan City"/>
    </workRoles>
  </workHistoryEntry>
  <workHistoryEntry startDate="1966" endDate="1969">
    <workRoles>
      <workRole role="Technician"/>
    </workRoles>
  </workHistoryEntry>
  <workHistoryEntry startDate="1957" endDate="1962">
    <workRoles>
      <workRole role="Assistant"/>
      <workRole institution="Central China Agricultural College"/>
      <workRole location="Hubei Province"/>
      <workRole location="Wuhan City"/>
    </workRoles>
  </workHistoryEntry>
  <workHistoryEntry startDate="1957">
    <workRoles>
      <workRole role="Graduate"/>
      <workRole institution="Central China Agricultural College"/>
      <workRole location="Hubei Province"/>
      <workRole location="Wuhan City"/>
    </workRoles>
  </workHistoryEntry>
  <workHistoryEntry startDate="1953" endDate="1957">
    <workRoles>
      <workRole role="Student"/>
      <workRole institution="Huazhong Agricultural University"/>
    </workRoles>
  </workHistoryEntry>
  <workHistoryEntry startDate="1950" endDate="1953">
    <workRoles>
      <workRole role="Student"/>
      <workRole institution="Zhongkai Agricultural Technology Institute"/>
      <workRole location="Guangdong Province"/>
      <workRole location="Guangzhou City"/>
    </workRoles>
  </workHistoryEntry>
  <workHistory/>
</biography>
