<?xml version="1.0" encoding="UTF-8"?>
<biography birthDate="1923" fullName="Chen Biao" displayName="Chen Biao" nonEnglishName="" sex="male" nationality="Han">
  <bioText>Chen Biao, male, Han nationality, is a native of Fuzhou, Fujian Province. He was born in 1923 and graduated from Chengdu Ginling University in 1946. Since the 1950s, Chen Biao has made a number of important achievements in the study of practical and explainable phenomenal observation. He also made notable accomplishments in the fields of reducing, astronomical environments, instrumental design and manufacture in the field of solar-physics, atmosphere environment of solar observatory, solar activity cycle and the structure of solar convection zone. He has done a large amount of work in organizing and promoting Chinese solar-physical observation and research, designing its distribution and development, and guiding the organization and coordination of the national observation activities of solar activity cycle. Chen Biao is an astronomer and an academician of the Chinese Academy of Sciences.</bioText>
  <posts>
    <post description="Astronomer, Academician of the Chinese Academy of Sciences"/>
  </posts>
  <birthLocations>
    <birthLocation location="Fujian Province"/>
    <birthLocation location="Fuzhou City"/>
  </birthLocations>
  <workHistoryEntry startDate="1980">
    <workRoles>
      <workRole role="Academician"/>
      <workRole institution="Chinese Academy of Sciences"/>
    </workRoles>
  </workHistoryEntry>
  <workHistoryEntry startDate="">
    <workRoles>
      <workRole role="Honorary Director"/>
      <workRole institution="Chinese Academy of Sciences"/>
      <workRole institution="Yunnan Observatory"/>
    </workRoles>
  </workHistoryEntry>
  <workHistoryEntry startDate="">
    <workRoles>
      <workRole role="Director"/>
      <workRole institution="Chinese Academy of Sciences"/>
      <workRole institution="Yunnan Observatory"/>
    </workRoles>
  </workHistoryEntry>
  <workHistoryEntry startDate="">
    <workRoles>
      <workRole role="Research Professor"/>
      <workRole institution="Chinese Academy of Sciences"/>
      <workRole institution="Yunnan Observatory"/>
    </workRoles>
  </workHistoryEntry>
  <workHistoryEntry startDate="1946">
    <workRoles>
      <workRole role="Graduate"/>
      <workRole institution="Chengdu Ginling University"/>
      <workRole location="Sichuan Province"/>
      <workRole location="Chengdu City"/>
    </workRoles>
  </workHistoryEntry>
  <workHistory/>
</biography>
