<?xml version="1.0" encoding="UTF-8"?>
<biography birthDate="1943" fullName="Chen Zongxing" displayName="Chen Zongxing" nonEnglishName="" sex="male" nationality="Han">
  <bioText>Chen Zongxing, male, Han nationality, is a native of Zhengyang, Henan Province. He joined the Chinese Peasants and Workers Democratic Party in 1997. His career at Northwest University took him from deputy dean to president of the school. He was active in the Peasants and Workers Democratic Party. He became vice-major of Xian and vice-governor of Shaanxi province before returning to academia as president of the Northwest Science and Technologies University of Agriculture and Forest. Cheng was a member of the 9th Chinese People's Political Consultative Conference and vice-chairman of the 9th Committee of the Shaanxi Province Political Consultative Conference.</bioText>
  <posts>
    <post description="Vice-Chairman, 11th CPPCC, National Committee"/>
  </posts>
  <birthLocations>
    <birthLocation location="Henan Province"/>
    <birthLocation location="Zhengyang"/>
  </birthLocations>
  <workHistoryEntry startDate="2008">
    <workRoles>
      <workRole role="Vice-Chairman"/>
      <workRole institution="11th CPPCC"/>
      <workRole institution="National Committee"/>
    </workRoles>
  </workHistoryEntry>
  <workHistoryEntry startDate="2003">
    <workRoles>
      <workRole role="Vice-Chairman"/>
      <workRole institution="CPPCC"/>
      <workRole institution="Provincial Committee"/>
      <workRole location="Shaanxi Province"/>
    </workRoles>
  </workHistoryEntry>
  <workHistoryEntry startDate="1998" endDate="2003">
    <workRoles>
      <workRole role="Member"/>
      <workRole institution="9th CPPCC"/>
      <workRole institution="National Committee"/>
    </workRoles>
  </workHistoryEntry>
  <workHistoryEntry startDate="">
    <workRoles>
      <workRole role="President"/>
      <workRole institution="Northwest Agriculture and Forestry University"/>
    </workRoles>
  </workHistoryEntry>
  <workHistoryEntry startDate="">
    <workRoles>
      <workRole role="Director"/>
    </workRoles>
  </workHistoryEntry>
  <workHistoryEntry startDate="">
    <workRoles>
      <workRole role="Vice-Governor"/>
      <workRole institution="People's Government"/>
      <workRole location="Shaanxi Province"/>
    </workRoles>
  </workHistoryEntry>
  <workHistoryEntry startDate="">
    <workRoles>
      <workRole role="Vice-Chairman"/>
      <workRole institution="Chinese Peasants and Workers Democratic Party"/>
      <workRole institution="Provincial Committee"/>
      <workRole location="Shaanxi Province"/>
    </workRoles>
  </workHistoryEntry>
  <workHistoryEntry startDate="">
    <workRoles>
      <workRole role="Principal Committee Member"/>
      <workRole institution="Chinese Peasants and Workers Democratic Party"/>
      <workRole institution="Provincial Committee"/>
      <workRole location="Shaanxi Province"/>
    </workRoles>
  </workHistoryEntry>
  <workHistoryEntry startDate="">
    <workRoles>
      <workRole role="Vice-Mayor"/>
      <workRole institution="People's Government"/>
      <workRole location="Shaanxi Province"/>
      <workRole location="Xi'an City"/>
    </workRoles>
  </workHistoryEntry>
  <workHistoryEntry startDate="">
    <workRoles>
      <workRole role="President"/>
      <workRole institution="Northwest University"/>
    </workRoles>
  </workHistoryEntry>
  <workHistoryEntry startDate="">
    <workRoles>
      <workRole role="Vice-President"/>
      <workRole institution="Northwest University"/>
    </workRoles>
  </workHistoryEntry>
  <workHistoryEntry startDate="">
    <workRoles>
      <workRole role="Director"/>
      <workRole institution="Northwest University"/>
      <workRole institution="Administration Department"/>
    </workRoles>
  </workHistoryEntry>
  <workHistoryEntry startDate="">
    <workRoles>
      <workRole role="Division Chief"/>
      <workRole institution="Northwest University"/>
      <workRole institution="Scientific Research Division"/>
    </workRoles>
  </workHistoryEntry>
  <workHistoryEntry startDate="">
    <workRoles>
      <workRole role="Dean"/>
      <workRole institution="Northwest University"/>
      <workRole institution="Geography Department"/>
    </workRoles>
  </workHistoryEntry>
  <workHistoryEntry startDate="">
    <workRoles>
      <workRole role="Deputy Dean"/>
      <workRole institution="Northwest University"/>
      <workRole institution="Geography Department"/>
    </workRoles>
  </workHistoryEntry>
  <workHistory/>
</biography>
