<?xml version="1.0" encoding="UTF-8"?>
<biography birthDate="1919" fullName="Chen Bin" displayName="Chen Bin" nonEnglishName="" sex="male" nationality="Han">
  <bioText>Chen Bin, male, Han nationality, is a native of Tongjiang County, Sichuan Province. He was born in 1919, joined the CPC in 1938. He was promoted to major general in 1962 and was a member of 12th CPC Central Committee. He died in 1998 in Beijing.</bioText>
  <posts>
    <post description="Member of the 12th CPC Central Committee"/>
  </posts>
  <birthLocations>
    <birthLocation location="Sichuan Province"/>
    <birthLocation location="Tongjiang County"/>
  </birthLocations>
  <workHistoryEntry startDate="1982" endDate="1987">
    <workRoles>
      <workRole role="Member"/>
      <workRole institution="12th CPC"/>
      <workRole institution="Central Committee"/>
    </workRoles>
  </workHistoryEntry>
  <workHistoryEntry startDate="1938">
    <workRoles>
      <workRole role="Joined"/>
      <workRole institution="CPC"/>
    </workRoles>
  </workHistoryEntry>
  <workHistory/>
</biography>
