<?xml version="1.0" encoding="UTF-8"?>
<biography birthDate="1945" fullName="Chen Chuankuo" displayName="Chen Chuankuo" nonEnglishName="" sex="male" nationality="Han">
  <bioText>Chen Chuankuo, male, Han nationality, is a native of Huainan, Anhui province. He was born in 1945, joined the CPC in 1966, joined the PLA in 1970, and graduated from National Defense University with a junior college degree. He holds the rank of lieutenant general. He held leading posts with the Chinese People's Armed Police Force, where he served as chief of staff in 1999. He is a member of the 16th CPC Central Committee.</bioText>
  <posts>
    <post description="Member of the 16th CPC Central Committee"/>
  </posts>
  <birthLocations>
    <birthLocation location="Anhui Province"/>
    <birthLocation location="Huainan City"/>
  </birthLocations>
  <workHistoryEntry startDate="2002" endDate="2007">
    <workRoles>
      <workRole role="Member"/>
      <workRole institution="16th CPC"/>
      <workRole institution="Central Committee"/>
    </workRoles>
  </workHistoryEntry>
  <workHistoryEntry startDate="2001">
    <workRoles>
      <workRole role="Lieutenant General"/>
      <workRole institution="Chinese People's Armed Police Force"/>
    </workRoles>
  </workHistoryEntry>
  <workHistoryEntry startDate="1999">
    <workRoles>
      <workRole role="Chief of Staff"/>
      <workRole institution="Chinese People's Armed Police Force"/>
    </workRoles>
  </workHistoryEntry>
  <workHistoryEntry startDate="1996" endDate="1999">
    <workRoles>
      <workRole role="Deputy Chief of Staff"/>
      <workRole institution="Chinese People's Armed Police Force"/>
    </workRoles>
  </workHistoryEntry>
  <workHistoryEntry startDate="1994" endDate="2001">
    <workRoles>
      <workRole role="Major General"/>
      <workRole institution="Chinese People's Armed Police Force"/>
    </workRoles>
  </workHistoryEntry>
  <workHistoryEntry startDate="1985" endDate="1993">
    <workRoles>
      <workRole role="Section Chief"/>
      <workRole institution="PLA"/>
      <workRole institution="Headquarters of the General Staff"/>
      <workRole institution="1st Guard's Unit"/>
    </workRoles>
  </workHistoryEntry>
  <workHistoryEntry startDate="1983" endDate="1985">
    <workRoles>
      <workRole role="Deputy Section Chief"/>
      <workRole institution="PLA"/>
      <workRole institution="Headquarters of the General Staff"/>
      <workRole institution="1st Guard's Unit"/>
    </workRoles>
  </workHistoryEntry>
  <workHistoryEntry startDate="1982" endDate="1983">
    <workRoles>
      <workRole role="Deputy Regimental Commander"/>
      <workRole institution="PLA"/>
      <workRole institution="Headquarters of the General Staff"/>
      <workRole institution="1st Guard's Unit"/>
    </workRoles>
  </workHistoryEntry>
  <workHistoryEntry startDate="1981" endDate="1982">
    <workRoles>
      <workRole role="Deputy Section Chief"/>
      <workRole institution="PLA"/>
      <workRole institution="Headquarters of the General Staff"/>
      <workRole institution="1st Guard's Unit"/>
    </workRoles>
  </workHistoryEntry>
  <workHistoryEntry startDate="1978" endDate="1981">
    <workRoles>
      <workRole role="Staff Member"/>
      <workRole institution="PLA"/>
      <workRole institution="Headquarters of the General Staff"/>
      <workRole institution="Training Department"/>
    </workRoles>
  </workHistoryEntry>
  <workHistoryEntry startDate="1973" endDate="1978">
    <workRoles>
      <workRole role="Staff Member"/>
      <workRole institution="PLA"/>
      <workRole institution="Central Guards Regiment"/>
    </workRoles>
  </workHistoryEntry>
  <workHistoryEntry startDate="1971" endDate="1973">
    <workRoles>
      <workRole role="Deputy District Team Leader"/>
      <workRole institution="PLA"/>
      <workRole institution="Central Guards Regiment"/>
      <workRole institution="Training Department"/>
    </workRoles>
  </workHistoryEntry>
  <workHistoryEntry startDate="1970" endDate="1971">
    <workRoles>
      <workRole role="Soldier"/>
      <workRole institution="PLA"/>
      <workRole institution="Central Guards Regiment"/>
    </workRoles>
  </workHistoryEntry>
  <workHistoryEntry startDate="1970">
    <workRoles>
      <workRole role="Graduate"/>
      <workRole institution="University of National Defense"/>
    </workRoles>
  </workHistoryEntry>
  <workHistoryEntry startDate="1970">
    <workRoles>
      <workRole role="Joined"/>
      <workRole institution="PLA"/>
    </workRoles>
  </workHistoryEntry>
  <workHistoryEntry startDate="1966">
    <workRoles>
      <workRole role="Joined"/>
      <workRole institution="CPC"/>
    </workRoles>
  </workHistoryEntry>
  <workHistory/>
</biography>
