<?xml version="1.0" encoding="UTF-8"?>
<biography birthDate="Hubei Province, Huangpo County" fullName="Chen Qingxuan" displayName="Chen Qingxuan" nonEnglishName="" sex="male" nationality="Han">
  <bioText>Chen Qingxuan, male, Han nationality, is a native of Huangpo, Hubei Province. He graduated from the Department of Geology of Beijing University in 1941 and was a researcher in the Geomechanics Institute of the Ministry of Land and Natural Resources. In 1991, he was elected academician of the Chinese Academy of Sciences. Chen is a noted expert on geomechanics.</bioText>
  <posts>
    <post description="Senior Academician of the Chinese Academy of Sciences"/>
  </posts>
  <birthLocations/>
  <workHistoryEntry startDate="1991">
    <workRoles>
      <workRole role="Academician"/>
      <workRole institution="Chinese Academy of Sciences"/>
    </workRoles>
  </workHistoryEntry>
  <workHistoryEntry startDate="">
    <workRoles>
      <workRole role="Researcher"/>
      <workRole institution="Ministry of Land and Resources"/>
      <workRole institution="Institute of Geomechanics"/>
    </workRoles>
  </workHistoryEntry>
  <workHistoryEntry startDate="1941">
    <workRoles>
      <workRole role="Graduate"/>
      <workRole institution="Beijing University"/>
      <workRole institution="Geology Department"/>
      <workRole location="Beijing Municipality"/>
    </workRoles>
  </workHistoryEntry>
  <workHistory/>
</biography>
