<?xml version="1.0" encoding="UTF-8"?>
<biography birthDate="1934" fullName="Cheng Zhiqing" displayName="Cheng Zhiqing" nonEnglishName="" sex="female" nationality="Han">
  <bioText>Cheng Zhiqing, female, Han nationality, is a native of Yingcheng, Hubei Province. She was born in 1934, and studied at Beijing University and Leningrad Normal College in the Soviet Union. Cheng spent the early part of her career as a research fellow in her field of chemistry, at the Guangzhou Testing Analysis Center. Subsequently, she served as a leading council member of the Chinese Society of Testing and Analysis. In 1986, she joined the Revolutionary Committee of the Chinese Kuomintang and held leading positions in its Guangdong Provincial Committee, as well as in the Guangdong Provincial People's Congress. Cheng Zhiqing was a member of the 7th and 8th CPPCC National Committees.</bioText>
  <posts>
    <post description="Vice-Chairman of the 9th Central Committee of the Revolutionary Committee of the Chinese Kuomintang, Vice-Chairman of the Standing Committee of the Guangdong Provincial People's Congress"/>
  </posts>
  <birthLocations>
    <birthLocation location="Hubei Province"/>
    <birthLocation location="Yingcheng City"/>
  </birthLocations>
  <workHistoryEntry startDate="1997" endDate="2002">
    <workRoles>
      <workRole role="Vice-Chairman"/>
      <workRole institution="9th Revolutionary Committee of Chinese Kuomintang (RCCK)"/>
      <workRole institution="Central Committee"/>
    </workRoles>
  </workHistoryEntry>
  <workHistoryEntry startDate="1993">
    <workRoles>
      <workRole role="Vice-Chairman"/>
      <workRole institution="Provincial People's Congress"/>
      <workRole institution="Standing Committee"/>
      <workRole location="Guangdong Province"/>
    </workRoles>
  </workHistoryEntry>
  <workHistoryEntry startDate="1993" endDate="1998">
    <workRoles>
      <workRole role="Member"/>
      <workRole institution="8th CPPCC"/>
      <workRole institution="National Committee"/>
      <workRole institution="Standing Committee"/>
    </workRoles>
  </workHistoryEntry>
  <workHistoryEntry startDate="1992" endDate="1997">
    <workRoles>
      <workRole role="Vice-Chairman"/>
      <workRole institution="8th Revolutionary Committee of Chinese Kuomintang (RCCK)"/>
      <workRole institution="Central Committee"/>
    </workRoles>
  </workHistoryEntry>
  <workHistoryEntry startDate="1988" endDate="1993">
    <workRoles>
      <workRole role="Member"/>
      <workRole institution="7th CPPCC"/>
      <workRole institution="National Committee"/>
    </workRoles>
  </workHistoryEntry>
  <workHistoryEntry startDate="">
    <workRoles>
      <workRole role="Vice-Chairman"/>
      <workRole institution="Revolutionary Committee of Chinese Kuomintang (RCCK)"/>
      <workRole institution="Provincial Committee"/>
      <workRole location="Guangdong Province"/>
    </workRoles>
  </workHistoryEntry>
  <workHistoryEntry startDate="1987">
    <workRoles>
      <workRole role="(Won National Invention Prize for Study of Gender Information Test on Asia's Corn Borers)"/>
    </workRoles>
  </workHistoryEntry>
  <workHistoryEntry startDate="">
    <workRoles>
      <workRole role="Member"/>
      <workRole institution="7th Revolutionary Committee of Chinese Kuomintang (RCCK)"/>
      <workRole institution="Standing Committee"/>
    </workRoles>
  </workHistoryEntry>
  <workHistoryEntry startDate="">
    <workRoles>
      <workRole role="Chairman"/>
      <workRole institution="Revolutionary Committee of Chinese Kuomintang (RCCK)"/>
      <workRole institution="Provincial Committee"/>
      <workRole location="Guangdong Province"/>
    </workRoles>
  </workHistoryEntry>
  <workHistoryEntry startDate="1986">
    <workRoles>
      <workRole role="Joined"/>
      <workRole institution="Revolutionary Committee of Chinese Kuomintang (RCCK)"/>
    </workRoles>
  </workHistoryEntry>
  <workHistoryEntry startDate="">
    <workRoles>
      <workRole role="Executive Council Member"/>
      <workRole institution="Chinese Society of Testing and Analysis"/>
    </workRoles>
  </workHistoryEntry>
  <workHistoryEntry startDate="">
    <workRoles>
      <workRole role="Vice-Chairman"/>
      <workRole institution="Science and Technology Committee"/>
      <workRole location="Guangdong Province"/>
    </workRoles>
  </workHistoryEntry>
  <workHistoryEntry startDate="">
    <workRoles>
      <workRole role="Vice-Chairman"/>
      <workRole institution="Guangdong Provincial Invention Association"/>
      <workRole location="Guangdong Province"/>
    </workRoles>
  </workHistoryEntry>
  <workHistoryEntry startDate="">
    <workRoles>
      <workRole role="Chairman"/>
      <workRole institution="Guangdong Provincial Testing and Analysis Association"/>
      <workRole location="Guangdong Province"/>
    </workRoles>
  </workHistoryEntry>
  <workHistoryEntry startDate="1984" endDate="????">
    <workRoles>
      <workRole role="Deputy Director"/>
      <workRole institution="Testing Analysis Center"/>
      <workRole location="Guangdong Province"/>
      <workRole location="Guangzhou City"/>
    </workRoles>
  </workHistoryEntry>
  <workHistoryEntry startDate="1984" endDate="????">
    <workRoles>
      <workRole role="Research Fellow"/>
      <workRole institution="Testing Analysis Center"/>
      <workRole location="Guangdong Province"/>
      <workRole location="Guangzhou City"/>
    </workRoles>
  </workHistoryEntry>
  <workHistoryEntry startDate="1984" endDate="????">
    <workRoles>
      <workRole role="Associate Research Fellow"/>
      <workRole institution="Testing Analysis Center"/>
      <workRole location="Guangdong Province"/>
      <workRole location="Guangzhou City"/>
    </workRoles>
  </workHistoryEntry>
  <workHistoryEntry startDate="1982" endDate="????">
    <workRoles>
      <workRole role="Student"/>
      <workRole institution="University of Utah"/>
      <workRole institution="Chemistry Department"/>
      <workRole location="USA"/>
      <workRole location="Utah"/>
      <workRole location="Salt Lake City"/>
    </workRoles>
  </workHistoryEntry>
  <workHistoryEntry startDate="1973" endDate="????">
    <workRoles>
      <workRole role="Associate Research Fellow"/>
      <workRole institution="Guangdong Provincial Testing and Analysis Institute"/>
      <workRole location="Guangdong Province"/>
    </workRoles>
  </workHistoryEntry>
  <workHistoryEntry startDate="1973">
    <workRoles>
      <workRole role="Postgraduate-Probationer"/>
      <workRole institution="Guangdong Provincial Testing and Analysis Institute"/>
      <workRole location="Guangdong Province"/>
    </workRoles>
  </workHistoryEntry>
  <workHistoryEntry startDate="">
    <workRoles>
      <workRole role="Postgraduate-Probationer"/>
      <workRole institution="Chinese Academy of Sciences"/>
      <workRole institution="Chemistry Research Institute"/>
    </workRoles>
  </workHistoryEntry>
  <workHistoryEntry startDate="1959">
    <workRoles>
      <workRole role="Graduate"/>
      <workRole institution="Leningrad Normal College"/>
      <workRole institution="Chemistry Department"/>
      <workRole location="Russia"/>
      <workRole location="St. Petersburg"/>
    </workRoles>
  </workHistoryEntry>
  <workHistoryEntry startDate="1952">
    <workRoles>
      <workRole role="Student"/>
      <workRole institution="Beijing University"/>
      <workRole institution="Mechanics Department"/>
      <workRole location="Beijing Municipality"/>
    </workRoles>
  </workHistoryEntry>
  <workHistory/>
</biography>
