<?xml version="1.0" encoding="UTF-8"?>
<biography birthDate="1937" fullName="Chen Hongyuan" displayName="Chen Hongyuan" nonEnglishName="" sex="male" nationality="Han">
  <bioText>Chen Hongyuan, male, Han nationality, is a native of Sanmen, Zhejiang Province. He was born in 1937 and graduated from Nanjing University in 1961. Chen Hongyuan's main research fields include: biomimetic bio-electrochemistry and bio-sensors including enzymes, proteins, DNA and others, ultramolecular self-assembly and ultramolecular-electrochemistry; ultramicroelectrodes, ultramicroelectrode array and their application, molecular-based bio-electronic evices and nano-electrochemistry; spectro-electrochemistry and capillary electrophoresis as well as the fundamentals and applications of electrochemical methods. His research achievements include a 1995 study on the fundamental applications of microelectrodes as a new technique and a study on the electron transfer and the interfacial behaviors of some important biological substances, which resulted in the Advanced Achievement Award in Science and Technology from the Education Ministry of China. He also performed a fundamental study of modern polarographic analysis, which earned him the National Advanced Achievement Award in Natural Science of China. Chen is an analytical chemist and a member of the Chinese Academy of Sciences.</bioText>
  <posts>
    <post description="Analytical Chemist, Member of the Chinese Academy of Sciences"/>
  </posts>
  <birthLocations>
    <birthLocation location="Zhejiang Province"/>
    <birthLocation location="Sanmen"/>
  </birthLocations>
  <workHistoryEntry startDate="1998">
    <workRoles>
      <workRole role="(Winner, Advanced Achievement Award in Science and Technology, Education Ministry of China)"/>
    </workRoles>
  </workHistoryEntry>
  <workHistoryEntry startDate="1991" endDate="????">
    <workRoles>
      <workRole role="Guest Professor"/>
      <workRole institution="Muenster University"/>
      <workRole location="Germany"/>
      <workRole location="Muenster"/>
    </workRoles>
  </workHistoryEntry>
  <workHistoryEntry startDate="1989" endDate="????">
    <workRoles>
      <workRole role="Guest Professor"/>
      <workRole institution="Mainz University"/>
      <workRole location="Germany"/>
      <workRole location="Mainz"/>
    </workRoles>
  </workHistoryEntry>
  <workHistoryEntry startDate="1982">
    <workRoles>
      <workRole role="(Won, National Advanced Achievement Award in Natural Science of China)"/>
    </workRoles>
  </workHistoryEntry>
  <workHistoryEntry startDate="1981" endDate="1984">
    <workRoles>
      <workRole role="Visiting Scholar"/>
      <workRole institution="Mainz University"/>
      <workRole location="Germany"/>
      <workRole location="Mainz"/>
    </workRoles>
  </workHistoryEntry>
  <workHistoryEntry startDate="1961">
    <workRoles>
      <workRole role="Graduate"/>
      <workRole institution="Nanjing University"/>
      <workRole institution="Chemistry Department"/>
      <workRole location="Shanghai Municipality"/>
    </workRoles>
  </workHistoryEntry>
  <workHistory/>
</biography>
