<?xml version="1.0" encoding="UTF-8"?>
<biography birthDate="1953" fullName="Chen Xiaoya" displayName="Chen Xiaoya" nonEnglishName="" sex="female" nationality="Han">
  <bioText>Chen Xiaoya, female, Han nationality, is a native of Shashi City, Hubei province. She was born in 1953, joined the CPC in 1974, and graduated Huazhong Industrial College. From 2004-2010, she served as Vice-Minister of the Ministry of Education and was a member of the Leading Party Members Group of that ministry. In 2010, she became Vice-Minister of the Ministry of Science and Technology and a member of that Ministry's leading party group.</bioText>
  <posts>
    <post description="Vice-Minister, Ministry of Science and Technology"/>
  </posts>
  <birthLocations>
    <birthLocation location="Hubei Province"/>
    <birthLocation location="Shashi City"/>
  </birthLocations>
  <workHistoryEntry startDate="2010">
    <workRoles>
      <workRole role="Member"/>
      <workRole institution="Ministry of Science and Technology"/>
      <workRole institution="CPC"/>
      <workRole institution="Leading Party Group"/>
    </workRoles>
  </workHistoryEntry>
  <workHistoryEntry startDate="2010">
    <workRoles>
      <workRole role="Vice-Minister"/>
      <workRole institution="Ministry of Science and Technology"/>
    </workRoles>
  </workHistoryEntry>
  <workHistoryEntry startDate="2004" endDate="2010">
    <workRoles>
      <workRole role="Vice-Minister"/>
      <workRole institution="Ministry of Education"/>
    </workRoles>
  </workHistoryEntry>
  <workHistoryEntry startDate="2003">
    <workRoles>
      <workRole role="Member"/>
      <workRole institution="Ministry of Education"/>
      <workRole institution="CPC"/>
      <workRole institution="Leading Party Group"/>
    </workRoles>
  </workHistoryEntry>
  <workHistoryEntry startDate="2003" endDate="2004">
    <workRoles>
      <workRole role="Assistant Minister"/>
      <workRole institution="Ministry of Education"/>
    </workRoles>
  </workHistoryEntry>
  <workHistoryEntry startDate="2003">
    <workRoles>
      <workRole role="Director"/>
      <workRole institution="Ministry of Education"/>
      <workRole institution="Basic Education Department"/>
    </workRoles>
  </workHistoryEntry>
  <workHistoryEntry startDate="2001" endDate="2003">
    <workRoles>
      <workRole role="Member"/>
      <workRole institution="People's Government"/>
      <workRole institution="CPC"/>
      <workRole institution="Leading Party Group"/>
      <workRole location="Yunnan Province"/>
    </workRoles>
  </workHistoryEntry>
  <workHistoryEntry startDate="2001" endDate="2003">
    <workRoles>
      <workRole role="Assistant Governor"/>
      <workRole institution="People's Government"/>
      <workRole location="Yunnan Province"/>
    </workRoles>
  </workHistoryEntry>
  <workHistoryEntry startDate="1998" endDate="2001">
    <workRoles>
      <workRole role="Director"/>
      <workRole institution="Ministry of Education"/>
      <workRole institution="Laws and Regulations Department"/>
    </workRoles>
  </workHistoryEntry>
  <workHistoryEntry startDate="1993" endDate="1998">
    <workRoles>
      <workRole role="Director"/>
      <workRole institution="State Education Commission"/>
      <workRole institution="Higher Education Department"/>
    </workRoles>
  </workHistoryEntry>
  <workHistoryEntry startDate="1986" endDate="1993">
    <workRoles>
      <workRole role="Assistant Director"/>
      <workRole institution="State Education Commission"/>
    </workRoles>
  </workHistoryEntry>
  <workHistoryEntry startDate="1975" endDate="1986">
    <workRoles>
      <workRole role="Teacher"/>
      <workRole institution="Huazhong University of Science and Technology"/>
      <workRole institution="Economics and Management School"/>
      <workRole location="Hubei Province"/>
      <workRole location="Wuhan City"/>
    </workRoles>
  </workHistoryEntry>
  <workHistoryEntry startDate="1972" endDate="1975">
    <workRoles>
      <workRole role="Student"/>
      <workRole institution="Huazhong University of Science and Technology"/>
      <workRole location="Hubei Province"/>
      <workRole location="Wuhan City"/>
    </workRoles>
  </workHistoryEntry>
  <workHistory/>
</biography>
