<?xml version="1.0" encoding="UTF-8"?>
<biography birthDate="1857" fullName="Chen Runer" displayName="Chen Runer" nonEnglishName="" sex="male" nationality="Han Nationality">
  <bioText>Chen Runer, male, Han Nationality, is a native of County Chaling, Hunan Province. He was born in 1957, joined the CPC and started his career in 1975. He is now an Alternate Member of the 17th CPC Central Committee and Secretary of the Changsha CPC City Committee.</bioText>
  <posts>
    <post description="Alternate Member, 17th CPC, Central Committee"/>
  </posts>
  <birthLocations>
    <birthLocation location="Hunan Province"/>
    <birthLocation location="Chaling County"/>
  </birthLocations>
  <workHistoryEntry startDate="2007">
    <workRoles>
      <workRole role="Alternate Member"/>
      <workRole institution="17th CPC"/>
      <workRole institution="Central Committee"/>
    </workRoles>
  </workHistoryEntry>
  <workHistoryEntry startDate="2006">
    <workRoles>
      <workRole role="Secretary"/>
      <workRole institution="CPC"/>
      <workRole institution="City Committee"/>
      <workRole location="Hunan Province"/>
      <workRole location="Changsha City"/>
    </workRoles>
  </workHistoryEntry>
  <workHistoryEntry startDate="2006">
    <workRoles>
      <workRole role="Member"/>
      <workRole institution="CPC"/>
      <workRole institution="Provincial Committee"/>
      <workRole institution="Standing Committee"/>
      <workRole location="Hunan Province"/>
    </workRoles>
  </workHistoryEntry>
  <workHistoryEntry startDate="2003" endDate="2006">
    <workRoles>
      <workRole role="Secretary"/>
      <workRole institution="CPC"/>
      <workRole institution="City Committee"/>
      <workRole location="Hunan Province"/>
      <workRole location="Xiangtan City"/>
    </workRoles>
  </workHistoryEntry>
  <workHistoryEntry startDate="2003" endDate="2003">
    <workRoles>
      <workRole role="Mayor"/>
      <workRole institution="People's Government"/>
      <workRole location="Hunan Province"/>
      <workRole location="Xiangtan City"/>
    </workRoles>
  </workHistoryEntry>
  <workHistory/>
</biography>
