<?xml version="1.0" encoding="UTF-8"?>
<biography birthDate="1942" fullName="Chen Daifu" displayName="Chen Daifu" nonEnglishName="" sex="male" nationality="Han">
  <bioText>Chen Daifu, male, Han nationality, is a native of Anyue County, Sichuan Province. He was born in 1942, and joined the CPC in 1963. He was an alternate member of 10th CPC Central Committee.</bioText>
  <posts>
    <post description="Alternate Member of the 10th CPC Central Committee"/>
  </posts>
  <birthLocations>
    <birthLocation location="Sichuan Province"/>
    <birthLocation location="Anyue County"/>
  </birthLocations>
  <workHistoryEntry startDate="1973" endDate="1977">
    <workRoles>
      <workRole role="Alternate Member"/>
      <workRole institution="10th CPC"/>
      <workRole institution="Central Committee"/>
    </workRoles>
  </workHistoryEntry>
  <workHistoryEntry startDate="1963">
    <workRoles>
      <workRole role="Joined"/>
      <workRole institution="CPC"/>
    </workRoles>
  </workHistoryEntry>
  <workHistory/>
</biography>
