<?xml version="1.0" encoding="UTF-8"?>
<biography birthDate="1961" fullName="Chen Zhaoxiong" displayName="Chen Zhaoxiong" nonEnglishName="" sex="male" nationality="Han">
  <bioText>Chen Zhaoxiong, male, Han nationality, is a native of Putian City, Fujian Province. He was born in 1961, graduated from East China Institute of Technology in 1982 with a Bachelor Degree, from University of Science and Technology of China with a Master Degree in 1985, entered the work force in 1985, and joined the CPC in 1994. He was Secretary of Working Committee of Chang-Zhu-Tan "Bi-Type Society" Construction Comprehensive Coherent Reform Test Zone of Hunan Province from March 2011 to December 2011. Since December 17 2011, he is Vice-Governor, Provincial People’s Government, Hunan Province again.</bioText>
  <posts>
    <post description="Vice-Governor, People's Government, Hunan Province"/>
  </posts>
  <birthLocations>
    <birthLocation location="Fujian Province"/>
    <birthLocation location="Putian City"/>
  </birthLocations>
  <workHistoryEntry startDate="2011">
    <workRoles>
      <workRole role="Vice-Governor"/>
      <workRole institution="People's Government"/>
      <workRole location="Hunan Province"/>
    </workRoles>
  </workHistoryEntry>
  <workHistoryEntry startDate="2011" endDate="2011">
    <workRoles>
      <workRole role="Secretary"/>
      <workRole location="Hunan Province"/>
    </workRoles>
  </workHistoryEntry>
  <workHistoryEntry startDate="2010">
    <workRoles>
      <workRole role="Member"/>
      <workRole institution="CPC"/>
      <workRole institution="Provincial Committee"/>
      <workRole institution="Standing Committee"/>
      <workRole location="Hunan Province"/>
    </workRoles>
  </workHistoryEntry>
  <workHistoryEntry startDate="2007" endDate="2011">
    <workRoles>
      <workRole role="Vice-Governor"/>
      <workRole institution="People's Government"/>
      <workRole location="Hunan Province"/>
    </workRoles>
  </workHistoryEntry>
  <workHistoryEntry startDate="2005" endDate="2007">
    <workRoles>
      <workRole role="Deputy Secretary"/>
      <workRole institution="China Electronics Corporation"/>
      <workRole institution="CPC"/>
      <workRole institution="Leading Party Group"/>
    </workRoles>
  </workHistoryEntry>
  <workHistoryEntry startDate="2005" endDate="2007">
    <workRoles>
      <workRole role="Vice-President"/>
      <workRole institution="China Electronics Corporation"/>
    </workRoles>
  </workHistoryEntry>
  <workHistoryEntry startDate="2005" endDate="2007">
    <workRoles>
      <workRole role="General Manager"/>
      <workRole institution="China Electronics Corporation"/>
    </workRoles>
  </workHistoryEntry>
  <workHistoryEntry startDate="2004" endDate="2005">
    <workRoles>
      <workRole role="President"/>
      <workRole institution="China Great Wall Computer Corporation"/>
    </workRoles>
  </workHistoryEntry>
  <workHistoryEntry startDate="2004" endDate="2005">
    <workRoles>
      <workRole role="Secretary"/>
      <workRole institution="China Great Wall Computer Corporation"/>
      <workRole institution="CPC"/>
      <workRole institution="Party Committee"/>
    </workRoles>
  </workHistoryEntry>
  <workHistoryEntry startDate="2001" endDate="2004">
    <workRoles>
      <workRole role="Deputy General Manager"/>
      <workRole institution="China Electronics Corporation"/>
    </workRoles>
  </workHistoryEntry>
  <workHistoryEntry startDate="1985" endDate="1988">
    <workRoles>
      <workRole role="Researcher"/>
      <workRole institution="Chinese Academy of Sciences"/>
      <workRole institution="Computer Technology Research Institute"/>
    </workRoles>
  </workHistoryEntry>
  <workHistoryEntry startDate="1985" endDate="1988">
    <workRoles>
      <workRole role="Director"/>
      <workRole institution="Chinese Academy of Sciences"/>
      <workRole institution="Computer Intelligent Machine Translation Research Center"/>
    </workRoles>
  </workHistoryEntry>
  <workHistoryEntry startDate="1978" endDate="1982">
    <workRoles>
      <workRole role="Student"/>
      <workRole institution="East China Institute of Technology (ECIT)"/>
      <workRole institution="Computer Department"/>
      <workRole location="Jiangxi Province"/>
      <workRole location="Fuzhou City"/>
    </workRoles>
  </workHistoryEntry>
  <workHistory/>
</biography>
