<?xml version="1.0" encoding="UTF-8"?>
<biography birthDate="1935" fullName="Chen Tiedi" displayName="Chen Tiedi" nonEnglishName="" sex="female" nationality="Han">
  <bioText>Chen Tiedi, female, Han nationality, is a native of Changsha, Hunan Province. Chen was born in 1935, joined the CPC in 1952 and graduated from Tongji University. Chen spent almost 30 years in higher education, lecturing at Nanjing Engineering Institute and serving as deputy secretary of the CPC Tongji University Committee. In 1988, she became vice-chairman of the standing committee of the Shanghai Municipal People's Congress. She later served in various leadership roles in Shanghai's municipal party organizations. Chen was a delegate to the 15th CPC National Congress, a deputy to the 9th NPC and a member of the 8th CPPCC.</bioText>
  <posts>
    <post description="Chairman of Standing Committee of 11th Shanghai Municipal People'sCongress"/>
  </posts>
  <birthLocations>
    <birthLocation location="Hunan Province"/>
    <birthLocation location="Changsha City"/>
  </birthLocations>
  <workHistoryEntry startDate="1998" endDate="2003">
    <workRoles>
      <workRole role="Deputy"/>
      <workRole institution="9th NPC"/>
    </workRoles>
  </workHistoryEntry>
  <workHistoryEntry startDate="1998">
    <workRoles>
      <workRole role="Chairman"/>
      <workRole institution="Municipal People's Congress"/>
      <workRole institution="Standing Committee"/>
      <workRole location="Shanghai Municipality"/>
    </workRoles>
  </workHistoryEntry>
  <workHistoryEntry startDate="1997" endDate="2002">
    <workRoles>
      <workRole role="Delegate"/>
      <workRole institution="15th CPC"/>
      <workRole institution="National Congress"/>
    </workRoles>
  </workHistoryEntry>
  <workHistoryEntry startDate="1995" endDate="????">
    <workRoles>
      <workRole role="Vice-President"/>
      <workRole institution="All-China Charity Council"/>
    </workRoles>
  </workHistoryEntry>
  <workHistoryEntry startDate="1993" endDate="1998">
    <workRoles>
      <workRole role="Member"/>
      <workRole institution="8th CPPCC"/>
      <workRole institution="National Committee"/>
    </workRoles>
  </workHistoryEntry>
  <workHistoryEntry startDate="1993" endDate="1998">
    <workRoles>
      <workRole role="Chairman"/>
      <workRole institution="CPPCC"/>
      <workRole institution="Municipal Committee"/>
      <workRole location="Shanghai Municipality"/>
    </workRoles>
  </workHistoryEntry>
  <workHistoryEntry startDate="1991" endDate="????">
    <workRoles>
      <workRole role="Deputy Secretary"/>
      <workRole institution="CPC"/>
      <workRole institution="Municipal Committee"/>
      <workRole location="Shanghai Municipality"/>
    </workRoles>
  </workHistoryEntry>
  <workHistoryEntry startDate="1988" endDate="1991">
    <workRoles>
      <workRole role="Vice-Chairman"/>
      <workRole institution="Municipal People's Congress"/>
      <workRole institution="Standing Committee"/>
      <workRole location="Shanghai Municipality"/>
    </workRoles>
  </workHistoryEntry>
  <workHistoryEntry startDate="1987" endDate="1992">
    <workRoles>
      <workRole role="Delegate"/>
      <workRole institution="13th CPC"/>
      <workRole institution="National Congress"/>
    </workRoles>
  </workHistoryEntry>
  <workHistoryEntry startDate="">
    <workRoles>
      <workRole role="Secretary"/>
      <workRole institution="CPC"/>
      <workRole institution="Municipal Committee"/>
      <workRole institution="Education and Public Health Committee"/>
      <workRole location="Shanghai Municipality"/>
    </workRoles>
  </workHistoryEntry>
  <workHistoryEntry startDate="1983" endDate="1988">
    <workRoles>
      <workRole role="Member"/>
      <workRole institution="CPC"/>
      <workRole institution="Municipal Committee"/>
      <workRole institution="Standing Committee"/>
      <workRole location="Shanghai Municipality"/>
    </workRoles>
  </workHistoryEntry>
  <workHistoryEntry startDate="1981" endDate="1983">
    <workRoles>
      <workRole role="Deputy Secretary"/>
      <workRole institution="Tongji University"/>
      <workRole institution="CPC"/>
      <workRole institution="Party Committee"/>
      <workRole location="Shanghai Municipality"/>
    </workRoles>
  </workHistoryEntry>
  <workHistoryEntry startDate="1979">
    <workRoles>
      <workRole role="(Awarded National Bearer of March 8 Red-Banner)"/>
    </workRoles>
  </workHistoryEntry>
  <workHistoryEntry startDate="1978" endDate="1981">
    <workRoles>
      <workRole role="Tongji University CPC, General Branch Shanghai Municipality"/>
    </workRoles>
  </workHistoryEntry>
  <workHistoryEntry startDate="1957" endDate="1966">
    <workRoles>
      <workRole role="Lecturer"/>
      <workRole institution="Nanjing Engineering Institute"/>
      <workRole location="Shanghai Municipality"/>
    </workRoles>
  </workHistoryEntry>
  <workHistoryEntry startDate="1957" endDate="1966">
    <workRoles>
      <workRole role="Associate Professor"/>
      <workRole institution="Tongji University"/>
      <workRole location="Shanghai Municipality"/>
    </workRoles>
  </workHistoryEntry>
  <workHistoryEntry startDate="1957">
    <workRoles>
      <workRole role="Graduate"/>
      <workRole institution="Tongji University"/>
      <workRole location="Shanghai Municipality"/>
    </workRoles>
  </workHistoryEntry>
  <workHistoryEntry startDate="1952">
    <workRoles>
      <workRole role="Joined"/>
      <workRole institution="CPC"/>
    </workRoles>
  </workHistoryEntry>
  <workHistory/>
</biography>
