<?xml version="1.0" encoding="UTF-8"?>
<biography birthDate="1924" fullName="Chen Haozhu" displayName="Chen Haozhu" nonEnglishName="" sex="male" nationality="Han">
  <bioText>Chen Haozhu, male, Han nationality, a native of Xinhui, Guangdong Province, graduated from Chung Cheng Medical College in 1949. He was born in 1924. From 1949 until 1992, he pursued a career in medicine, as physician and teacher and member of various medical committees and associations. Angiocardiopathy was his specialty. He was also deputy editor-in-chief of three medical journals. In 1992, he became chairman of the Shanghai Municipal Committee of the Chinese Peasants and Workers Democratic Party and started a second term in 1997. He was also vice-chairman of the 10th, 11th, and 12th Chinese Peasants and Workers Democratic Party Central Committees. In the CPPCC, he was elected vice-chairman of the CPPCC Shanghai Municipal Committee in 1993 and again in 1998. He was a member of the standing committee of the 7th, 8th, and 9th CPPCC National Committees.</bioText>
  <posts>
    <post description="Vice-Chairman of the CPPCC Shanghai Municipal Committee, Vice-Chairman of the Central Committee of the Chinese Peasants and Workers Democratic Party"/>
  </posts>
  <birthLocations>
    <birthLocation location="Guangdong Province"/>
    <birthLocation location="Xinhui County"/>
  </birthLocations>
  <workHistoryEntry startDate="1998" endDate="2003">
    <workRoles>
      <workRole role="Member"/>
      <workRole institution="9th CPPCC"/>
      <workRole institution="National Committee"/>
      <workRole institution="Standing Committee"/>
    </workRoles>
  </workHistoryEntry>
  <workHistoryEntry startDate="">
    <workRoles>
      <workRole role="Vice-Chairman"/>
      <workRole institution="Chinese Peasants and Workers Democratic Party"/>
      <workRole institution="Central Committee"/>
    </workRoles>
  </workHistoryEntry>
  <workHistoryEntry startDate="1993" endDate="1998">
    <workRoles>
      <workRole role="Member"/>
      <workRole institution="8th CPPCC"/>
      <workRole institution="National Committee"/>
      <workRole institution="Standing Committee"/>
    </workRoles>
  </workHistoryEntry>
  <workHistoryEntry startDate="1993">
    <workRoles>
      <workRole role="Vice-Chairman"/>
      <workRole institution="CPPCC"/>
      <workRole institution="Municipal Committee"/>
      <workRole location="Shanghai Municipality"/>
    </workRoles>
  </workHistoryEntry>
  <workHistoryEntry startDate="1992" endDate="????">
    <workRoles>
      <workRole role="Chairman"/>
      <workRole institution="Chinese Peasants and Workers Democratic Party"/>
      <workRole institution="Municipal Committee"/>
      <workRole location="Shanghai Municipality"/>
    </workRoles>
  </workHistoryEntry>
  <workHistoryEntry startDate="1988" endDate="1993">
    <workRoles>
      <workRole role="Member"/>
      <workRole institution="7th CPPCC"/>
      <workRole institution="National Committee"/>
      <workRole institution="Standing Committee"/>
    </workRoles>
  </workHistoryEntry>
  <workHistoryEntry startDate="">
    <workRoles>
      <workRole role="Editor-in-Chief"/>
      <workRole institution="Chinese Angiocardiopathy Journal"/>
    </workRoles>
  </workHistoryEntry>
  <workHistoryEntry startDate="">
    <workRoles>
      <workRole role="Editor-in-Chief"/>
      <workRole institution="Chinese Journal of Internal Medicine"/>
    </workRoles>
  </workHistoryEntry>
  <workHistoryEntry startDate="">
    <workRoles>
      <workRole role="Editor-in-Chief"/>
      <workRole institution="Chinese Medical Journal"/>
    </workRoles>
  </workHistoryEntry>
  <workHistoryEntry startDate="">
    <workRoles>
      <workRole role="Member"/>
      <workRole institution="State Academic Degrees Committee"/>
      <workRole institution="2nd Panel of Judges"/>
    </workRoles>
  </workHistoryEntry>
  <workHistoryEntry startDate="">
    <workRoles>
      <workRole role="Director"/>
      <workRole institution="World Health Organization"/>
      <workRole institution="Cooperation Center"/>
    </workRoles>
  </workHistoryEntry>
  <workHistoryEntry startDate="">
    <workRoles>
      <workRole role="Member"/>
      <workRole institution="Chinese Medical Association"/>
      <workRole institution="Executive Council"/>
      <workRole location="Shanghai Municipality"/>
    </workRoles>
  </workHistoryEntry>
  <workHistoryEntry startDate="">
    <workRoles>
      <workRole role="Professor"/>
      <workRole institution="Shanghai Institute of Angiocardiopathy"/>
      <workRole location="Shanghai Municipality"/>
    </workRoles>
  </workHistoryEntry>
  <workHistoryEntry startDate="">
    <workRoles>
      <workRole role="Director"/>
      <workRole institution="Shanghai Institute of Angiocardiopathy"/>
      <workRole location="Shanghai Municipality"/>
    </workRoles>
  </workHistoryEntry>
  <workHistoryEntry startDate="">
    <workRoles>
      <workRole role="Associate Professor"/>
      <workRole institution="Shanghai First Medical University"/>
      <workRole location="Shanghai Municipality"/>
    </workRoles>
  </workHistoryEntry>
  <workHistoryEntry startDate="">
    <workRoles>
      <workRole role="Deputy Section Chief"/>
      <workRole institution="Zhongshan Hospital"/>
      <workRole location="Guangdong Province"/>
      <workRole location="Zhongshan City"/>
    </workRoles>
  </workHistoryEntry>
  <workHistoryEntry startDate="">
    <workRoles>
      <workRole role="Chief Physician"/>
      <workRole institution="Zhongshan Hospital"/>
      <workRole location="Guangdong Province"/>
      <workRole location="Zhongshan City"/>
    </workRoles>
  </workHistoryEntry>
  <workHistoryEntry startDate="">
    <workRoles>
      <workRole role="Physician"/>
      <workRole institution="Zhongshan Hospital"/>
      <workRole location="Guangdong Province"/>
      <workRole location="Zhongshan City"/>
    </workRoles>
  </workHistoryEntry>
  <workHistoryEntry startDate="1949">
    <workRoles>
      <workRole role="(Graduated from Chung Cheng Medical College)"/>
    </workRoles>
  </workHistoryEntry>
  <workHistory/>
</biography>
