<?xml version="1.0" encoding="UTF-8"?>
<biography birthDate="1949" fullName="Chen Rutuan" displayName="Chen Rutuan" nonEnglishName="" sex="male" nationality="Han">
  <bioText>Chen Rutuan, male, Han nationality, is a native of Guangdong province. He was born in 1949, and he served as a representative of the 2nd and 3rd Shenzhen CPC Congress, and as a representative of the 1st Guangdong New Guangdian International Group. Chen Rutuan was honored as the Excellent Political Secretary and Director of the PLA, and as a Pioneer Worker and Excellent Party Member. He was appointed general manager of the Shenzhen Yuepeng Construction Limited Company in 1993.</bioText>
  <posts>
    <post description="General Manager of the Shenzhen Yuepeng Construction Limited Company"/>
  </posts>
  <birthLocations>
    <birthLocation location="Guangdong Province"/>
  </birthLocations>
  <workHistoryEntry startDate="1993">
    <workRoles>
      <workRole role="Board Chairman"/>
      <workRole institution="Shenzhen Yuepeng Construction Limited Company"/>
      <workRole location="Guangdong Province"/>
      <workRole location="Shenzhen City"/>
    </workRoles>
  </workHistoryEntry>
  <workHistoryEntry startDate="1993">
    <workRoles>
      <workRole role="General Manager"/>
      <workRole institution="Shenzhen Yuepeng Construction Limited Company"/>
      <workRole location="Guangdong Province"/>
      <workRole location="Shenzhen City"/>
    </workRoles>
  </workHistoryEntry>
  <workHistoryEntry startDate="1979" endDate="1992">
    <workRoles>
      <workRole role="Secretary"/>
      <workRole institution="CYLC"/>
      <workRole institution="Provincial-Level"/>
      <workRole institution="Organization Department"/>
      <workRole location="Guangdong Province"/>
    </workRoles>
  </workHistoryEntry>
  <workHistoryEntry startDate="1979" endDate="1992">
    <workRoles>
      <workRole role="Director"/>
      <workRole institution="CYLC"/>
      <workRole institution="Provincial-Level"/>
      <workRole institution="Organization Department"/>
      <workRole location="Guangdong Province"/>
    </workRoles>
  </workHistoryEntry>
  <workHistoryEntry startDate="1968" endDate="1979">
    <workRoles>
      <workRole role="Secretary"/>
      <workRole institution="PLA"/>
      <workRole institution="Regimental Political Department"/>
    </workRoles>
  </workHistoryEntry>
  <workHistoryEntry startDate="1968" endDate="1979">
    <workRoles>
      <workRole role="Political Director"/>
      <workRole institution="PLA"/>
      <workRole institution="Regimental Political Department"/>
    </workRoles>
  </workHistoryEntry>
  <workHistory/>
</biography>
