<?xml version="1.0" encoding="UTF-8"?>
<biography birthDate="1935" fullName="Cheng Siwei" displayName="Cheng Siwei" nonEnglishName="" sex="male" nationality="Han">
  <bioText>Cheng Siwei, male, Han nationality, is a native of Xiang City, Hunan province. He was born in 1935, graduated from UCLA in the USA, and obtained a master's degree. Cheng is a senior engineer and a member of the China Democratic National Construction Association. Cheng Siwei is chairman of the China Soft-Science Research Society and director of the science management division of the China National Natural Science Foundation.</bioText>
  <posts>
    <post description="Vice-Chairman of the 10th NPC Standing Committee, Chairman of the China Democratic National Construction Association"/>
  </posts>
  <birthLocations>
    <birthLocation location="Hunan Province"/>
    <birthLocation location="Xiang City"/>
  </birthLocations>
  <workHistoryEntry startDate="2003">
    <workRoles>
      <workRole role="Director"/>
      <workRole institution="National Natural Science Foundation of China"/>
      <workRole institution="Science Management Division"/>
    </workRoles>
  </workHistoryEntry>
  <workHistoryEntry startDate="">
    <workRoles>
      <workRole role="Chairman"/>
      <workRole institution="China Soft-Science Research Society"/>
    </workRoles>
  </workHistoryEntry>
  <workHistoryEntry startDate="2003">
    <workRoles>
      <workRole role="Vice-Chairman"/>
      <workRole institution="10th Standing Committee of the NPC"/>
    </workRoles>
  </workHistoryEntry>
  <workHistoryEntry startDate="1996">
    <workRoles>
      <workRole role="Chairman"/>
      <workRole institution="China Democratic National Construction Association"/>
      <workRole institution="Central Committee"/>
    </workRoles>
  </workHistoryEntry>
  <workHistoryEntry startDate="1994" endDate="1996">
    <workRoles>
      <workRole role="Vice-Chairman"/>
      <workRole institution="China Democratic National Construction Association"/>
      <workRole institution="Central Committee"/>
    </workRoles>
  </workHistoryEntry>
  <workHistoryEntry startDate="1994" endDate="1996">
    <workRoles>
      <workRole role="Deputy Director"/>
      <workRole institution="Ministry of Chemical Industry"/>
    </workRoles>
  </workHistoryEntry>
  <workHistoryEntry startDate="1988" endDate="1993">
    <workRoles>
      <workRole role="Vice-Chairman"/>
      <workRole institution="Ministry of Chemical Industry"/>
      <workRole institution="Science and Technology Research Institute"/>
    </workRoles>
  </workHistoryEntry>
  <workHistoryEntry startDate="1984" endDate="1993">
    <workRoles>
      <workRole role="Chief Engineer"/>
      <workRole institution="Ministry of Chemical Industry"/>
      <workRole institution="Science and Technology Bureau"/>
    </workRoles>
  </workHistoryEntry>
  <workHistoryEntry startDate="1981" endDate="1983">
    <workRoles>
      <workRole role="Graduate"/>
      <workRole institution="University of California"/>
      <workRole location="USA"/>
      <workRole location="California"/>
      <workRole location="Los Angeles"/>
    </workRoles>
  </workHistoryEntry>
  <workHistoryEntry startDate="1973" endDate="1981">
    <workRoles>
      <workRole role="Engineer"/>
      <workRole institution="Petrochemical Engineering Research Institute"/>
      <workRole institution="Petroleum Chemistry Division"/>
    </workRoles>
  </workHistoryEntry>
  <workHistoryEntry startDate="1958" endDate="1973">
    <workRoles>
      <workRole role="Engineer"/>
      <workRole institution="Tianjin Chemical Engineering Research Institute"/>
      <workRole location="Tianjin Municipality"/>
    </workRoles>
  </workHistoryEntry>
  <workHistoryEntry startDate="1956" endDate="1958">
    <workRoles>
      <workRole role="Worker"/>
      <workRole institution="Shenyang Chemical Engineering Research Institute"/>
      <workRole location="Liaoning Province"/>
      <workRole location="Shenyang City"/>
    </workRoles>
  </workHistoryEntry>
  <workHistory/>
</biography>
