<?xml version="1.0" encoding="UTF-8"?>
<biography birthDate="1961" fullName="Chen Derong" displayName="Chen Derong" nonEnglishName="" sex="male" nationality="Han">
  <bioText>Chen Derong, male, Han nationality, is a native of Fuyang City of Zhejiang Province. He was born in 1961, entered the work force in 1985 and joined the CPC in 1992. Chen graduated from Wuhan Iron and Steel Engineering Institute with a Master Degree. Chen had served at different posts at Jiaxing City of Zhejiang Province from 1998 to 2010. On July 2010, he was appointed Secretary of CPC Wenzhou City Committee and Vice-Governor of Zhejiang People’s Government.</bioText>
  <posts>
    <post description="Vice-Governor, People's Government, Zhejiang Province"/>
    <post description="Secretary, CPC, City Committee, Zhejiang Province, Wenzhou City"/>
  </posts>
  <birthLocations>
    <birthLocation location="Zhejiang Province"/>
    <birthLocation location="Fuyang City"/>
  </birthLocations>
  <workHistoryEntry startDate="2010">
    <workRoles>
      <workRole role="Vice-Governor"/>
      <workRole institution="People's Government"/>
      <workRole location="Zhejiang Province"/>
    </workRoles>
  </workHistoryEntry>
  <workHistoryEntry startDate="2010">
    <workRoles>
      <workRole role="Secretary"/>
      <workRole institution="CPC"/>
      <workRole institution="City Committee"/>
      <workRole location="Zhejiang Province"/>
      <workRole location="Wenzhou City"/>
    </workRoles>
  </workHistoryEntry>
  <workHistoryEntry startDate="2007" endDate="2010">
    <workRoles>
      <workRole role="Secretary"/>
      <workRole institution="CPC"/>
      <workRole institution="City Committee"/>
      <workRole location="Zhejiang Province"/>
      <workRole location="Jiaxing City"/>
    </workRoles>
  </workHistoryEntry>
  <workHistoryEntry startDate="2003" endDate="2008">
    <workRoles>
      <workRole role="Deputy"/>
      <workRole institution="10th NPC"/>
    </workRoles>
  </workHistoryEntry>
  <workHistoryEntry startDate="2002" endDate="2002">
    <workRoles>
      <workRole role="Acting Mayor"/>
      <workRole institution="People's Government"/>
      <workRole location="Zhejiang Province"/>
      <workRole location="Jiaxing City"/>
    </workRoles>
  </workHistoryEntry>
  <workHistoryEntry startDate="2002" endDate="2007">
    <workRoles>
      <workRole role="Deputy Secretary"/>
      <workRole institution="CPC"/>
      <workRole institution="City Committee"/>
      <workRole location="Zhejiang Province"/>
      <workRole location="Jiaxing City"/>
    </workRoles>
  </workHistoryEntry>
  <workHistoryEntry startDate="2002" endDate="2007">
    <workRoles>
      <workRole role="Mayor"/>
      <workRole institution="People's Government"/>
      <workRole location="Zhejiang Province"/>
      <workRole location="Jiaxing City"/>
    </workRoles>
  </workHistoryEntry>
  <workHistoryEntry startDate="1998" endDate="2002">
    <workRoles>
      <workRole role="Executive Vice-Mayor"/>
      <workRole institution="People's Government"/>
      <workRole location="Zhejiang Province"/>
      <workRole location="Jiaxing City"/>
    </workRoles>
  </workHistoryEntry>
  <workHistoryEntry startDate="1998" endDate="2002">
    <workRoles>
      <workRole role="Member"/>
      <workRole institution="CPC"/>
      <workRole institution="City Committee"/>
      <workRole institution="Standing Committee"/>
      <workRole location="Zhejiang Province"/>
      <workRole location="Jiaxing City"/>
    </workRoles>
  </workHistoryEntry>
  <workHistoryEntry startDate="1998" endDate="1998">
    <workRoles>
      <workRole role="Vice-Mayor"/>
      <workRole institution="People's Government"/>
      <workRole location="Zhejiang Province"/>
      <workRole location="Jiaxing City"/>
    </workRoles>
  </workHistoryEntry>
  <workHistory/>
</biography>
