<?xml version="1.0" encoding="UTF-8"?>
<biography birthDate="1953" fullName="Chen Feng" displayName="Chen Feng" nonEnglishName="" sex="male" nationality="Han">
  <bioText>Chen Feng, male, Han nationality, is a native of Shanxi Province. He was born in 1953 and graduated from Germany Lufthansa Airlines Air Traffic Management College. Under the guidance of Mr. Chen, Hainan Airlines has developed its total assets from an initial RMB 10 million yuan to today's RMB 11.6 billion yuan in only 8 years, realizing a very considerable expansion. Due to a comprehensive reconstruction, Hainan Airlines now possesses more than 200 flight routes and has become a large enterprise group called Hainan Airlines Group, consisting of Hainan Airlines, Xinhua Airlines, Meilan Airport, Chan An Airlines, Hotel Group and other subsidiary companies. Chen Feng has been accountable for these successes and was honored as the most outstanding entrepreneur of China. He was also a standing committee member of the Hainan Provincial People's Congress.</bioText>
  <posts>
    <post description="Senior Economist, Former Board Chairman of Hainan Airlines Holding Group Company Limited and Hainan Airlines Company Limited"/>
  </posts>
  <birthLocations>
    <birthLocation location="Shanxi Province"/>
  </birthLocations>
  <workHistoryEntry startDate="2000" endDate="2007">
    <workRoles>
      <workRole role="Chairman"/>
      <workRole institution="Hainan Airlines Company Ltd."/>
    </workRoles>
  </workHistoryEntry>
  <workHistoryEntry startDate="">
    <workRoles>
      <workRole role="(Honored as &quot;Most Outstanding Entrepreneur of China&quot;)"/>
    </workRoles>
  </workHistoryEntry>
  <workHistoryEntry startDate="">
    <workRoles>
      <workRole role="(Honored as &quot;National Model Worker&quot;)"/>
    </workRoles>
  </workHistoryEntry>
  <workHistoryEntry startDate="">
    <workRoles>
      <workRole role="Won"/>
    </workRoles>
  </workHistoryEntry>
  <workHistoryEntry startDate="">
    <workRoles>
      <workRole role="Member"/>
      <workRole institution="Provincial People's Congress"/>
      <workRole institution="Standing Committee"/>
      <workRole location="Hainan Province"/>
    </workRoles>
  </workHistoryEntry>
  <workHistoryEntry startDate="">
    <workRoles>
      <workRole role="Deputy Director"/>
      <workRole institution="State Air Traffic Control Bureau"/>
      <workRole institution="Planning Department"/>
    </workRoles>
  </workHistoryEntry>
  <workHistoryEntry startDate="1990" endDate="????">
    <workRoles>
      <workRole role="Assistant to Governor"/>
      <workRole institution="People's Government"/>
      <workRole location="Hainan Province"/>
    </workRoles>
  </workHistoryEntry>
  <workHistoryEntry startDate="">
    <workRoles>
      <workRole role="Graduate"/>
    </workRoles>
  </workHistoryEntry>
  <workHistoryEntry startDate="">
    <workRoles>
      <workRole role="Deputy Director"/>
      <workRole institution="Civil Aviation Administration of China"/>
      <workRole institution="Planning Department"/>
    </workRoles>
  </workHistoryEntry>
  <workHistory/>
</biography>
