<?xml version="1.0" encoding="UTF-8"?>
<biography birthDate="1941" fullName="Chen Xin" displayName="Chen Xin" nonEnglishName="" sex="male" nationality="Han">
  <bioText>Chen Xin, male, Han nationality, was born in 1941. A deputy chief engineer at the Shanghai Research Institute of Petrochemical Technology at SINOPEC, Chen has received numerous honors in the 1990s for his work. He was honored with a China Patent Creation and Invention Gold Prize from the China Patent Office and World Intellectual Property Organization. In 1997, he won the Gold Prize from the 11th National Invention Exhibition and World Intellectual Property Organization. Chen is also the winner of the Nie Rongzhen Invention and Innovation Prize.</bioText>
  <posts>
    <post description="Deputy Chief Engineer, Shanghai Research Institute of Petrochemical Technology of SINOPEC"/>
  </posts>
  <birthLocations/>
  <workHistoryEntry startDate="">
    <workRoles>
      <workRole role="Deputy Chief Engineer"/>
      <workRole institution="Sinopec Corp."/>
      <workRole institution="Shanghai Research Institute of Petrochemical Technology"/>
    </workRoles>
  </workHistoryEntry>
  <workHistoryEntry startDate="1999">
    <workRoles>
      <workRole role="Award Winner"/>
    </workRoles>
  </workHistoryEntry>
  <workHistoryEntry startDate="">
    <workRoles>
      <workRole role="Award Winner"/>
    </workRoles>
  </workHistoryEntry>
  <workHistoryEntry startDate="1997">
    <workRoles>
      <workRole role="Award Winner"/>
    </workRoles>
  </workHistoryEntry>
  <workHistoryEntry startDate="1997">
    <workRoles>
      <workRole role="Award Winner"/>
    </workRoles>
  </workHistoryEntry>
  <workHistoryEntry startDate="1993">
    <workRoles>
      <workRole role="Award Winner"/>
    </workRoles>
  </workHistoryEntry>
  <workHistoryEntry startDate="1988">
    <workRoles>
      <workRole role="Award Winner"/>
    </workRoles>
  </workHistoryEntry>
  <workHistory/>
</biography>
