<?xml version="1.0" encoding="UTF-8"?>
<biography birthDate="1952" fullName="Chen Cheng" displayName="Chen Cheng" nonEnglishName="" sex="male" nationality="Han">
  <bioText>Chen Cheng, male, Han nationality, is a native of Lingao, Hainan province. He was born in 1952, joined the CPC in 1973, and graduated from the Party School of the CPC Central Committee with a major in economic management. Chen held leading posts in his native Hainan province, where he served as deputy secretary of the Haikou Municipal CPC Committee until 2003. He was elected vice-governor of the Hainan Provincial People's Government in 2004.</bioText>
  <posts>
    <post description="Vice-Governor of the Hainan Provincial People's Government"/>
  </posts>
  <birthLocations>
    <birthLocation location="Hainan Province"/>
    <birthLocation location="Lingao County"/>
  </birthLocations>
  <workHistoryEntry startDate="2004">
    <workRoles>
      <workRole role="Vice-Governor"/>
      <workRole institution="People's Government"/>
      <workRole location="Hainan Province"/>
    </workRoles>
  </workHistoryEntry>
  <workHistoryEntry startDate="2003" endDate="2004">
    <workRoles>
      <workRole role="Mayor"/>
      <workRole institution="People's Government"/>
      <workRole location="Hainan Province"/>
      <workRole location="Haikou City"/>
    </workRoles>
  </workHistoryEntry>
  <workHistoryEntry startDate="2003">
    <workRoles>
      <workRole role="Vice-Mayor"/>
      <workRole institution="People's Government"/>
      <workRole location="Hainan Province"/>
      <workRole location="Haikou City"/>
    </workRoles>
  </workHistoryEntry>
  <workHistoryEntry startDate="2003" endDate="2004">
    <workRoles>
      <workRole role="Deputy Secretary"/>
      <workRole institution="CPC"/>
      <workRole institution="City Committee"/>
      <workRole location="Hainan Province"/>
      <workRole location="Haikou City"/>
    </workRoles>
  </workHistoryEntry>
  <workHistoryEntry startDate="1998" endDate="2002">
    <workRoles>
      <workRole role="Deputy Secretary-General"/>
      <workRole institution="People's Government"/>
      <workRole location="Hainan Province"/>
    </workRoles>
  </workHistoryEntry>
  <workHistoryEntry startDate="1996" endDate="1998">
    <workRoles>
      <workRole role="Secretary"/>
      <workRole institution="Salt Affairs Office"/>
      <workRole institution="CPC"/>
      <workRole institution="Leading Party Group"/>
      <workRole location="Hainan Province"/>
    </workRoles>
  </workHistoryEntry>
  <workHistoryEntry startDate="1993" endDate="1996">
    <workRoles>
      <workRole role="General Manager"/>
      <workRole institution="Salt Affairs Office"/>
      <workRole location="Hainan Province"/>
      <workRole location="Lingao County"/>
    </workRoles>
  </workHistoryEntry>
  <workHistoryEntry startDate="1991" endDate="1993">
    <workRoles>
      <workRole role="Deputy Director"/>
      <workRole institution="Salt Affairs Office"/>
      <workRole location="Hainan Province"/>
    </workRoles>
  </workHistoryEntry>
  <workHistoryEntry startDate="1991">
    <workRoles>
      <workRole role="Graduate"/>
      <workRole institution="CPC"/>
      <workRole institution="Central Committee"/>
      <workRole institution="Central Party School"/>
    </workRoles>
  </workHistoryEntry>
  <workHistoryEntry startDate="1988" endDate="1991">
    <workRoles>
      <workRole role="Vice-President"/>
      <workRole institution="No. 2 Light Industry Bureau"/>
      <workRole location="Hainan Province"/>
      <workRole location="Haikou City"/>
    </workRoles>
  </workHistoryEntry>
  <workHistoryEntry startDate="1987" endDate="1988">
    <workRoles>
      <workRole role="Deputy Director"/>
      <workRole institution="Structural Reform Office"/>
      <workRole location="Hainan Province"/>
      <workRole location="Haikou City"/>
    </workRoles>
  </workHistoryEntry>
  <workHistoryEntry startDate="1984" endDate="1987">
    <workRoles>
      <workRole role="Deputy Director"/>
      <workRole institution="No. 2 Light Industry Bureau"/>
      <workRole location="Hainan Province"/>
      <workRole location="Haikou City"/>
    </workRoles>
  </workHistoryEntry>
  <workHistoryEntry startDate="1977" endDate="1984">
    <workRoles>
      <workRole role="Assistant Engineer"/>
      <workRole institution="Hainan Industrial Research Institute"/>
      <workRole location="Hainan Province"/>
      <workRole location="Lingao County"/>
    </workRoles>
  </workHistoryEntry>
  <workHistoryEntry startDate="1977" endDate="1984">
    <workRoles>
      <workRole role="Technician"/>
      <workRole institution="Hainan Industrial Research Institute"/>
      <workRole location="Hainan Province"/>
    </workRoles>
  </workHistoryEntry>
  <workHistoryEntry startDate="1974" endDate="1977">
    <workRoles>
      <workRole role="(Student, South China Technical College)"/>
    </workRoles>
  </workHistoryEntry>
  <workHistoryEntry startDate="1973">
    <workRoles>
      <workRole role="Joined"/>
      <workRole institution="CPC"/>
    </workRoles>
  </workHistoryEntry>
  <workHistoryEntry startDate="1972" endDate="1974">
    <workRoles>
      <workRole role="Hainan Province, Lingao County (Branch Secretary, Xinxing Farm)"/>
    </workRoles>
  </workHistoryEntry>
  <workHistory/>
</biography>
