<?xml version="1.0" encoding="UTF-8"?>
<biography birthDate="1948" fullName="Chen Xiaoguang" displayName="Chen Xiaoguang" nonEnglishName="" sex="male" nationality="Han">
  <bioText>Chen Xiaoguang, male, Han nationality, is a native of Jingxian County, Hebei province. He was born in 1948, joined the CPC in 1986, and graduated from university. Chen has served as editor of the China Art Journal and as a member of the Leading Party Group of the China Federation of Literary and Art Circles. Chen Xiaoguang is vice-minister of the Ministry of Culture, and member of its Leading Party Group. Chen was a member of the 8th and 9th CPPCC National Committees.</bioText>
  <posts>
    <post description="Vice-Minister of the Ministry of Culture, Member of Leading Party Group of the Ministry of Culture"/>
  </posts>
  <birthLocations>
    <birthLocation location="Hebei Province"/>
    <birthLocation location="Jingxian County"/>
  </birthLocations>
  <workHistoryEntry startDate="1998" endDate="2003">
    <workRoles>
      <workRole role="Member"/>
      <workRole institution="9th CPPCC"/>
      <workRole institution="National Committee"/>
    </workRoles>
  </workHistoryEntry>
  <workHistoryEntry startDate="1993" endDate="1998">
    <workRoles>
      <workRole role="Member"/>
      <workRole institution="8th CPPCC"/>
      <workRole institution="National Committee"/>
    </workRoles>
  </workHistoryEntry>
  <workHistoryEntry startDate="">
    <workRoles>
      <workRole role="Member"/>
      <workRole institution="Ministry of Culture"/>
      <workRole institution="CPC"/>
      <workRole institution="Leading Party Group"/>
    </workRoles>
  </workHistoryEntry>
  <workHistoryEntry startDate="">
    <workRoles>
      <workRole role="Vice-Minister"/>
      <workRole institution="Ministry of Culture"/>
    </workRoles>
  </workHistoryEntry>
  <workHistoryEntry startDate="">
    <workRoles>
      <workRole role="Vice-President"/>
      <workRole institution="China Federation of Literary and Art Circles (CFLAC)"/>
    </workRoles>
  </workHistoryEntry>
  <workHistoryEntry startDate="">
    <workRoles>
      <workRole role="Member"/>
      <workRole institution="China Federation of Literary and Art Circles (CFLAC)"/>
      <workRole institution="Secretariat"/>
    </workRoles>
  </workHistoryEntry>
  <workHistoryEntry startDate="">
    <workRoles>
      <workRole role="Secretary"/>
      <workRole institution="Chinese Musician's Association"/>
      <workRole institution="CPC"/>
      <workRole institution="Leading Party Group"/>
    </workRoles>
  </workHistoryEntry>
  <workHistoryEntry startDate="">
    <workRoles>
      <workRole role="Editor-in-Chief"/>
      <workRole institution="China Arts Journal"/>
    </workRoles>
  </workHistoryEntry>
  <workHistoryEntry startDate="">
    <workRoles>
      <workRole role="Editor-in-Chief"/>
      <workRole institution="Chinese Musician's Association"/>
      <workRole institution="Ci Journal"/>
    </workRoles>
  </workHistoryEntry>
  <workHistoryEntry startDate="">
    <workRoles>
      <workRole role="Deputy Editor-in-Chief"/>
      <workRole institution="Chinese Musician's Association"/>
      <workRole institution="Ci Journal"/>
    </workRoles>
  </workHistoryEntry>
  <workHistoryEntry startDate="1986">
    <workRoles>
      <workRole role="Joined"/>
      <workRole institution="CPC"/>
    </workRoles>
  </workHistoryEntry>
  <workHistory/>
</biography>
