<?xml version="1.0" encoding="UTF-8"?>
<biography birthDate="1914" fullName="Chen Mingshao" displayName="Chen Mingshao" nonEnglishName="" sex="male" nationality="Han">
  <bioText>Chen Mingshao, male, Han nationality, is a native of Dabu, Guangdong Province and a civil engineering graduate of Qinghua University. He was born in 1914. From 1944 to 1953 he was a professor at four different institutions, after which he became deputy director, then chief engineer at the Beijing Sanitation Projects Bureau. Chen's civil engineering career continued at the Beijing Municipal Works Designing Institute and the city's Urban Construction Planning Committee. After a tour as professor at the Beijing Civil Engineering Institute, he became vice-president and then president of Beijing Polytechnical University in 1961. From 1978 on Chen was active in the Jiusan (September 3) Society, one of China's eight non-communist parties, the CPPCC, and the Beijing People's Congress. He was a member of the standing committee of the 5th through the 8th CPPCC Central Committees and vice-chairman of the standing committee of the 8th and 9th Beijing People's Congress. His various positions in the Jiusan Society culminated in his being named honorary vice-chairman of its 10th standing committee.</bioText>
  <posts>
    <post description="Professor, Honorary Vice-Chairman of the 10th Standing Committee of the Jiusan (September 3) Society"/>
  </posts>
  <birthLocations>
    <birthLocation location="Guangdong Province"/>
    <birthLocation location="Dabu"/>
  </birthLocations>
  <workHistoryEntry startDate="">
    <workRoles>
      <workRole role="(&quot;Principles of Earth Dam Designing&quot; and &quot;Theory of Dust Removal Techniques&quot;)"/>
    </workRoles>
  </workHistoryEntry>
  <workHistoryEntry startDate="">
    <workRoles>
      <workRole role="Vice-Chairman"/>
      <workRole institution="Municipal People's Congress"/>
      <workRole location="Beijing Municipality"/>
    </workRoles>
  </workHistoryEntry>
  <workHistoryEntry startDate="1997" endDate="????">
    <workRoles>
      <workRole role="Honorary Vice-Chairman"/>
      <workRole institution="10th Jiusan Society"/>
      <workRole institution="Central Committee"/>
      <workRole institution="Standing Committee"/>
    </workRoles>
  </workHistoryEntry>
  <workHistoryEntry startDate="1993" endDate="1998">
    <workRoles>
      <workRole role="Member"/>
      <workRole institution="8th CPPCC"/>
      <workRole institution="National Committee"/>
      <workRole institution="Standing Committee"/>
    </workRoles>
  </workHistoryEntry>
  <workHistoryEntry startDate="">
    <workRoles>
      <workRole role="Vice-Chairman"/>
      <workRole institution="9th Jiusan Society"/>
      <workRole institution="Central Committee"/>
    </workRoles>
  </workHistoryEntry>
  <workHistoryEntry startDate="1988" endDate="1993">
    <workRoles>
      <workRole role="Member"/>
      <workRole institution="7th CPPCC"/>
      <workRole institution="National Committee"/>
      <workRole institution="Standing Committee"/>
    </workRoles>
  </workHistoryEntry>
  <workHistoryEntry startDate="">
    <workRoles>
      <workRole role="Vice-Chairman"/>
      <workRole institution="8th Jiusan Society"/>
      <workRole institution="Central Committee"/>
    </workRoles>
  </workHistoryEntry>
  <workHistoryEntry startDate="1983" endDate="1988">
    <workRoles>
      <workRole role="Member"/>
      <workRole institution="6th CPPCC"/>
      <workRole institution="National Committee"/>
      <workRole institution="Standing Committee"/>
    </workRoles>
  </workHistoryEntry>
  <workHistoryEntry startDate="1983" endDate="????">
    <workRoles>
      <workRole role="Chairman"/>
      <workRole institution="Jiusan Society"/>
      <workRole institution="Municipal Committee"/>
      <workRole location="Beijing Municipality"/>
    </workRoles>
  </workHistoryEntry>
  <workHistoryEntry startDate="">
    <workRoles>
      <workRole role="Member"/>
      <workRole institution="Jiusan Society"/>
      <workRole institution="Central Committee"/>
      <workRole institution="Standing Committee"/>
    </workRoles>
  </workHistoryEntry>
  <workHistoryEntry startDate="1978" endDate="1983">
    <workRoles>
      <workRole role="Member"/>
      <workRole institution="5th CPPCC"/>
      <workRole institution="National Committee"/>
      <workRole institution="Standing Committee"/>
    </workRoles>
  </workHistoryEntry>
  <workHistoryEntry startDate="1961" endDate="????">
    <workRoles>
      <workRole role="President"/>
      <workRole institution="Beijing Polytechnical University"/>
      <workRole location="Beijing Municipality"/>
    </workRoles>
  </workHistoryEntry>
  <workHistoryEntry startDate="1959" endDate="1961">
    <workRoles>
      <workRole role="Professor"/>
      <workRole institution="Beijing Civil Engineering Institute"/>
      <workRole location="Beijing Municipality"/>
    </workRoles>
  </workHistoryEntry>
  <workHistoryEntry startDate="1956" endDate="1958">
    <workRoles>
      <workRole role="Deputy Director"/>
      <workRole institution="Urban Construction Planning Committee"/>
      <workRole location="Beijing Municipality"/>
    </workRoles>
  </workHistoryEntry>
  <workHistoryEntry startDate="">
    <workRoles>
      <workRole role="Chief Engineer"/>
      <workRole institution="Beijing Municipal Works Designing Institute"/>
      <workRole location="Beijing Municipality"/>
    </workRoles>
  </workHistoryEntry>
  <workHistoryEntry startDate="">
    <workRoles>
      <workRole role="Chief Engineer"/>
      <workRole institution="Sanitation Projects Bureau"/>
      <workRole location="Beijing Municipality"/>
    </workRoles>
  </workHistoryEntry>
  <workHistoryEntry startDate="1953" endDate="????">
    <workRoles>
      <workRole role="Acting Director"/>
      <workRole institution="Beijing Municipal Works Designing Institute"/>
      <workRole location="Beijing Municipality"/>
    </workRoles>
  </workHistoryEntry>
  <workHistoryEntry startDate="1953" endDate="????">
    <workRoles>
      <workRole role="Deputy Director"/>
      <workRole institution="Sanitation Projects Bureau"/>
      <workRole location="Beijing Municipality"/>
    </workRoles>
  </workHistoryEntry>
  <workHistoryEntry startDate="">
    <workRoles>
      <workRole role="Professor"/>
      <workRole institution="Beijing University"/>
      <workRole institution="Engineering Department"/>
      <workRole location="Beijing Municipality"/>
    </workRoles>
  </workHistoryEntry>
  <workHistoryEntry startDate="">
    <workRoles>
      <workRole role="Professor"/>
      <workRole institution="Chongqing University"/>
      <workRole location="Chongqing Municipality"/>
    </workRoles>
  </workHistoryEntry>
  <workHistoryEntry startDate="1944" endDate="????">
    <workRoles>
      <workRole role="Professor"/>
      <workRole institution="Northeast China University"/>
      <workRole location="Jilin Province"/>
    </workRoles>
  </workHistoryEntry>
  <workHistoryEntry startDate="1936">
    <workRoles>
      <workRole role="Graduate"/>
      <workRole institution="Tsinghua University"/>
      <workRole institution="Civil Engineering Department"/>
      <workRole location="Beijing Municipality"/>
    </workRoles>
  </workHistoryEntry>
  <workHistory/>
</biography>
