<?xml version="1.0" encoding="UTF-8"?>
<biography birthDate="Jiangsu Province, Tongzhou City" fullName="Chen Da" displayName="Chen Da" nonEnglishName="" sex="male" nationality="Han">
  <bioText>Chen Da, male, Han nationality, is a native of Tongzhou, Jiangsu Province. He graduated from Tsinghua University in 1963. Chen Da has long been engaged in nuclear science and technology research work. He has studied the segregating law of various nuclides and their associations in specific conditions. Chen solved the complicated problems of testing techniques of fission burn up. He also studied the time-based changing law of some nuclear materials after deep burn up, and based on the quick radiation chemical separation technique, he created a diagnostic technique called "Growth Method". Chen invented the radiation chemical method of diagnosing neutron dose in extreme conditions. Chen led, and completed, construction of a uranium-hydrogen-zirconium pulse reactor. Chen Da is an expert on nuclear science and technology and is an academician of the Chinese Academy of Sciences.</bioText>
  <posts>
    <post description="Expert on Nuclear Science and Technology"/>
  </posts>
  <birthLocations/>
  <workHistoryEntry startDate="2001">
    <workRoles>
      <workRole role="Academician"/>
      <workRole institution="Chinese Academy of Sciences"/>
    </workRoles>
  </workHistoryEntry>
  <workHistoryEntry startDate="1963">
    <workRoles>
      <workRole role="Graduate"/>
      <workRole institution="Tsinghua University"/>
      <workRole institution="Engineering Physics Department"/>
      <workRole location="Beijing Municipality"/>
    </workRoles>
  </workHistoryEntry>
  <workHistory/>
</biography>
