<?xml version="1.0" encoding="UTF-8"?>
<biography birthDate="1957" fullName="Chen Zuoning" displayName="Chen Zuoning" nonEnglishName="" sex="female" nationality="Han">
  <bioText>Chen Zuoning, female, Han nationality, is a native of Beijing Municipality. She was born in 1957, joined the PLA in 1976 and graduated from Zhejiang University in 1999 with a Master Degree in Computer Applied Technology. She is General Engineer of 56th Institute of Headquarters of the General Staff of PLA and of National Research Center of Parallel Computer Engineering &amp; Technology. She is currently an Alternate Member of 17th CPC Central Committee.</bioText>
  <posts>
    <post description="Alternate Member, 17th CPC, Central Committee"/>
  </posts>
  <birthLocations>
    <birthLocation location="Beijing Municipality"/>
  </birthLocations>
  <workHistoryEntry startDate="2007">
    <workRoles>
      <workRole role="Alternate Member"/>
      <workRole institution="17th CPC"/>
      <workRole institution="Central Committee"/>
    </workRoles>
  </workHistoryEntry>
  <workHistoryEntry startDate="">
    <workRoles>
      <workRole role="General Engineer"/>
      <workRole institution="PLA"/>
      <workRole institution="Headquarters of the General Staff"/>
      <workRole institution="56th Institute"/>
    </workRoles>
  </workHistoryEntry>
  <workHistoryEntry startDate="">
    <workRoles>
      <workRole role="General Engineer"/>
      <workRole institution="National Research Center of Parallel Computer Engineering and Technology"/>
    </workRoles>
  </workHistoryEntry>
  <workHistoryEntry startDate="2001">
    <workRoles>
      <workRole role="Research Fellow"/>
      <workRole institution="Chinese Academy of Engineering"/>
    </workRoles>
  </workHistoryEntry>
  <workHistory/>
</biography>
