<?xml version="1.0" encoding="UTF-8"?>
<biography birthDate="1920" fullName="Chen Shilu" displayName="Chen Shilu" nonEnglishName="" sex="male" nationality="Han">
  <bioText>Chen Shilu, male, Han nationality, is a native of Dongyang City, Zhejiang province. He was born in 1920,and received a doctorate from the Moscow Aeronautical Institute in 1958. He became a member of the Chinese Academy of Engineering in 1997, and he is currently a professor at Northwestern Polytechnical University. Chen Shilu is a flight mechanics specialist. He was elected foreign academician of the Russian Academy of Astronautics in 1994, and associate fellow in 1996. He has served as a doctoral tutor and published 150 papers. He served as editor-in-chief for Modern Vehicle Flight Dynamics in 1987. He has engaged in the research of flight dynamics and control of elastic vehicles.</bioText>
  <posts>
    <post description="Member of the Chinese Academy of Engineering"/>
  </posts>
  <birthLocations>
    <birthLocation location="Zhejiang Province"/>
    <birthLocation location="Dongyang City"/>
  </birthLocations>
  <workHistoryEntry startDate="1997">
    <workRoles>
      <workRole role="Member"/>
      <workRole institution="Chinese Academy of Engineering"/>
    </workRoles>
  </workHistoryEntry>
  <workHistoryEntry startDate="1988" endDate="1996">
    <workRoles>
      <workRole role="Honorary Dean"/>
      <workRole institution="Northwestern Polytechnical University"/>
      <workRole institution="Aeronautics Department"/>
      <workRole location="Shaanxi Province"/>
      <workRole location="Xi'an City"/>
    </workRoles>
  </workHistoryEntry>
  <workHistoryEntry startDate="1985" endDate="1991">
    <workRoles>
      <workRole role="Chairman"/>
      <workRole institution="State Academic Degrees Committee"/>
      <workRole institution="Aeronautics Appraisal Group"/>
    </workRoles>
  </workHistoryEntry>
  <workHistoryEntry startDate="1964" endDate="1988">
    <workRoles>
      <workRole role="Director"/>
      <workRole institution="China Society of Aeronautics and Astronautics"/>
    </workRoles>
  </workHistoryEntry>
  <workHistoryEntry startDate="1959" endDate="1987">
    <workRoles>
      <workRole role="Dean"/>
      <workRole institution="Northwestern Polytechnical University"/>
      <workRole institution="Aeronautics Department"/>
      <workRole location="Shaanxi Province"/>
      <workRole location="Xi'an City"/>
    </workRoles>
  </workHistoryEntry>
  <workHistory/>
</biography>
