<?xml version="1.0" encoding="UTF-8"?>
<biography birthDate="Fujian Province, Fuzhou City" fullName="Chen Xiurong" displayName="Chen Xiurong" nonEnglishName="" sex="female" nationality="Han">
  <bioText>Chen Xiurong, female, Han nationality, is a native of Fuzhou, Fujian province. She joined the CPC in 1971, and graduated from the Correspondence Institute of the Party school. She held leading posts in the CYLC and the Women's United Committee, where she became deputy secretary of the Party group in 1984, and served until 1994. She is a member of the standing committee of the Guangxi Zhuang Autonomous Regional People's Congress.</bioText>
  <posts>
    <post description="Member of the Standing Committee of the Guangxi Zhuang Autonomous Regional People's Congress"/>
  </posts>
  <birthLocations/>
  <workHistoryEntry startDate="2003">
    <workRoles>
      <workRole role="Member"/>
      <workRole institution="10th Standing Committee of the NPC"/>
    </workRoles>
  </workHistoryEntry>
  <workHistoryEntry startDate="2001">
    <workRoles>
      <workRole role="Member"/>
      <workRole institution="Autonomous Regional People's Congress"/>
      <workRole institution="Standing Committee"/>
      <workRole location="Guangxi Zhuang Autonomous Region"/>
    </workRoles>
  </workHistoryEntry>
  <workHistoryEntry startDate="2001" endDate="????">
    <workRoles>
      <workRole role="Director"/>
      <workRole institution="CPC"/>
      <workRole institution="Autonomous Regional Committee"/>
      <workRole institution="Organization Department"/>
      <workRole location="Guangxi Zhuang Autonomous Region"/>
    </workRoles>
  </workHistoryEntry>
  <workHistoryEntry startDate="1998" endDate="2001">
    <workRoles>
      <workRole role="Member"/>
      <workRole institution="CPC"/>
      <workRole institution="Autonomous Regional Committee"/>
      <workRole institution="Standing Committee"/>
      <workRole location="Guangxi Zhuang Autonomous Region"/>
    </workRoles>
  </workHistoryEntry>
  <workHistoryEntry startDate="1998" endDate="2001">
    <workRoles>
      <workRole role="Deputy Director"/>
      <workRole institution="CPC"/>
      <workRole institution="Provincial Committee"/>
      <workRole institution="Organization Department"/>
      <workRole location="Fujian Province"/>
    </workRoles>
  </workHistoryEntry>
  <workHistoryEntry startDate="1997" endDate="1998">
    <workRoles>
      <workRole role="Director"/>
      <workRole institution="CPC"/>
      <workRole institution="City Committee"/>
      <workRole institution="Organization Department"/>
      <workRole location="Fujian Province"/>
      <workRole location="Longyan City"/>
    </workRoles>
  </workHistoryEntry>
  <workHistoryEntry startDate="1996" endDate="1998">
    <workRoles>
      <workRole role="Graduate Student"/>
      <workRole institution="Chinese Academy of Sciences"/>
      <workRole institution="Correspondence Graduate School"/>
    </workRoles>
  </workHistoryEntry>
  <workHistoryEntry startDate="1996" endDate="1998">
    <workRoles>
      <workRole role="Deputy Secretary"/>
      <workRole institution="CPC"/>
      <workRole institution="City Committee"/>
      <workRole location="Fujian Province"/>
      <workRole location="Longyan City"/>
    </workRoles>
  </workHistoryEntry>
  <workHistoryEntry startDate="1994" endDate="1996">
    <workRoles>
      <workRole role="President"/>
      <workRole institution="CPC"/>
      <workRole institution="Provincial Committee"/>
      <workRole institution="Women's United Committee"/>
      <workRole location="Fujian Province"/>
    </workRoles>
  </workHistoryEntry>
  <workHistoryEntry startDate="1994" endDate="1996">
    <workRoles>
      <workRole role="Secretary"/>
      <workRole institution="CPC"/>
      <workRole institution="Provincial Committee"/>
      <workRole institution="Women's United Committee"/>
      <workRole location="Fujian Province"/>
    </workRoles>
  </workHistoryEntry>
  <workHistoryEntry startDate="1993" endDate="1995">
    <workRoles>
      <workRole role="Student"/>
      <workRole institution="CPC"/>
      <workRole institution="Central Committee"/>
      <workRole institution="Central Party School"/>
      <workRole institution="Correspondence Department"/>
    </workRoles>
  </workHistoryEntry>
  <workHistoryEntry startDate="1984" endDate="1994">
    <workRoles>
      <workRole role="Deputy Director"/>
      <workRole institution="CPC"/>
      <workRole institution="Provincial Committee"/>
      <workRole institution="Women's United Committee"/>
      <workRole location="Fujian Province"/>
    </workRoles>
  </workHistoryEntry>
  <workHistoryEntry startDate="1984" endDate="1994">
    <workRoles>
      <workRole role="Deputy Secretary"/>
      <workRole institution="CPC"/>
      <workRole institution="Provincial Committee"/>
      <workRole institution="Women's United Committee"/>
      <workRole location="Fujian Province"/>
    </workRoles>
  </workHistoryEntry>
  <workHistoryEntry startDate="1984" endDate="1994">
    <workRoles>
      <workRole role="Member"/>
      <workRole institution="CPC"/>
      <workRole institution="Provincial Committee"/>
      <workRole institution="Women's United Committee"/>
      <workRole location="Fujian Province"/>
    </workRoles>
  </workHistoryEntry>
  <workHistoryEntry startDate="1983" endDate="1984">
    <workRoles>
      <workRole role="Vice-President"/>
      <workRole institution="CPC"/>
      <workRole institution="Provincial Committee"/>
      <workRole institution="Youth United Committee"/>
      <workRole location="Fujian Province"/>
    </workRoles>
  </workHistoryEntry>
  <workHistoryEntry startDate="1983" endDate="1984">
    <workRoles>
      <workRole role="Deputy Secretary"/>
      <workRole institution="CYLC"/>
      <workRole institution="City-Level"/>
      <workRole location="Fujian Province"/>
      <workRole location="Fuzhou City"/>
    </workRoles>
  </workHistoryEntry>
  <workHistoryEntry startDate="1981" endDate="1983">
    <workRoles>
      <workRole role="Student"/>
      <workRole institution="CPC"/>
      <workRole institution="Provincial Committee"/>
      <workRole institution="Party School"/>
      <workRole institution="Youth Cadre Training Class"/>
      <workRole location="Fujian Province"/>
    </workRoles>
  </workHistoryEntry>
  <workHistoryEntry startDate="1978" endDate="1983">
    <workRoles>
      <workRole role="Director"/>
      <workRole institution="CYLC"/>
      <workRole institution="City-Level"/>
      <workRole institution="Youth Work Department"/>
      <workRole location="Fujian Province"/>
      <workRole location="Fuzhou City"/>
    </workRoles>
  </workHistoryEntry>
  <workHistoryEntry startDate="1975" endDate="1978">
    <workRoles>
      <workRole role="Secretary"/>
      <workRole institution="Fuzhou No.1 Lacquerware Factory"/>
      <workRole institution="CPC"/>
      <workRole institution="Party Branch"/>
      <workRole location="Fujian Province"/>
      <workRole location="Fuzhou City"/>
    </workRoles>
  </workHistoryEntry>
  <workHistoryEntry startDate="1975" endDate="1978">
    <workRoles>
      <workRole role="Deputy Secretary"/>
      <workRole institution="Fuzhou No.1 Lacquerware Factory"/>
      <workRole institution="CPC"/>
      <workRole institution="Party Committee"/>
      <workRole location="Fujian Province"/>
      <workRole location="Fuzhou City"/>
    </workRoles>
  </workHistoryEntry>
  <workHistoryEntry startDate="1973">
    <workRoles>
      <workRole role="Cadre"/>
      <workRole institution="Fuzhou No.1 Lacquerware Factory"/>
      <workRole location="Fujian Province"/>
      <workRole location="Fuzhou City"/>
    </workRoles>
  </workHistoryEntry>
  <workHistoryEntry startDate="1971" endDate="1975">
    <workRoles>
      <workRole role="Deputy Secretary"/>
      <workRole institution="Fuzhou No.1 Lacquerware Factory"/>
      <workRole institution="CYLC"/>
      <workRole institution="Institutional Level"/>
      <workRole location="Fujian Province"/>
      <workRole location="Fuzhou City"/>
    </workRoles>
  </workHistoryEntry>
  <workHistoryEntry startDate="1971" endDate="1975">
    <workRoles>
      <workRole role="Worker"/>
      <workRole institution="Fuzhou No.1 Lacquerware Factory"/>
      <workRole location="Fujian Province"/>
      <workRole location="Fuzhou City"/>
    </workRoles>
  </workHistoryEntry>
  <workHistoryEntry startDate="1971">
    <workRoles>
      <workRole role="Joined"/>
      <workRole institution="CPC"/>
    </workRoles>
  </workHistoryEntry>
  <workHistory/>
</biography>
