<?xml version="1.0" encoding="UTF-8"?>
<biography birthDate="1934" fullName="Chen Yiqun" displayName="Chen Yiqun" nonEnglishName="" sex="male" nationality="Han">
  <bioText>Chen Yiqun, male, Han nationality, is a native of Hangzhou, Zhejiang Province. He was born in 1934, and joined the China Association for Promoting Democracy in 1956. Chen Yiqun served as member of the 7th and 8th CPPCC National Committees.</bioText>
  <posts>
    <post description="Deputy Secretary General of the 9th CPPCC National Committee, Secretary General of the 10th Central Committee of the China Association for Promoting Democracy"/>
  </posts>
  <birthLocations>
    <birthLocation location="Zhejiang Province"/>
    <birthLocation location="Hangzhou City"/>
  </birthLocations>
  <workHistoryEntry startDate="2002">
    <workRoles>
      <workRole role="Secretary-General"/>
      <workRole institution="9th China Association for Promoting Democracy"/>
      <workRole institution="Central Committee"/>
    </workRoles>
  </workHistoryEntry>
  <workHistoryEntry startDate="1998" endDate="2003">
    <workRoles>
      <workRole role="Member"/>
      <workRole institution="9th CPPCC"/>
      <workRole institution="National Committee"/>
      <workRole institution="Standing Committee"/>
    </workRoles>
  </workHistoryEntry>
  <workHistoryEntry startDate="1998" endDate="2003">
    <workRoles>
      <workRole role="Deputy Secretary-General"/>
      <workRole institution="9th CPPCC"/>
      <workRole institution="National Committee"/>
    </workRoles>
  </workHistoryEntry>
  <workHistoryEntry startDate="1997" endDate="2002">
    <workRoles>
      <workRole role="Member"/>
      <workRole institution="8th China Association for Promoting Democracy"/>
      <workRole institution="Central Committee"/>
    </workRoles>
  </workHistoryEntry>
  <workHistoryEntry startDate="1993" endDate="1998">
    <workRoles>
      <workRole role="Member"/>
      <workRole institution="8th CPPCC"/>
      <workRole institution="National Committee"/>
    </workRoles>
  </workHistoryEntry>
  <workHistoryEntry startDate="1993" endDate="1998">
    <workRoles>
      <workRole role="Vice-Chairman"/>
      <workRole institution="CPPCC"/>
      <workRole institution="Subcommittee of Education, Science, Culture, Health and Sports"/>
    </workRoles>
  </workHistoryEntry>
  <workHistoryEntry startDate="1993" endDate="1998">
    <workRoles>
      <workRole role="Deputy Secretary-General"/>
      <workRole institution="8th CPPCC"/>
      <workRole institution="National Committee"/>
    </workRoles>
  </workHistoryEntry>
  <workHistoryEntry startDate="">
    <workRoles>
      <workRole role="Member"/>
      <workRole institution="7th China Association for Promoting Democracy"/>
      <workRole institution="Central Committee"/>
    </workRoles>
  </workHistoryEntry>
  <workHistoryEntry startDate="1988" endDate="1993">
    <workRoles>
      <workRole role="Member"/>
      <workRole institution="7th CPPCC"/>
      <workRole institution="National Committee"/>
    </workRoles>
  </workHistoryEntry>
  <workHistoryEntry startDate="">
    <workRoles>
      <workRole role="Member"/>
      <workRole institution="9th China Association for Promoting Democracy"/>
      <workRole institution="Central Committee"/>
      <workRole institution="Standing Committee"/>
    </workRoles>
  </workHistoryEntry>
  <workHistoryEntry startDate="">
    <workRoles>
      <workRole role="Director"/>
      <workRole institution="China Association for Promoting Democracy"/>
      <workRole institution="Central Committee"/>
      <workRole institution="General Office"/>
    </workRoles>
  </workHistoryEntry>
  <workHistoryEntry startDate="">
    <workRoles>
      <workRole role="Secretary-General"/>
      <workRole institution="China Association for Promoting Democracy"/>
      <workRole institution="Central Committee"/>
      <workRole institution="General Office"/>
    </workRoles>
  </workHistoryEntry>
  <workHistoryEntry startDate="">
    <workRoles>
      <workRole role="Deputy Secretary-General"/>
      <workRole institution="China Association for Promoting Democracy"/>
      <workRole institution="Central Committee"/>
      <workRole institution="General Office"/>
    </workRoles>
  </workHistoryEntry>
  <workHistoryEntry startDate="">
    <workRoles>
      <workRole role="Member"/>
      <workRole institution="China Association for Promoting Democracy"/>
      <workRole institution="Provincial Committee"/>
      <workRole institution="Standing Committee"/>
      <workRole location="Zhejiang Province"/>
    </workRoles>
  </workHistoryEntry>
  <workHistoryEntry startDate="">
    <workRoles>
      <workRole role="Secretary-General"/>
      <workRole institution="China Association for Promoting Democracy"/>
      <workRole institution="City Committee"/>
      <workRole institution="Education and Publicity Department"/>
      <workRole location="Zhejiang Province"/>
      <workRole location="Hangzhou City"/>
    </workRoles>
  </workHistoryEntry>
  <workHistoryEntry startDate="">
    <workRoles>
      <workRole role="Deputy Secretary-General"/>
      <workRole institution="China Association for Promoting Democracy"/>
      <workRole institution="City Committee"/>
      <workRole institution="Education and Publicity Department"/>
      <workRole location="Zhejiang Province"/>
      <workRole location="Hangzhou City"/>
    </workRoles>
  </workHistoryEntry>
  <workHistoryEntry startDate="">
    <workRoles>
      <workRole role="Director"/>
      <workRole institution="China Association for Promoting Democracy"/>
      <workRole institution="City Committee"/>
      <workRole institution="Education and Publicity Department"/>
      <workRole location="Zhejiang Province"/>
      <workRole location="Hangzhou City"/>
    </workRoles>
  </workHistoryEntry>
  <workHistoryEntry startDate="">
    <workRoles>
      <workRole role="Section Chief"/>
      <workRole institution="Hangzhou Municipal Federation of Industry and Commerce"/>
      <workRole location="Zhejiang Province"/>
      <workRole location="Hangzhou City"/>
    </workRoles>
  </workHistoryEntry>
  <workHistoryEntry startDate="">
    <workRoles>
      <workRole role="Deputy Section Chief"/>
      <workRole institution="Hangzhou Municipal Federation of Industry and Commerce"/>
      <workRole location="Zhejiang Province"/>
      <workRole location="Hangzhou City"/>
    </workRoles>
  </workHistoryEntry>
  <workHistoryEntry startDate="">
    <workRoles>
      <workRole role="Clerk"/>
      <workRole institution="Hangzhou Municipal Federation of Industry and Commerce"/>
      <workRole location="Zhejiang Province"/>
      <workRole location="Hangzhou City"/>
    </workRoles>
  </workHistoryEntry>
  <workHistoryEntry startDate="1956">
    <workRoles>
      <workRole role="Joined"/>
      <workRole institution="China Association for Promoting Democracy (CAPD)"/>
    </workRoles>
  </workHistoryEntry>
  <workHistory/>
</biography>
