<?xml version="1.0" encoding="UTF-8"?>
<biography birthDate="1946" fullName="Chen Jinyu" displayName="Chen Jinyu" nonEnglishName="" sex="male" nationality="Han Nationality">
  <bioText>Chen Jinyu, male, Han Nationality, was born in 1946 and is a native of Cangnan of Zhejiang Province. He graduated from the Philosophy Department of Beijing University. He is Director of Counsellor's Office of the State Council.</bioText>
  <posts>
    <post description="Director of the Counsellor's Office of the State Council"/>
  </posts>
  <birthLocations>
    <birthLocation location="Zhejiang Province"/>
    <birthLocation location="Cangnan"/>
  </birthLocations>
  <workHistoryEntry startDate="2008">
    <workRoles>
      <workRole role="Director"/>
      <workRole institution="Counselors' Office of the State Council"/>
    </workRoles>
  </workHistoryEntry>
  <workHistoryEntry startDate="2008">
    <workRoles>
      <workRole role="Member"/>
      <workRole institution="11th CPPCC"/>
      <workRole institution="National Committee"/>
      <workRole institution="Standing Committee"/>
    </workRoles>
  </workHistoryEntry>
  <workHistoryEntry startDate="2007" endDate="2008">
    <workRoles>
      <workRole role="Member"/>
      <workRole institution="State Steering Group of Science, Technology and Education"/>
    </workRoles>
  </workHistoryEntry>
  <workHistoryEntry startDate="2003" endDate="2007">
    <workRoles>
      <workRole role="Deputy Secretary-General"/>
      <workRole institution="State Council"/>
    </workRoles>
  </workHistoryEntry>
  <workHistoryEntry startDate="2003" endDate="2007">
    <workRoles>
      <workRole role="Director"/>
      <workRole institution="State Steering Group of Science, Technology and Education"/>
      <workRole institution="General Office"/>
    </workRoles>
  </workHistoryEntry>
  <workHistoryEntry startDate="2003" endDate="2003">
    <workRoles>
      <workRole role="Executive Vice-Chairman"/>
      <workRole institution="Autonomous Region People's Government"/>
      <workRole location="Ningxia Hui Autonomous Region"/>
    </workRoles>
  </workHistoryEntry>
  <workHistoryEntry startDate="2003" endDate="2003">
    <workRoles>
      <workRole role="Member"/>
      <workRole institution="CPC"/>
      <workRole institution="Autonomous Regional Committee"/>
      <workRole institution="Standing Committee"/>
      <workRole location="Ningxia Hui Autonomous Region"/>
    </workRoles>
  </workHistoryEntry>
  <workHistoryEntry startDate="2002" endDate="2003">
    <workRoles>
      <workRole role="Vice-Chairman"/>
      <workRole institution="Autonomous Region People's Government"/>
      <workRole location="Ningxia Hui Autonomous Region"/>
    </workRoles>
  </workHistoryEntry>
  <workHistoryEntry startDate="1998" endDate="2003">
    <workRoles>
      <workRole role="Member"/>
      <workRole institution="9th CPPCC"/>
      <workRole institution="National Committee"/>
    </workRoles>
  </workHistoryEntry>
  <workHistoryEntry startDate="1998" endDate="2003">
    <workRoles>
      <workRole role="Deputy Secretary-General"/>
      <workRole institution="9th CPPCC"/>
      <workRole institution="National Committee"/>
    </workRoles>
  </workHistoryEntry>
  <workHistoryEntry startDate="1993" endDate="1998">
    <workRoles>
      <workRole role="Member"/>
      <workRole institution="8th CPPCC"/>
      <workRole institution="National Committee"/>
    </workRoles>
  </workHistoryEntry>
  <workHistoryEntry startDate="1993" endDate="1998">
    <workRoles>
      <workRole role="Deputy Secretary-General"/>
      <workRole institution="8th CPPCC"/>
      <workRole institution="National Committee"/>
    </workRoles>
  </workHistoryEntry>
  <workHistoryEntry startDate="1987" endDate="1993">
    <workRoles>
      <workRole role="Deputy Director"/>
      <workRole institution="CPC"/>
      <workRole institution="Central Committee"/>
      <workRole institution="Research Office"/>
    </workRoles>
  </workHistoryEntry>
  <workHistoryEntry startDate="1978" endDate="1987">
    <workRoles>
      <workRole role="Assistant Researcher"/>
      <workRole institution="CPC"/>
      <workRole institution="Central Committee"/>
      <workRole institution="Research Office"/>
    </workRoles>
  </workHistoryEntry>
  <workHistory/>
</biography>
