<?xml version="1.0" encoding="UTF-8"?>
<biography birthDate="1931" fullName="Chen Zhenyu" displayName="Chen Zhenyu" nonEnglishName="" sex="male" nationality="Han">
  <bioText>Chen Zhenyu, male, Han nationality, is a native of Zhangpu, Fujian Province. He was born in 1931 and studied at Shandong University. Chen began his career working in mining and agriculture. He remained in Guangxi where he became active in the Guangxi Zhuang Autonomous Regional Academy of Sciences and subsequently became a research fellow at the Academy. In the late 1990s he was elected Chairman of the Revolutionary Committee of the Chinese Kuomintang Guangxi Zhuang Autonomous Regional Committee. Chen Zhenyu was a member of the 7th-9th Revolutionary Committee of the Chinese Kuomintang Central Committees, and a standing committee member of the 9th CPPCC National Committee.</bioText>
  <posts>
    <post description="Vice Chairman of the 8th CPPCC Guangxi Zhuang Autonomous Regional Committee, Chairman of the Guangxi Zhuang Autonomous Regional Committee of the Revolutionary Committee of the Chinese Kuomintang"/>
  </posts>
  <birthLocations>
    <birthLocation location="Fujian Province"/>
    <birthLocation location="Zhangpu"/>
  </birthLocations>
  <workHistoryEntry startDate="1998" endDate="2003">
    <workRoles>
      <workRole role="Member"/>
      <workRole institution="9th CPPCC"/>
      <workRole institution="National Committee"/>
      <workRole institution="Standing Committee"/>
    </workRoles>
  </workHistoryEntry>
  <workHistoryEntry startDate="1998">
    <workRoles>
      <workRole role="Vice-Chairman"/>
      <workRole institution="CPPCC"/>
      <workRole institution="Autonomous Regional Committee"/>
      <workRole location="Guangxi Zhuang Autonomous Region"/>
    </workRoles>
  </workHistoryEntry>
  <workHistoryEntry startDate="1997" endDate="2002">
    <workRoles>
      <workRole role="Member"/>
      <workRole institution="9th Revolutionary Committee of Chinese Kuomintang (RCCK)"/>
      <workRole institution="Central Committee"/>
    </workRoles>
  </workHistoryEntry>
  <workHistoryEntry startDate="1997">
    <workRoles>
      <workRole role="Chairman"/>
      <workRole institution="Revolutionary Committee of Chinese Kuomintang (RCCK)"/>
      <workRole institution="Autonomous Regional Committee"/>
      <workRole location="Guangxi Zhuang Autonomous Region"/>
    </workRoles>
  </workHistoryEntry>
  <workHistoryEntry startDate="">
    <workRoles>
      <workRole role="Member"/>
      <workRole institution="CPPCC"/>
      <workRole institution="Autonomous Regional Committee"/>
      <workRole institution="Standing Committee"/>
      <workRole location="Guangxi Zhuang Autonomous Region"/>
    </workRoles>
  </workHistoryEntry>
  <workHistoryEntry startDate="1993" endDate="1997">
    <workRoles>
      <workRole role="Vice-Chairman"/>
      <workRole institution="Guangxi Zhuang Autonomous Regional Academy of Sciences"/>
      <workRole institution="Academic Committee"/>
      <workRole location="Guangxi Zhuang Autonomous Region"/>
    </workRoles>
  </workHistoryEntry>
  <workHistoryEntry startDate="1992" endDate="1997">
    <workRoles>
      <workRole role="Member"/>
      <workRole institution="8th Revolutionary Committee of Chinese Kuomintang (RCCK)"/>
      <workRole institution="Central Committee"/>
    </workRoles>
  </workHistoryEntry>
  <workHistoryEntry startDate="1992" endDate="????">
    <workRoles>
      <workRole role="Vice-Chairman"/>
      <workRole institution="Revolutionary Committee of Chinese Kuomintang (RCCK)"/>
      <workRole institution="Autonomous Regional Committee"/>
      <workRole location="Guangxi Zhuang Autonomous Region"/>
    </workRoles>
  </workHistoryEntry>
  <workHistoryEntry startDate="1988" endDate="1992">
    <workRoles>
      <workRole role="Member"/>
      <workRole institution="7th Revolutionary Committee of Chinese Kuomintang (RCCK)"/>
      <workRole institution="Central Committee"/>
    </workRoles>
  </workHistoryEntry>
  <workHistoryEntry startDate="1984" endDate="1997">
    <workRoles>
      <workRole role="Research Fellow"/>
      <workRole institution="Guangxi Zhuang Autonomous Regional Academy of Sciences"/>
      <workRole location="Guangxi Zhuang Autonomous Region"/>
    </workRoles>
  </workHistoryEntry>
  <workHistoryEntry startDate="1984" endDate="1993">
    <workRoles>
      <workRole role="Deputy Director"/>
      <workRole institution="Guangxi Zhuang Autonomous Regional Academy of Sciences"/>
      <workRole location="Guangxi Zhuang Autonomous Region"/>
    </workRoles>
  </workHistoryEntry>
  <workHistoryEntry startDate="1984" endDate="1993">
    <workRoles>
      <workRole role="Senior Engineer"/>
      <workRole institution="Guangxi Zhuang Autonomous Regional Academy of Sciences"/>
      <workRole location="Guangxi Zhuang Autonomous Region"/>
    </workRoles>
  </workHistoryEntry>
  <workHistoryEntry startDate="1973" endDate="1984">
    <workRoles>
      <workRole role="Senior Engineer"/>
      <workRole institution="Aquatics Research Institute"/>
      <workRole location="Guangxi Zhuang Autonomous Region"/>
    </workRoles>
  </workHistoryEntry>
  <workHistoryEntry startDate="1973" endDate="1984">
    <workRoles>
      <workRole role="Director"/>
      <workRole institution="Aquatics Research Institute"/>
      <workRole institution="Resources Section"/>
      <workRole location="Guangxi Zhuang Autonomous Region"/>
    </workRoles>
  </workHistoryEntry>
  <workHistoryEntry startDate="1973" endDate="1984">
    <workRoles>
      <workRole role="Engineer"/>
      <workRole institution="Aquatics Research Institute"/>
      <workRole location="Guangxi Zhuang Autonomous Region"/>
    </workRoles>
  </workHistoryEntry>
  <workHistoryEntry startDate="1973">
    <workRoles>
      <workRole role="Technician"/>
      <workRole institution="Agricultural Bureau"/>
      <workRole location="Guangxi Zhuang Autonomous Region"/>
      <workRole location="Hechi Prefecture"/>
    </workRoles>
  </workHistoryEntry>
  <workHistoryEntry startDate="1970" endDate="1973">
    <workRoles>
      <workRole role="Technician"/>
      <workRole institution="Mining Administration"/>
      <workRole location="Guangxi Zhuang Autonomous Region"/>
    </workRoles>
  </workHistoryEntry>
  <workHistoryEntry startDate="1957" endDate="1969">
    <workRoles>
      <workRole role="Technician"/>
      <workRole institution="Agricultural Department"/>
      <workRole institution="Aquatic Products Division"/>
      <workRole location="Guangxi Zhuang Autonomous Region"/>
    </workRoles>
  </workHistoryEntry>
  <workHistoryEntry startDate="1950" endDate="1954">
    <workRoles>
      <workRole role="Student"/>
      <workRole institution="Shandong University"/>
      <workRole institution="Fishery Department"/>
      <workRole location="Shandong Province"/>
    </workRoles>
  </workHistoryEntry>
  <workHistory/>
</biography>
