<?xml version="1.0" encoding="UTF-8"?>
<biography displayName="Chen Wenqing" nonEnglishName="" sex="male" nationality="Chinese">
  <bioText>Information on this official is limited because China Vitae has not yet prepared a full biographical sketch.</bioText>
  <posts>
    <post description="Deputy Secretary, CPC, Provincial Committee, Fujian Province"/>
  </posts>
  <birthLocations/>
  <workHistoryEntry startDate="2011">
    <workRoles>
      <workRole role="Deputy Secretary"/>
      <workRole institution="CPC"/>
      <workRole institution="Provincial Committee"/>
      <workRole location="Fujian Province"/>
    </workRoles>
  </workHistoryEntry>
  <workHistory/>
</biography>
