<?xml version="1.0" encoding="UTF-8"?>
<biography displayName="Chen Wenhui" nonEnglishName="" sex="male" nationality="Chinese">
  <bioText>Information on this official is limited because China Vitae has not yet prepared a full biographical sketch.</bioText>
  <posts>
    <post description="Vice-Chairman, China Insurance Regulatory Commission"/>
  </posts>
  <birthLocations/>
  <workHistoryEntry startDate="2011">
    <workRoles>
      <workRole role="Vice-Chairman"/>
      <workRole institution="China Insurance Regulatory Commission"/>
    </workRoles>
  </workHistoryEntry>
  <workHistory/>
</biography>
