<?xml version="1.0" encoding="UTF-8"?>
<biography birthDate="1941" fullName="Chen Bingde" displayName="Chen Bingde" nonEnglishName="" sex="male" nationality="Han">
  <bioText>Chen Bingde, male, Han nationality, is a native of Nantong, Jiangsu Province. He was born in 1941 and holds the equivalent of a an associate the degree from the Academy of Military Sciences. Chen joined the PLA in 1961 and the CPC in 1962. He joined the Nanjing Military Region as chief of staff in 1985 and was promoted to major general in 1988. A year after he received his lieutenant general stars in 1995, Chen became the commander-in-chief of the Nanjing Military Region in 1996. He was a member of the 16th CPC Central Committee and became a member of the CPC Central Military Commission and Director-General of the PLA General Armaments Department in 2004. In 2007, he became chief of the PLA Headquarters of the General Staff, a member of the 17th CPC Central Committee and a member of the 17th CPC Central Military Commission.</bioText>
  <posts>
    <post description="Member of the 17th CPC Central Committee, Member of the 17th CPC Central Military Commission"/>
    <post description="Member of the Central Military Commission of the PRC, Chief of General Staff"/>
  </posts>
  <birthLocations>
    <birthLocation location="Jiangsu Province"/>
    <birthLocation location="Nantong City"/>
  </birthLocations>
  <workHistoryEntry startDate="2007">
    <workRoles>
      <workRole role="Chief"/>
      <workRole institution="PLA"/>
      <workRole institution="Headquarters of the General Staff"/>
    </workRoles>
  </workHistoryEntry>
  <workHistoryEntry startDate="2007">
    <workRoles>
      <workRole role="Member"/>
      <workRole institution="17th CPC"/>
      <workRole institution="Central Committee"/>
      <workRole institution="Central Military Commission"/>
    </workRoles>
  </workHistoryEntry>
  <workHistoryEntry startDate="2007">
    <workRoles>
      <workRole role="Member"/>
      <workRole institution="17th CPC"/>
      <workRole institution="Central Committee"/>
    </workRoles>
  </workHistoryEntry>
  <workHistoryEntry startDate="2005">
    <workRoles>
      <workRole role="Member"/>
      <workRole institution="Central Military Commission of the PRC"/>
    </workRoles>
  </workHistoryEntry>
  <workHistoryEntry startDate="2004" endDate="2007">
    <workRoles>
      <workRole role="Secretary"/>
      <workRole institution="PLA"/>
      <workRole institution="General Armaments Department"/>
      <workRole institution="CPC"/>
      <workRole institution="Party Committee"/>
    </workRoles>
  </workHistoryEntry>
  <workHistoryEntry startDate="2004" endDate="2007">
    <workRoles>
      <workRole role="Director-General"/>
      <workRole institution="PLA"/>
      <workRole institution="General Armaments Department"/>
    </workRoles>
  </workHistoryEntry>
  <workHistoryEntry startDate="2004" endDate="2007">
    <workRoles>
      <workRole role="Member"/>
      <workRole institution="16th CPC"/>
      <workRole institution="Central Committee"/>
      <workRole institution="Central Military Commission"/>
    </workRoles>
  </workHistoryEntry>
  <workHistoryEntry startDate="2002">
    <workRoles>
      <workRole role="General"/>
      <workRole institution="PLA"/>
    </workRoles>
  </workHistoryEntry>
  <workHistoryEntry startDate="2002" endDate="2007">
    <workRoles>
      <workRole role="Member"/>
      <workRole institution="16th CPC"/>
      <workRole institution="Central Committee"/>
    </workRoles>
  </workHistoryEntry>
  <workHistoryEntry startDate="1999" endDate="2004">
    <workRoles>
      <workRole role="Secretary"/>
      <workRole institution="PLA"/>
      <workRole institution="Regions"/>
      <workRole institution="Jinan Military Region"/>
      <workRole institution="CPC"/>
      <workRole institution="Party Committee"/>
      <workRole location="Shandong Province"/>
      <workRole location="Jinan City"/>
    </workRoles>
  </workHistoryEntry>
  <workHistoryEntry startDate="1999" endDate="2004">
    <workRoles>
      <workRole role="Commander-in-Chief"/>
      <workRole institution="PLA"/>
      <workRole institution="Regions"/>
      <workRole institution="Jinan Military Region"/>
    </workRoles>
  </workHistoryEntry>
  <workHistoryEntry startDate="1997" endDate="2002">
    <workRoles>
      <workRole role="Member"/>
      <workRole institution="15th CPC"/>
      <workRole institution="Central Committee"/>
    </workRoles>
  </workHistoryEntry>
  <workHistoryEntry startDate="1996" endDate="1999">
    <workRoles>
      <workRole role="Commander-in-Chief"/>
      <workRole institution="PLA"/>
      <workRole institution="Regions"/>
      <workRole institution="Nanjing Military Region"/>
    </workRoles>
  </workHistoryEntry>
  <workHistoryEntry startDate="1996" endDate="1999">
    <workRoles>
      <workRole role="Deputy Secretary"/>
      <workRole institution="PLA"/>
      <workRole institution="Regions"/>
      <workRole institution="Nanjing Military Region"/>
      <workRole institution="CPC"/>
      <workRole institution="Party Committee"/>
    </workRoles>
  </workHistoryEntry>
  <workHistoryEntry startDate="1995" endDate="2002">
    <workRoles>
      <workRole role="Lieutenant General"/>
      <workRole institution="PLA"/>
    </workRoles>
  </workHistoryEntry>
  <workHistoryEntry startDate="1993" endDate="1996">
    <workRoles>
      <workRole role="Member"/>
      <workRole institution="PLA"/>
      <workRole institution="Regions"/>
      <workRole institution="Nanjing Military Region"/>
      <workRole institution="CPC"/>
      <workRole institution="Party Committee"/>
      <workRole institution="Standing Committee"/>
      <workRole location="Jiangsu Province"/>
      <workRole location="Nanjing City"/>
    </workRoles>
  </workHistoryEntry>
  <workHistoryEntry startDate="1993" endDate="1993">
    <workRoles>
      <workRole role="Commander"/>
      <workRole institution="PLA"/>
      <workRole institution="Services and Arms"/>
      <workRole institution="Group Army"/>
    </workRoles>
  </workHistoryEntry>
  <workHistoryEntry startDate="1993" endDate="1996">
    <workRoles>
      <workRole role="Chief of Staff"/>
      <workRole institution="PLA"/>
      <workRole institution="Regions"/>
      <workRole institution="Nanjing Military Region"/>
      <workRole location="Jiangsu Province"/>
      <workRole location="Nanjing City"/>
    </workRoles>
  </workHistoryEntry>
  <workHistoryEntry startDate="1988" endDate="1995">
    <workRoles>
      <workRole role="Major General"/>
      <workRole institution="PLA"/>
    </workRoles>
  </workHistoryEntry>
  <workHistoryEntry startDate="1985" endDate="1985">
    <workRoles>
      <workRole role="Student"/>
      <workRole institution="Military Academy of the Chinese PLA"/>
    </workRoles>
  </workHistoryEntry>
  <workHistoryEntry startDate="1983" endDate="1985">
    <workRoles>
      <workRole role="Deputy Commander"/>
      <workRole institution="PLA"/>
      <workRole institution="Services and Arms"/>
      <workRole institution="Army (or Ground Force)"/>
    </workRoles>
  </workHistoryEntry>
  <workHistoryEntry startDate="1982" endDate="1983">
    <workRoles>
      <workRole role="Commander"/>
      <workRole institution="PLA"/>
      <workRole institution="Services and Arms"/>
      <workRole institution="Infantry"/>
      <workRole institution="Division"/>
    </workRoles>
  </workHistoryEntry>
  <workHistoryEntry startDate="1979" endDate="1982">
    <workRoles>
      <workRole role="Chief of Staff"/>
      <workRole institution="PLA"/>
      <workRole institution="Services and Arms"/>
      <workRole institution="Infantry"/>
      <workRole institution="Division"/>
    </workRoles>
  </workHistoryEntry>
  <workHistoryEntry startDate="1979" endDate="1981">
    <workRoles>
      <workRole role="Student"/>
      <workRole institution="PLA Academy of Military Sciences"/>
    </workRoles>
  </workHistoryEntry>
  <workHistoryEntry startDate="1977" endDate="1979">
    <workRoles>
      <workRole role="Commander"/>
      <workRole institution="PLA"/>
      <workRole institution="Services and Arms"/>
      <workRole institution="Infantry"/>
      <workRole institution="Regiment"/>
    </workRoles>
  </workHistoryEntry>
  <workHistoryEntry startDate="1964" endDate="1965">
    <workRoles>
      <workRole role="Platoon Leader"/>
      <workRole institution="PLA"/>
    </workRoles>
  </workHistoryEntry>
  <workHistoryEntry startDate="1962">
    <workRoles>
      <workRole role="Joined"/>
      <workRole institution="CPC"/>
    </workRoles>
  </workHistoryEntry>
  <workHistoryEntry startDate="1961" endDate="1964">
    <workRoles>
      <workRole role="Sergeant"/>
      <workRole institution="PLA"/>
    </workRoles>
  </workHistoryEntry>
  <workHistoryEntry startDate="1961">
    <workRoles>
      <workRole role="Joined"/>
      <workRole institution="PLA"/>
    </workRoles>
  </workHistoryEntry>
  <workHistory/>
</biography>
