<?xml version="1.0" encoding="UTF-8"?>
<biography birthDate="1950" fullName="Chen Shutao" displayName="Chen Shutao" nonEnglishName="" sex="male" nationality="Man">
  <bioText>Chen Shutao, male, Man nationality, is a native of Liaoning province. He was born in 1950, and he is a member of the Agro-Industrial Democratic Party. He began to work in 1973, and graduated from the University of Iowa. Chen is a master's of mathematics, and professor. Chen has spent most of his career at Harbin Normal University, where he became president in 1999.</bioText>
  <posts>
    <post description="President of the Harbin Normal University"/>
  </posts>
  <birthLocations>
    <birthLocation location="Liaoning Province"/>
  </birthLocations>
  <workHistoryEntry startDate="1999">
    <workRoles>
      <workRole role="President"/>
      <workRole institution="Harbin Normal University"/>
      <workRole location="Heilongjiang Province"/>
      <workRole location="Harbin City"/>
    </workRoles>
  </workHistoryEntry>
  <workHistoryEntry startDate="1997" endDate="1999">
    <workRoles>
      <workRole role="Vice-President"/>
      <workRole institution="Harbin Normal University"/>
      <workRole location="Heilongjiang Province"/>
      <workRole location="Harbin City"/>
    </workRoles>
  </workHistoryEntry>
  <workHistoryEntry startDate="1981" endDate="1997">
    <workRoles>
      <workRole role="Professor"/>
      <workRole institution="Harbin Normal University"/>
      <workRole institution="Mathematics Department"/>
      <workRole location="Heilongjiang Province"/>
      <workRole location="Harbin City"/>
    </workRoles>
  </workHistoryEntry>
  <workHistoryEntry startDate="1981" endDate="1997">
    <workRoles>
      <workRole role="Director"/>
      <workRole institution="Harbin Normal University"/>
      <workRole institution="Mathematics Department"/>
      <workRole location="Heilongjiang Province"/>
      <workRole location="Harbin City"/>
    </workRoles>
  </workHistoryEntry>
  <workHistoryEntry startDate="1981" endDate="1997">
    <workRoles>
      <workRole role="Deputy Director"/>
      <workRole institution="Harbin Normal University"/>
      <workRole institution="Mathematics Department"/>
      <workRole location="Heilongjiang Province"/>
      <workRole location="Harbin City"/>
    </workRoles>
  </workHistoryEntry>
  <workHistoryEntry startDate="1981" endDate="1997">
    <workRoles>
      <workRole role="Associate Professor"/>
      <workRole institution="Harbin Normal University"/>
      <workRole institution="Mathematics Department"/>
      <workRole location="Heilongjiang Province"/>
      <workRole location="Harbin City"/>
    </workRoles>
  </workHistoryEntry>
  <workHistoryEntry startDate="1981" endDate="1997">
    <workRoles>
      <workRole role="Lecturer"/>
      <workRole institution="Harbin Normal University"/>
      <workRole institution="Mathematics Department"/>
      <workRole location="Heilongjiang Province"/>
      <workRole location="Harbin City"/>
    </workRoles>
  </workHistoryEntry>
  <workHistoryEntry startDate="1978" endDate="1981">
    <workRoles>
      <workRole role="Graduate"/>
      <workRole institution="Inner Mongolia Polytechnical University"/>
      <workRole institution="Mathematics Department"/>
      <workRole location="Inner Mongolia Autonomous Region"/>
    </workRoles>
  </workHistoryEntry>
  <workHistoryEntry startDate="1973" endDate="1978">
    <workRoles>
      <workRole role="Teacher"/>
      <workRole institution="Zhalantun Normal School"/>
      <workRole location="Inner Mongolia Autonomous Region"/>
      <workRole location="Zhalantun City"/>
    </workRoles>
  </workHistoryEntry>
  <workHistoryEntry startDate="1971" endDate="1973">
    <workRoles>
      <workRole role="Student"/>
      <workRole institution="Zhalantun Normal School"/>
      <workRole location="Inner Mongolia Autonomous Region"/>
      <workRole location="Zhalantun City"/>
    </workRoles>
  </workHistoryEntry>
  <workHistoryEntry startDate="1969" endDate="1971">
    <workRoles>
      <workRole role="Teacher"/>
      <workRole location="Inner Mongolia Autonomous Region"/>
      <workRole location="Zhalantun City"/>
      <workRole location="Guan Men Mountain"/>
    </workRoles>
  </workHistoryEntry>
  <workHistory/>
</biography>
