<?xml version="1.0" encoding="UTF-8"?>
<biography birthDate="1937" fullName="Chen Lantong" displayName="Chen Lantong" nonEnglishName="" sex="male" nationality="Han">
  <bioText>Chen Lantong, male, Han nationality, is a native of Fujian province. He was born in 1937, and graduated from Qinghua University. Chen held leading posts at the State Economic Commission, where he served as director of the Enterprise Administrative Bureau until 1988. He became vice-president of the China Enterprise Confederation in 1999.</bioText>
  <posts>
    <post description="Vice-President of the China Enterprise Confederation"/>
  </posts>
  <birthLocations>
    <birthLocation location="Fujian Province"/>
  </birthLocations>
  <workHistoryEntry startDate="1999">
    <workRoles>
      <workRole role="Vice-President"/>
      <workRole institution="China Enterprise Confederation"/>
    </workRoles>
  </workHistoryEntry>
  <workHistoryEntry startDate="1989" endDate="1999">
    <workRoles>
      <workRole role="Vice-Chairman"/>
      <workRole institution="Overseas Chinese Federation"/>
    </workRoles>
  </workHistoryEntry>
  <workHistoryEntry startDate="1988" endDate="1989">
    <workRoles>
      <workRole role="Department Director"/>
      <workRole institution="State Guiding Commission for Enterprise Reform"/>
    </workRoles>
  </workHistoryEntry>
  <workHistoryEntry startDate="1982" endDate="1988">
    <workRoles>
      <workRole role="Deputy Division Chief"/>
      <workRole institution="State Economic Commission"/>
      <workRole institution="Enterprise Administrative Bureau"/>
    </workRoles>
  </workHistoryEntry>
  <workHistoryEntry startDate="1982" endDate="1988">
    <workRoles>
      <workRole role="Deputy Director"/>
      <workRole institution="State Economic Commission"/>
      <workRole institution="Enterprise Administrative Bureau"/>
    </workRoles>
  </workHistoryEntry>
  <workHistoryEntry startDate="1982" endDate="1988">
    <workRoles>
      <workRole role="Director"/>
      <workRole institution="State Economic Commission"/>
      <workRole institution="Enterprise Administrative Bureau"/>
    </workRoles>
  </workHistoryEntry>
  <workHistory/>
</biography>
