<?xml version="1.0" encoding="UTF-8"?>
<biography birthDate="1952" fullName="Cheng Youdong" displayName="Cheng Youdong" nonEnglishName="" sex="male" nationality="Han">
  <bioText>Cheng Youdong, male, Han nationality, is a native of Ningguo, Anhui Province. He was born in 1952, and graduated from the Beijing Institute of Foreign Languages. Cheng is a member of the China Association for Promoting Democracy. Cheng began his career as a secondary school teacher and principal, and became involved with the China Association for Promoting Democracy in the late 1990s, holding leading posts such as deputy director in Harbin and Heilongjiang. Cheng Youdong has served two terms as vice-mayor of Harbin city.</bioText>
  <posts>
    <post description="Vice-Governor of Heilongjiang Province"/>
  </posts>
  <birthLocations>
    <birthLocation location="Anhui Province"/>
    <birthLocation location="Ningguo"/>
  </birthLocations>
  <workHistory/>
</biography>
