<?xml version="1.0" encoding="UTF-8"?>
<biography birthDate="Guangdong Province, Xinhui County" fullName="Chen Guoda" displayName="Chen Guoda" nonEnglishName="" sex="male" nationality="Han">
  <bioText>Chen Guoda, male, Han nationality, is a native of Xinhui, Guangdong Province.He graduated from Zhongshan University in 1943 and has been consultant at Central South University of Technology and researcher at the Changsha Structural Geology Institute of the Chinese Academy of Sciences He was elected academician of the Chinese Academy of Sciences in 1980. He also served as director of the China Geodepression Society and chairman of the International Geodepressional Structure and Mineral Research General Center. Chen developed theories of structural geology and movement of the earth's crust that have been internationally adopted.</bioText>
  <posts>
    <post description="Senior Academician of the Chinese Academy of Sciences"/>
  </posts>
  <birthLocations/>
  <workHistoryEntry startDate="1980">
    <workRoles>
      <workRole role="Academician"/>
      <workRole institution="Chinese Academy of Sciences"/>
    </workRoles>
  </workHistoryEntry>
  <workHistoryEntry startDate="">
    <workRoles>
      <workRole role="Consultant"/>
    </workRoles>
  </workHistoryEntry>
  <workHistoryEntry startDate="">
    <workRoles>
      <workRole role="Honorary Head"/>
      <workRole institution="Changsha Structural Geology Institute"/>
      <workRole location="Hunan Province"/>
      <workRole location="Changsha City"/>
    </workRoles>
  </workHistoryEntry>
  <workHistoryEntry startDate="">
    <workRoles>
      <workRole role="Researcher"/>
      <workRole institution="Changsha Structural Geology Institute"/>
      <workRole location="Hunan Province"/>
      <workRole location="Changsha City"/>
    </workRoles>
  </workHistoryEntry>
  <workHistoryEntry startDate="">
    <workRoles>
      <workRole role="Director"/>
      <workRole institution="China Geodepression Society"/>
    </workRoles>
  </workHistoryEntry>
  <workHistoryEntry startDate="">
    <workRoles>
      <workRole role="Chairman"/>
      <workRole institution="International Geodepressional Structure and Mineralizing Research General Center"/>
    </workRoles>
  </workHistoryEntry>
  <workHistoryEntry startDate="1943">
    <workRoles>
      <workRole role="Graduate"/>
      <workRole institution="Zhongshan University"/>
    </workRoles>
  </workHistoryEntry>
  <workHistory/>
</biography>
