<?xml version="1.0" encoding="UTF-8"?>
<biography birthDate="1944" fullName="Chen Deyu" displayName="Chen Deyu" nonEnglishName="" sex="male" nationality="Han">
  <bioText>Chen Deyu, male, Han nationality, is a native of Chongqing City, Sichuan province. He was born in 1944, joined the CPC in 1973, and graduated from the Party School of the CPC Central Committee. Chen held leading positions at the Dadu River Iron and Steel Factory of Leshan city in Sichuan province, where he served as vice director until 1981. Subsequently, he served as deputy director of the Economic and Trade Commission in Leshan city. He was elected deputy director of the Standing Committee of the People's Congress of Sichuan Province in 1992. He was a delegate to 16th CPC National Congress and resigned the position in 2005.</bioText>
  <posts>
    <post description="Former Deputy Director of the Standing Committee of the Sichuan Provincial People's Congress"/>
  </posts>
  <birthLocations>
    <birthLocation location="Chongqing Municipality"/>
  </birthLocations>
  <workHistoryEntry startDate="2002" endDate="2005">
    <workRoles>
      <workRole role="Delegate"/>
      <workRole institution="16th CPC"/>
      <workRole institution="National Congress"/>
    </workRoles>
  </workHistoryEntry>
  <workHistoryEntry startDate="1997" endDate="2002">
    <workRoles>
      <workRole role="Delegate"/>
      <workRole institution="15th CPC"/>
      <workRole institution="National Congress"/>
    </workRoles>
  </workHistoryEntry>
  <workHistoryEntry startDate="1992" endDate="2005">
    <workRoles>
      <workRole role="Deputy Director"/>
      <workRole institution="Provincial People's Congress"/>
      <workRole institution="Standing Committee"/>
      <workRole location="Sichuan Province"/>
    </workRoles>
  </workHistoryEntry>
  <workHistoryEntry startDate="1983" endDate="1992">
    <workRoles>
      <workRole role="Deputy Secretary"/>
      <workRole institution="CPC"/>
      <workRole institution="Prefectural Committee"/>
      <workRole location="Sichuan Province"/>
      <workRole location="Leshan Prefecture"/>
    </workRoles>
  </workHistoryEntry>
  <workHistoryEntry startDate="1981" endDate="1983">
    <workRoles>
      <workRole role="Deputy Director"/>
      <workRole institution="Economic and Trade Commission"/>
      <workRole location="Sichuan Province"/>
      <workRole location="Leshan City"/>
    </workRoles>
  </workHistoryEntry>
  <workHistoryEntry startDate="1973">
    <workRoles>
      <workRole role="Joined"/>
      <workRole institution="CPC"/>
    </workRoles>
  </workHistoryEntry>
  <workHistoryEntry startDate="1972" endDate="1981">
    <workRoles>
      <workRole role="Deputy Director"/>
      <workRole institution="Dadu River Iron and Steel Factory"/>
      <workRole location="Sichuan Province"/>
      <workRole location="Leshan City"/>
    </workRoles>
  </workHistoryEntry>
  <workHistoryEntry startDate="1972" endDate="1981">
    <workRoles>
      <workRole role="Technician"/>
      <workRole institution="Dadu River Iron and Steel Factory"/>
      <workRole location="Sichuan Province"/>
      <workRole location="Leshan City"/>
    </workRoles>
  </workHistoryEntry>
  <workHistoryEntry startDate="1968" endDate="1972">
    <workRoles>
      <workRole role="Worker"/>
      <workRole location="Liaoning Province"/>
      <workRole location="Tieling City"/>
    </workRoles>
  </workHistoryEntry>
  <workHistoryEntry startDate="1963" endDate="1968">
    <workRoles>
      <workRole role="Student"/>
      <workRole institution="Chongqing University"/>
      <workRole institution="Metallurgy Department"/>
      <workRole location="Chongqing Municipality"/>
    </workRoles>
  </workHistoryEntry>
  <workHistory/>
</biography>
