<?xml version="1.0" encoding="UTF-8"?>
<biography birthDate="1957" fullName="Chen Dongsheng" displayName="Chen Dongsheng" nonEnglishName="" sex="male" nationality="Han">
  <bioText>Chen Dongsheng, male, Han nationality, is a native of Hubei province. He was born in 1957, and established the Taikang Life Insurance Company in 1996 in Beijing. Taikang is a nationwide, professional and state owned share holding Life Insurance Company. Its shareholders are 16 large and medium sized state-owned enterprises. Chen served as chairman of Taikang Life Insurance Company in 1996, and is currently chief executive officer.</bioText>
  <posts>
    <post description="Chairman and CEO of the Taikang Life Insurance Company"/>
  </posts>
  <birthLocations>
    <birthLocation location="Hubei Province"/>
  </birthLocations>
  <workHistoryEntry startDate="1996">
    <workRoles>
      <workRole role="Chairman"/>
      <workRole institution="Taikang Life Insurance Company"/>
    </workRoles>
  </workHistoryEntry>
  <workHistoryEntry startDate="1996">
    <workRoles>
      <workRole role="Chief Executive Officer"/>
      <workRole institution="Taikang Life Insurance Company"/>
    </workRoles>
  </workHistoryEntry>
  <workHistoryEntry startDate="1993" endDate="1996">
    <workRoles>
      <workRole role="Chairman"/>
      <workRole institution="China Guardian Auction Company"/>
    </workRoles>
  </workHistoryEntry>
  <workHistoryEntry startDate="1993" endDate="1996">
    <workRoles>
      <workRole role="President"/>
      <workRole institution="China Guardian Auction Company"/>
    </workRoles>
  </workHistoryEntry>
  <workHistoryEntry startDate="1988" endDate="1993">
    <workRoles>
      <workRole role="Associate Editor"/>
      <workRole institution="Development Research Center of the State Council"/>
      <workRole institution="Management World Magazine"/>
    </workRoles>
  </workHistoryEntry>
  <workHistoryEntry startDate="1983" endDate="1988">
    <workRoles>
      <workRole role="Graduate"/>
      <workRole institution="Wuhan University"/>
      <workRole institution="Economics Department"/>
      <workRole location="Hubei Province"/>
      <workRole location="Wuhan City"/>
    </workRoles>
  </workHistoryEntry>
  <workHistoryEntry startDate="1983" endDate="1988">
    <workRoles>
      <workRole role="Associate Professor"/>
      <workRole institution="Wuhan University"/>
      <workRole institution="Insurance Department"/>
      <workRole location="Hubei Province"/>
      <workRole location="Wuhan City"/>
    </workRoles>
  </workHistoryEntry>
  <workHistoryEntry startDate="1979" endDate="1983">
    <workRoles>
      <workRole role="Student"/>
      <workRole institution="Wuhan University"/>
      <workRole institution="Economics Department"/>
      <workRole location="Hubei Province"/>
      <workRole location="Wuhan City"/>
    </workRoles>
  </workHistoryEntry>
  <workHistory/>
</biography>
