<?xml version="1.0" encoding="UTF-8"?>
<biography birthDate="1956" fullName="Chen Baosheng" displayName="Chen Baosheng" nonEnglishName="" sex="male" nationality="Han">
  <bioText>Chen Baosheng, male, Han nationality, is a native of Lanzhou City of Gansu Province. He was born in 1956, started to work in 1974 and joined CPC in 1984. Chen graduated from Party School of the CPC Central Committee with a Master Degree in 2005. He serves as Vice-President and Secretary-General of the CPC Central Party School since 2008. Chen is currently an Alternate Member of 17th CPC Central Committee.</bioText>
  <posts>
    <post description="Alternate Member, 17th CPC, Central Committee"/>
    <post description="Vice-President, CPC, Central Committee, Central Party School"/>
    <post description="Secretary-General, CPC, Central Committee, Central Party School"/>
  </posts>
  <birthLocations>
    <birthLocation location="Gansu Province"/>
    <birthLocation location="Lanzhou City"/>
  </birthLocations>
  <workHistoryEntry startDate="2008">
    <workRoles>
      <workRole role="Vice-President"/>
      <workRole institution="CPC"/>
      <workRole institution="Central Committee"/>
      <workRole institution="Central Party School"/>
    </workRoles>
  </workHistoryEntry>
  <workHistoryEntry startDate="2008">
    <workRoles>
      <workRole role="Secretary-General"/>
      <workRole institution="CPC"/>
      <workRole institution="Central Committee"/>
      <workRole institution="Central Party School"/>
    </workRoles>
  </workHistoryEntry>
  <workHistoryEntry startDate="2007">
    <workRoles>
      <workRole role="Alternate Member"/>
      <workRole institution="17th CPC"/>
      <workRole institution="Central Committee"/>
    </workRoles>
  </workHistoryEntry>
  <workHistoryEntry startDate="2005" endDate="2007">
    <workRoles>
      <workRole role="Chairman"/>
      <workRole institution="City People's Congress"/>
      <workRole institution="Standing Committee"/>
      <workRole location="Gansu Province"/>
      <workRole location="Lanzhou City"/>
    </workRoles>
  </workHistoryEntry>
  <workHistoryEntry startDate="2004" endDate="2008">
    <workRoles>
      <workRole role="Secretary"/>
      <workRole institution="CPC"/>
      <workRole institution="City Committee"/>
      <workRole location="Gansu Province"/>
      <workRole location="Lanzhou City"/>
    </workRoles>
  </workHistoryEntry>
  <workHistoryEntry startDate="2002" endDate="2003">
    <workRoles>
      <workRole role="Director"/>
      <workRole institution="CPC"/>
      <workRole institution="Provincial Committee"/>
      <workRole institution="Publicity Department"/>
      <workRole location="Gansu Province"/>
    </workRoles>
  </workHistoryEntry>
  <workHistoryEntry startDate="2002" endDate="2005">
    <workRoles>
      <workRole role="Student"/>
      <workRole institution="CPC"/>
      <workRole institution="Central Committee"/>
      <workRole institution="Central Party School"/>
      <workRole institution="Postgraduate Department"/>
    </workRoles>
  </workHistoryEntry>
  <workHistoryEntry startDate="2002" endDate="2008">
    <workRoles>
      <workRole role="Member"/>
      <workRole institution="CPC"/>
      <workRole institution="Provincial Committee"/>
      <workRole institution="Standing Committee"/>
      <workRole location="Gansu Province"/>
    </workRoles>
  </workHistoryEntry>
  <workHistoryEntry startDate="1999" endDate="2002">
    <workRoles>
      <workRole role="Secretary"/>
      <workRole institution="CPC"/>
      <workRole institution="Prefectural Committee"/>
      <workRole location="Gansu Province"/>
      <workRole location="Jiuquan Prefecture"/>
    </workRoles>
  </workHistoryEntry>
  <workHistoryEntry startDate="1996" endDate="1999">
    <workRoles>
      <workRole role="Member"/>
      <workRole institution="People's Government"/>
      <workRole institution="General Office"/>
      <workRole institution="CPC"/>
      <workRole institution="Leading Party Group"/>
      <workRole location="Gansu Province"/>
    </workRoles>
  </workHistoryEntry>
  <workHistoryEntry startDate="1996" endDate="1999">
    <workRoles>
      <workRole role="Deputy Secretary-General"/>
      <workRole institution="People's Government"/>
      <workRole location="Gansu Province"/>
    </workRoles>
  </workHistoryEntry>
  <workHistoryEntry startDate="1994" endDate="1999">
    <workRoles>
      <workRole role="Director"/>
      <workRole institution="Provincial Development and Research Center"/>
      <workRole institution="Research Department"/>
      <workRole location="Gansu Province"/>
    </workRoles>
  </workHistoryEntry>
  <workHistoryEntry startDate="1991" endDate="1994">
    <workRoles>
      <workRole role="Deputy Director"/>
      <workRole institution="Provincial Development and Research Center"/>
      <workRole institution="Research Department"/>
    </workRoles>
  </workHistoryEntry>
  <workHistory/>
</biography>
