<?xml version="1.0" encoding="UTF-8"?>
<biography birthDate="1945" fullName="Chen Wanguang" displayName="Chen Wanguang" nonEnglishName="" sex="male" nationality="Han">
  <bioText>Chen Wanguang, male, Han nationality, is a native of Anxian, Sichuan Province. He was born in 1945, joined the CPC in 1979 and graduated from the Chengdu Institute of Technology. Chen has held leading Party posts in his native Anxian, including the post of secretary, in the mid-1980s. He was appointed director of the Provincial Party Construction Leading Group in the mid-1990s.</bioText>
  <posts>
    <post description="Former Member of the Sichuan CPC Provincial Standing Committee and Former Director of the Provincial Organization Department"/>
  </posts>
  <birthLocations>
    <birthLocation location="Sichuan Province"/>
    <birthLocation location="Anxian"/>
  </birthLocations>
  <workHistoryEntry startDate="1996" endDate="2007">
    <workRoles>
      <workRole role="Member"/>
      <workRole institution="CPC"/>
      <workRole institution="Provincial Committee"/>
      <workRole institution="Standing Committee"/>
      <workRole location="Sichuan Province"/>
    </workRoles>
  </workHistoryEntry>
  <workHistoryEntry startDate="1996" endDate="2007">
    <workRoles>
      <workRole role="Director"/>
      <workRole institution="CPC"/>
      <workRole institution="Provincial Committee"/>
      <workRole institution="Organization Department"/>
      <workRole location="Sichuan Province"/>
    </workRoles>
  </workHistoryEntry>
  <workHistoryEntry startDate="1979">
    <workRoles>
      <workRole role="Joined"/>
      <workRole institution="CPC"/>
    </workRoles>
  </workHistoryEntry>
  <workHistoryEntry startDate="1969" endDate="1971">
    <workRoles>
      <workRole role="Cultural Revolution, Sent to the countryside (PLA, No.7854 Cultivation Farm)"/>
    </workRoles>
  </workHistoryEntry>
  <workHistoryEntry startDate="1964" endDate="1969">
    <workRoles>
      <workRole role="Graduate"/>
      <workRole institution="Chengdu Institute of Technology"/>
      <workRole institution="Machinery Production Crafts and Equipment Department"/>
      <workRole location="Sichuan Province"/>
      <workRole location="Chengdu City"/>
    </workRoles>
  </workHistoryEntry>
  <workHistory/>
</biography>
