<?xml version="1.0" encoding="UTF-8"?>
<biography displayName="Chen Shutong" nonEnglishName="" sex="male" nationality="Chinese">
  <bioText>Information on this official is limited because China Vitae has not yet prepared a full biographical sketch.</bioText>
  <posts>
    <post description="Vice-Chairman of the 1st CPPCC National Committee"/>
  </posts>
  <birthLocations/>
  <workHistoryEntry startDate="1965" endDate="1975">
    <workRoles>
      <workRole role="Vice-Chairman"/>
      <workRole institution="3rd Standing Committee of the NPC"/>
    </workRoles>
  </workHistoryEntry>
  <workHistoryEntry startDate="1964" endDate="1978">
    <workRoles>
      <workRole role="Vice-Chairman"/>
      <workRole institution="4th CPPCC"/>
      <workRole institution="National Committee"/>
    </workRoles>
  </workHistoryEntry>
  <workHistoryEntry startDate="1959" endDate="1964">
    <workRoles>
      <workRole role="Vice-Chairman"/>
      <workRole institution="3rd CPPCC"/>
      <workRole institution="National Committee"/>
    </workRoles>
  </workHistoryEntry>
  <workHistoryEntry startDate="1959" endDate="1965">
    <workRoles>
      <workRole role="Vice-Chairman"/>
      <workRole institution="2nd Standing Committee of the NPC"/>
    </workRoles>
  </workHistoryEntry>
  <workHistoryEntry startDate="1954" endDate="1959">
    <workRoles>
      <workRole role="Vice-Chairman"/>
      <workRole institution="2nd CPPCC"/>
      <workRole institution="National Committee"/>
    </workRoles>
  </workHistoryEntry>
  <workHistoryEntry startDate="1954" endDate="1959">
    <workRoles>
      <workRole role="Vice-Chairman"/>
      <workRole institution="1st Standing Committee of the NPC"/>
    </workRoles>
  </workHistoryEntry>
  <workHistoryEntry startDate="1949" endDate="1954">
    <workRoles>
      <workRole role="Vice-Chairman"/>
      <workRole institution="1st CPPCC"/>
      <workRole institution="National Committee"/>
    </workRoles>
  </workHistoryEntry>
  <workHistory/>
</biography>
