<?xml version="1.0" encoding="UTF-8"?>
<biography birthDate="1964" fullName="Chen Yongchuan" displayName="Chen Yongchuan" nonEnglishName="" sex="male" nationality="Han">
  <bioText>Chen Yongchuan, male, Han nationality, is a native of Nanchong, Sichuan Province. He was born in 1964 and graduated from Sichuan University in 1984. He received a doctorate in applied mathematics from MIT in 1991 and became advisor to the Los Alamos National Laboratory. He returned to China in 1994 and was the recipient of a series of awards for teaching and research. Chen established the Combinatorics Research Center at Nankai University in 1997 and is now professor and vice-president of Nankai University.</bioText>
  <posts>
    <post description="Vice-President of Nankai University"/>
    <post description="Vice Chairman of the CPPCC Municipal Committee of Tianjin Municipality"/>
  </posts>
  <birthLocations>
    <birthLocation location="Sichuan Province"/>
    <birthLocation location="Nanchong County"/>
  </birthLocations>
  <workHistoryEntry startDate="2008">
    <workRoles>
      <workRole role="Vice-Chairman"/>
      <workRole institution="CPPCC"/>
      <workRole institution="Municipal Committee"/>
      <workRole location="Tianjin Municipality"/>
    </workRoles>
  </workHistoryEntry>
  <workHistoryEntry startDate="2007">
    <workRoles>
      <workRole role="Chairman"/>
      <workRole institution="Jiusan Society"/>
      <workRole institution="Municipal Committee"/>
      <workRole location="Tianjin Municipality"/>
    </workRoles>
  </workHistoryEntry>
  <workHistoryEntry startDate="2002" endDate="2007">
    <workRoles>
      <workRole role="Vice-Chairman"/>
      <workRole institution="Jiusan Society"/>
      <workRole institution="Municipal Committee"/>
      <workRole location="Tianjin Municipality"/>
    </workRoles>
  </workHistoryEntry>
  <workHistoryEntry startDate="2001">
    <workRoles>
      <workRole role="Vice-President"/>
      <workRole institution="Nankai University"/>
      <workRole location="Tianjin Municipality"/>
    </workRoles>
  </workHistoryEntry>
  <workHistoryEntry startDate="1998" endDate="2003">
    <workRoles>
      <workRole role="Member"/>
      <workRole institution="9th CPPCC"/>
      <workRole institution="National Committee"/>
    </workRoles>
  </workHistoryEntry>
  <workHistoryEntry startDate="1994">
    <workRoles>
      <workRole role="Professor"/>
      <workRole institution="Nankai University"/>
      <workRole location="Tianjin Municipality"/>
    </workRoles>
  </workHistoryEntry>
  <workHistoryEntry startDate="1994" endDate="2001">
    <workRoles>
      <workRole role="Assistant to President"/>
      <workRole institution="Nankai University"/>
      <workRole location="Tianjin Municipality"/>
    </workRoles>
  </workHistoryEntry>
  <workHistoryEntry startDate="1991">
    <workRoles>
      <workRole role="Graduate"/>
      <workRole institution="Massachusetts Institute of Technology"/>
      <workRole location="USA"/>
      <workRole location="Massachusetts"/>
      <workRole location="Boston"/>
    </workRoles>
  </workHistoryEntry>
  <workHistoryEntry startDate="1984">
    <workRoles>
      <workRole role="Graduate"/>
      <workRole institution="Sichuan University"/>
      <workRole institution="Computer Science Department"/>
      <workRole location="Sichuan Province"/>
    </workRoles>
  </workHistoryEntry>
  <workHistory/>
</biography>
