<?xml version="1.0" encoding="UTF-8"?>
<biography birthDate="1945" fullName="Chen Fumin" displayName="Cheng Fumin" nonEnglishName="" sex="male" nationality="Han">
  <bioText>Chen Fumin, male, Han nationality, is a native of Shanxi province. He was born in 1945, and joined the CPC in 1980. He is a senior engineer. He held leading posts at the State Economic and Trade Commission, where he served as deputy director of the Bureau of Gold until 2001. He was elected president of the China National Gold Group Corporation in that same year.</bioText>
  <posts>
    <post description="President of the China National Gold Group Corporation"/>
  </posts>
  <birthLocations>
    <birthLocation location="Shaanxi Province"/>
  </birthLocations>
  <workHistoryEntry startDate="2001">
    <workRoles>
      <workRole role="President"/>
      <workRole institution="China National Gold Group Corporation"/>
    </workRoles>
  </workHistoryEntry>
  <workHistoryEntry startDate="1998" endDate="2001">
    <workRoles>
      <workRole role="Deputy Director"/>
      <workRole institution="State Economic and Trade Commission"/>
      <workRole institution="Bureau of Gold"/>
    </workRoles>
  </workHistoryEntry>
  <workHistoryEntry startDate="1997" endDate="1998">
    <workRoles>
      <workRole role="Deputy Director"/>
      <workRole institution="Ministry of Metallurgical Industry"/>
      <workRole institution="Bureau of Gold"/>
    </workRoles>
  </workHistoryEntry>
  <workHistoryEntry startDate="1986" endDate="1997">
    <workRoles>
      <workRole role="Director"/>
      <workRole institution="State Economic and Trade Commission"/>
      <workRole institution="Geological Bureau"/>
    </workRoles>
  </workHistoryEntry>
  <workHistoryEntry startDate="1980">
    <workRoles>
      <workRole role="Joined"/>
      <workRole institution="CPC"/>
    </workRoles>
  </workHistoryEntry>
  <workHistoryEntry startDate="1980" endDate="1986">
    <workRoles>
      <workRole role="Section Chief"/>
    </workRoles>
  </workHistoryEntry>
  <workHistoryEntry startDate="1970" endDate="1980">
    <workRoles>
      <workRole role="Technician"/>
    </workRoles>
  </workHistoryEntry>
  <workHistory/>
</biography>
