<?xml version="1.0" encoding="UTF-8"?>
<biography birthDate="1940" fullName="Chen Yuntai" displayName="Chen Yuntai" nonEnglishName="" sex="male" nationality="Han">
  <bioText>Chen Yuntai, male, Han nationality, is a native of Chaoyang, Guangdong Province. He was born in 1940 and graduated from Beijing University in 1962. Chen Yuntai specialized in seismological studies and received two prestigious awards: National Natural Sciences and National Sciences Congress. He was honored as a "Young and Middle-Aged Scientists with Salient Contributions" by the State Science and Technology Commission. Chen Yuntai is an academician of the Chinese Academy of Sciences.</bioText>
  <posts>
    <post description="Academician of the Chinese Academy of Sciences, Geophysicist"/>
  </posts>
  <birthLocations>
    <birthLocation location="Guangdong Province"/>
    <birthLocation location="Chaoyang"/>
  </birthLocations>
  <workHistoryEntry startDate="">
    <workRoles>
      <workRole role="(Awarded National Sciences Congress Award)"/>
    </workRoles>
  </workHistoryEntry>
  <workHistoryEntry startDate="">
    <workRoles>
      <workRole role="(Awarded National Natural Sciences Award)"/>
    </workRoles>
  </workHistoryEntry>
  <workHistoryEntry startDate="">
    <workRoles>
      <workRole role="Director"/>
      <workRole institution="China Seismological Bureau"/>
      <workRole institution="Geophysics Institute"/>
    </workRoles>
  </workHistoryEntry>
  <workHistoryEntry startDate="">
    <workRoles>
      <workRole role="Geophysicist"/>
      <workRole institution="China Seismological Bureau"/>
      <workRole institution="Geophysics Institute"/>
    </workRoles>
  </workHistoryEntry>
  <workHistoryEntry startDate="">
    <workRoles>
      <workRole role="Research Fellow"/>
      <workRole institution="China Seismological Bureau"/>
      <workRole institution="Geophysics Institute"/>
    </workRoles>
  </workHistoryEntry>
  <workHistoryEntry startDate="1998">
    <workRoles>
      <workRole role="Vice-Chairman"/>
      <workRole institution="Chinese Academy of Sciences"/>
      <workRole institution="Division of Earth Sciences"/>
    </workRoles>
  </workHistoryEntry>
  <workHistoryEntry startDate="1992">
    <workRoles>
      <workRole role="Academician"/>
      <workRole institution="Chinese Academy of Sciences"/>
    </workRoles>
  </workHistoryEntry>
  <workHistoryEntry startDate="1962">
    <workRoles>
      <workRole role="Graduate"/>
      <workRole institution="Beijing University"/>
      <workRole location="Beijing Municipality"/>
    </workRoles>
  </workHistoryEntry>
  <workHistory/>
</biography>
