<?xml version="1.0" encoding="UTF-8"?>
<biography birthDate="1954" fullName="Chen Jiwa" displayName="Chen Jiwa" nonEnglishName="" sex="female" nationality="Han">
  <bioText>Chen Jiwa, female, Han nationality, is a native of Sichuan province. She was born in 1954, joined the CPC in 1974, and passed the Chongqing Self-Study Examination of Higher Education and acquired an on-the-job degree in law. She is a deputy researcher. She currently serves as deputy secretary of the Guangxi Zhuang Autonomous Regional CPC Committee.</bioText>
  <posts>
    <post description="Deputy Secretary of the Guangxi Zhuang Autonomous Regional CPC Committee"/>
  </posts>
  <birthLocations>
    <birthLocation location="Sichuan Province"/>
  </birthLocations>
  <workHistoryEntry startDate="2008">
    <workRoles>
      <workRole role="Deputy Secretary"/>
      <workRole institution="CPC"/>
      <workRole institution="Autonomous Regional Committee"/>
      <workRole location="Guangxi Zhuang Autonomous Region"/>
    </workRoles>
  </workHistoryEntry>
  <workHistoryEntry startDate="2003" endDate="2008">
    <workRoles>
      <workRole role="Director"/>
      <workRole institution="CPC"/>
      <workRole institution="Autonomous Regional Committee"/>
      <workRole institution="Organization Department"/>
      <workRole location="Guangxi Zhuang Autonomous Region"/>
    </workRoles>
  </workHistoryEntry>
  <workHistoryEntry startDate="2003">
    <workRoles>
      <workRole role="Member"/>
      <workRole institution="CPC"/>
      <workRole institution="Autonomous Regional Committee"/>
      <workRole institution="Standing Committee"/>
      <workRole location="Guangxi Zhuang Autonomous Region"/>
    </workRoles>
  </workHistoryEntry>
  <workHistoryEntry startDate="2000" endDate="2003">
    <workRoles>
      <workRole role="Member"/>
      <workRole institution="People's Government"/>
      <workRole institution="CPC"/>
      <workRole institution="Leading Party Group"/>
      <workRole location="Chongqing Municipality"/>
    </workRoles>
  </workHistoryEntry>
  <workHistoryEntry startDate="2000" endDate="2003">
    <workRoles>
      <workRole role="Vice-Mayor"/>
      <workRole location="Chongqing Municipality"/>
    </workRoles>
  </workHistoryEntry>
  <workHistoryEntry startDate="1995" endDate="1997">
    <workRoles>
      <workRole role="Graduate"/>
      <workRole institution="Southwest University of Political Science and Law"/>
      <workRole location="Chongqing Municipality"/>
    </workRoles>
  </workHistoryEntry>
  <workHistoryEntry startDate="1988" endDate="1998">
    <workRoles>
      <workRole role="Deputy Director"/>
      <workRole institution="Policy Research Office"/>
      <workRole location="Chongqing Municipality"/>
    </workRoles>
  </workHistoryEntry>
  <workHistoryEntry startDate="1981" endDate="1983">
    <workRoles>
      <workRole role="Student"/>
      <workRole institution="CPC"/>
      <workRole institution="Provincial Committee"/>
      <workRole institution="Party School"/>
      <workRole location="Sichuan Province"/>
    </workRoles>
  </workHistoryEntry>
  <workHistoryEntry startDate="1979" endDate="1980">
    <workRoles>
      <workRole role="Student"/>
      <workRole institution="CPC"/>
      <workRole institution="Municipal Committee"/>
      <workRole institution="Party School"/>
      <workRole location="Chongqing Municipality"/>
    </workRoles>
  </workHistoryEntry>
  <workHistoryEntry startDate="1974">
    <workRoles>
      <workRole role="Joined"/>
      <workRole institution="CPC"/>
    </workRoles>
  </workHistoryEntry>
  <workHistory/>
</biography>
