<?xml version="1.0" encoding="UTF-8"?>
<biography birthDate="1938" fullName="Chen Jiangsheng" displayName="Chen Jiansheng" nonEnglishName="" sex="male" nationality="Han">
  <bioText>Chen Jiangsheng, male, Han nationality, is a native of Fuzhou, Fujian Province. He was born in 1938 and graduated from Beijing University in 1963 with a major in astrophysics. In his professional field he did research at the Beijing Observatory, was a member of the mathematics and physics division of the Chinese Academy of Sciences, and from 1998 on was director of the Beijing Astrophysical Center. He has done research on quasars and the origin and evolution of celestial bodies. In 1995, he became a member of the standing committee of the Chinese Peasants and Workers Democratic Party and later became vice-chairman of its Central Committee. He is also a member of the CPPCC National Committee and of the 9th NPC Standing Committee.</bioText>
  <posts>
    <post description="Vice-Chairman of the 10th Beijing Municipal Committee of CPPCC"/>
    <post description="Member of the 10th NPC Standing Committee"/>
    <post description="Vice-Chairman of the 13th Central Committee of the Chinese Peasants and Workers Democratic Party"/>
    <post description="Member of Education, Science, Culture and Health C"/>
  </posts>
  <birthLocations>
    <birthLocation location="Fujian Province"/>
    <birthLocation location="Fuzhou City"/>
  </birthLocations>
  <workHistoryEntry startDate="2003">
    <workRoles>
      <workRole role="Member"/>
      <workRole institution="Education, Science, Culture and Health Committee of the NPC"/>
    </workRoles>
  </workHistoryEntry>
  <workHistoryEntry startDate="2003">
    <workRoles>
      <workRole role="Member"/>
      <workRole institution="10th Standing Committee of the NPC"/>
    </workRoles>
  </workHistoryEntry>
  <workHistoryEntry startDate="2002">
    <workRoles>
      <workRole role="Vice-Chairman"/>
      <workRole institution="CPPCC"/>
      <workRole institution="Municipal Committee"/>
      <workRole location="Beijing Municipality"/>
    </workRoles>
  </workHistoryEntry>
  <workHistoryEntry startDate="1998" endDate="2003">
    <workRoles>
      <workRole role="Member"/>
      <workRole institution="9th Standing Committee of the NPC"/>
    </workRoles>
  </workHistoryEntry>
  <workHistoryEntry startDate="1998">
    <workRoles>
      <workRole role="Director"/>
      <workRole institution="Beijing Astrophysical Center"/>
      <workRole location="Beijing Municipality"/>
    </workRoles>
  </workHistoryEntry>
  <workHistoryEntry startDate="1997">
    <workRoles>
      <workRole role="Vice-Chairman"/>
      <workRole institution="Chinese Peasants and Workers Democratic Party"/>
      <workRole institution="Municipal Committee"/>
      <workRole location="Beijing Municipality"/>
    </workRoles>
  </workHistoryEntry>
  <workHistoryEntry startDate="1995" endDate="????">
    <workRoles>
      <workRole role="Member"/>
      <workRole institution="11th Chinese Peasants and Workers Democratic Party"/>
      <workRole institution="Central Committee"/>
      <workRole institution="Standing Committee"/>
    </workRoles>
  </workHistoryEntry>
  <workHistoryEntry startDate="1993" endDate="1998">
    <workRoles>
      <workRole role="Member"/>
      <workRole institution="8th CPPCC"/>
      <workRole institution="National Committee"/>
    </workRoles>
  </workHistoryEntry>
  <workHistoryEntry startDate="1992" endDate="????">
    <workRoles>
      <workRole role="Member"/>
      <workRole institution="Chinese Academy of Sciences"/>
      <workRole institution="Division of Mathematics and Physics"/>
    </workRoles>
  </workHistoryEntry>
  <workHistoryEntry startDate="">
    <workRoles>
      <workRole role="Researcher"/>
      <workRole institution="Beijing Observatory"/>
      <workRole location="Beijing Municipality"/>
    </workRoles>
  </workHistoryEntry>
  <workHistoryEntry startDate="1963">
    <workRoles>
      <workRole role="Graduate"/>
      <workRole institution="Beijing University"/>
      <workRole institution="Geophysics Department"/>
      <workRole location="Beijing Municipality"/>
    </workRoles>
  </workHistoryEntry>
  <workHistory/>
</biography>
