<?xml version="1.0" encoding="UTF-8"?>
<biography birthDate="Guangdong Province, Taishan County" fullName="Chen Xinzi" displayName="Chen Xinzi" nonEnglishName="" sex="male" nationality="Han">
  <bioText>Chen Xinzi, male, Han nationality, is a native of Taishan, Guangdong Province. He graduated from Tokyo International Christianity University in 1975 and received a doctorate from Chicago University in 1979. Chen's main specialization is in the study of catalytic and asymmetrical sythesization. He developed the asymmetrical synthesization of Napuson in 1991. Chen has been granted several Chinese and US patents for the development of various high-efficiency catalyzers. He has also been a promoter of academic exchange between Hong Kong and the Chinese mainland. Chen is a member of the Chinese Academy of Sciences.</bioText>
  <posts>
    <post description="Specialist in Organic Chemistry, Member of the Chinese Academy of Sciences"/>
  </posts>
  <birthLocations/>
  <workHistoryEntry startDate="2001">
    <workRoles>
      <workRole role="Member"/>
      <workRole institution="Chinese Academy of Sciences"/>
    </workRoles>
  </workHistoryEntry>
  <workHistoryEntry startDate="">
    <workRoles>
      <workRole role="Director"/>
      <workRole institution="Hong Kong Technology University"/>
      <workRole institution="Applied Biology, Chemistry and Science Department"/>
      <workRole location="Chemistry and Science Department Hong Kong SAR"/>
    </workRoles>
  </workHistoryEntry>
  <workHistoryEntry startDate="">
    <workRoles>
      <workRole role="Professor"/>
      <workRole institution="Hong Kong Technology University"/>
      <workRole location="Hong Kong SAR"/>
    </workRoles>
  </workHistoryEntry>
  <workHistoryEntry startDate="1979">
    <workRoles>
      <workRole role="Graduate"/>
      <workRole institution="University of Chicago"/>
      <workRole location="USA"/>
      <workRole location="Illinois"/>
      <workRole location="Chicago"/>
    </workRoles>
  </workHistoryEntry>
  <workHistoryEntry startDate="1975">
    <workRoles>
      <workRole role="Graduate"/>
      <workRole institution="Tokyo International Christianity University"/>
      <workRole institution="Chemistry Department"/>
      <workRole location="Japan"/>
      <workRole location="Tokyo"/>
    </workRoles>
  </workHistoryEntry>
  <workHistory/>
</biography>
