<?xml version="1.0" encoding="UTF-8"?>
<biography birthDate="1936" fullName="Chen Yazhu has engaged in higher education and scientific research for over 30 years" displayName="Chen Yazhu" nonEnglishName="" sex="male" nationality="high-voltage insulation design and the calculation of the value of the electro-static field. As a professor">
  <bioText>Chen Yazhu has engaged in higher education and scientific research for over 30 years, and has carried out large quantities of research work while making great achievements in the early years in the fields of overvoltage thunder-proof protection, high-voltage insulation design and the calculation of the value of the electro-static field. As a professor, Chen has been awarded science and technology advancement awards by state, provincial and national governmental authorities. Chen is an academician of the Chinese Academy of Engineering.</bioText>
  <posts>
    <post description="Expert on High-Voltage Technology and Bio-Medical Engineering, Pioneer in Woundless Medical Technology"/>
  </posts>
  <birthLocations>
    <birthLocation location="Zhejiang Province"/>
    <birthLocation location="Ningbo City"/>
  </birthLocations>
  <workHistoryEntry startDate="1996">
    <workRoles>
      <workRole role="Academician"/>
      <workRole institution="Chinese Academy of Engineering"/>
    </workRoles>
  </workHistoryEntry>
  <workHistoryEntry startDate="1996">
    <workRoles>
      <workRole role="(2nd prize of the Excellent Production, Learning, and Research Project, Shanghai)"/>
    </workRoles>
  </workHistoryEntry>
  <workHistoryEntry startDate="1994">
    <workRoles>
      <workRole role="(3rd-class Science and Technology Advancement Award, State Education Commission)"/>
    </workRoles>
  </workHistoryEntry>
  <workHistoryEntry startDate="1994">
    <workRoles>
      <workRole role="(2nd-class Science and Technology Advancement Award, Shanghai)"/>
    </workRoles>
  </workHistoryEntry>
  <workHistoryEntry startDate="1993">
    <workRoles>
      <workRole role="(2nd-class Scientific and Technical Achievements Popularization Award, State Education Commission)"/>
    </workRoles>
  </workHistoryEntry>
  <workHistoryEntry startDate="1987">
    <workRoles>
      <workRole role="(1st-class National Science and Technology Advancement Award)"/>
    </workRoles>
  </workHistoryEntry>
  <workHistoryEntry startDate="1985">
    <workRoles>
      <workRole role="(3rd-class National Science and Technology Advancement Award)"/>
    </workRoles>
  </workHistoryEntry>
  <workHistoryEntry startDate="">
    <workRoles>
      <workRole role="Professor"/>
      <workRole institution="Jiaotong University"/>
      <workRole institution="Power Engineering Institute"/>
      <workRole location="Beijing Municipality"/>
    </workRoles>
  </workHistoryEntry>
  <workHistoryEntry startDate="1962">
    <workRoles>
      <workRole role="Graduate"/>
      <workRole institution="Jiaotong University"/>
      <workRole institution="Electrical Machinery Department"/>
      <workRole location="Beijing Municipality"/>
    </workRoles>
  </workHistoryEntry>
  <workHistory/>
</biography>
