<?xml version="1.0" encoding="UTF-8"?>
<biography birthDate="Hunan Province, Xiangxiang County" fullName="Chen Xingdan" displayName="Chen Xingdan" nonEnglishName="" sex="male" nationality="Han">
  <bioText>Chen Xingdan, male, Han nationality, is a native of Xiangxiang, Hunan Province. He graduated from Hunan University in 1950. In the 1950s and 1960s, Chen Xingdan undertook a dozen of pioneering jobs in the field of physical measurement. In the testing of the fist nuclear blast radiation power of China, Chen proposed a measuring scheme, radiation sense, simulation, and calibration systems. Several optical impulsive meters he developed were successfully applied in the first nuclear tests in aerosphere. Chen has also presided over the development of spectrum light sources, standard detector, spectrum instruments, normal-incidence soft X ray imaging component and system. He is the founder of the technical basis of shortwave optical research. Chen is an academician of the Chinese Academy of Sciences.</bioText>
  <posts>
    <post description="Application Optics Expert"/>
  </posts>
  <birthLocations/>
  <workHistoryEntry startDate="1999">
    <workRoles>
      <workRole role="Academician"/>
      <workRole institution="Chinese Academy of Sciences"/>
    </workRoles>
  </workHistoryEntry>
  <workHistoryEntry startDate="">
    <workRoles>
      <workRole role="Researcher"/>
      <workRole institution="Changchun Institute of Optical Precision Machinery"/>
      <workRole location="Jilin Province"/>
      <workRole location="Changchun City"/>
    </workRoles>
  </workHistoryEntry>
  <workHistoryEntry startDate="1950">
    <workRoles>
      <workRole role="Graduate"/>
      <workRole institution="Hunan University"/>
      <workRole institution="Physics Department"/>
      <workRole location="Hunan Province"/>
    </workRoles>
  </workHistoryEntry>
  <workHistory/>
</biography>
