<?xml version="1.0" encoding="UTF-8"?>
<biography birthDate="1952" fullName="Chen Xiansen" displayName="Chen Xiansen" nonEnglishName="" sex="male" nationality="Han">
  <bioText>Chen Xiansen, male, Han nationality, is a native of Feidong County, Anhui Province. He was born in 1952, entered the work force in 1968, and joined the CPC in 1973. From 2007 to 2012, he was Director of Finance Department of Anhui Province. Since 2012, he is Deputy Director of Provincial People's Congress Standing Committee of Anhui Province.</bioText>
  <posts>
    <post description="Deputy Director, Provincial People's Congress, Standing Committee, Anhui Province"/>
  </posts>
  <birthLocations>
    <birthLocation location="Anhui Province"/>
    <birthLocation location="Feidong County"/>
  </birthLocations>
  <workHistoryEntry startDate="2012">
    <workRoles>
      <workRole role="Deputy Director"/>
      <workRole institution="Provincial People's Congress"/>
      <workRole institution="Standing Committee"/>
      <workRole location="Anhui Province"/>
    </workRoles>
  </workHistoryEntry>
  <workHistoryEntry startDate="2008">
    <workRoles>
      <workRole role="Deputy"/>
      <workRole institution="11th NPC"/>
    </workRoles>
  </workHistoryEntry>
  <workHistoryEntry startDate="2007">
    <workRoles>
      <workRole role="Director"/>
      <workRole institution="Finance Department"/>
      <workRole location="Anhui Province"/>
    </workRoles>
  </workHistoryEntry>
  <workHistoryEntry startDate="2007">
    <workRoles>
      <workRole role="Secretary"/>
      <workRole institution="Finance Department"/>
      <workRole institution="CPC"/>
      <workRole institution="Leading Party Group"/>
      <workRole location="Anhui Province"/>
    </workRoles>
  </workHistoryEntry>
  <workHistoryEntry startDate="2001" endDate="2007">
    <workRoles>
      <workRole role="Director"/>
      <workRole institution="Provincial Tax Bureau"/>
      <workRole location="Anhui Province"/>
    </workRoles>
  </workHistoryEntry>
  <workHistoryEntry startDate="2001" endDate="2007">
    <workRoles>
      <workRole role="Secretary"/>
      <workRole institution="Provincial Tax Bureau"/>
      <workRole institution="CPC"/>
      <workRole institution="Leading Party Group"/>
      <workRole location="Anhui Province"/>
    </workRoles>
  </workHistoryEntry>
  <workHistoryEntry startDate="1994" endDate="2001">
    <workRoles>
      <workRole role="Deputy Secretary"/>
      <workRole institution="Provincial Tax Bureau"/>
      <workRole location="Anhui Province"/>
    </workRoles>
  </workHistoryEntry>
  <workHistoryEntry startDate="1993" endDate="1994">
    <workRoles>
      <workRole role="Director"/>
      <workRole institution="Finance Department"/>
      <workRole institution="Budget Division"/>
      <workRole location="Anhui Province"/>
    </workRoles>
  </workHistoryEntry>
  <workHistoryEntry startDate="1993" endDate="1995">
    <workRoles>
      <workRole role="Student"/>
      <workRole institution="University of Science and Technology of China"/>
      <workRole location="Anhui Province"/>
      <workRole location="Hefei City"/>
    </workRoles>
  </workHistoryEntry>
  <workHistoryEntry startDate="1992" endDate="1993">
    <workRoles>
      <workRole role="Director"/>
      <workRole institution="State-Owed Property Management Bureau"/>
      <workRole location="Anhui Province"/>
    </workRoles>
  </workHistoryEntry>
  <workHistoryEntry startDate="1990" endDate="1992">
    <workRoles>
      <workRole role="Deputy Director"/>
      <workRole institution="State-Owed Property Management Bureau"/>
      <workRole location="Anhui Province"/>
    </workRoles>
  </workHistoryEntry>
  <workHistoryEntry startDate="1986" endDate="1990">
    <workRoles>
      <workRole role="Deputy Director"/>
      <workRole institution="Finance Department"/>
      <workRole institution="Business and Trade Division"/>
      <workRole location="Anhui Province"/>
    </workRoles>
  </workHistoryEntry>
  <workHistoryEntry startDate="1982" endDate="1984">
    <workRoles>
      <workRole role="Student"/>
      <workRole institution="Anhui University"/>
      <workRole location="Anhui Province"/>
      <workRole location="Anqing City"/>
    </workRoles>
  </workHistoryEntry>
  <workHistoryEntry startDate="1972" endDate="1975">
    <workRoles>
      <workRole role="Student"/>
      <workRole institution="University of Science and Technology of China"/>
      <workRole location="Anhui Province"/>
      <workRole location="Hefei City"/>
    </workRoles>
  </workHistoryEntry>
  <workHistory/>
</biography>
