<?xml version="1.0" encoding="UTF-8"?>
<biography birthDate="1951" fullName="Chen Daheng" displayName="Chen Daheng" nonEnglishName="" sex="male" nationality="Han">
  <bioText>Chen Daheng, male, Han nationality, is a native of Wanzai County, Jiangxi Province. He was born in 1951, entered the work force in 1968, and joined the CPC in 1969. Since 2008, he is Vice Governor of People’s Government of Jiangxi Province. In February 2011, he became Deputy-Director of the Jiangxi Provincial People's Congress Standing Committee.</bioText>
  <posts>
    <post description="Vice-Governor, People's Government, Jiangxi Province"/>
    <post description="Deputy Director, Provincial People's Congress, Standing Committee, Jiangxi Province"/>
  </posts>
  <birthLocations>
    <birthLocation location="Jiangxi Province"/>
    <birthLocation location="Wanzai County"/>
  </birthLocations>
  <workHistoryEntry startDate="2011">
    <workRoles>
      <workRole role="Deputy Director"/>
      <workRole institution="Provincial People's Congress"/>
      <workRole institution="Standing Committee"/>
      <workRole location="Jiangxi Province"/>
    </workRoles>
  </workHistoryEntry>
  <workHistoryEntry startDate="2008">
    <workRoles>
      <workRole role="Vice-Governor"/>
      <workRole institution="People's Government"/>
      <workRole location="Jiangxi Province"/>
    </workRoles>
  </workHistoryEntry>
  <workHistoryEntry startDate="2001">
    <workRoles>
      <workRole role="Member"/>
      <workRole institution="CPC"/>
      <workRole institution="Provincial Committee"/>
      <workRole institution="Standing Committee"/>
      <workRole location="Jiangxi Province"/>
    </workRoles>
  </workHistoryEntry>
  <workHistoryEntry startDate="2001" endDate="2008">
    <workRoles>
      <workRole role="Secretary-General"/>
      <workRole institution="CPC"/>
      <workRole institution="Provincial Committee"/>
      <workRole institution="Standing Committee"/>
      <workRole location="Jiangxi Province"/>
    </workRoles>
  </workHistoryEntry>
  <workHistory/>
</biography>
