<?xml version="1.0" encoding="UTF-8"?>
<biography birthDate="1951" fullName="Chen Zhunmin" displayName="Chen Zhunmin" nonEnglishName="" sex="male" nationality="Han">
  <bioText>Chen Zhunmin, male, Han nationality, is a native of Shanghai. He was born in 1951, graduated from the Shanghai Institute of Foreign Studies, and obtained a master's degree from the University of California at Los Angeles in the U.S.A. in 1983. He is a full professor of English at the University of International Business and Economics, and he became president there in 1999. Professor Chen teaches business, management, and business communications. He has published several textbooks including "Let's Talk Business," "Spoken English for International Business," and "Fundamentals of Business." He has also developed computer software titled "Evaluation System on Teaching Quality." He was appointed president of the University of International Business and Economics in 1999.</bioText>
  <posts>
    <post description="President of the University of International Business and Economics"/>
  </posts>
  <birthLocations>
    <birthLocation location="Shanghai Municipality"/>
  </birthLocations>
  <workHistoryEntry startDate="1999">
    <workRoles>
      <workRole role="President"/>
      <workRole institution="University of International Business and Economics"/>
      <workRole location="Beijing Municipality"/>
    </workRoles>
  </workHistoryEntry>
  <workHistoryEntry startDate="1993" endDate="1999">
    <workRoles>
      <workRole role="Head"/>
      <workRole institution="University of International Business and Economics"/>
      <workRole institution="Dean's Office"/>
      <workRole location="Beijing Municipality"/>
    </workRoles>
  </workHistoryEntry>
  <workHistoryEntry startDate="1992" endDate="1993">
    <workRoles>
      <workRole role="Visiting Scholar"/>
      <workRole institution="Lancaster University"/>
      <workRole institution="Management Learning Department"/>
      <workRole location="United Kingdom"/>
      <workRole location="Lancaster"/>
    </workRoles>
  </workHistoryEntry>
  <workHistoryEntry startDate="1984" endDate="1990">
    <workRoles>
      <workRole role="Deputy Director"/>
      <workRole institution="Beijing English Language Center"/>
      <workRole location="Beijing Municipality"/>
    </workRoles>
  </workHistoryEntry>
  <workHistoryEntry startDate="1984" endDate="1990">
    <workRoles>
      <workRole role="Director"/>
      <workRole institution="Beijing English Language Center"/>
      <workRole location="Beijing Municipality"/>
    </workRoles>
  </workHistoryEntry>
  <workHistoryEntry startDate="1983">
    <workRoles>
      <workRole role="Graduate"/>
      <workRole institution="University of California"/>
      <workRole location="USA"/>
      <workRole location="California"/>
      <workRole location="Los Angeles"/>
    </workRoles>
  </workHistoryEntry>
  <workHistoryEntry startDate="1980" endDate="1981">
    <workRoles>
      <workRole role="Teacher"/>
      <workRole institution="Beijing English Language Center"/>
      <workRole location="Beijing Municipality"/>
    </workRoles>
  </workHistoryEntry>
  <workHistory/>
</biography>
