<?xml version="1.0" encoding="UTF-8"?>
<biography birthDate="1944" fullName="Chen Xiaojin" displayName="Chen Xiaojin" nonEnglishName="" sex="male" nationality="Han">
  <bioText>Chen Xiaojin, male, Han nationality, is a native of Shanghang County, Fujian Province. He was born in 1944, and graduated from Shanghai Jiaotong University. Chen has worked in the shipbuilding industry for over thirty years, and served as director of the foreign affairs bureau of the China State Shipbuilding Industry Corporation in 1987. He became general manager of the China Shipbuilding Trading Company in 1988. He currently serves as President of the China State Shipbuilding Corporation.</bioText>
  <posts>
    <post description="President, China State Shipbuilding Corporation"/>
  </posts>
  <birthLocations>
    <birthLocation location="Fujian Province"/>
    <birthLocation location="Shanghang County"/>
  </birthLocations>
  <workHistoryEntry startDate="2006">
    <workRoles>
      <workRole role="President"/>
      <workRole institution="China State Shipbuilding Corporation"/>
    </workRoles>
  </workHistoryEntry>
  <workHistoryEntry startDate="">
    <workRoles>
      <workRole role="Deputy General Manager"/>
      <workRole institution="China Shipbuilding Trading Company Ltd."/>
    </workRoles>
  </workHistoryEntry>
  <workHistoryEntry startDate="">
    <workRoles>
      <workRole role="General Manager"/>
      <workRole institution="China National Offshore Oil Corporation (CNOOC)"/>
    </workRoles>
  </workHistoryEntry>
  <workHistoryEntry startDate="1988" endDate="2006">
    <workRoles>
      <workRole role="Deputy General Manager"/>
      <workRole institution="China State Shipbuilding Corporation"/>
    </workRoles>
  </workHistoryEntry>
  <workHistoryEntry startDate="1987" endDate="????">
    <workRoles>
      <workRole role="Director"/>
      <workRole institution="China State Shipbuilding Corporation"/>
      <workRole institution="Foreign Affairs Bureau"/>
    </workRoles>
  </workHistoryEntry>
  <workHistoryEntry startDate="">
    <workRoles>
      <workRole role="Second Mate"/>
      <workRole institution="Ministry of Communications"/>
    </workRoles>
  </workHistoryEntry>
  <workHistoryEntry startDate="1968">
    <workRoles>
      <workRole role="Graduate"/>
      <workRole institution="Jiaotong University"/>
      <workRole institution="Shipbuilding Department"/>
      <workRole location="Shanghai Municipality"/>
    </workRoles>
  </workHistoryEntry>
  <workHistory/>
</biography>
