<?xml version="1.0" encoding="UTF-8"?>
<biography birthDate="1940" fullName="Chen Mingyi" displayName="Chen Mingyi" nonEnglishName="" sex="male" nationality="Han">
  <bioText>Chen Mingyi, male, Han nationality, is a native of Fuzhou, Fuijian Province. He was born in 1940. He studied shipbuilding and fluid mechanics at Shanghai's Jiaotong University, taught there after graduation, and then worked at an aquatic products institute in Xiamen, as dean and then vice-president. Having joined the CPC in 1960, his first Party positions were in the CPC Fujian Provincial Committee, where he worked up ultimately to the position of secretary. He was an alternate member of the CPC Central Committee for three terms and in 1997 was elected a member of that body. In government, Chen was vice-governor of Fujian Province in 1993 and governor from 1994 to 1996. In 2001, he became chairman of the 8th CPPCC Fujian Provincial Committee.</bioText>
  <posts>
    <post description="Chairman of the CPPCC Fujian Provincial Committee"/>
  </posts>
  <birthLocations>
    <birthLocation location="Fujian Province"/>
    <birthLocation location="Fuzhou City"/>
  </birthLocations>
  <workHistoryEntry startDate="2001">
    <workRoles>
      <workRole role="Chairman"/>
      <workRole institution="CPPCC"/>
      <workRole institution="Provincial Committee"/>
      <workRole location="Fujian Province"/>
    </workRoles>
  </workHistoryEntry>
  <workHistoryEntry startDate="1997" endDate="2002">
    <workRoles>
      <workRole role="Member"/>
      <workRole institution="15th CPC"/>
      <workRole institution="Central Committee"/>
    </workRoles>
  </workHistoryEntry>
  <workHistoryEntry startDate="1996" endDate="2000">
    <workRoles>
      <workRole role="Secretary"/>
      <workRole institution="CPC"/>
      <workRole institution="Provincial Committee"/>
      <workRole location="Fujian Province"/>
    </workRoles>
  </workHistoryEntry>
  <workHistoryEntry startDate="1994" endDate="1996">
    <workRoles>
      <workRole role="Governor"/>
      <workRole institution="People's Government"/>
      <workRole location="Fujian Province"/>
    </workRoles>
  </workHistoryEntry>
  <workHistoryEntry startDate="1993" endDate="1995">
    <workRoles>
      <workRole role="Deputy Secretary"/>
      <workRole institution="CPC"/>
      <workRole institution="Provincial Committee"/>
      <workRole location="Fujian Province"/>
    </workRoles>
  </workHistoryEntry>
  <workHistoryEntry startDate="1993" endDate="1994">
    <workRoles>
      <workRole role="Vice-Governor"/>
      <workRole institution="People's Government"/>
      <workRole location="Fujian Province"/>
    </workRoles>
  </workHistoryEntry>
  <workHistoryEntry startDate="1992" endDate="1997">
    <workRoles>
      <workRole role="Alternate Member"/>
      <workRole institution="14th CPC"/>
      <workRole institution="Central Committee"/>
    </workRoles>
  </workHistoryEntry>
  <workHistoryEntry startDate="1987" endDate="1992">
    <workRoles>
      <workRole role="Alternate Member"/>
      <workRole institution="13th CPC"/>
      <workRole institution="Central Committee"/>
    </workRoles>
  </workHistoryEntry>
  <workHistoryEntry startDate="1985" endDate="1990">
    <workRoles>
      <workRole role="Director"/>
      <workRole institution="Provincial Education Committee"/>
      <workRole location="Fujian Province"/>
    </workRoles>
  </workHistoryEntry>
  <workHistoryEntry startDate="1985" endDate="1990">
    <workRoles>
      <workRole role="Vice-Governor"/>
      <workRole institution="People's Government"/>
      <workRole location="Fujian Province"/>
    </workRoles>
  </workHistoryEntry>
  <workHistoryEntry startDate="1984" endDate="1985">
    <workRoles>
      <workRole role="Director"/>
      <workRole institution="Science and Technology Committee"/>
      <workRole location="Fujian Province"/>
    </workRoles>
  </workHistoryEntry>
  <workHistoryEntry startDate="1983" endDate="1984">
    <workRoles>
      <workRole role="Vice-President"/>
      <workRole institution="Xiamen Aquatic Products Institute"/>
      <workRole location="Fujian Province"/>
      <workRole location="Xiamen City"/>
    </workRoles>
  </workHistoryEntry>
  <workHistoryEntry startDate="">
    <workRoles>
      <workRole role="Dean"/>
      <workRole institution="Xiamen Aquatic Products Institute"/>
      <workRole location="Fujian Province"/>
      <workRole location="Xiamen City"/>
    </workRoles>
  </workHistoryEntry>
  <workHistoryEntry startDate="1982" endDate="1987">
    <workRoles>
      <workRole role="Alternate Member"/>
      <workRole institution="12th CPC"/>
      <workRole institution="Central Committee"/>
    </workRoles>
  </workHistoryEntry>
  <workHistoryEntry startDate="1974" endDate="1980">
    <workRoles>
      <workRole role="Lecturer"/>
      <workRole institution="Xiamen Aquatic Products Institute"/>
      <workRole location="Fujian Province"/>
      <workRole location="Xiamen City"/>
    </workRoles>
  </workHistoryEntry>
  <workHistoryEntry startDate="1966" endDate="1974">
    <workRoles>
      <workRole role="Teacher"/>
      <workRole institution="Jiaotong University"/>
      <workRole institution="Shipbuilding Department"/>
      <workRole location="Shanghai Municipality"/>
    </workRoles>
  </workHistoryEntry>
  <workHistoryEntry startDate="1966" endDate="1966">
    <workRoles>
      <workRole role="Postgraduate Student"/>
      <workRole institution="Jiaotong University"/>
      <workRole location="Shanghai Municipality"/>
    </workRoles>
  </workHistoryEntry>
  <workHistoryEntry startDate="1962">
    <workRoles>
      <workRole role="Graduate"/>
      <workRole institution="Jiaotong University"/>
      <workRole institution="Shipbuilding Department"/>
      <workRole location="Shanghai Municipality"/>
    </workRoles>
  </workHistoryEntry>
  <workHistoryEntry startDate="1960">
    <workRoles>
      <workRole role="Joined"/>
      <workRole institution="CPC"/>
    </workRoles>
  </workHistoryEntry>
  <workHistory/>
</biography>
