<?xml version="1.0" encoding="UTF-8"?>
<biography birthDate="Shanghai Municipality" fullName="Chen Guodong" displayName="Cheng Guodong" nonEnglishName="" sex="male" nationality="Han">
  <bioText>Chen Guodong, male, Han nationality, was born in Shanghai. He graduated from the Beijing College of Geosciences and was head of the Lanzhou branch of the Chinese Academy of Sciences. He worked as researcher in the Cold Area and Drought Zone Environmental Conditions and Engineering Institute and was elected academician of the Chinese Academy of Sciences in 1993. Chen is an expert on frozen earth science and has researched and applied techniques in construction on the Qinghai-Tibet plateau and also studied water resources in northwest China.</bioText>
  <posts>
    <post description="Academician of the Chinese Academy of Sciences"/>
  </posts>
  <birthLocations/>
  <workHistoryEntry startDate="1993">
    <workRoles>
      <workRole role="Academician"/>
      <workRole institution="Chinese Academy of Sciences"/>
    </workRoles>
  </workHistoryEntry>
  <workHistoryEntry startDate="">
    <workRoles>
      <workRole role="Head"/>
      <workRole institution="Chinese Academy of Sciences"/>
      <workRole institution="Branch Office"/>
      <workRole location="Gansu Province"/>
      <workRole location="Lanzhou City"/>
    </workRoles>
  </workHistoryEntry>
  <workHistoryEntry startDate="">
    <workRoles>
      <workRole role="Researcher"/>
      <workRole institution="Cold Area and Drought Zone Environmental Conditions and Engineering Institute"/>
    </workRoles>
  </workHistoryEntry>
  <workHistoryEntry startDate="1965">
    <workRoles>
      <workRole role="Graduate"/>
      <workRole institution="Beijing College of Geosciences"/>
      <workRole location="Beijing Municipality"/>
    </workRoles>
  </workHistoryEntry>
  <workHistory/>
</biography>
