<?xml version="1.0" encoding="UTF-8"?>
<biography birthDate="1915" fullName="Chen Suiheng" displayName="Chen Suiheng" nonEnglishName="" sex="male" nationality="Han">
  <bioText>Chen Suiheng, male, Han nationality, is a native of Huaining, Anhui Province. He was born in 1915 and graduated from St. John's University in Shanghai. Before China's liberation, he worked at an ice plant in Sichuan and after 1949 was head of a flour mill in Nanjing. Some time thereafter, Chen became chairman of the Nanjing Municipal Federation of Industry and Commerce and moved progressively in that sphere from the provincial to the national level, ending as an advisor to the All-China Federation of Industry and Commerce. From 1981 to 1983, he was vice-mayor of Nanjing. Chen was very active in CPPCC affairs, serving four terms as a member of the CPPCC National Committee and three terms as vice-chairman of the CPPCC Jiangsu Provincial Committee. Also, at both the provincial and national level he held positions in the China Democratic National Construction Association, one of China's eight non-communist parties. In 1997, he was named honorary vice-chairman of the 7th China Democratic National Construction Association Central Committee.</bioText>
  <posts>
    <post description="Honorary Vice-Chairman of the 7th Central Committee of the China Democratic National Construction Association"/>
  </posts>
  <birthLocations>
    <birthLocation location="Anhui Province"/>
    <birthLocation location="Huainan City"/>
  </birthLocations>
  <workHistoryEntry startDate="1997" endDate="2002">
    <workRoles>
      <workRole role="Honorary Vice-Chairman"/>
      <workRole institution="7th China Democratic National Construction Association"/>
      <workRole institution="Central Committee"/>
    </workRoles>
  </workHistoryEntry>
  <workHistoryEntry startDate="1997" endDate="????">
    <workRoles>
      <workRole role="Chairman"/>
      <workRole institution="China Democratic National Construction Association"/>
      <workRole institution="Provincial Committee"/>
      <workRole location="Jiangsu Province"/>
    </workRoles>
  </workHistoryEntry>
  <workHistoryEntry startDate="">
    <workRoles>
      <workRole role="Advisor"/>
      <workRole institution="All-China Federation of Industry and Commerce"/>
      <workRole institution="Executive Committee"/>
    </workRoles>
  </workHistoryEntry>
  <workHistoryEntry startDate="1992" endDate="1997">
    <workRoles>
      <workRole role="Vice-Chairman"/>
      <workRole institution="6th China Democratic National Construction Association"/>
      <workRole institution="Central Committee"/>
    </workRoles>
  </workHistoryEntry>
  <workHistoryEntry startDate="1988" endDate="1992">
    <workRoles>
      <workRole role="Vice-chairman"/>
      <workRole institution="5th China Democratic National Construction Association"/>
      <workRole institution="Central Committee"/>
    </workRoles>
  </workHistoryEntry>
  <workHistoryEntry startDate="1983" endDate="1988">
    <workRoles>
      <workRole role="Vice-Chairman"/>
      <workRole institution="4th China Democratic National Construction Association"/>
      <workRole institution="Central Committee"/>
    </workRoles>
  </workHistoryEntry>
  <workHistoryEntry startDate="1983" endDate="1998">
    <workRoles>
      <workRole role="Vice-Chairman"/>
      <workRole institution="CPPCC"/>
      <workRole institution="Provincial Committee"/>
      <workRole location="Jiangsu Province"/>
    </workRoles>
  </workHistoryEntry>
  <workHistoryEntry startDate="1983" endDate="1988">
    <workRoles>
      <workRole role="Member"/>
      <workRole institution="6th CPPCC"/>
      <workRole institution="National Committee"/>
      <workRole institution="Standing Committee"/>
    </workRoles>
  </workHistoryEntry>
  <workHistoryEntry startDate="1981" endDate="1983">
    <workRoles>
      <workRole role="Vice-Mayor"/>
      <workRole institution="People's Government"/>
      <workRole location="Jiangsu Province"/>
      <workRole location="Nanjing City"/>
    </workRoles>
  </workHistoryEntry>
  <workHistoryEntry startDate="1978" endDate="1983">
    <workRoles>
      <workRole role="Member"/>
      <workRole institution="5th CPPCC"/>
      <workRole institution="National Committee"/>
    </workRoles>
  </workHistoryEntry>
  <workHistoryEntry startDate="1964" endDate="1978">
    <workRoles>
      <workRole role="Member"/>
      <workRole institution="4th CPPCC"/>
      <workRole institution="National Committee"/>
    </workRoles>
  </workHistoryEntry>
  <workHistoryEntry startDate="1959" endDate="1964">
    <workRoles>
      <workRole role="Member"/>
      <workRole institution="3rd CPPCC"/>
      <workRole institution="National Committee"/>
    </workRoles>
  </workHistoryEntry>
  <workHistoryEntry startDate="1957" endDate="1966">
    <workRoles>
      <workRole role="Vice-Chairman"/>
      <workRole institution="Jiangsu Provincial Federation of Industry and Commerce"/>
      <workRole location="Jiangsu Province"/>
    </workRoles>
  </workHistoryEntry>
  <workHistoryEntry startDate="1954" endDate="1959">
    <workRoles>
      <workRole role="Member"/>
      <workRole institution="2nd CPPCC"/>
      <workRole institution="National Committee"/>
    </workRoles>
  </workHistoryEntry>
  <workHistoryEntry startDate="">
    <workRoles>
      <workRole role="Chairman"/>
      <workRole institution="Nanjing City Federation of Industry and Commerce"/>
      <workRole location="Jiangsu Province"/>
      <workRole location="Nanjing City"/>
    </workRoles>
  </workHistoryEntry>
  <workHistoryEntry startDate="1949" endDate="????">
    <workRoles>
      <workRole role="Director"/>
      <workRole institution="Nanjing Youheng Flour Mill"/>
      <workRole location="Jiangsu Province"/>
      <workRole location="Nanjing City"/>
    </workRoles>
  </workHistoryEntry>
  <workHistoryEntry startDate="">
    <workRoles>
      <workRole role="Director"/>
      <workRole institution="Chengdu Friendship Ice Plant"/>
      <workRole location="Sichuan Province"/>
      <workRole location="Chengdu City"/>
    </workRoles>
  </workHistoryEntry>
  <workHistoryEntry startDate="">
    <workRoles>
      <workRole role="Assistant Manager"/>
      <workRole institution="Chengdu Friendship Ice Plant"/>
      <workRole location="Sichuan Province"/>
      <workRole location="Chengdu City"/>
    </workRoles>
  </workHistoryEntry>
  <workHistoryEntry startDate="1940">
    <workRoles>
      <workRole role="Graduate"/>
      <workRole institution="St. John's University"/>
      <workRole location="Shanghai Municipality"/>
    </workRoles>
  </workHistoryEntry>
  <workHistory/>
</biography>
