<?xml version="1.0" encoding="UTF-8"?>
<biography birthDate="1931" fullName="Cheng Liancheng" displayName="Cheng Liancheng" nonEnglishName="" sex="male" nationality="Han">
  <bioText>Cheng Liancheng, male, Han nationality, is a native of Jilin City, Jilin Province. He joined the CPC in 1950 and graduated from Jilin Mechano-Electrical School. Cheng studied at the People's University of China until 1960. Cheng spent the early part of his career working in the organization department of the CPC Industry Department Committee of the Northeast People's Government. In the late 1950's he served as section chief of the State Planning Commission. Cheng held leading Party positions at the Beijing No. 2 Conventional Machinery Plant, and subsequently became vice minister of the 7th Ministry of Machine-Building Industry. In 1982, he was elected vice minister of the Astronautics Industry. Cheng Liancheng was a standing committee member of the 8th and 9th CPPCC National Committees.</bioText>
  <posts>
    <post description="Member of the Standing Committee of the 9th CPPCC National Committee"/>
  </posts>
  <birthLocations>
    <birthLocation location="Jilin Province"/>
    <birthLocation location="Jilin City"/>
  </birthLocations>
  <workHistoryEntry startDate="1998" endDate="2003">
    <workRoles>
      <workRole role="Member"/>
      <workRole institution="9th CPPCC"/>
      <workRole institution="National Committee"/>
      <workRole institution="Standing Committee"/>
    </workRoles>
  </workHistoryEntry>
  <workHistoryEntry startDate="1994" endDate="1996">
    <workRoles>
      <workRole role="President"/>
      <workRole institution="China National School of Administration"/>
    </workRoles>
  </workHistoryEntry>
  <workHistoryEntry startDate="1993" endDate="1998">
    <workRoles>
      <workRole role="Member"/>
      <workRole institution="8th CPPCC"/>
      <workRole institution="National Committee"/>
      <workRole institution="Standing Committee"/>
    </workRoles>
  </workHistoryEntry>
  <workHistoryEntry startDate="1993" endDate="1998">
    <workRoles>
      <workRole role="Vice-Chairman"/>
      <workRole institution="CPPCC"/>
      <workRole institution="Subcommittee of Economy"/>
    </workRoles>
  </workHistoryEntry>
  <workHistoryEntry startDate="1988" endDate="1994">
    <workRoles>
      <workRole role="Vice-Minister"/>
      <workRole institution="Ministry of Human Resources and Social Security"/>
    </workRoles>
  </workHistoryEntry>
  <workHistoryEntry startDate="">
    <workRoles>
      <workRole role="Deputy Director"/>
      <workRole institution="State Guiding Commission for Enterprise Reform"/>
    </workRoles>
  </workHistoryEntry>
  <workHistoryEntry startDate="">
    <workRoles>
      <workRole role="Vice-President"/>
      <workRole institution="China Quality Control Association"/>
    </workRoles>
  </workHistoryEntry>
  <workHistoryEntry startDate="">
    <workRoles>
      <workRole role="Vice-President"/>
      <workRole institution="China Senior Citizen Society"/>
    </workRoles>
  </workHistoryEntry>
  <workHistoryEntry startDate="1982" endDate="????">
    <workRoles>
      <workRole role="Vice-Minister"/>
      <workRole institution="Ministry of Astronautics Industry"/>
    </workRoles>
  </workHistoryEntry>
  <workHistoryEntry startDate="1982" endDate="????">
    <workRoles>
      <workRole role="Senior Engineer"/>
      <workRole institution="Ministry of Astronautics Industry"/>
    </workRoles>
  </workHistoryEntry>
  <workHistoryEntry startDate="1982" endDate="????">
    <workRoles>
      <workRole role="Researcher"/>
      <workRole institution="Ministry of Astronautics Industry"/>
    </workRoles>
  </workHistoryEntry>
  <workHistoryEntry startDate="1975" endDate="1982">
    <workRoles>
      <workRole role="Vice-Minister"/>
      <workRole institution="Seventh Ministry of Machine-Building Industry"/>
    </workRoles>
  </workHistoryEntry>
  <workHistoryEntry startDate="1974" endDate="1975">
    <workRoles>
      <workRole role="Secretary"/>
      <workRole institution="Beijing No. 2 Conventional Machinery Plant"/>
      <workRole institution="CPC"/>
      <workRole institution="Party Committee"/>
      <workRole location="Beijing Municipality"/>
    </workRoles>
  </workHistoryEntry>
  <workHistoryEntry startDate="1974" endDate="1975">
    <workRoles>
      <workRole role="Director"/>
      <workRole institution="Beijing No. 2 Conventional Machinery Plant"/>
      <workRole location="Beijing Municipality"/>
    </workRoles>
  </workHistoryEntry>
  <workHistoryEntry startDate="1960" endDate="????">
    <workRoles>
      <workRole role="Student"/>
      <workRole institution="People's University of China"/>
      <workRole location="Beijing Municipality"/>
    </workRoles>
  </workHistoryEntry>
  <workHistoryEntry startDate="1958" endDate="1969">
    <workRoles>
      <workRole role="Section Chief"/>
      <workRole institution="National Development and Reform Commission"/>
    </workRoles>
  </workHistoryEntry>
  <workHistoryEntry startDate="1954" endDate="1958">
    <workRoles>
      <workRole role="Secretary"/>
      <workRole institution="State Construction Commission"/>
      <workRole institution="General Office"/>
    </workRoles>
  </workHistoryEntry>
  <workHistoryEntry startDate="1952" endDate="????">
    <workRoles>
      <workRole role="(Deputy Head, CPC Industry Department Committee, Northeast People's Government, Organization Department)"/>
    </workRoles>
  </workHistoryEntry>
  <workHistoryEntry startDate="1950">
    <workRoles>
      <workRole role="Joined"/>
      <workRole institution="CPC"/>
    </workRoles>
  </workHistoryEntry>
  <workHistoryEntry startDate="">
    <workRoles>
      <workRole role="(Graduated from Electric Mechanics Faculty, Jilin Mechano-Electrical School)"/>
    </workRoles>
  </workHistoryEntry>
  <workHistory/>
</biography>
