<?xml version="1.0" encoding="UTF-8"?>
<biography birthDate="1945" fullName="Chen Changzhi" displayName="Chen Changzhi" nonEnglishName="" sex="male" nationality="Han">
  <bioText>Chen Changzhi, male, Han nationality, is a native of Xiaogan, Sichuan Province. He was born in 1945. An economics graduate of Sichuan University, he taught in his home province for about 10 years and then after taking postgraduate study at his alma mater, moved by stages up to assistant professor at the university. During this period he joined the China Democratic National Construction Association, one of China's eight non-Communist parties, and by 1997 had become a member of the standing committee of the China Democratic National Construction Association Central Committee. Chen was deputy secretary-general of the CPPCC Sichuan Provincial Committee for nine years and, in 1998, was named a member of the standing committee of the 9th CPPCC National Committee. Again moving from provincial to national position, he was deputy director of the Sichuan Provincial Department of Supervision in 1994 and four years later was appointed a vice-minister of Supervision. In 2008 he became Vice-Chairman of the Standing Committee of the 11th NPC.</bioText>
  <posts>
    <post description="Vice-Chairman, 11th Standing Committee of the NPC"/>
  </posts>
  <birthLocations>
    <birthLocation location="Sichuan Province"/>
    <birthLocation location="Xiaogan"/>
  </birthLocations>
  <workHistoryEntry startDate="2008">
    <workRoles>
      <workRole role="Vice-Chairman"/>
      <workRole institution="11th Standing Committee of the NPC"/>
    </workRoles>
  </workHistoryEntry>
  <workHistoryEntry startDate="2007" endDate="2008">
    <workRoles>
      <workRole role="Chairman"/>
      <workRole institution="China Democratic National Construction Association"/>
      <workRole institution="Central Committee"/>
    </workRoles>
  </workHistoryEntry>
  <workHistoryEntry startDate="2002" endDate="2007">
    <workRoles>
      <workRole role="Vice-Chairman"/>
      <workRole institution="China Democratic National Construction Association"/>
      <workRole institution="Central Committee"/>
    </workRoles>
  </workHistoryEntry>
  <workHistoryEntry startDate="1998" endDate="2008">
    <workRoles>
      <workRole role="Vice-Minister"/>
      <workRole institution="Ministry of Supervision"/>
    </workRoles>
  </workHistoryEntry>
  <workHistoryEntry startDate="1998" endDate="2003">
    <workRoles>
      <workRole role="Member"/>
      <workRole institution="9th CPPCC"/>
      <workRole institution="National Committee"/>
      <workRole institution="Standing Committee"/>
    </workRoles>
  </workHistoryEntry>
  <workHistoryEntry startDate="1998" endDate="1998">
    <workRoles>
      <workRole role="Vice-Chairman"/>
      <workRole institution="CPPCC"/>
      <workRole institution="Provincial Committee"/>
      <workRole location="Sichuan Province"/>
    </workRoles>
  </workHistoryEntry>
  <workHistoryEntry startDate="1997" endDate="1998">
    <workRoles>
      <workRole role="Member"/>
      <workRole institution="China Democratic National Construction Association"/>
      <workRole institution="Central Committee"/>
      <workRole institution="Standing Committee"/>
    </workRoles>
  </workHistoryEntry>
  <workHistoryEntry startDate="1997" endDate="1998">
    <workRoles>
      <workRole role="Chairman"/>
      <workRole institution="China Democratic National Construction Association"/>
      <workRole institution="Provincial Committee"/>
      <workRole location="Sichuan Province"/>
    </workRoles>
  </workHistoryEntry>
  <workHistoryEntry startDate="1994" endDate="1997">
    <workRoles>
      <workRole role="Deputy Director"/>
      <workRole institution="Provincial Department of Supervision"/>
      <workRole location="Sichuan Province"/>
    </workRoles>
  </workHistoryEntry>
  <workHistoryEntry startDate="1988" endDate="1997">
    <workRoles>
      <workRole role="Vice-Chairman"/>
      <workRole institution="China Democratic National Construction Association"/>
      <workRole institution="Provincial Committee"/>
      <workRole location="Sichuan Province"/>
    </workRoles>
  </workHistoryEntry>
  <workHistoryEntry startDate="1988" endDate="1997">
    <workRoles>
      <workRole role="Secretary-General"/>
      <workRole institution="China Democratic National Construction Association"/>
      <workRole institution="Provincial Committee"/>
      <workRole location="Sichuan Province"/>
    </workRoles>
  </workHistoryEntry>
  <workHistoryEntry startDate="1988" endDate="1997">
    <workRoles>
      <workRole role="Deputy Secretary-General"/>
      <workRole institution="CPPCC"/>
      <workRole institution="Provincial Committee"/>
      <workRole location="Sichuan Province"/>
    </workRoles>
  </workHistoryEntry>
  <workHistoryEntry startDate="1985">
    <workRoles>
      <workRole role="Joined"/>
      <workRole institution="China Democratic National Construction Association"/>
    </workRoles>
  </workHistoryEntry>
  <workHistoryEntry startDate="">
    <workRoles>
      <workRole role="Professor"/>
      <workRole institution="Sichuan University"/>
      <workRole location="Sichuan Province"/>
    </workRoles>
  </workHistoryEntry>
  <workHistoryEntry startDate="1981" endDate="1988">
    <workRoles>
      <workRole role="Teaching Assistant"/>
      <workRole institution="Sichuan University"/>
      <workRole location="Sichuan Province"/>
    </workRoles>
  </workHistoryEntry>
  <workHistoryEntry startDate="1979" endDate="1981">
    <workRoles>
      <workRole role="Postgraduate Student"/>
      <workRole institution="Sichuan University"/>
      <workRole location="Sichuan Province"/>
    </workRoles>
  </workHistoryEntry>
  <workHistoryEntry startDate="1978" endDate="1979">
    <workRoles>
      <workRole role="Teacher"/>
      <workRole institution="Jinyang School for Advanced Study of Teachers"/>
      <workRole location="Sichuan Province"/>
      <workRole location="Jinyang County"/>
    </workRoles>
  </workHistoryEntry>
  <workHistoryEntry startDate="1972" endDate="1977">
    <workRoles>
      <workRole role="Staff Member"/>
      <workRole institution="Culture and Education Bureau"/>
      <workRole location="Sichuan Province"/>
      <workRole location="Jinyang County"/>
    </workRoles>
  </workHistoryEntry>
  <workHistoryEntry startDate="1970" endDate="1971">
    <workRoles>
      <workRole role="(Teacher, Middle School, Jinyang County, Sichuan Province)"/>
    </workRoles>
  </workHistoryEntry>
  <workHistoryEntry startDate="1968">
    <workRoles>
      <workRole role="Graduate"/>
      <workRole institution="Sichuan University"/>
      <workRole institution="Economics Department"/>
      <workRole location="Sichuan Province"/>
      <workRole location="Chengdu City"/>
    </workRoles>
  </workHistoryEntry>
  <workHistory/>
</biography>
