<?xml version="1.0" encoding="UTF-8"?>
<biography birthDate="1929" fullName="Chen Jinhua" displayName="Chen Jinhua" nonEnglishName="" sex="male" nationality="Han">
  <bioText>Chen Jinhua, male, Han nationality, is a native of Qingyang County, Anhui Province. Chen was born in 1929, graduated from the People's University of China and Beijing Television University. Chen began his career as a worker in the Ministry of Textile Industry. He later went on to head various textile and fiber enterprises. In 1977, he became vice-mayor of Shanghai, a post he held for 6 years. After his term in government, Chen returned to industry to serve as general manager of the China Petrochemical Company. He returned again to government in 1990 and served as minister of the State Commission for Economic Restructuring. Chen was vice-chairman of the 9th CPPCC National Committee.</bioText>
  <posts>
    <post description="Vice-Chairman of the 9th CPPCC National Committee, Chairman of the Chinese Federation of Enterprises"/>
  </posts>
  <birthLocations>
    <birthLocation location="Anhui Province"/>
    <birthLocation location="Qingyang County"/>
  </birthLocations>
  <workHistoryEntry startDate="1998" endDate="2003">
    <workRoles>
      <workRole role="Vice-Chairman"/>
      <workRole institution="9th CPPCC"/>
      <workRole institution="National Committee"/>
    </workRoles>
  </workHistoryEntry>
  <workHistoryEntry startDate="1993" endDate="1998">
    <workRoles>
      <workRole role="Minister"/>
      <workRole institution="National Development and Reform Commission"/>
    </workRoles>
  </workHistoryEntry>
  <workHistoryEntry startDate="1990" endDate="1993">
    <workRoles>
      <workRole role="Minister"/>
      <workRole institution="State Commission for Restructuring the Economy"/>
    </workRoles>
  </workHistoryEntry>
  <workHistoryEntry startDate="1983" endDate="????">
    <workRoles>
      <workRole role="General Manager"/>
      <workRole institution="Sinopec Corp."/>
    </workRoles>
  </workHistoryEntry>
  <workHistoryEntry startDate="1977" endDate="1983">
    <workRoles>
      <workRole role="Vice-Mayor"/>
      <workRole institution="People's Government"/>
      <workRole location="Shanghai Municipality"/>
    </workRoles>
  </workHistoryEntry>
  <workHistoryEntry startDate="">
    <workRoles>
      <workRole role="Head"/>
      <workRole institution="Tianjin Petrochemical Corporation"/>
      <workRole location="Tianjin Municipality"/>
    </workRoles>
  </workHistoryEntry>
  <workHistoryEntry startDate="">
    <workRoles>
      <workRole role="Head"/>
      <workRole institution="Liaoyang Petrochemical Fiber Corporation"/>
      <workRole location="Liaoning Province"/>
      <workRole location="Liaoyang City"/>
    </workRoles>
  </workHistoryEntry>
  <workHistoryEntry startDate="1949" endDate="????">
    <workRoles>
      <workRole role="Worker"/>
      <workRole institution="Ministry of Light Industry"/>
    </workRoles>
  </workHistoryEntry>
  <workHistoryEntry startDate="1949" endDate="????">
    <workRoles>
      <workRole role="Worker"/>
      <workRole institution="Ministry of Textile Industry"/>
    </workRoles>
  </workHistoryEntry>
  <workHistoryEntry startDate="">
    <workRoles>
      <workRole role="Student"/>
      <workRole institution="Beijing Television University"/>
      <workRole institution="Chinese Language Department"/>
      <workRole location="Beijing Municipality"/>
    </workRoles>
  </workHistoryEntry>
  <workHistoryEntry startDate="">
    <workRoles>
      <workRole role="Graduate"/>
      <workRole institution="People's University of China"/>
      <workRole institution="Economics Department"/>
      <workRole location="Beijing Municipality"/>
    </workRoles>
  </workHistoryEntry>
  <workHistory/>
</biography>
