<?xml version="1.0" encoding="UTF-8"?>
<biography birthDate="1945" fullName="Chen Shaoji" displayName="Chen Shaoji" nonEnglishName="" sex="male" nationality="Han">
  <bioText>Chen Shaoji, male, Han nationality, is a native of Zhongshan City, Guangdong province. He was born in 1945, and joined the CPC in 1978. Chen is a university graduate. He was promoted to the police rank of deputy commissioner general. Chen held leading positions in the Public Security Department of Gunagdong province, and served as secretary of the CPC committee there until 1993. Chen Shaoji is currently chairman of the 9th CPPCC Guangdong Provincial Committee, and he was an alternate member of the 16th CPC Central Committee.</bioText>
  <posts>
    <post description="Chairman of the CPPCC Guangdong Provincial Committee, Alternate Member of the 16th CPC Central Committee"/>
  </posts>
  <birthLocations>
    <birthLocation location="Guangdong Province"/>
  </birthLocations>
  <workHistoryEntry startDate="2004">
    <workRoles>
      <workRole role="Chairman"/>
      <workRole institution="CPPCC"/>
      <workRole institution="Provincial Committee"/>
      <workRole location="Guangdong Province"/>
    </workRoles>
  </workHistoryEntry>
  <workHistoryEntry startDate="2002" endDate="2007">
    <workRoles>
      <workRole role="Alternate Member"/>
      <workRole institution="16th CPC"/>
      <workRole institution="Central Committee"/>
    </workRoles>
  </workHistoryEntry>
  <workHistoryEntry startDate="1998">
    <workRoles>
      <workRole role="Deputy Secretary"/>
      <workRole institution="CPC"/>
      <workRole institution="Provincial Committee"/>
      <workRole location="Guangdong Province"/>
    </workRoles>
  </workHistoryEntry>
  <workHistoryEntry startDate="1997" endDate="2002">
    <workRoles>
      <workRole role="Delegate"/>
      <workRole institution="15th CPC"/>
      <workRole institution="National Congress"/>
    </workRoles>
  </workHistoryEntry>
  <workHistoryEntry startDate="1993">
    <workRoles>
      <workRole role="Member"/>
      <workRole institution="CPC"/>
      <workRole institution="Provincial Committee"/>
      <workRole institution="Standing Committee"/>
      <workRole location="Guangdong Province"/>
    </workRoles>
  </workHistoryEntry>
  <workHistoryEntry startDate="1993" endDate="2000">
    <workRoles>
      <workRole role="Secretary"/>
      <workRole institution="CPC"/>
      <workRole institution="Provincial Committee"/>
      <workRole institution="Political and Legislative Affairs Committee"/>
      <workRole location="Guangdong Province"/>
    </workRoles>
  </workHistoryEntry>
  <workHistoryEntry startDate="1992" endDate="1997">
    <workRoles>
      <workRole role="Delegate"/>
      <workRole institution="14th CPC"/>
      <workRole institution="National Congress"/>
    </workRoles>
  </workHistoryEntry>
  <workHistoryEntry startDate="1991" endDate="1993">
    <workRoles>
      <workRole role="Secretary"/>
      <workRole institution="Public Security Department"/>
      <workRole institution="CPC"/>
      <workRole institution="Party Committee"/>
      <workRole location="Guangdong Province"/>
    </workRoles>
  </workHistoryEntry>
  <workHistoryEntry startDate="1991" endDate="2000">
    <workRoles>
      <workRole role="Director-General"/>
      <workRole institution="Public Security Department"/>
      <workRole location="Guangdong Province"/>
    </workRoles>
  </workHistoryEntry>
  <workHistoryEntry startDate="1986" endDate="1993">
    <workRoles>
      <workRole role="Secretary-General"/>
      <workRole institution="CPC"/>
      <workRole institution="Provincial Committee"/>
      <workRole institution="Political and Legislative Affairs Committee"/>
      <workRole location="Guangdong Province"/>
    </workRoles>
  </workHistoryEntry>
  <workHistoryEntry startDate="1986" endDate="1993">
    <workRoles>
      <workRole role="Deputy Secretary"/>
      <workRole institution="CPC"/>
      <workRole institution="Provincial Committee"/>
      <workRole institution="Political and Legislative Affairs Committee"/>
      <workRole location="Guangdong Province"/>
    </workRoles>
  </workHistoryEntry>
  <workHistoryEntry startDate="1986" endDate="1991">
    <workRoles>
      <workRole role="Deputy Secretary-General"/>
      <workRole institution="Politics and Law Department"/>
      <workRole institution="CPC"/>
      <workRole institution="Leading Party Group"/>
      <workRole location="Guangdong Province"/>
    </workRoles>
  </workHistoryEntry>
  <workHistoryEntry startDate="1986" endDate="1991">
    <workRoles>
      <workRole role="Deputy Director"/>
      <workRole institution="Public Security Department"/>
      <workRole location="Guangdong Province"/>
    </workRoles>
  </workHistoryEntry>
  <workHistoryEntry startDate="1985" endDate="1986">
    <workRoles>
      <workRole role="Deputy Secretary"/>
      <workRole institution="Public Security Bureau"/>
      <workRole institution="CPC"/>
      <workRole institution="Leading Party Group"/>
      <workRole location="Guangdong Province"/>
      <workRole location="Foshan City"/>
    </workRoles>
  </workHistoryEntry>
  <workHistoryEntry startDate="1985" endDate="1986">
    <workRoles>
      <workRole role="Deputy Director-General"/>
      <workRole institution="Public Security Bureau"/>
      <workRole location="Guangdong Province"/>
      <workRole location="Foshan City"/>
    </workRoles>
  </workHistoryEntry>
  <workHistoryEntry startDate="1983" endDate="1985">
    <workRoles>
      <workRole role="Director"/>
      <workRole institution="Public Security Department"/>
      <workRole institution="Research Office"/>
      <workRole location="Guangdong Province"/>
    </workRoles>
  </workHistoryEntry>
  <workHistoryEntry startDate="1983" endDate="1985">
    <workRoles>
      <workRole role="Deputy Director"/>
      <workRole institution="Public Security Department"/>
      <workRole institution="Research Office"/>
      <workRole location="Guangdong Province"/>
    </workRoles>
  </workHistoryEntry>
  <workHistoryEntry startDate="1982" endDate="1983">
    <workRoles>
      <workRole role="Deputy Section Head"/>
      <workRole institution="Public Security Department"/>
      <workRole institution="General Office"/>
      <workRole location="Guangdong Province"/>
    </workRoles>
  </workHistoryEntry>
  <workHistoryEntry startDate="1978">
    <workRoles>
      <workRole role="Joined"/>
      <workRole institution="CPC"/>
    </workRoles>
  </workHistoryEntry>
  <workHistoryEntry startDate="1970" endDate="1982">
    <workRoles>
      <workRole role="Clerk"/>
      <workRole institution="Public Security Department"/>
      <workRole institution="General Office"/>
      <workRole location="Guangdong Province"/>
    </workRoles>
  </workHistoryEntry>
  <workHistoryEntry startDate="1970" endDate="1982">
    <workRoles>
      <workRole role="Clerk"/>
      <workRole institution="Cultural Revolution"/>
      <workRole institution="Revolutionary Committee"/>
      <workRole institution="Defense Office"/>
      <workRole location="Guangdong Province"/>
    </workRoles>
  </workHistoryEntry>
  <workHistoryEntry startDate="1968" endDate="1970">
    <workRoles>
      <workRole role="Combatant"/>
    </workRoles>
  </workHistoryEntry>
  <workHistoryEntry startDate="1963" endDate="1967">
    <workRoles>
      <workRole role="Student"/>
      <workRole institution="Zhongshan University"/>
      <workRole institution="Chinese Department"/>
      <workRole location="Guangdong Province"/>
      <workRole location="Zhongshan City"/>
    </workRoles>
  </workHistoryEntry>
  <workHistory/>
</biography>
