<?xml version="1.0" encoding="UTF-8"?>
<biography birthDate="1931" fullName="Chi Haibin" displayName="Chi Haibin" nonEnglishName="" sex="male" nationality="Han">
  <bioText>Chi Haibin, male, Han nationality, is a native of Longkou, Shandong Province. He was born in 1931, joined the CPC in 1956, and graduated from Northeast Finance and Economics School. Chi Haibin began his accounting career in the finance department of the Northeast People's Government. In the early 1980s, he became honorary president of the Chinese Institute of C.P.A.s, and served as vice-minister of Finance. Chi Haibin served as a member of the 8th NPC Standing Committee and as vice-chairman of the Financial and Economic Committee. Chi Haibin was a delegate to the 13th and 14th CPC National Congresses.</bioText>
  <posts>
    <post description="Member of the 9th NPC Standing Committee"/>
  </posts>
  <birthLocations>
    <birthLocation location="Shandong Province"/>
    <birthLocation location="Longkou City"/>
  </birthLocations>
  <workHistoryEntry startDate="1998" endDate="2003">
    <workRoles>
      <workRole role="Member"/>
      <workRole institution="9th Financial and Economic Committee of the NPC"/>
    </workRoles>
  </workHistoryEntry>
  <workHistoryEntry startDate="1998" endDate="2003">
    <workRoles>
      <workRole role="Member"/>
      <workRole institution="9th Standing Committee of the NPC"/>
    </workRoles>
  </workHistoryEntry>
  <workHistoryEntry startDate="1995" endDate="1998">
    <workRoles>
      <workRole role="Vice-Chairman"/>
      <workRole institution="Green China Fund"/>
    </workRoles>
  </workHistoryEntry>
  <workHistoryEntry startDate="1993" endDate="1998">
    <workRoles>
      <workRole role="Member"/>
      <workRole institution="8th Credentials Committee of the NPC"/>
    </workRoles>
  </workHistoryEntry>
  <workHistoryEntry startDate="1993" endDate="1998">
    <workRoles>
      <workRole role="Vice-Chairman"/>
      <workRole institution="8th Financial and Economic Committee of the NPC"/>
    </workRoles>
  </workHistoryEntry>
  <workHistoryEntry startDate="1993" endDate="1998">
    <workRoles>
      <workRole role="Member"/>
      <workRole institution="8th Standing Committee of the NPC"/>
    </workRoles>
  </workHistoryEntry>
  <workHistoryEntry startDate="1992" endDate="1997">
    <workRoles>
      <workRole role="Delegate"/>
      <workRole institution="14th CPC"/>
      <workRole institution="National Congress"/>
    </workRoles>
  </workHistoryEntry>
  <workHistoryEntry startDate="1987" endDate="1992">
    <workRoles>
      <workRole role="Delegate"/>
      <workRole institution="13th CPC"/>
      <workRole institution="National Congress"/>
    </workRoles>
  </workHistoryEntry>
  <workHistoryEntry startDate="">
    <workRoles>
      <workRole role="Honorary President"/>
      <workRole institution="Chinese Institute of Certified Public Accountants"/>
    </workRoles>
  </workHistoryEntry>
  <workHistoryEntry startDate="1983" endDate="????">
    <workRoles>
      <workRole role="Vice-President"/>
      <workRole institution="Chinese Accounting Society"/>
    </workRoles>
  </workHistoryEntry>
  <workHistoryEntry startDate="1982" endDate="1993">
    <workRoles>
      <workRole role="Vice-Minister"/>
      <workRole institution="Ministry of Finance"/>
    </workRoles>
  </workHistoryEntry>
  <workHistoryEntry startDate="1956">
    <workRoles>
      <workRole role="Joined"/>
      <workRole institution="CPC"/>
    </workRoles>
  </workHistoryEntry>
  <workHistoryEntry startDate="">
    <workRoles>
      <workRole role="(Deputy Director, Northeast People's Government, Industrial, Transport and Commercial Department, Finance Department)"/>
    </workRoles>
  </workHistoryEntry>
  <workHistoryEntry startDate="">
    <workRoles>
      <workRole role="(Deputy Section Chief, Northeast People's Government, Industrial, Transport and Commercial Department, Finance Department)"/>
    </workRoles>
  </workHistoryEntry>
  <workHistoryEntry startDate="1950">
    <workRoles>
      <workRole role="Graduate"/>
      <workRole institution="Northeast China Institute of Finance and Economics"/>
    </workRoles>
  </workHistoryEntry>
  <workHistoryEntry startDate="1950" endDate="????">
    <workRoles>
      <workRole role="(Section Member, Northeast People's Government, Industrial, Transport and Commercial Department, Finance Department)"/>
    </workRoles>
  </workHistoryEntry>
  <workHistoryEntry startDate="1949" endDate="????">
    <workRoles>
      <workRole role="Accountant"/>
      <workRole institution="Provincial Food Bureau"/>
      <workRole location="Heilongjiang Province"/>
    </workRoles>
  </workHistoryEntry>
  <workHistory/>
</biography>
