<?xml version="1.0" encoding="UTF-8"?>
<biography birthDate="1946" fullName="Chi Wanchun" displayName="Chi Wanchun" nonEnglishName="" sex="male" nationality="Han">
  <bioText>Chi Wanchun, male, Han nationality, is a native of Wendeng, Shandong province. He was born in 1946, joined the CPC in 1971, joined the PLA in 1965, and graduated from Harbin Engineering University. He is a general in the PLA. He held leading posts in the PLA General Armament Department, where he served as director of the political department in 1999. He was a member of the 16th CPC Central Committee and is now a member of the 17th CPC Central Committee.</bioText>
  <posts>
    <post description="Member, 17th CPC, Central Committee"/>
    <post description="Political Commissar, PLA, General Armaments Department"/>
  </posts>
  <birthLocations>
    <birthLocation location="Shandong Province"/>
    <birthLocation location="Wendeng City"/>
  </birthLocations>
  <workHistoryEntry startDate="2007">
    <workRoles>
      <workRole role="Member"/>
      <workRole institution="17th CPC"/>
      <workRole institution="Central Committee"/>
    </workRoles>
  </workHistoryEntry>
  <workHistoryEntry startDate="2006">
    <workRoles>
      <workRole role="General"/>
      <workRole institution="PLA"/>
    </workRoles>
  </workHistoryEntry>
  <workHistoryEntry startDate="2002">
    <workRoles>
      <workRole role="Political Commissar"/>
      <workRole institution="PLA"/>
      <workRole institution="General Armaments Department"/>
    </workRoles>
  </workHistoryEntry>
  <workHistoryEntry startDate="2002" endDate="2007">
    <workRoles>
      <workRole role="Member"/>
      <workRole institution="16th CPC"/>
      <workRole institution="Central Committee"/>
    </workRoles>
  </workHistoryEntry>
  <workHistoryEntry startDate="2002">
    <workRoles>
      <workRole role="Deputy Secretary"/>
      <workRole institution="PLA"/>
      <workRole institution="General Armaments Department"/>
      <workRole institution="CPC"/>
      <workRole institution="Party Committee"/>
    </workRoles>
  </workHistoryEntry>
  <workHistoryEntry startDate="2000" endDate="2006">
    <workRoles>
      <workRole role="Lieutenant General"/>
      <workRole institution="PLA"/>
    </workRoles>
  </workHistoryEntry>
  <workHistoryEntry startDate="1999" endDate="2002">
    <workRoles>
      <workRole role="Director"/>
      <workRole institution="PLA"/>
      <workRole institution="General Armaments Department"/>
      <workRole institution="Political Department"/>
    </workRoles>
  </workHistoryEntry>
  <workHistoryEntry startDate="1999" endDate="2002">
    <workRoles>
      <workRole role="Secretary"/>
      <workRole institution="National Defense Science and Technology University"/>
      <workRole institution="CPC"/>
      <workRole institution="Party Committee"/>
    </workRoles>
  </workHistoryEntry>
  <workHistoryEntry startDate="1999" endDate="2002">
    <workRoles>
      <workRole role="Political Commissar"/>
      <workRole institution="National Defense Science and Technology University"/>
    </workRoles>
  </workHistoryEntry>
  <workHistoryEntry startDate="1997" endDate="1999">
    <workRoles>
      <workRole role="Deputy Director"/>
      <workRole institution="State Administration for Science, Technology and Industry for National Defense (SASTIND)"/>
    </workRoles>
  </workHistoryEntry>
  <workHistoryEntry startDate="1993" endDate="2000">
    <workRoles>
      <workRole role="Major General"/>
      <workRole institution="PLA"/>
    </workRoles>
  </workHistoryEntry>
  <workHistoryEntry startDate="1993" endDate="1997">
    <workRoles>
      <workRole role="Political Commissar"/>
      <workRole institution="Taiyuan Satellite Launch Center"/>
      <workRole location="Shanxi Province"/>
      <workRole location="Xinzhou Prefecture"/>
    </workRoles>
  </workHistoryEntry>
  <workHistoryEntry startDate="1990" endDate="1993">
    <workRoles>
      <workRole role="Deputy Political Commissar"/>
      <workRole institution="State Administration for Science, Technology and Industry for National Defense (SASTIND)"/>
      <workRole institution="Xi'an Satellite Monitoring Center"/>
      <workRole location="Shaanxi Province"/>
      <workRole location="Xi'an City"/>
    </workRoles>
  </workHistoryEntry>
  <workHistoryEntry startDate="1986" endDate="1990">
    <workRoles>
      <workRole role="Director"/>
      <workRole institution="State Administration for Science, Technology and Industry for National Defense"/>
      <workRole institution="Political Department"/>
    </workRoles>
  </workHistoryEntry>
  <workHistoryEntry startDate="1983" endDate="1985">
    <workRoles>
      <workRole role="Experimental Political Commissar"/>
    </workRoles>
  </workHistoryEntry>
  <workHistoryEntry startDate="1981" endDate="1983">
    <workRoles>
      <workRole role="Vice Political Commissar"/>
    </workRoles>
  </workHistoryEntry>
  <workHistoryEntry startDate="1976" endDate="1981">
    <workRoles>
      <workRole role="Director, Monitoring Station of the Proving Ground Activity"/>
    </workRoles>
  </workHistoryEntry>
  <workHistoryEntry startDate="1972" endDate="1976">
    <workRoles>
      <workRole role="Deputy Political Instructor, PLA, Training Base"/>
    </workRoles>
  </workHistoryEntry>
  <workHistoryEntry startDate="1971">
    <workRoles>
      <workRole role="Joined"/>
      <workRole institution="CPC"/>
    </workRoles>
  </workHistoryEntry>
  <workHistoryEntry startDate="1965" endDate="1970">
    <workRoles>
      <workRole role="Student"/>
      <workRole institution="Harbin Engineering University"/>
      <workRole institution="Military Project Institute"/>
      <workRole location="Heilongjiang Province"/>
      <workRole location="Harbin City"/>
    </workRoles>
  </workHistoryEntry>
  <workHistoryEntry startDate="1965">
    <workRoles>
      <workRole role="Joined"/>
      <workRole institution="PLA"/>
    </workRoles>
  </workHistoryEntry>
  <workHistory/>
</biography>
