<?xml version="1.0" encoding="UTF-8"?>
<biography birthDate="1951" fullName="Chi Fulin" displayName="Chi Fulin" nonEnglishName="" sex="male" nationality="Han">
  <bioText>Chi Fulin, male, Han nationality, is a native of Penglai, Shandong Province. He was born in 1951 and graduated from the Theory Department of the CPC Party School in 1986 with a Master's Degree. Educated at the CPC Party School, Chi was involved with Party education organizations for most of the 1980s. He directed the scientific group in the theory department at the CPC Party School. In addition, he taught at the National University of Defense Technology. In 1988, Chi assumed the director position of the Hainan Province Institute of Reform and Development – remaining there until 1993. He also began a long running association with the China Institute of Reform and Development, beginning at the institute as their standing deputy director. Chi was later made the deputy director of the institute and became vice-chairman of the institute's board bureau. A professor at the Party School of Hainan Provincial Committee, Chi was honored as an expert with outstanding contribution to Hainan Province. He is also a professor at Peking University, Nanjing University, and Xiamen University.</bioText>
  <posts>
    <post description="Deputy Director of the China Institute for Reform and Development"/>
  </posts>
  <birthLocations>
    <birthLocation location="Shandong Province"/>
    <birthLocation location="Penglai City"/>
  </birthLocations>
  <workHistoryEntry startDate="1986">
    <workRoles>
      <workRole role="Graduate"/>
      <workRole institution="CPC"/>
      <workRole institution="Central Committee"/>
      <workRole institution="Central Party School"/>
      <workRole institution="Theory Department"/>
    </workRoles>
  </workHistoryEntry>
  <workHistoryEntry startDate="1984" endDate="1986">
    <workRoles>
      <workRole role="Director of Scientific Group"/>
      <workRole institution="CPC"/>
      <workRole institution="Central Committee"/>
      <workRole institution="Central Party School"/>
      <workRole institution="Theory Department"/>
    </workRoles>
  </workHistoryEntry>
  <workHistory/>
</biography>
