<?xml version="1.0" encoding="UTF-8"?>
<biography birthDate="1929" fullName="Chi Haotian" displayName="Chi Haotian" nonEnglishName="" sex="male" nationality="Han">
  <bioText>Chi Haotian, male, Han nationality, is a native of Zhaoyuan, Shandong Province. He was born in 1929, joined the PLA in 1945, joined the CPC in 1946 and graduated from the PLA Nanjing Military Academy and the PLA Political Institute. Chi was one of China's most prominent military leaders. His career began when he joined the PLA in 1945. He served as a military instructor during the War of Liberation and as battalion instructor during the Korean War. He later became regimental political commissar of the Beijing Military Command and political commissar of the Jinan Military Command. In 1993, he became a member of the State Council. He later became vice-chairman of the PRC Central Military Commission and vice-chairman of the CPC Central Military Commission. Chi was a delegate to the 9th and 11th CPC National Congresses and was a member of the 12th, 13th, 14th and15th CPC Central Committees. He was elected member of Politiburo of 15th CPC Central Committee in 1997.</bioText>
  <posts>
    <post description="Former Minister of National Defense"/>
  </posts>
  <birthLocations>
    <birthLocation location="Shandong Province"/>
    <birthLocation location="Zhaoyuan City"/>
  </birthLocations>
  <workHistoryEntry startDate="">
    <workRoles>
      <workRole role="Honorary President"/>
      <workRole institution="Wrestling Association of China"/>
    </workRoles>
  </workHistoryEntry>
  <workHistoryEntry startDate="1999">
    <workRoles>
      <workRole role="Member"/>
      <workRole institution="Macao SAR Preparatory Committee"/>
      <workRole institution="Government Delegation, Macao Hand-Over Ceremony"/>
    </workRoles>
  </workHistoryEntry>
  <workHistoryEntry startDate="1997" endDate="2002">
    <workRoles>
      <workRole role="Vice-Chairman"/>
      <workRole institution="15th CPC"/>
      <workRole institution="Central Committee"/>
      <workRole institution="Central Military Commission"/>
    </workRoles>
  </workHistoryEntry>
  <workHistoryEntry startDate="1997" endDate="2003">
    <workRoles>
      <workRole role="Minister"/>
      <workRole institution="Ministry of National Defense"/>
    </workRoles>
  </workHistoryEntry>
  <workHistoryEntry startDate="1997" endDate="2002">
    <workRoles>
      <workRole role="Member"/>
      <workRole institution="15th CPC"/>
      <workRole institution="Central Committee"/>
      <workRole institution="Politburo"/>
    </workRoles>
  </workHistoryEntry>
  <workHistoryEntry startDate="1997" endDate="2002">
    <workRoles>
      <workRole role="Member"/>
      <workRole institution="15th CPC"/>
      <workRole institution="Central Committee"/>
    </workRoles>
  </workHistoryEntry>
  <workHistoryEntry startDate="1995" endDate="2003">
    <workRoles>
      <workRole role="Vice-Chairman"/>
      <workRole institution="Central Military Commission of the PRC"/>
    </workRoles>
  </workHistoryEntry>
  <workHistoryEntry startDate="1995" endDate="1997">
    <workRoles>
      <workRole role="Vice-Chairman"/>
      <workRole institution="14th CPC"/>
      <workRole institution="Central Committee"/>
      <workRole institution="Central Military Commission"/>
    </workRoles>
  </workHistoryEntry>
  <workHistoryEntry startDate="1993" endDate="1998">
    <workRoles>
      <workRole role="Minister"/>
    </workRoles>
  </workHistoryEntry>
  <workHistoryEntry startDate="1992" endDate="1997">
    <workRoles>
      <workRole role="Member"/>
      <workRole institution="14th CPC"/>
      <workRole institution="Central Committee"/>
    </workRoles>
  </workHistoryEntry>
  <workHistoryEntry startDate="1992" endDate="1995">
    <workRoles>
      <workRole role="Member"/>
      <workRole institution="Central Military Commission of the PRC"/>
    </workRoles>
  </workHistoryEntry>
  <workHistoryEntry startDate="1992" endDate="1995">
    <workRoles>
      <workRole role="Member"/>
      <workRole institution="State Council"/>
    </workRoles>
  </workHistoryEntry>
  <workHistoryEntry startDate="1992" endDate="1995">
    <workRoles>
      <workRole role="Member"/>
      <workRole institution="14th CPC"/>
      <workRole institution="Central Committee"/>
      <workRole institution="Central Military Commission"/>
    </workRoles>
  </workHistoryEntry>
  <workHistoryEntry startDate="1987" endDate="1992">
    <workRoles>
      <workRole role="Member"/>
      <workRole institution="13th CPC"/>
      <workRole institution="Central Committee"/>
    </workRoles>
  </workHistoryEntry>
  <workHistoryEntry startDate="1987" endDate="1992">
    <workRoles>
      <workRole role="Chief"/>
      <workRole institution="PLA"/>
      <workRole institution="Headquarters of the General Staff"/>
    </workRoles>
  </workHistoryEntry>
  <workHistoryEntry startDate="1982" endDate="1987">
    <workRoles>
      <workRole role="Member"/>
      <workRole institution="12th CPC"/>
      <workRole institution="Central Committee"/>
    </workRoles>
  </workHistoryEntry>
  <workHistoryEntry startDate="1977" endDate="1982">
    <workRoles>
      <workRole role="Delegate"/>
      <workRole institution="11th CPC"/>
      <workRole institution="National Congress"/>
    </workRoles>
  </workHistoryEntry>
  <workHistoryEntry startDate="1973" endDate="1977">
    <workRoles>
      <workRole role="Deputy Political Commissar"/>
      <workRole institution="PLA"/>
      <workRole institution="Regions"/>
      <workRole institution="Beijing Military Region"/>
    </workRoles>
  </workHistoryEntry>
  <workHistoryEntry startDate="1970" endDate="????">
    <workRoles>
      <workRole role="Deputy Editor-in-Chief"/>
      <workRole institution="People's Daily"/>
    </workRoles>
  </workHistoryEntry>
  <workHistoryEntry startDate="1970" endDate="????">
    <workRoles>
      <workRole role="Leader"/>
      <workRole institution="Liberation Army Daily"/>
    </workRoles>
  </workHistoryEntry>
  <workHistoryEntry startDate="">
    <workRoles>
      <workRole role="Regimental Political Commissar"/>
      <workRole institution="PLA"/>
      <workRole institution="Regions"/>
      <workRole institution="Beijing Military Region"/>
    </workRoles>
  </workHistoryEntry>
  <workHistoryEntry startDate="1969" endDate="1970">
    <workRoles>
      <workRole role="Division Director"/>
      <workRole institution="PLA"/>
      <workRole institution="Regions"/>
      <workRole institution="Beijing Military Region"/>
      <workRole institution="Political Department"/>
    </workRoles>
  </workHistoryEntry>
  <workHistoryEntry startDate="1967" endDate="1972">
    <workRoles>
      <workRole role="Delegate"/>
      <workRole institution="9th CPC"/>
      <workRole institution="National Congress"/>
    </workRoles>
  </workHistoryEntry>
  <workHistoryEntry startDate="">
    <workRoles>
      <workRole role="Deputy Chief"/>
      <workRole institution="PLA"/>
      <workRole institution="Headquarters of the General Staff"/>
    </workRoles>
  </workHistoryEntry>
  <workHistoryEntry startDate="1960" endDate="1966">
    <workRoles>
      <workRole role="Political Commissar"/>
      <workRole institution="PLA"/>
      <workRole institution="Regions"/>
      <workRole institution="Jinan Military Region"/>
    </workRoles>
  </workHistoryEntry>
  <workHistoryEntry startDate="">
    <workRoles>
      <workRole role="Student"/>
      <workRole institution="Military Academy of the Chinese PLA"/>
      <workRole institution="Combination Department"/>
    </workRoles>
  </workHistoryEntry>
  <workHistoryEntry startDate="1958" endDate="1959">
    <workRoles>
      <workRole role="Student"/>
      <workRole institution="PLA High Infantry School"/>
    </workRoles>
  </workHistoryEntry>
  <workHistoryEntry startDate="1955" endDate="1958">
    <workRoles>
      <workRole role="Deputy Director"/>
      <workRole institution="PLA"/>
      <workRole institution="Regimental Political Department"/>
      <workRole institution="Korean War"/>
    </workRoles>
  </workHistoryEntry>
  <workHistoryEntry startDate="1955" endDate="1958">
    <workRoles>
      <workRole role="Battalion Instructor"/>
      <workRole institution="PLA"/>
      <workRole institution="Regimental Political Department"/>
      <workRole institution="Korean War"/>
    </workRoles>
  </workHistoryEntry>
  <workHistoryEntry startDate="1951">
    <workRoles>
      <workRole role="Joined"/>
      <workRole institution="Chinese People's Volunteers"/>
      <workRole institution="Korean War"/>
    </workRoles>
  </workHistoryEntry>
  <workHistoryEntry startDate="">
    <workRoles>
      <workRole role="(Entitled, Third-Class People's Hero of East China)"/>
    </workRoles>
  </workHistoryEntry>
  <workHistoryEntry startDate="">
    <workRoles>
      <workRole role="Participant"/>
      <workRole institution="Shanghai Campaign"/>
    </workRoles>
  </workHistoryEntry>
  <workHistoryEntry startDate="1946" endDate="1949">
    <workRoles>
      <workRole role="Company Instructor"/>
      <workRole institution="PLA"/>
      <workRole institution="Services and Arms"/>
      <workRole institution="Field Army"/>
    </workRoles>
  </workHistoryEntry>
  <workHistoryEntry startDate="">
    <workRoles>
      <workRole role="Graduate"/>
      <workRole institution="Political Academy of the Chinese PLA"/>
    </workRoles>
  </workHistoryEntry>
  <workHistoryEntry startDate="">
    <workRoles>
      <workRole role="Graduate"/>
      <workRole institution="Nanjing Military Academy"/>
      <workRole location="Jiangsu Province"/>
      <workRole location="Nanjing City"/>
    </workRoles>
  </workHistoryEntry>
  <workHistoryEntry startDate="1946">
    <workRoles>
      <workRole role="Joined"/>
      <workRole institution="CPC"/>
    </workRoles>
  </workHistoryEntry>
  <workHistoryEntry startDate="1945">
    <workRoles>
      <workRole role="Joined"/>
      <workRole institution="PLA"/>
    </workRoles>
  </workHistoryEntry>
  <workHistoryEntry startDate="1936">
    <workRoles>
      <workRole role="Graduate"/>
      <workRole institution="Anti-Japanese Military and Political College"/>
    </workRoles>
  </workHistoryEntry>
  <workHistory/>
</biography>
