<?xml version="1.0" encoding="UTF-8"?>
<biography displayName="Chong Quan" nonEnglishName="" sex="male" nationality="Chinese">
  <bioText>Information on this official is limited because China Vitae has not yet prepared a full biographical sketch.</bioText>
  <posts>
    <post description="Vice-Minister, Ministry of Commerce"/>
  </posts>
  <birthLocations/>
  <workHistoryEntry startDate="2010">
    <workRoles>
      <workRole role="Vice-Minister"/>
      <workRole institution="Ministry of Commerce"/>
    </workRoles>
  </workHistoryEntry>
  <workHistory/>
</biography>
