<?xml version="1.0" encoding="UTF-8"?>
<biography birthDate="Hunan Province, Changsha City" fullName="Chou Jifan" displayName="Chou Jifan" nonEnglishName="" sex="male" nationality="Han">
  <bioText>Chou Jifan, male, Han nationality, a native of Changsha, Hunan Province, graduated from the Department of Physics of Beijing University. He was a professor at the Beijing Institute of Meteorology and was elected academician of the Chinese Academy of Sciences in 1993. Chou is an expert on aerology and has done extensive research in weather forecasting.</bioText>
  <posts>
    <post description="Academician of the Chinese Academy of Sciences"/>
  </posts>
  <birthLocations/>
  <workHistoryEntry startDate="1993">
    <workRoles>
      <workRole role="Academician"/>
      <workRole institution="Chinese Academy of Sciences"/>
    </workRoles>
  </workHistoryEntry>
  <workHistoryEntry startDate="">
    <workRoles>
      <workRole role="Professor"/>
      <workRole institution="Beijing Institute of Meteorology"/>
      <workRole location="Beijing Municipality"/>
    </workRoles>
  </workHistoryEntry>
  <workHistoryEntry startDate="1956">
    <workRoles>
      <workRole role="Graduate"/>
      <workRole institution="Beijing University"/>
      <workRole institution="Physics Department"/>
      <workRole location="Beijing Municipality"/>
    </workRoles>
  </workHistoryEntry>
  <workHistory/>
</biography>
