<?xml version="1.0" encoding="UTF-8"?>
<biography displayName="Chu Tunan" nonEnglishName="" sex="male" nationality="Chinese">
  <bioText>Information on this official is limited because China Vitae has not yet prepared a full biographical sketch.</bioText>
  <posts>
    <post description="Vice-Chairman of the 6th Standing Committee of the NPC"/>
  </posts>
  <birthLocations/>
  <workHistoryEntry startDate="1983" endDate="1988">
    <workRoles>
      <workRole role="Vice-Chairman"/>
      <workRole institution="6th Standing Committee of the NPC"/>
    </workRoles>
  </workHistoryEntry>
  <workHistory/>
</biography>
