<?xml version="1.0" encoding="UTF-8"?>
<biography birthDate="1928" fullName="Chu Zhuang" displayName="Chu Zhuang" nonEnglishName="" sex="male" nationality="Han">
  <bioText>Chu Zhuang, male, Han nationality, was born in Harbin City, Heilongjiang Province and his ancestral home is in Wenshan, Yunnan Province. He graduated from North China Associated University. Chu Zhuang is the son of Chu Tunan. In the early part of his career, Chu taught in Hebei Province and served as vice-president of the Shijiazhuang College of Education. Subsequently, he was director of World of Chinese Magazine and Democracy Magazine. He became an executive council member of the Chinese Publishers Association. Chu joined the China Association for Promoting Democracy in 1956, and after many years in Hebei Province, he was elected vice-mayor of Shijiazhuang City. He served as vice-chairman of the 7th-10th China Association for Promoting Democracy Central Committees. Chu Zhuang was a member of the 7th and 8th NPC Standing Committees.</bioText>
  <posts>
    <post description="Vice-Chairman of the 10th Central Committee of the China Association for Promoting Democracy, Member of the Standing Committee of the 9th CPPCC National Committee"/>
  </posts>
  <birthLocations>
    <birthLocation location="Heilongjiang Province"/>
    <birthLocation location="Harbin City"/>
  </birthLocations>
  <workHistoryEntry startDate="2002">
    <workRoles>
      <workRole role="Vice-Chairman"/>
      <workRole institution="9th China Association for Promoting Democracy"/>
      <workRole institution="Central Committee"/>
    </workRoles>
  </workHistoryEntry>
  <workHistoryEntry startDate="1998" endDate="2003">
    <workRoles>
      <workRole role="Member"/>
      <workRole institution="9th CPPCC"/>
      <workRole institution="National Committee"/>
      <workRole institution="Standing Committee"/>
    </workRoles>
  </workHistoryEntry>
  <workHistoryEntry startDate="1998" endDate="2003">
    <workRoles>
      <workRole role="Vice-Chairman"/>
      <workRole institution="CPPCC"/>
      <workRole institution="Subcommittee of Education, Science, Culture, Health and Sports"/>
    </workRoles>
  </workHistoryEntry>
  <workHistoryEntry startDate="1997" endDate="2002">
    <workRoles>
      <workRole role="Vice-Chairman"/>
      <workRole institution="8th China Association for Promoting Democracy"/>
      <workRole institution="Central Committee"/>
    </workRoles>
  </workHistoryEntry>
  <workHistoryEntry startDate="">
    <workRoles>
      <workRole role="Secretary-General"/>
      <workRole institution="China Association for Promoting Democracy"/>
      <workRole institution="City Committee"/>
      <workRole location="Hebei Province"/>
      <workRole location="Shijiazhuang City"/>
    </workRoles>
  </workHistoryEntry>
  <workHistoryEntry startDate="">
    <workRoles>
      <workRole role="Vice-Chairman"/>
      <workRole institution="China Association for Promoting Democracy"/>
      <workRole institution="City Committee"/>
      <workRole location="Hebei Province"/>
      <workRole location="Shijiazhuang City"/>
    </workRoles>
  </workHistoryEntry>
  <workHistoryEntry startDate="1994" endDate="????">
    <workRoles>
      <workRole role="Vice-Chairman"/>
      <workRole institution="China United Front Theory Research Association"/>
    </workRoles>
  </workHistoryEntry>
  <workHistoryEntry startDate="1993" endDate="1998">
    <workRoles>
      <workRole role="Member"/>
      <workRole institution="8th Standing Committee of the NPC"/>
    </workRoles>
  </workHistoryEntry>
  <workHistoryEntry startDate="1992" endDate="1997">
    <workRoles>
      <workRole role="Vice-Chairman"/>
      <workRole institution="7th China Association for Promoting Democracy"/>
      <workRole institution="Central Committee"/>
    </workRoles>
  </workHistoryEntry>
  <workHistoryEntry startDate="1988" endDate="1993">
    <workRoles>
      <workRole role="Member"/>
      <workRole institution="7th Standing Committee of the NPC"/>
    </workRoles>
  </workHistoryEntry>
  <workHistoryEntry startDate="1983" endDate="1988">
    <workRoles>
      <workRole role="Deputy"/>
      <workRole institution="6th NPC"/>
    </workRoles>
  </workHistoryEntry>
  <workHistoryEntry startDate="1982">
    <workRoles>
      <workRole role="Vice-Mayor"/>
      <workRole institution="People's Government"/>
      <workRole location="Hebei Province"/>
      <workRole location="Shijiazhuang City"/>
    </workRoles>
  </workHistoryEntry>
  <workHistoryEntry startDate="1956">
    <workRoles>
      <workRole role="Joined"/>
      <workRole institution="China Association for Promoting Democracy (CAPD)"/>
    </workRoles>
  </workHistoryEntry>
  <workHistoryEntry startDate="">
    <workRoles>
      <workRole role="Executive Council Member"/>
      <workRole institution="Chinese Publishers Association"/>
    </workRoles>
  </workHistoryEntry>
  <workHistoryEntry startDate="">
    <workRoles>
      <workRole role="Vice-Chairman"/>
      <workRole institution="Society for the Promotion of Chinese Culture"/>
    </workRoles>
  </workHistoryEntry>
  <workHistoryEntry startDate="">
    <workRoles>
      <workRole role="Editor-in-Chief"/>
      <workRole institution="World of Chinese Magazine (Huaren Shijie)"/>
    </workRoles>
  </workHistoryEntry>
  <workHistoryEntry startDate="">
    <workRoles>
      <workRole role="Director"/>
      <workRole institution="World of Chinese Magazine (Huaren Shijie)"/>
    </workRoles>
  </workHistoryEntry>
  <workHistoryEntry startDate="">
    <workRoles>
      <workRole role="Vice-President"/>
      <workRole institution="Shijiazhuang College of Education"/>
      <workRole location="Hebei Province"/>
      <workRole location="Shijiazhuang City"/>
    </workRoles>
  </workHistoryEntry>
  <workHistoryEntry startDate="">
    <workRoles>
      <workRole role="Vice-Chairman"/>
      <workRole institution="Federation of Democratic Youth"/>
      <workRole location="Hebei Province"/>
      <workRole location="Shijiazhuang City"/>
    </workRoles>
  </workHistoryEntry>
  <workHistoryEntry startDate="">
    <workRoles>
      <workRole role="Teacher, Middle School"/>
      <workRole location="Hebei Province"/>
      <workRole location="Shijiazhuang City"/>
    </workRoles>
  </workHistoryEntry>
  <workHistoryEntry startDate="1947">
    <workRoles>
      <workRole role="Graduate"/>
      <workRole institution="North China Associated University"/>
      <workRole institution="School of Politics"/>
    </workRoles>
  </workHistoryEntry>
  <workHistoryEntry startDate="1946" endDate="????">
    <workRoles>
      <workRole role="Student"/>
      <workRole institution="Beijing University"/>
      <workRole location="Beijing Municipality"/>
    </workRoles>
  </workHistoryEntry>
  <workHistoryEntry startDate="">
    <workRoles>
      <workRole role="Director"/>
      <workRole institution="Democracy Magazine"/>
    </workRoles>
  </workHistoryEntry>
  <workHistory/>
</biography>
