<?xml version="1.0" encoding="UTF-8"?>
<biography birthDate="1944" fullName="Chu Bo" displayName="Chu Bo" nonEnglishName="" sex="male" nationality="Han">
  <bioText>Chu Bo, male, Han nationality, is a native of Tongcheng, Anhui Province. He was born in 1944, graduated from Tianjin University and joined the CPC in 1969. Chu spent the first 20 years of his career in Hunan Province, where he was mayor of Yueyang City, vice-governor of Hunan Province and deputy secretary of the CPC Hunan Provincial Committee. Chu became governor of Hunan Province in 1999. In 2001, he was transferred to Inner Mongolia as secretary of the CPC Inner Mongolia Autonomous Regional Committee, a position he held until 2009. Chu was an alternate member of the 15th CPC Central Committee and a member of the 16th CPC Central Committee. He is currently a member of the 17th CPC Central Committee and Deputy Director of the Financial and Economic Committee of the NPC.</bioText>
  <posts>
    <post description="Member, 17th CPC, Central Committee"/>
    <post description="Deputy Director, Financial and Economic Committee of the NPC"/>
  </posts>
  <birthLocations>
    <birthLocation location="Anhui Province"/>
    <birthLocation location="Tongcheng"/>
  </birthLocations>
  <workHistoryEntry startDate="2010">
    <workRoles>
      <workRole role="Member"/>
      <workRole institution="11th Standing Committee of the NPC"/>
    </workRoles>
  </workHistoryEntry>
  <workHistoryEntry startDate="2009">
    <workRoles>
      <workRole role="Deputy Director"/>
      <workRole institution="Financial and Economic Committee of the NPC"/>
    </workRoles>
  </workHistoryEntry>
  <workHistoryEntry startDate="2007">
    <workRoles>
      <workRole role="Member"/>
      <workRole institution="17th CPC"/>
      <workRole institution="Central Committee"/>
    </workRoles>
  </workHistoryEntry>
  <workHistoryEntry startDate="2003" endDate="2010">
    <workRoles>
      <workRole role="Chairman"/>
      <workRole institution="Autonomous Regional People's Congress"/>
      <workRole institution="Standing Committee"/>
      <workRole location="Inner Mongolia Autonomous Region"/>
    </workRoles>
  </workHistoryEntry>
  <workHistoryEntry startDate="2002" endDate="2007">
    <workRoles>
      <workRole role="Member"/>
      <workRole institution="16th CPC"/>
      <workRole institution="Central Committee"/>
    </workRoles>
  </workHistoryEntry>
  <workHistoryEntry startDate="2001" endDate="2009">
    <workRoles>
      <workRole role="Secretary"/>
      <workRole institution="CPC"/>
      <workRole institution="Autonomous Regional Committee"/>
      <workRole location="Inner Mongolia Autonomous Region"/>
    </workRoles>
  </workHistoryEntry>
  <workHistoryEntry startDate="2001" endDate="2009">
    <workRoles>
      <workRole role="Member"/>
      <workRole institution="CPC"/>
      <workRole institution="Autonomous Regional Committee"/>
      <workRole institution="Standing Committee"/>
      <workRole location="Inner Mongolia Autonomous Region"/>
    </workRoles>
  </workHistoryEntry>
  <workHistoryEntry startDate="1999" endDate="2001">
    <workRoles>
      <workRole role="Governor"/>
      <workRole institution="People's Government"/>
      <workRole location="Hunan Province"/>
    </workRoles>
  </workHistoryEntry>
  <workHistoryEntry startDate="1998" endDate="2003">
    <workRoles>
      <workRole role="Deputy"/>
      <workRole institution="9th NPC"/>
    </workRoles>
  </workHistoryEntry>
  <workHistoryEntry startDate="1997" endDate="2002">
    <workRoles>
      <workRole role="Alternate Member"/>
      <workRole institution="15th CPC"/>
      <workRole institution="Central Committee"/>
    </workRoles>
  </workHistoryEntry>
  <workHistoryEntry startDate="1994" endDate="2001">
    <workRoles>
      <workRole role="Deputy Secretary"/>
      <workRole institution="CPC"/>
      <workRole institution="Provincial Committee"/>
      <workRole location="Hunan Province"/>
    </workRoles>
  </workHistoryEntry>
  <workHistoryEntry startDate="1993" endDate="1994">
    <workRoles>
      <workRole role="Executive Vice-Governor"/>
      <workRole institution="People's Government"/>
      <workRole location="Hunan Province"/>
    </workRoles>
  </workHistoryEntry>
  <workHistoryEntry startDate="1991" endDate="1999">
    <workRoles>
      <workRole role="Vice-Governor"/>
      <workRole institution="People's Government"/>
      <workRole location="Hunan Province"/>
    </workRoles>
  </workHistoryEntry>
  <workHistoryEntry startDate="1990" endDate="????">
    <workRoles>
      <workRole role="Member"/>
      <workRole institution="CPC"/>
      <workRole institution="Provincial Committee"/>
      <workRole institution="Standing Committee"/>
      <workRole location="Hunan Province"/>
    </workRoles>
  </workHistoryEntry>
  <workHistoryEntry startDate="1990" endDate="1991">
    <workRoles>
      <workRole role="Acting Mayor"/>
      <workRole institution="People's Government"/>
      <workRole location="Hunan Province"/>
      <workRole location="Yueyang City"/>
    </workRoles>
  </workHistoryEntry>
  <workHistoryEntry startDate="1987" endDate="1992">
    <workRoles>
      <workRole role="Delegate"/>
      <workRole institution="13th CPC"/>
      <workRole institution="National Congress"/>
    </workRoles>
  </workHistoryEntry>
  <workHistoryEntry startDate="1986" endDate="1991">
    <workRoles>
      <workRole role="Secretary"/>
      <workRole institution="CPC"/>
      <workRole institution="County Committee"/>
      <workRole location="Hunan Province"/>
      <workRole location="Yueyang County"/>
    </workRoles>
  </workHistoryEntry>
  <workHistoryEntry startDate="1984" endDate="1986">
    <workRoles>
      <workRole role="Deputy Secretary"/>
      <workRole institution="CPC"/>
      <workRole institution="County Committee"/>
      <workRole location="Hunan Province"/>
      <workRole location="Yueyang County"/>
    </workRoles>
  </workHistoryEntry>
  <workHistoryEntry startDate="">
    <workRoles>
      <workRole role="Honorary President"/>
      <workRole institution="Hunan Provincial Merchants Association"/>
    </workRoles>
  </workHistoryEntry>
  <workHistoryEntry startDate="1975" endDate="1984">
    <workRoles>
      <workRole role="Deputy Director"/>
      <workRole institution="Yueyang Chemical Works"/>
      <workRole location="Hunan Province"/>
      <workRole location="Yueyang City"/>
    </workRoles>
  </workHistoryEntry>
  <workHistoryEntry startDate="1975" endDate="1984">
    <workRoles>
      <workRole role="Deputy Secretary"/>
      <workRole institution="Yueyang Chemical Works"/>
      <workRole institution="CPC"/>
      <workRole institution="Party Committee"/>
    </workRoles>
  </workHistoryEntry>
  <workHistoryEntry startDate="1969">
    <workRoles>
      <workRole role="Joined"/>
      <workRole institution="CPC"/>
    </workRoles>
  </workHistoryEntry>
  <workHistoryEntry startDate="1962" endDate="1967">
    <workRoles>
      <workRole role="Student"/>
      <workRole institution="Tianjin University"/>
      <workRole institution="Hydraulic Engineering Department"/>
      <workRole location="Tianjin Municipality"/>
    </workRoles>
  </workHistoryEntry>
  <workHistory/>
</biography>
