<?xml version="1.0" encoding="UTF-8"?>
<biography birthDate="1957" fullName="Chui Sai was born in 1957" displayName="Chui Sai On (Fernando Chui)" nonEnglishName="" sex="male" nationality="studied abroad in the United States. He obtained a BA in health management at California State University and an MA and PhD in public health from Oklahoma State University. Before the return of Macao to China">
  <bioText>Chui Sai was born in 1957, Macau. He graduated from Lingnan Middle School, studied abroad in the United States. He obtained a BA in health management at California State University and an MA and PhD in public health from Oklahoma State University. Before the return of Macao to China, Chui Sai was principal of Jingping School and Jingping Professional Development Center. He also joined a number of social service organizations in Macao. He served as a member of the Legislative Council of Macao, and of the Selection Committee for the first government of Macao SAR. After the establishment of the Macao Special Administrative Region, Chui Sai served as Secretary of the Social Affairs and Culture Department as well as in other positions. He is member of first session of the Executive Council of the Macau SAR Government. In August 2009, he became the third Chief Executive of the Macao Special Administrative Region. Chief Executive.</bioText>
  <posts>
    <post description="Chief Executive, Central People's Government, Macao SAR"/>
  </posts>
  <birthLocations>
    <birthLocation location="Macao SAR"/>
  </birthLocations>
  <workHistoryEntry startDate="2009">
    <workRoles>
      <workRole role="Chief Executive"/>
      <workRole institution="Central People's Government"/>
      <workRole location="Macao SAR"/>
    </workRoles>
  </workHistoryEntry>
  <workHistoryEntry startDate="1999" endDate="2009">
    <workRoles>
      <workRole role="Secretary"/>
      <workRole institution="Central People's Government"/>
      <workRole institution="Social Affairs and Culture Department"/>
      <workRole location="Macao SAR"/>
    </workRoles>
  </workHistoryEntry>
  <workHistoryEntry startDate="">
    <workRoles>
      <workRole role="Member"/>
      <workRole institution="Central People's Government"/>
      <workRole institution="Executive Council"/>
      <workRole location="Macao SAR"/>
    </workRoles>
  </workHistoryEntry>
  <workHistoryEntry startDate="">
    <workRoles>
      <workRole role="Member"/>
      <workRole institution="Macao SAR Preparatory Committee"/>
    </workRoles>
  </workHistoryEntry>
  <workHistoryEntry startDate="">
    <workRoles>
      <workRole role="Member"/>
      <workRole institution="Central People's Government"/>
      <workRole institution="Legislative Council"/>
      <workRole location="Macao SAR"/>
    </workRoles>
  </workHistoryEntry>
  <workHistoryEntry startDate="">
    <workRoles>
      <workRole role="Graduate"/>
      <workRole institution="University of Oklahoma"/>
      <workRole location="United States of America"/>
      <workRole location="Oklahoma"/>
      <workRole location="Norman"/>
    </workRoles>
  </workHistoryEntry>
  <workHistoryEntry startDate="">
    <workRoles>
      <workRole role="Graduate"/>
      <workRole institution="California State University"/>
      <workRole location="USA"/>
      <workRole location="California"/>
      <workRole location="Sacramento"/>
    </workRoles>
  </workHistoryEntry>
  <workHistory/>
</biography>
