<?xml version="1.0" encoding="UTF-8"?>
<biography birthDate="1957" fullName="Cong Bin" displayName="Cong Bin" nonEnglishName="" sex="male" nationality="Han">
  <bioText>Cong Bin, male, Han nationality, is a native of Wendeng, Shandong province. He was born in 1957, and he is a member of the Jiu San Society. He graduated from Heibei Medical Sciences University with the major of pathophysiology, and started to work in 1974. Cong is a doctor of medicine, professor, and tutor of doctors. Cong Bin has held leading posts at Hebei Medical College and Hebei Medical Sciences University, where he served as dean of the graduate college until 2002. He was chairman of the Jiu San Society of the Hebei provincial committee.</bioText>
  <posts>
    <post description="Chairman of the Jiu San Society of the Hebei Provincial Committee"/>
  </posts>
  <birthLocations>
    <birthLocation location="Shandong Province"/>
    <birthLocation location="Wendeng City"/>
  </birthLocations>
  <workHistoryEntry startDate="2002">
    <workRoles>
      <workRole role="Chairman"/>
      <workRole institution="Jiusan Society"/>
      <workRole institution="Provincial Committee"/>
      <workRole location="Hebei Province"/>
    </workRoles>
  </workHistoryEntry>
  <workHistoryEntry startDate="2000" endDate="2002">
    <workRoles>
      <workRole role="Vice-Chairman"/>
      <workRole institution="Jiusan Society"/>
      <workRole institution="Provincial Committee"/>
      <workRole location="Hebei Province"/>
    </workRoles>
  </workHistoryEntry>
  <workHistoryEntry startDate="1989" endDate="1995">
    <workRoles>
      <workRole role="Adjunct Professor"/>
      <workRole institution="Hebei Medical University"/>
      <workRole location="Hebei Province"/>
      <workRole location="Shijiazhuang City"/>
    </workRoles>
  </workHistoryEntry>
  <workHistoryEntry startDate="1986" endDate="1989">
    <workRoles>
      <workRole role="Graduate"/>
      <workRole institution="Xi'an Medical Sciences University"/>
      <workRole institution="Medical Department"/>
      <workRole location="Shaanxi Province"/>
      <workRole location="Xi'an City"/>
    </workRoles>
  </workHistoryEntry>
  <workHistoryEntry startDate="1983" endDate="1986">
    <workRoles>
      <workRole role="Clerk"/>
      <workRole institution="Hebei Medical University"/>
      <workRole institution="CPC"/>
      <workRole institution="Party Committee"/>
      <workRole institution="Propaganda Department"/>
      <workRole location="Hebei Province"/>
      <workRole location="Shijiazhuang City"/>
    </workRoles>
  </workHistoryEntry>
  <workHistoryEntry startDate="1983" endDate="1986">
    <workRoles>
      <workRole role="Teacher"/>
      <workRole institution="Hebei Medical University"/>
      <workRole location="Hebei Province"/>
      <workRole location="Shijiazhuang City"/>
    </workRoles>
  </workHistoryEntry>
  <workHistoryEntry startDate="1978" endDate="1983">
    <workRoles>
      <workRole role="Student"/>
      <workRole institution="Hebei Medical University"/>
      <workRole institution="Medical College"/>
      <workRole location="Hebei Province"/>
      <workRole location="Shijiazhuang City"/>
    </workRoles>
  </workHistoryEntry>
  <workHistoryEntry startDate="1974" endDate="1978">
    <workRoles>
      <workRole role="Sanitation Worker"/>
      <workRole institution="Production and Construction Corps"/>
      <workRole location="Heilongjiang Province"/>
    </workRoles>
  </workHistoryEntry>
  <workHistory/>
</biography>
