<?xml version="1.0" encoding="UTF-8"?>
<biography birthDate="1946" fullName="Cui Junhui" displayName="Cui Junhui" nonEnglishName="" sex="male" nationality="Han">
  <bioText>Cui Junhui, male, Han nationality, is a native of Fanxian County, Henan province. He was born in 1946, joined the CPC in 1975, and graduated from the Party school. Cui served as deputy director of the Shandong Provincial Taxation Bureau prior to becoming deputy director of the State Administration of Taxation in 2000.</bioText>
  <posts>
    <post description="Former Deputy Director of the State Administration of Taxation"/>
  </posts>
  <birthLocations>
    <birthLocation location="Henan Province"/>
    <birthLocation location="Fanxian County"/>
  </birthLocations>
  <workHistoryEntry startDate="2000" endDate="2007">
    <workRoles>
      <workRole role="Deputy Director"/>
      <workRole institution="State Administration of Taxation"/>
    </workRoles>
  </workHistoryEntry>
  <workHistoryEntry startDate="">
    <workRoles>
      <workRole role="Director"/>
      <workRole institution="Taxation Bureau"/>
      <workRole location="Shandong Province"/>
    </workRoles>
  </workHistoryEntry>
  <workHistoryEntry startDate="">
    <workRoles>
      <workRole role="Deputy Director"/>
      <workRole institution="Taxation Bureau"/>
      <workRole location="Shandong Province"/>
    </workRoles>
  </workHistoryEntry>
  <workHistoryEntry startDate="">
    <workRoles>
      <workRole role="Deputy Director"/>
      <workRole institution="Finance Bureau"/>
      <workRole location="Tibet Autonomous Region"/>
      <workRole location="Xigaze Prefecture"/>
    </workRoles>
  </workHistoryEntry>
  <workHistoryEntry startDate="">
    <workRoles>
      <workRole role="Deputy Division Chief"/>
      <workRole institution="Finance Department"/>
      <workRole location="Shandong Province"/>
    </workRoles>
  </workHistoryEntry>
  <workHistoryEntry startDate="">
    <workRoles>
      <workRole role="Postgraduate Student"/>
      <workRole institution="CPC"/>
      <workRole institution="Central Committee"/>
      <workRole institution="Central Party School"/>
    </workRoles>
  </workHistoryEntry>
  <workHistoryEntry startDate="1975">
    <workRoles>
      <workRole role="Joined"/>
      <workRole institution="CPC"/>
    </workRoles>
  </workHistoryEntry>
  <workHistory/>
</biography>
