<?xml version="1.0" encoding="UTF-8"?>
<biography birthDate="1950" fullName="Cui Jizhe" displayName="Cui Jizhe" nonEnglishName="" sex="male" nationality="Han">
  <bioText>Cui Jizhe, male, Han nationality, is a native of Xiao County, Anhui province. He was born in 1950, joined the CPC in 1986, and graduated from the Chinese Department of Nankai University. Cui worked at the Shanxi Branch of the Xinhua News Agency and served as reporter and deputy director of the Editorial Department, and vice-president and deputy secretary of the Leading Party Group. He is a senior reporter. He is currently serving as vice-president of the Xinhua News Agency.</bioText>
  <posts>
    <post description="Vice-President, Xinhua News Agency"/>
  </posts>
  <birthLocations>
    <birthLocation location="Anhui Province"/>
    <birthLocation location="Xiao County"/>
  </birthLocations>
  <workHistoryEntry startDate="2005">
    <workRoles>
      <workRole role="Vice-President"/>
      <workRole institution="Xinhua News Agency"/>
    </workRoles>
  </workHistoryEntry>
  <workHistoryEntry startDate="2003" endDate="2005">
    <workRoles>
      <workRole role="Deputy Secretary-General"/>
      <workRole institution="Xinhua News Agency"/>
    </workRoles>
  </workHistoryEntry>
  <workHistoryEntry startDate="1998" endDate="2003">
    <workRoles>
      <workRole role="Director"/>
      <workRole institution="Xinhua News Agency"/>
      <workRole institution="Personnel Department"/>
    </workRoles>
  </workHistoryEntry>
  <workHistoryEntry startDate="1998" endDate="2003">
    <workRoles>
      <workRole role="Secretary"/>
      <workRole institution="Xinhua News Agency"/>
      <workRole institution="CPC"/>
      <workRole institution="Party Committee"/>
    </workRoles>
  </workHistoryEntry>
  <workHistoryEntry startDate="1995" endDate="1998">
    <workRoles>
      <workRole role="Secretary"/>
      <workRole institution="Xinhua News Agency"/>
      <workRole institution="Shanxi Bureau"/>
      <workRole institution="CPC"/>
      <workRole institution="Leading Party Group"/>
    </workRoles>
  </workHistoryEntry>
  <workHistoryEntry startDate="1986">
    <workRoles>
      <workRole role="Joined"/>
      <workRole institution="CPC"/>
    </workRoles>
  </workHistoryEntry>
  <workHistory/>
</biography>
