<?xml version="1.0" encoding="UTF-8"?>
<biography birthDate="1960" fullName="Cui Xiliang" displayName="Cui Xiliang" nonEnglishName="" sex="male" nationality="Han">
  <bioText>Cui Xiliang, male, Han nationality, is a native of Jilin province. He was born in 1960, and received a doctorate from the Chinese department of Beijing University. He is a professor and doctorial tutor of linguistics. He was appointed president of Beijing Language and Culture University in 2005.</bioText>
  <posts>
    <post description="President of Beijing Language and Culture University"/>
  </posts>
  <birthLocations>
    <birthLocation location="Jilin Province"/>
  </birthLocations>
  <workHistoryEntry startDate="2005">
    <workRoles>
      <workRole role="President"/>
      <workRole institution="Beijing Language and Culture University"/>
      <workRole location="Beijing Municipality"/>
    </workRoles>
  </workHistoryEntry>
  <workHistoryEntry startDate="">
    <workRoles>
      <workRole role="Vice-President"/>
      <workRole institution="Beijing Language and Culture University"/>
      <workRole location="Beijing Municipality"/>
    </workRoles>
  </workHistoryEntry>
  <workHistoryEntry startDate="">
    <workRoles>
      <workRole role="Deputy Director"/>
      <workRole institution="Beijing Language and Culture University"/>
      <workRole institution="Chinese as a Second Language Center"/>
      <workRole location="Beijing Municipality"/>
    </workRoles>
  </workHistoryEntry>
  <workHistoryEntry startDate="">
    <workRoles>
      <workRole role="Deputy Dean"/>
      <workRole institution="Beijing Language and Culture University"/>
      <workRole institution="Chinese Department"/>
      <workRole location="Beijing Municipality"/>
    </workRoles>
  </workHistoryEntry>
  <workHistoryEntry startDate="">
    <workRoles>
      <workRole role="Member"/>
      <workRole institution="China Language Society"/>
      <workRole institution="Standing Committee"/>
    </workRoles>
  </workHistoryEntry>
  <workHistoryEntry startDate="">
    <workRoles>
      <workRole role="Secretary-General"/>
      <workRole institution="International Society for Chinese Language Teaching"/>
    </workRoles>
  </workHistoryEntry>
  <workHistoryEntry startDate="">
    <workRoles>
      <workRole role="Graduate"/>
      <workRole institution="Beijing University"/>
      <workRole institution="Chinese Department"/>
      <workRole location="Beijing Municipality"/>
    </workRoles>
  </workHistoryEntry>
  <workHistory/>
</biography>
