<?xml version="1.0" encoding="UTF-8"?>
<biography birthDate="1958" fullName="Cui Li" displayName="Cui Li" nonEnglishName="" sex="female" nationality="Han Nationality">
  <bioText>Cui Li, female, Han Nationality, was born in 1958 and is a native of Liaoning Province. She graduated from the Metal Materials Department of Northeastern University in 1982 and Graduated from the Engineering Management Department of Dalian University of Technology in 1993. She is now Deputy Director of the State Population and Family Planning Commission.</bioText>
  <posts>
    <post description="Deputy Director, National Population and Family Planning Commission"/>
  </posts>
  <birthLocations>
    <birthLocation location="Liaoning Province"/>
  </birthLocations>
  <workHistoryEntry startDate="2009">
    <workRoles>
      <workRole role="Deputy Director"/>
      <workRole institution="National Population and Family Planning Commission"/>
    </workRoles>
  </workHistoryEntry>
  <workHistory/>
</biography>
