<?xml version="1.0" encoding="UTF-8"?>
<biography birthDate="1952" fullName="Cui Tiankai" displayName="Cui Tiankai" nonEnglishName="" sex="male" nationality="was born in 1952. He is a native of Ningbo">
  <bioText>Cui Tiankai, male, was born in 1952. He is a native of Ningbo, Zhejiang Province. Majored in School of Foreign Languages of East China Normal University. Postgraduate from School of Advanced International Studies of Johns Hopkins University. Master of Public Administration. Now he is Vice-Minister of the Ministry of Foreign Affairs.</bioText>
  <posts>
    <post description="Vice-Minister, Ministry of Foreign Affairs"/>
  </posts>
  <birthLocations>
    <birthLocation location="Shanghai Municipality"/>
  </birthLocations>
  <workHistoryEntry startDate="2010">
    <workRoles>
      <workRole role="Vice-Minister"/>
      <workRole institution="Ministry of Foreign Affairs"/>
    </workRoles>
  </workHistoryEntry>
  <workHistoryEntry startDate="2007" endDate="2009">
    <workRoles>
      <workRole role="Ambassador"/>
      <workRole institution="Chinese Embassy"/>
      <workRole location="Japan"/>
      <workRole location="Tokyo"/>
    </workRoles>
  </workHistoryEntry>
  <workHistoryEntry startDate="2006" endDate="2007">
    <workRoles>
      <workRole role="Assistant Minister"/>
      <workRole institution="Ministry of Foreign Affairs"/>
    </workRoles>
  </workHistoryEntry>
  <workHistoryEntry startDate="2003" endDate="2006">
    <workRoles>
      <workRole role="Director"/>
      <workRole institution="Ministry of Foreign Affairs"/>
      <workRole institution="Asian Affairs Department"/>
    </workRoles>
  </workHistoryEntry>
  <workHistoryEntry startDate="2001" endDate="2003">
    <workRoles>
      <workRole role="Director"/>
      <workRole institution="Ministry of Foreign Affairs"/>
      <workRole institution="Policy Research Office"/>
    </workRoles>
  </workHistoryEntry>
  <workHistoryEntry startDate="1999" endDate="2001">
    <workRoles>
      <workRole role="Deputy Director"/>
      <workRole institution="Ministry of Foreign Affairs"/>
      <workRole institution="Policy Research Office"/>
    </workRoles>
  </workHistoryEntry>
  <workHistoryEntry startDate="1997" endDate="1999">
    <workRoles>
      <workRole role="Counselor"/>
      <workRole institution="Permanent Mission of the PRC to the United Nations"/>
    </workRoles>
  </workHistoryEntry>
  <workHistoryEntry startDate="1996" endDate="1997">
    <workRoles>
      <workRole role="Spokesperson"/>
      <workRole institution="Ministry of Foreign Affairs"/>
    </workRoles>
  </workHistoryEntry>
  <workHistoryEntry startDate="1996" endDate="1997">
    <workRoles>
      <workRole role="Deputy Director"/>
      <workRole institution="Ministry of Foreign Affairs"/>
      <workRole institution="Information Department"/>
    </workRoles>
  </workHistoryEntry>
  <workHistoryEntry startDate="1988" endDate="1996">
    <workRoles>
      <workRole role="Head"/>
      <workRole institution="Ministry of Foreign Affairs"/>
      <workRole institution="International Organizations and Conferences Department"/>
    </workRoles>
  </workHistoryEntry>
  <workHistoryEntry startDate="1986" endDate="1987">
    <workRoles>
      <workRole role="Postgraduate"/>
      <workRole institution="Johns Hopkins University"/>
      <workRole institution="School of Advanced International Studies (SAIS)"/>
      <workRole location="USA"/>
      <workRole location="Washington D.C."/>
    </workRoles>
  </workHistoryEntry>
  <workHistoryEntry startDate="1984" endDate="1986">
    <workRoles>
      <workRole role="Third Secretary"/>
      <workRole institution="Ministry of Foreign Affairs"/>
      <workRole institution="International Organizations and Conferences Department"/>
    </workRoles>
  </workHistoryEntry>
  <workHistoryEntry startDate="1981" endDate="1984">
    <workRoles>
      <workRole role="Interpreter"/>
      <workRole institution="United Nations"/>
      <workRole institution="Secretariat"/>
      <workRole location="USA"/>
      <workRole location="New York"/>
      <workRole location="New York"/>
    </workRoles>
  </workHistoryEntry>
  <workHistoryEntry startDate="1979" endDate="1981">
    <workRoles>
      <workRole role="Student"/>
      <workRole institution="Beijing Foreign Studies University"/>
      <workRole location="Beijing Municipality"/>
    </workRoles>
  </workHistoryEntry>
  <workHistoryEntry startDate="1974" endDate="1979">
    <workRoles>
      <workRole role="Student"/>
      <workRole institution="East China Normal University"/>
      <workRole institution="School of Foreign Languages"/>
      <workRole location="Shanghai Municipality"/>
    </workRoles>
  </workHistoryEntry>
  <workHistory/>
</biography>
