<?xml version="1.0" encoding="UTF-8"?>
<biography birthDate="1925" fullName="Cui Kun" displayName="Cui Kun" nonEnglishName="" sex="male" nationality="Han">
  <bioText>Cui Kun, male, Han nationality, is a native of Jinan, Shandong province. He was born in 1925, graduated from Wuhan University in 1948, and received his master's degree from the Harbin Institute of Technology in 1954.Cui Kun developed a series of new molding steel with high performances and made several contributions to the domestication of mould materials and the development of the new steel types in China. Cui researched an alloy theory of steel, the new mould steel and metal pottery. He sponsored the research and development of many kinds of new mould steel, two of which have been confirmed to meet the national tool steel standard "GB1299-85". Cui won three national invention prizes, including the 3rd-class invention award in 1981 for the "niobium-containing matrix steel", the 2nd-class award in 1985 for the "free-cutting precision mould steel", and the 4th-class award in 1991 for the "high-ductility free-cutting plastic mould steel". He has also published over 240 dissertations in different academic periodicals and sponsored the compilation of the trial teaching book of Steel Materials and Non-Ferrous Metal Materials published by Mechanical Industry Publishing House in 1981. Cui is an academician of the Chinese Academy of Engineering.</bioText>
  <posts>
    <post description="Academician of the Chinese Academy of Engineering"/>
  </posts>
  <birthLocations>
    <birthLocation location="Shandong Province"/>
    <birthLocation location="Jinan City"/>
  </birthLocations>
  <workHistoryEntry startDate="1991">
    <workRoles>
      <workRole role="(Winner, National May 1st Labor Medal)"/>
    </workRoles>
  </workHistoryEntry>
  <workHistoryEntry startDate="1991">
    <workRoles>
      <workRole role="(Winner, 4th-class Award)"/>
    </workRoles>
  </workHistoryEntry>
  <workHistoryEntry startDate="1985">
    <workRoles>
      <workRole role="(Winner, 2nd-class Award)"/>
    </workRoles>
  </workHistoryEntry>
  <workHistoryEntry startDate="1981">
    <workRoles>
      <workRole role="(Winner, 3rd-class Invention Award)"/>
    </workRoles>
  </workHistoryEntry>
  <workHistoryEntry startDate="1981" endDate="????">
    <workRoles>
      <workRole role="Doctoral Supervisor"/>
      <workRole institution="Huazhong Institute of Technology"/>
      <workRole location="Hubei Province"/>
      <workRole location="Wuhan City"/>
    </workRoles>
  </workHistoryEntry>
  <workHistoryEntry startDate="1978" endDate="????">
    <workRoles>
      <workRole role="Professor"/>
      <workRole institution="Huazhong Institute of Technology"/>
      <workRole location="Hubei Province"/>
      <workRole location="Wuhan City"/>
    </workRoles>
  </workHistoryEntry>
  <workHistoryEntry startDate="1962" endDate="1978">
    <workRoles>
      <workRole role="Associate Professor"/>
      <workRole institution="Huazhong Institute of Technology"/>
      <workRole location="Hubei Province"/>
      <workRole location="Wuhan City"/>
    </workRoles>
  </workHistoryEntry>
  <workHistoryEntry startDate="1954">
    <workRoles>
      <workRole role="Graduate"/>
      <workRole institution="Harbin Institute of Technology"/>
    </workRoles>
  </workHistoryEntry>
  <workHistoryEntry startDate="1948">
    <workRoles>
      <workRole role="Graduate"/>
      <workRole institution="Wuhan University"/>
      <workRole institution="Mechanics Department"/>
      <workRole location="Hubei Province"/>
      <workRole location="Wuhan City"/>
    </workRoles>
  </workHistoryEntry>
  <workHistory/>
</biography>
