<?xml version="1.0" encoding="UTF-8"?>
<biography birthDate="Anhui Province, Huaiyuan" fullName="Cui Hairong" displayName="Cui Hairong" nonEnglishName="" sex="male" nationality="Han">
  <bioText>Cui Hairong, male, Han nationality, is a native of County Huaiyuan, Anhui Province. He joined the PLA in 1972. Cui graduated from Ningxia Institute of Education, Department of Chinese, and then studied in Shaanxi Normal University, also Department of Chinese. He served in Inner Mongolia Autonomous Region and Ningxia Hui Autonomous Region for many years. In 2009, he was appointed as Deputy Director of National Bureau of Corruption Prevention.</bioText>
  <posts>
    <post description="Deputy Director, National Bureau of Corruption Prevention"/>
  </posts>
  <birthLocations/>
  <workHistoryEntry startDate="2009">
    <workRoles>
      <workRole role="Deputy Director"/>
      <workRole institution="National Bureau of Corruption Prevention"/>
    </workRoles>
  </workHistoryEntry>
  <workHistoryEntry startDate="">
    <workRoles>
      <workRole role="Director"/>
      <workRole institution="CPC"/>
      <workRole institution="Autonomous Regional Committee"/>
      <workRole institution="Commission for Discipline Inspection"/>
      <workRole location="Ningxia Hui Autonomous Region"/>
    </workRoles>
  </workHistoryEntry>
  <workHistoryEntry startDate="">
    <workRoles>
      <workRole role="Secretary-General"/>
      <workRole institution="CPC"/>
      <workRole institution="Autonomous Regional Committee"/>
      <workRole institution="Commission for Discipline Inspection"/>
      <workRole location="Ningxia Hui Autonomous Region"/>
    </workRoles>
  </workHistoryEntry>
  <workHistoryEntry startDate="">
    <workRoles>
      <workRole role="Deputy Director"/>
      <workRole institution="CPC"/>
      <workRole institution="Central Committee"/>
      <workRole institution="Central Commission for Discipline Inspection"/>
      <workRole institution="Publicity and Education Center"/>
    </workRoles>
  </workHistoryEntry>
  <workHistoryEntry startDate="">
    <workRoles>
      <workRole role="Director"/>
      <workRole institution="CPC"/>
      <workRole institution="Central Committee"/>
      <workRole institution="Central Commission for Discipline Inspection"/>
      <workRole institution="Beidaihe Training Center"/>
    </workRoles>
  </workHistoryEntry>
  <workHistoryEntry startDate="">
    <workRoles>
      <workRole role="Director"/>
      <workRole institution="CPC"/>
      <workRole institution="Central Committee"/>
      <workRole institution="Central Commission for Discipline Inspection"/>
      <workRole institution="No.4 Office"/>
    </workRoles>
  </workHistoryEntry>
  <workHistoryEntry startDate="1972">
    <workRoles>
      <workRole role="Joined"/>
      <workRole institution="PLA"/>
    </workRoles>
  </workHistoryEntry>
  <workHistory/>
</biography>
