<?xml version="1.0" encoding="UTF-8"?>
<biography birthDate="Shandong Province, Jinan City" fullName="Cui Erjie" displayName="Cui Erjie" nonEnglishName="" sex="male" nationality="Han">
  <bioText>Cui Erjie, male, Han nationality, is a native of Jinan, Shangdong Province. His ancestral home is in Gaoyang, Hebei Province. He graduated from Beijing Aviation College in 1959. Cui is a leading researcher in uplift aerocrafts using fluid control. He established, and developed, a new analytical method of aerodynamic flexibility of aircrafts with by creating a complicated-shaped aircraft. He also proposed the framework of "ground domino effect atmosphere-hydrodynamics" and explored the applied study of wind engineer and industrial aerodynamics. Cui created innovations in structural-resulted libration, aerodynamic flexibility of dissolute power, and physical fluid. Cui is a member of the Chinese Academy of Sciences.</bioText>
  <posts>
    <post description="Specialist in Aerodynamics"/>
  </posts>
  <birthLocations/>
  <workHistoryEntry startDate="">
    <workRoles>
      <workRole role="Researcher"/>
      <workRole institution="Beijing Aerodynamics Institute"/>
      <workRole location="Beijing Municipality"/>
    </workRoles>
  </workHistoryEntry>
  <workHistoryEntry startDate="1999">
    <workRoles>
      <workRole role="Member"/>
      <workRole institution="Chinese Academy of Sciences"/>
    </workRoles>
  </workHistoryEntry>
  <workHistoryEntry startDate="1959">
    <workRoles>
      <workRole role="Graduate"/>
      <workRole institution="Beijing Aviation College"/>
      <workRole institution="Aerodynamics Department"/>
      <workRole location="Beijing Municipality"/>
    </workRoles>
  </workHistoryEntry>
  <workHistory/>
</biography>
