<?xml version="1.0" encoding="UTF-8"?>
<biography birthDate="1958" fullName="CuiYuying" displayName="Cui Yuying" nonEnglishName="" sex="female" nationality="Tibetan Nationality">
  <bioText>CuiYuying, female, Tibetan Nationality, is a native of Changle County, Shandong Province. She was born in 1958, entered the work force in 1975, joined the CPC in 1980, and graduated from Tibet Agricultural and Animal Husbandry College with Bachelor Degree in 1982. From 2006 to 2011, she was Director of Publicity Department of CPC Tibet Autonomous Regional Committee. Since December 2011, she is Deputy Director of the Central Office for Overseas Publicity and in 2012 she became Deputy Director of the Information Office of the State Council.</bioText>
  <posts>
    <post description="Deputy Director, Information Office of the State Council"/>
  </posts>
  <birthLocations>
    <birthLocation location="Shandong Province"/>
    <birthLocation location="Changle County"/>
  </birthLocations>
  <workHistoryEntry startDate="2012">
    <workRoles>
      <workRole role="Deputy Director"/>
      <workRole institution="Information Office of the State Council"/>
    </workRoles>
  </workHistoryEntry>
  <workHistoryEntry startDate="2011">
    <workRoles>
      <workRole role="Deputy Director"/>
      <workRole institution="Information Office of the State Council"/>
      <workRole institution="Central Office for Overseas Publicity"/>
    </workRoles>
  </workHistoryEntry>
  <workHistoryEntry startDate="2006" endDate="2011">
    <workRoles>
      <workRole role="Director"/>
      <workRole institution="CPC"/>
      <workRole institution="Autonomous Regional Committee"/>
      <workRole institution="Publicity Department"/>
      <workRole location="Tibet Autonomous Region"/>
    </workRoles>
  </workHistoryEntry>
  <workHistoryEntry startDate="2002" endDate="2006">
    <workRoles>
      <workRole role="Vice-Chairman"/>
      <workRole institution="Autonomous Region People's Government"/>
      <workRole location="Tibet Autonomous Region"/>
    </workRoles>
  </workHistoryEntry>
  <workHistoryEntry startDate="2002" endDate="2004">
    <workRoles>
      <workRole role="Student"/>
      <workRole institution="CPC"/>
      <workRole institution="Central Committee"/>
      <workRole institution="Central Party School"/>
    </workRoles>
  </workHistoryEntry>
  <workHistoryEntry startDate="1999" endDate="2002">
    <workRoles>
      <workRole role="General Manager"/>
      <workRole institution="People's Insurance Company of China"/>
      <workRole institution="Tibet Branch"/>
      <workRole location="Tibet Autonomous Region"/>
    </workRoles>
  </workHistoryEntry>
  <workHistoryEntry startDate="1999" endDate="2000">
    <workRoles>
      <workRole role="Secretary"/>
      <workRole institution="People's Insurance Company of China"/>
      <workRole institution="Tibet Branch"/>
      <workRole institution="CPC"/>
      <workRole institution="Party Committee"/>
      <workRole location="Tibet Autonomous Region"/>
    </workRoles>
  </workHistoryEntry>
  <workHistoryEntry startDate="1997" endDate="1999">
    <workRoles>
      <workRole role="Deputy Secretary"/>
      <workRole institution="People's Insurance Company of China"/>
      <workRole institution="Tibet Branch"/>
      <workRole institution="CPC"/>
      <workRole institution="Party Committee"/>
      <workRole location="Tibet Autonomous Region"/>
    </workRoles>
  </workHistoryEntry>
  <workHistoryEntry startDate="1996" endDate="1997">
    <workRoles>
      <workRole role="Deputy Secretary"/>
      <workRole institution="People's Insurance Company of China"/>
      <workRole institution="Tibet Branch"/>
      <workRole institution="CPC"/>
      <workRole institution="Leading Party Group"/>
      <workRole location="Tibet Autonomous Region"/>
    </workRoles>
  </workHistoryEntry>
  <workHistoryEntry startDate="1996" endDate="1999">
    <workRoles>
      <workRole role="Deputy General Manager"/>
      <workRole institution="People's Insurance Company of China"/>
      <workRole institution="Tibet Branch"/>
      <workRole location="Tibet Autonomous Region"/>
    </workRoles>
  </workHistoryEntry>
  <workHistoryEntry startDate="1995" endDate="1996">
    <workRoles>
      <workRole role="Director"/>
      <workRole institution="People's Insurance Company of China"/>
      <workRole institution="Tibet Branch"/>
      <workRole institution="Vehicle Insurance Division"/>
      <workRole location="Tibet Autonomous Region"/>
    </workRoles>
  </workHistoryEntry>
  <workHistoryEntry startDate="1992" endDate="1995">
    <workRoles>
      <workRole role="Assistant Director"/>
      <workRole institution="People's Insurance Company of China"/>
      <workRole institution="Tibet Branch"/>
      <workRole institution="Business Division"/>
      <workRole location="Tibet Autonomous Region"/>
    </workRoles>
  </workHistoryEntry>
  <workHistoryEntry startDate="1987" endDate="1992">
    <workRoles>
      <workRole role="Staff Member"/>
      <workRole institution="People's Insurance Company of China"/>
      <workRole institution="Tibet Branch"/>
      <workRole institution="Business Division"/>
      <workRole location="Tibet Autonomous Region"/>
    </workRoles>
  </workHistoryEntry>
  <workHistoryEntry startDate="1986" endDate="1987">
    <workRoles>
      <workRole role="Cadre"/>
      <workRole institution="Economic Committee"/>
      <workRole location="Tibet Autonomous Region"/>
    </workRoles>
  </workHistoryEntry>
  <workHistoryEntry startDate="1982" endDate="1985">
    <workRoles>
      <workRole role="Teacher"/>
      <workRole institution="Tibet Agricultural and Animal Husbandry College"/>
      <workRole location="Tibet Autonomous Region"/>
    </workRoles>
  </workHistoryEntry>
  <workHistoryEntry startDate="1978" endDate="1982">
    <workRoles>
      <workRole role="Student"/>
      <workRole institution="Tibet Agricultural and Animal Husbandry College"/>
      <workRole location="Tibet Autonomous Region"/>
    </workRoles>
  </workHistoryEntry>
  <workHistory/>
</biography>
