<?xml version="1.0" encoding="UTF-8"?>
<biography birthDate="Yunnan Province, Kunming City" fullName="Dai Ruwei" displayName="Dai Ruwei" nonEnglishName="" sex="male" nationality="Han">
  <bioText>Dai Ruwei, male, Han nationality, is a native of Kunming, Yunnan Province. He graduated from Beijing University in 1955. Dai has been engaged in the research of engineering control theory and optimization control theory since the 1950s. He took the lead in China by proposing, and carrying out, the pattern recognition discipline in the 1970s. In 1981, Dai organically combined statistical pattern recognition and syntax pattern recognition and formed new a recognition method of semantics and syntax pattern. Dai also conducted research on the application of an artificial neural network through studying conducted pattern recognition and associated memory and visualized thinking. He provided a unified model integrating pattern description and knowledge expression and further put forward a knowledge system design combining various models, such as physical mark processing, qualitative physics, visualized knowledge and artificial neural network.</bioText>
  <posts>
    <post description="Expert on Control Theory and Artificial Intelligence"/>
  </posts>
  <birthLocations/>
  <workHistoryEntry startDate="1991">
    <workRoles>
      <workRole role="Academician"/>
      <workRole institution="Chinese Academy of Sciences"/>
    </workRoles>
  </workHistoryEntry>
  <workHistoryEntry startDate="">
    <workRoles>
      <workRole role="Researcher"/>
      <workRole institution="Chinese Academy of Sciences"/>
      <workRole institution="Automation Research Institute"/>
    </workRoles>
  </workHistoryEntry>
  <workHistoryEntry startDate="1955">
    <workRoles>
      <workRole role="Graduate"/>
      <workRole institution="Beijing University"/>
      <workRole institution="Mathematics and Mechanics Department"/>
      <workRole location="Beijing Municipality"/>
    </workRoles>
  </workHistoryEntry>
  <workHistory/>
</biography>
