<?xml version="1.0" encoding="UTF-8"?>
<biography birthDate="1930" fullName="Dai Xuejiang" displayName="Dai Xuejiang" nonEnglishName="" sex="male" nationality="Han">
  <bioText>Dai Xuejiang, male, Han nationality, is a native of Jingjiang, Jiangsu Province. He was born in 1930, joined the PLA in 1946 and joined the CPC in 1947. Dai Xuejiang initially served as Party secretary in the political department of the Third Field Army, and in the early 1950s he served in Korea as a battalion instructor. Subsequently, he rose in the ranks of the corps political department of the Shenyang Military Region, eventually becoming its director. He was conferred the rank of General in 1994. Dai Xuejiang was a delegate to the 12th CPC National Congress.</bioText>
  <posts>
    <post description="Standing Committee Member of the 9th CPPCC National Committee, General"/>
  </posts>
  <birthLocations>
    <birthLocation location="Jiangsu Province"/>
    <birthLocation location="Jingjiang County"/>
  </birthLocations>
  <workHistoryEntry startDate="1998" endDate="2003">
    <workRoles>
      <workRole role="Member"/>
      <workRole institution="9th CPPCC"/>
      <workRole institution="National Committee"/>
      <workRole institution="Standing Committee"/>
    </workRoles>
  </workHistoryEntry>
  <workHistoryEntry startDate="1994">
    <workRoles>
      <workRole role="General"/>
      <workRole institution="PLA"/>
    </workRoles>
  </workHistoryEntry>
  <workHistoryEntry startDate="1993" endDate="1998">
    <workRoles>
      <workRole role="Deputy"/>
      <workRole institution="8th NPC"/>
    </workRoles>
  </workHistoryEntry>
  <workHistoryEntry startDate="1992" endDate="????">
    <workRoles>
      <workRole role="Political Commissar"/>
      <workRole institution="State Administration for Science, Technology and Industry for National Defense (SASTIND)"/>
    </workRoles>
  </workHistoryEntry>
  <workHistoryEntry startDate="1990" endDate="1994">
    <workRoles>
      <workRole role="Lieutenant General"/>
      <workRole institution="PLA"/>
    </workRoles>
  </workHistoryEntry>
  <workHistoryEntry startDate="1988" endDate="????">
    <workRoles>
      <workRole role="Director"/>
      <workRole institution="PLA"/>
      <workRole institution="Regions"/>
      <workRole institution="Shenyang Military Region"/>
      <workRole institution="Political Department"/>
    </workRoles>
  </workHistoryEntry>
  <workHistoryEntry startDate="">
    <workRoles>
      <workRole role="Deputy Political Commissar"/>
      <workRole institution="PLA"/>
      <workRole institution="Regions"/>
      <workRole institution="Shenyang Military Region"/>
    </workRoles>
  </workHistoryEntry>
  <workHistoryEntry startDate="1988" endDate="1990">
    <workRoles>
      <workRole role="Major General"/>
      <workRole institution="PLA"/>
    </workRoles>
  </workHistoryEntry>
  <workHistoryEntry startDate="1982" endDate="1987">
    <workRoles>
      <workRole role="Delegate"/>
      <workRole institution="12th CPC"/>
      <workRole institution="National Congress"/>
    </workRoles>
  </workHistoryEntry>
  <workHistoryEntry startDate="">
    <workRoles>
      <workRole role="Deputy Director"/>
      <workRole institution="PLA"/>
      <workRole institution="Regions"/>
      <workRole institution="Shenyang Military Region"/>
      <workRole institution="Political Department"/>
    </workRoles>
  </workHistoryEntry>
  <workHistoryEntry startDate="">
    <workRoles>
      <workRole role="Political Commissar"/>
      <workRole institution="PLA"/>
      <workRole institution="Regions"/>
      <workRole institution="Shenyang Military Region"/>
      <workRole institution="Political Department"/>
    </workRoles>
  </workHistoryEntry>
  <workHistoryEntry startDate="">
    <workRoles>
      <workRole role="Director"/>
      <workRole institution="PLA"/>
      <workRole institution="Regions"/>
      <workRole institution="Shenyang Military Region"/>
      <workRole institution="Political Department"/>
    </workRoles>
  </workHistoryEntry>
  <workHistoryEntry startDate="">
    <workRoles>
      <workRole role="Division Political Commissar"/>
      <workRole institution="PLA"/>
      <workRole institution="Regions"/>
      <workRole institution="Shenyang Military Region"/>
      <workRole institution="Political Department"/>
    </workRoles>
  </workHistoryEntry>
  <workHistoryEntry startDate="">
    <workRoles>
      <workRole role="Deputy Head"/>
      <workRole institution="PLA"/>
      <workRole institution="Regions"/>
      <workRole institution="Shenyang Military Region"/>
      <workRole institution="Organization Department"/>
    </workRoles>
  </workHistoryEntry>
  <workHistoryEntry startDate="">
    <workRoles>
      <workRole role="(Assistant, Organization Section, Corps Political Department, PLA)"/>
    </workRoles>
  </workHistoryEntry>
  <workHistoryEntry startDate="">
    <workRoles>
      <workRole role="Battalion Political Instructor"/>
      <workRole institution="Chinese People's Volunteers"/>
      <workRole institution="Political Department"/>
      <workRole location="Republic of Korea (South Korea)"/>
    </workRoles>
  </workHistoryEntry>
  <workHistoryEntry startDate="">
    <workRoles>
      <workRole role="Secretary"/>
      <workRole institution="Chinese People's Volunteers"/>
      <workRole institution="Political Department"/>
      <workRole location="Republic of Korea (South Korea)"/>
    </workRoles>
  </workHistoryEntry>
  <workHistoryEntry startDate="1952" endDate="????">
    <workRoles>
      <workRole role="Soldier"/>
      <workRole institution="Korean War"/>
    </workRoles>
  </workHistoryEntry>
  <workHistoryEntry startDate="1949" endDate="????">
    <workRoles>
      <workRole role="(Secretary, PLA East China Military Area Command, Political Department)"/>
    </workRoles>
  </workHistoryEntry>
  <workHistoryEntry startDate="">
    <workRoles>
      <workRole role="(Took part in Menglianggu, Huaihai, Crossing the Yangtze and Shanghai campaigns.)"/>
    </workRoles>
  </workHistoryEntry>
  <workHistoryEntry startDate="">
    <workRoles>
      <workRole role="Secretary"/>
      <workRole institution="PLA"/>
      <workRole institution="Services and Arms"/>
      <workRole institution="3rd Field Army"/>
      <workRole institution="Regimental Political Department"/>
      <workRole institution="CPC"/>
      <workRole institution="Party Committee"/>
    </workRoles>
  </workHistoryEntry>
  <workHistoryEntry startDate="">
    <workRoles>
      <workRole role="Battalion Clerk"/>
      <workRole institution="PLA"/>
      <workRole institution="Services and Arms"/>
      <workRole institution="East China Field Army"/>
    </workRoles>
  </workHistoryEntry>
  <workHistoryEntry startDate="1947">
    <workRoles>
      <workRole role="Joined"/>
      <workRole institution="CPC"/>
    </workRoles>
  </workHistoryEntry>
  <workHistoryEntry startDate="1946">
    <workRoles>
      <workRole role="Joined"/>
      <workRole institution="PLA"/>
    </workRoles>
  </workHistoryEntry>
  <workHistory/>
</biography>
