<?xml version="1.0" encoding="UTF-8"?>
<biography birthDate="1949" fullName="Dai Jiagan" displayName="Dai Jiagan" nonEnglishName="" sex="male" nationality="Han">
  <bioText>Dai Jiagan, male, Han nationality, was born in 1949. Beginning in 1969, he served in the Inner Mongolia Development Corps. Later, he taught high school in Beijing. He graduated from Beijing Normal University in 1982, held various Party positions, such as deputy director of the Personnel Department and vice-president. Dai was a member of the Educational System Personnel Study Group of the State Education Committee at the Ministry of Education and a lawyer in Beijing. He has published many books and papers on law and labor.</bioText>
  <posts>
    <post description="Vice-President of Beijing Normal University"/>
  </posts>
  <birthLocations/>
  <workHistoryEntry startDate="">
    <workRoles>
      <workRole role="Vice-President"/>
      <workRole institution="Beijing Normal University"/>
      <workRole location="Beijing Municipality"/>
    </workRoles>
  </workHistoryEntry>
  <workHistoryEntry startDate="">
    <workRoles>
      <workRole role="Joined"/>
      <workRole institution="CPC"/>
    </workRoles>
  </workHistoryEntry>
  <workHistoryEntry startDate="1978" endDate="1982">
    <workRoles>
      <workRole role="Student"/>
      <workRole institution="Beijing Normal University"/>
      <workRole location="Beijing Municipality"/>
    </workRoles>
  </workHistoryEntry>
  <workHistory/>
</biography>
