<?xml version="1.0" encoding="UTF-8"?>
<biography birthDate="1941" fullName="Dai Bingguo" displayName="Dai Bingguo" nonEnglishName="" sex="male" nationality="Tujia">
  <bioText>Dai Bingguo, male, Tujia nationality, is a native of Yingjiang, Guizhou Province. He was born in 1941, joined the CPC in 1973, and attended the Foreign Affairs College. Dai Bingguo held leading posts in the Department of Soviet Union and East European Affairs, eventually becoming its Director. He then served as ambassador to Hungary, and in the mid-1990s he became deputy foreign minister. Dai Bingguo was a member of the 16th CPC Central Committee and is now a member of the 17th CPC Central Committee and State Councilor of State Council.</bioText>
  <posts>
    <post description="Member, 17th CPC, Central Committee"/>
    <post description="State Councilor, State Council"/>
  </posts>
  <birthLocations>
    <birthLocation location="Guizhou Province"/>
    <birthLocation location="Yingjiang"/>
  </birthLocations>
  <workHistoryEntry startDate="2008">
    <workRoles>
      <workRole role="State Councilor"/>
      <workRole institution="State Council"/>
    </workRoles>
  </workHistoryEntry>
  <workHistoryEntry startDate="2007">
    <workRoles>
      <workRole role="Member"/>
      <workRole institution="17th CPC"/>
      <workRole institution="Central Committee"/>
    </workRoles>
  </workHistoryEntry>
  <workHistoryEntry startDate="2003" endDate="2007">
    <workRoles>
      <workRole role="Deputy Minister"/>
      <workRole institution="Ministry of Foreign Affairs"/>
    </workRoles>
  </workHistoryEntry>
  <workHistoryEntry startDate="2003" endDate="2007">
    <workRoles>
      <workRole role="Secretary"/>
      <workRole institution="Ministry of Foreign Affairs"/>
      <workRole institution="CPC"/>
      <workRole institution="Party Committee"/>
    </workRoles>
  </workHistoryEntry>
  <workHistoryEntry startDate="2002" endDate="2007">
    <workRoles>
      <workRole role="Member"/>
      <workRole institution="16th CPC"/>
      <workRole institution="Central Committee"/>
    </workRoles>
  </workHistoryEntry>
  <workHistoryEntry startDate="1997" endDate="2002">
    <workRoles>
      <workRole role="Member"/>
      <workRole institution="15th CPC"/>
      <workRole institution="Central Committee"/>
    </workRoles>
  </workHistoryEntry>
  <workHistoryEntry startDate="1997" endDate="2003">
    <workRoles>
      <workRole role="Head"/>
      <workRole institution="CPC"/>
      <workRole institution="Central Committee"/>
      <workRole institution="International Liaison Department"/>
    </workRoles>
  </workHistoryEntry>
  <workHistoryEntry startDate="1995" endDate="1997">
    <workRoles>
      <workRole role="Deputy Head"/>
      <workRole institution="CPC"/>
      <workRole institution="Central Committee"/>
      <workRole institution="International Liaison Department"/>
    </workRoles>
  </workHistoryEntry>
  <workHistoryEntry startDate="1993" endDate="1995">
    <workRoles>
      <workRole role="Deputy Minister"/>
      <workRole institution="Ministry of Foreign Affairs"/>
    </workRoles>
  </workHistoryEntry>
  <workHistoryEntry startDate="1991" endDate="1993">
    <workRoles>
      <workRole role="Assistant Minister"/>
      <workRole institution="Ministry of Foreign Affairs"/>
    </workRoles>
  </workHistoryEntry>
  <workHistoryEntry startDate="1989" endDate="1991">
    <workRoles>
      <workRole role="Ambassador"/>
      <workRole institution="Chinese Embassy"/>
      <workRole location="Hungary"/>
      <workRole location="Budapest"/>
    </workRoles>
  </workHistoryEntry>
  <workHistoryEntry startDate="1986" endDate="1989">
    <workRoles>
      <workRole role="Director"/>
      <workRole institution="Ministry of Foreign Affairs"/>
      <workRole institution="Soviet Union and East European Affairs Department"/>
    </workRoles>
  </workHistoryEntry>
  <workHistoryEntry startDate="1985" endDate="1986">
    <workRoles>
      <workRole role="Deputy Director"/>
      <workRole institution="Ministry of Foreign Affairs"/>
      <workRole institution="Soviet Union and East European Affairs Department"/>
    </workRoles>
  </workHistoryEntry>
  <workHistoryEntry startDate="1973">
    <workRoles>
      <workRole role="Joined"/>
      <workRole institution="CPC"/>
    </workRoles>
  </workHistoryEntry>
  <workHistoryEntry startDate="1973" endDate="1985">
    <workRoles>
      <workRole role="Deputy Division Chief"/>
      <workRole institution="Ministry of Foreign Affairs"/>
      <workRole institution="Soviet Union and East European Affairs Department"/>
    </workRoles>
  </workHistoryEntry>
  <workHistoryEntry startDate="1973" endDate="1985">
    <workRoles>
      <workRole role="Division Chief"/>
      <workRole institution="Ministry of Foreign Affairs"/>
      <workRole institution="Soviet Union and East European Affairs Department"/>
    </workRoles>
  </workHistoryEntry>
  <workHistoryEntry startDate="1969" endDate="1973">
    <workRoles>
      <workRole role="Staff Member"/>
      <workRole institution="Chinese Embassy"/>
      <workRole location="Russia"/>
      <workRole location="Moscow"/>
    </workRoles>
  </workHistoryEntry>
  <workHistoryEntry startDate="1965" endDate="1969">
    <workRoles>
      <workRole role="Staff Member"/>
      <workRole institution="Ministry of Foreign Affairs"/>
      <workRole institution="Soviet Union and East European Affairs Department"/>
    </workRoles>
  </workHistoryEntry>
  <workHistoryEntry startDate="1964" endDate="1965">
    <workRoles>
      <workRole role="Student"/>
      <workRole institution="Foreign Affairs College"/>
      <workRole location="Beijing Municipality"/>
    </workRoles>
  </workHistoryEntry>
  <workHistoryEntry startDate="1959" endDate="1964">
    <workRoles>
      <workRole role="Student"/>
      <workRole institution="Sichuan University"/>
      <workRole institution="Foreign Language Department"/>
      <workRole location="Sichuan Province"/>
    </workRoles>
  </workHistoryEntry>
  <workHistory/>
</biography>
