<?xml version="1.0" encoding="UTF-8"?>
<biography fullName="Dai Liu" displayName="Dai Liu" nonEnglishName="" sex="male" nationality="is of Han">
  <bioText>Dai Liu, male, is of Han nationality. He graduated from Shanghai Jiaotong University. Under the lead of Dai Liu, the Shanghai Eastbest International Group has enjoyed a notable increase in profits. Shanghai Advertising Limited has also been rapidly expanded and developed under the direction of Dai Liu, and provides the advertising for companies such as Hyundai.</bioText>
  <posts>
    <post description="President of the Shanghai Eastbest International Group Company, Ltd."/>
  </posts>
  <birthLocations/>
  <workHistoryEntry startDate="">
    <workRoles>
      <workRole role="Chairman"/>
    </workRoles>
  </workHistoryEntry>
  <workHistoryEntry startDate="">
    <workRoles>
      <workRole role="Chairman"/>
      <workRole location="Shanghai Municipality"/>
    </workRoles>
  </workHistoryEntry>
  <workHistoryEntry startDate="1998" endDate="????">
    <workRoles>
      <workRole role="President"/>
    </workRoles>
  </workHistoryEntry>
  <workHistoryEntry startDate="1992" endDate="1995">
    <workRoles>
      <workRole role="Board Chairman"/>
    </workRoles>
  </workHistoryEntry>
  <workHistoryEntry startDate="1992" endDate="1995">
    <workRoles>
      <workRole role="President"/>
    </workRoles>
  </workHistoryEntry>
  <workHistoryEntry startDate="1992" endDate="1995">
    <workRoles>
      <workRole role="Executive Director"/>
    </workRoles>
  </workHistoryEntry>
  <workHistoryEntry startDate="">
    <workRoles>
      <workRole role="Board Chairman"/>
    </workRoles>
  </workHistoryEntry>
  <workHistoryEntry startDate="">
    <workRoles>
      <workRole role="Vice-President"/>
      <workRole institution="Shanghai Electric Group Corporation"/>
      <workRole location="Shanghai Municipality"/>
    </workRoles>
  </workHistoryEntry>
  <workHistoryEntry startDate="">
    <workRoles>
      <workRole role="Vice-President"/>
      <workRole institution="Shanghai Machinery and Electric Holding Group Corp."/>
      <workRole location="Shanghai Municipality"/>
    </workRoles>
  </workHistoryEntry>
  <workHistoryEntry startDate="">
    <workRoles>
      <workRole role="Director"/>
      <workRole institution="Shanghai Machine Tool Works"/>
      <workRole location="Shanghai Municipality"/>
    </workRoles>
  </workHistoryEntry>
  <workHistoryEntry startDate="">
    <workRoles>
      <workRole role="Deputy Director"/>
      <workRole institution="Shanghai Machine Tool Works"/>
      <workRole location="Shanghai Municipality"/>
    </workRoles>
  </workHistoryEntry>
  <workHistoryEntry startDate="1983" endDate="1998">
    <workRoles>
      <workRole role="Worked in Industrial System"/>
    </workRoles>
  </workHistoryEntry>
  <workHistoryEntry startDate="">
    <workRoles>
      <workRole role="Graduate"/>
      <workRole institution="Jiaotong University"/>
      <workRole location="Shanghai Municipality"/>
    </workRoles>
  </workHistoryEntry>
  <workHistory/>
</biography>
