<?xml version="1.0" encoding="UTF-8"?>
<biography birthDate="1944" fullName="Dai Xianglong" displayName="Dai Xianglong" nonEnglishName="" sex="male" nationality="Han">
  <bioText>Dai Xianglong, male, Han nationality, is a native of Yizheng City, Jiangsu Province. He was born in 1944. He graduated from the Accounting Department of the Central Institute of Finance and Banking, Beijing and joined the CPC in 1973. Dai holds the title of senior economist. Trained as an accountant, Dai has worked in the banking and insurance fields for most of his career. He was vice president of the Agricultural Bank of China, vice president of the Bank of Communications, president of the China Pacific Insurance Company Ltd. and vice-governor of the People's Bank of China. From 1995 until 2000 he was governor of the People's Bank of China. Dai was an alternate member of the 14th CPC Central Committee, a member of 15th and 16th CPC Central Committees. Dai was mayor of Tianjin from 2003-2007. He is now a member of the 17th CPC Central Committee and President of the National Council for Social Security Fund.</bioText>
  <posts>
    <post description="Member, 17th CPC, Central Committee"/>
    <post description="President, National Council for Social Security Fund"/>
  </posts>
  <birthLocations>
    <birthLocation location="Jiangsu Province"/>
    <birthLocation location="Yizheng City"/>
  </birthLocations>
  <workHistoryEntry startDate="2008">
    <workRoles>
      <workRole role="President"/>
      <workRole institution="National Council for Social Security Fund"/>
    </workRoles>
  </workHistoryEntry>
  <workHistoryEntry startDate="2007">
    <workRoles>
      <workRole role="Member"/>
      <workRole institution="17th CPC"/>
      <workRole institution="Central Committee"/>
    </workRoles>
  </workHistoryEntry>
  <workHistoryEntry startDate="2003" endDate="2007">
    <workRoles>
      <workRole role="Mayor"/>
      <workRole institution="People's Government"/>
      <workRole location="Tianjin Municipality"/>
    </workRoles>
  </workHistoryEntry>
  <workHistoryEntry startDate="2003" endDate="2007">
    <workRoles>
      <workRole role="Deputy Secretary"/>
      <workRole institution="CPC"/>
      <workRole institution="Municipal Committee"/>
      <workRole location="Tianjin Municipality"/>
    </workRoles>
  </workHistoryEntry>
  <workHistoryEntry startDate="2002" endDate="2003">
    <workRoles>
      <workRole role="Acting Mayor"/>
      <workRole institution="People's Government"/>
      <workRole location="Tianjin Municipality"/>
    </workRoles>
  </workHistoryEntry>
  <workHistoryEntry startDate="2002" endDate="2003">
    <workRoles>
      <workRole role="Vice-Mayor"/>
      <workRole institution="People's Government"/>
      <workRole location="Tianjin Municipality"/>
    </workRoles>
  </workHistoryEntry>
  <workHistoryEntry startDate="2002" endDate="2007">
    <workRoles>
      <workRole role="Member"/>
      <workRole institution="16th CPC"/>
      <workRole institution="Central Committee"/>
    </workRoles>
  </workHistoryEntry>
  <workHistoryEntry startDate="1997" endDate="2002">
    <workRoles>
      <workRole role="Member"/>
      <workRole institution="15th CPC"/>
      <workRole institution="Central Committee"/>
    </workRoles>
  </workHistoryEntry>
  <workHistoryEntry startDate="1997" endDate="????">
    <workRoles>
      <workRole role="First Chairman"/>
      <workRole institution="People's Bank of China"/>
      <workRole institution="Monetary Policy Department"/>
    </workRoles>
  </workHistoryEntry>
  <workHistoryEntry startDate="1995" endDate="2000">
    <workRoles>
      <workRole role="Governor"/>
      <workRole institution="People's Bank of China"/>
    </workRoles>
  </workHistoryEntry>
  <workHistoryEntry startDate="">
    <workRoles>
      <workRole role="Deputy Head"/>
    </workRoles>
  </workHistoryEntry>
  <workHistoryEntry startDate="1993" endDate="1995">
    <workRoles>
      <workRole role="Vice-Governor"/>
      <workRole institution="People's Bank of China"/>
    </workRoles>
  </workHistoryEntry>
  <workHistoryEntry startDate="1992" endDate="1997">
    <workRoles>
      <workRole role="Alternate Member"/>
      <workRole institution="14th CPC"/>
      <workRole institution="Central Committee"/>
    </workRoles>
  </workHistoryEntry>
  <workHistoryEntry startDate="1989" endDate="1993">
    <workRoles>
      <workRole role="President"/>
      <workRole institution="China Pacific Insurance Company Ltd."/>
    </workRoles>
  </workHistoryEntry>
  <workHistoryEntry startDate="1989" endDate="1993">
    <workRoles>
      <workRole role="Secretary"/>
      <workRole institution="Bank of Communications"/>
      <workRole institution="CPC"/>
      <workRole institution="Leading Party Group"/>
    </workRoles>
  </workHistoryEntry>
  <workHistoryEntry startDate="1989" endDate="1993">
    <workRoles>
      <workRole role="General Manager and Vice-President"/>
      <workRole institution="Bank of Communications"/>
    </workRoles>
  </workHistoryEntry>
  <workHistoryEntry startDate="1985" endDate="1989">
    <workRoles>
      <workRole role="Vice-President"/>
      <workRole institution="Agricultural Bank of China"/>
    </workRoles>
  </workHistoryEntry>
  <workHistoryEntry startDate="1983" endDate="1985">
    <workRoles>
      <workRole role="Deputy Section Chief"/>
      <workRole institution="Agricultural Bank of China"/>
      <workRole institution="Provincial Branch"/>
      <workRole location="Jiangsu Province"/>
    </workRoles>
  </workHistoryEntry>
  <workHistoryEntry startDate="1982" endDate="1983">
    <workRoles>
      <workRole role="Deputy Magistrate"/>
      <workRole institution="County (District) People's Court"/>
      <workRole location="Jiangsu Province"/>
      <workRole location="Fengxian County"/>
    </workRoles>
  </workHistoryEntry>
  <workHistoryEntry startDate="1980" endDate="1982">
    <workRoles>
      <workRole role="Deputy Section Chief"/>
      <workRole institution="People's Bank of China"/>
      <workRole institution="Provincial Branch"/>
      <workRole location="Jiangsu Province"/>
    </workRoles>
  </workHistoryEntry>
  <workHistoryEntry startDate="1978" endDate="1980">
    <workRoles>
      <workRole role="Staff Member"/>
      <workRole institution="People's Bank of China"/>
      <workRole institution="Provincial Branch"/>
      <workRole location="Jiangsu Province"/>
    </workRoles>
  </workHistoryEntry>
  <workHistoryEntry startDate="1977" endDate="1978">
    <workRoles>
      <workRole role="Staff Member"/>
      <workRole institution="Coal Industry Bureau"/>
      <workRole location="Yunnan Province"/>
    </workRoles>
  </workHistoryEntry>
  <workHistoryEntry startDate="1973">
    <workRoles>
      <workRole role="Joined"/>
      <workRole institution="CPC"/>
    </workRoles>
  </workHistoryEntry>
  <workHistoryEntry startDate="1967">
    <workRoles>
      <workRole role="Graduate"/>
      <workRole institution="Central Institute of Finance and Banking"/>
      <workRole institution="Accounting Department"/>
      <workRole location="Beijing Municipality"/>
    </workRoles>
  </workHistoryEntry>
  <workHistory/>
</biography>
