<?xml version="1.0" encoding="UTF-8"?>
<biography birthDate="1945" fullName="Dalielihan Mamir" displayName="Dalielihan Mamir" nonEnglishName="" sex="male" nationality="Kazak native">
  <bioText>Dalielihan Mamir, male, Kazak native, was born in Altay of Xinjiang, and joined the CPC in 1973. He graduated from Beijing Chemical Engineering Institute. Dalielihan spent most of his career in his native Xinjiang Uygur Autonomous Region, where he served as director of the state government until 1990. In the early 1990's he was deputy director of the Foreign Economic and Trade Department there and in 2003 he became deputy director of the standing committee of the NPC.</bioText>
  <posts>
    <post description="Deputy Director of the Standing Committee of the Xinjiang Autonomous Regional People's Congress"/>
  </posts>
  <birthLocations>
    <birthLocation location="Xinjiang Uygur Autonomous Region"/>
    <birthLocation location="Altay Prefecture"/>
  </birthLocations>
  <workHistoryEntry startDate="2003">
    <workRoles>
      <workRole role="Deputy Director"/>
      <workRole institution="Autonomous Regional People's Congress"/>
      <workRole institution="Standing Committee"/>
      <workRole location="Xinjiang Uygur Autonomous Region"/>
    </workRoles>
  </workHistoryEntry>
  <workHistoryEntry startDate="1996" endDate="2003">
    <workRoles>
      <workRole role="Vice-President"/>
      <workRole institution="Autonomous Region People's Government"/>
      <workRole location="Xinjiang Uygur Autonomous Region"/>
    </workRoles>
  </workHistoryEntry>
  <workHistoryEntry startDate="1994" endDate="1996">
    <workRoles>
      <workRole role="Deputy Secretary"/>
      <workRole institution="Chemical Industry Office"/>
      <workRole institution="CPC"/>
      <workRole institution="Party Committee"/>
      <workRole location="Xinjiang Uygur Autonomous Region"/>
    </workRoles>
  </workHistoryEntry>
  <workHistoryEntry startDate="1990" endDate="1991">
    <workRoles>
      <workRole role="Deputy Director"/>
      <workRole institution="Foreign Economic Relations and Trade Department"/>
      <workRole location="Xinjiang Uygur Autonomous Region"/>
    </workRoles>
  </workHistoryEntry>
  <workHistoryEntry startDate="1990" endDate="1994">
    <workRoles>
      <workRole role="Member"/>
      <workRole institution="Foreign Economic Relations and Trade Department"/>
      <workRole institution="CPC"/>
      <workRole institution="Leading Party Group"/>
      <workRole location="Xinjiang Uygur Autonomous Region"/>
    </workRoles>
  </workHistoryEntry>
  <workHistoryEntry startDate="1988" endDate="1990">
    <workRoles>
      <workRole role="Deputy Secretary-General"/>
      <workRole institution="Autonomous Region People's Government"/>
      <workRole location="Xinjiang Uygur Autonomous Region"/>
    </workRoles>
  </workHistoryEntry>
  <workHistoryEntry startDate="1983" endDate="1988">
    <workRoles>
      <workRole role="Deputy Secretary"/>
      <workRole institution="Planning Commission"/>
      <workRole institution="CPC"/>
      <workRole institution="Leading Party Group"/>
      <workRole location="Xinjiang Uygur Autonomous Region"/>
    </workRoles>
  </workHistoryEntry>
  <workHistoryEntry startDate="1977" endDate="1983">
    <workRoles>
      <workRole role="Deputy Section Chief"/>
      <workRole institution="Personnel Department"/>
      <workRole location="Xinjiang Uygur Autonomous Region"/>
      <workRole location="Altay Prefecture"/>
    </workRoles>
  </workHistoryEntry>
  <workHistoryEntry startDate="1975" endDate="1977">
    <workRoles>
      <workRole role="Public Transit Cadre"/>
      <workRole location="Xinjiang Uygur Autonomous Region"/>
      <workRole location="Altay Prefecture"/>
    </workRoles>
  </workHistoryEntry>
  <workHistoryEntry startDate="1973" endDate="1975">
    <workRoles>
      <workRole role="Office Cadre"/>
      <workRole institution="CPC"/>
      <workRole institution="Autonomous Prefectural Committee"/>
      <workRole location="Xinjiang Uygur Autonomous Region"/>
      <workRole location="Altay Prefecture"/>
    </workRoles>
  </workHistoryEntry>
  <workHistoryEntry startDate="1973">
    <workRoles>
      <workRole role="Joined"/>
      <workRole institution="CPC"/>
    </workRoles>
  </workHistoryEntry>
  <workHistoryEntry startDate="1970" endDate="1973">
    <workRoles>
      <workRole role="Workshop Technician"/>
    </workRoles>
  </workHistoryEntry>
  <workHistoryEntry startDate="1965" endDate="1970">
    <workRoles>
      <workRole role="Student"/>
      <workRole institution="Beijing Chemical Engineering Institute"/>
      <workRole institution="Chemistry Department"/>
      <workRole location="Beijing Municipality"/>
    </workRoles>
  </workHistoryEntry>
  <workHistory/>
</biography>
