<?xml version="1.0" encoding="UTF-8"?>
<biography birthDate="1962" fullName="Danko" displayName="Danko" nonEnglishName="" sex="male" nationality="Tibetan">
  <bioText>Danko, male, Tibetan nationality, is a native of Gonghe County of Qinghai Province. He was born in 1962 and holds a Bachelor Degree. Danko serves as Secretary of CPC Prefectural Committee of Tibetan Autonomous Prefecture of Hainan of Qinghai Province since 2007. He is currently an Alternate Member of 17th CPC Central Committee.</bioText>
  <posts>
    <post description="Alternate Member, 17th CPC, Central Committee"/>
    <post description="Secretary, CPC, Autonomous Prefectural Committee, Qinghai Province, Hainan Tibetan Autonomous Prefecture"/>
  </posts>
  <birthLocations>
    <birthLocation location="Qinghai Province"/>
    <birthLocation location="Hainan Tibetan Autonomous Prefecture"/>
  </birthLocations>
  <workHistoryEntry startDate="2007">
    <workRoles>
      <workRole role="Alternate Member"/>
      <workRole institution="17th CPC"/>
      <workRole institution="Central Committee"/>
    </workRoles>
  </workHistoryEntry>
  <workHistoryEntry startDate="2007">
    <workRoles>
      <workRole role="Secretary"/>
      <workRole institution="CPC"/>
      <workRole institution="Autonomous Prefectural Committee"/>
      <workRole location="Qinghai Province"/>
      <workRole location="Hainan Tibetan Autonomous Prefecture"/>
    </workRoles>
  </workHistoryEntry>
  <workHistoryEntry startDate="2005" endDate="2007">
    <workRoles>
      <workRole role="Secretary"/>
      <workRole institution="CPC"/>
      <workRole institution="Autonomous Prefectural Committee"/>
      <workRole location="Qinghai Province"/>
      <workRole location="Haibei Tibetan Autonomous Prefecture"/>
    </workRoles>
  </workHistoryEntry>
  <workHistoryEntry startDate="2005" endDate="2007">
    <workRoles>
      <workRole role="Head"/>
      <workRole institution="Autonomous Region People's Government"/>
      <workRole location="Qinghai Province"/>
      <workRole location="Haibei Tibetan Autonomous Prefecture"/>
    </workRoles>
  </workHistoryEntry>
  <workHistory/>
</biography>
