<?xml version="1.0" encoding="UTF-8"?>
<biography birthDate="1946" fullName="Tenzin" displayName="Danzim" nonEnglishName="" sex="male" nationality="Tibetan">
  <bioText>Tenzin, male, Tibetan, born in December 1946, he is a native of Biru. In 1965 he joined work. In 1966, he graduated form Department of Journalism at Fudan University.</bioText>
  <posts>
    <post description="Alternate Member of the 15th CPC Central Committee"/>
  </posts>
  <birthLocations>
    <birthLocation location="Tibet Autonomous Region"/>
    <birthLocation location="Biru County"/>
  </birthLocations>
  <workHistoryEntry startDate="2002">
    <workRoles>
      <workRole role="Deputy Secretary"/>
      <workRole institution="CPC"/>
      <workRole institution="Provincial Committee"/>
      <workRole location="Yunnan Province"/>
    </workRoles>
  </workHistoryEntry>
  <workHistoryEntry startDate="2001" endDate="2002">
    <workRoles>
      <workRole role="Deputy Secretary"/>
      <workRole institution="Chinese Writers Association"/>
      <workRole institution="CPC"/>
      <workRole institution="Leading Party Group"/>
    </workRoles>
  </workHistoryEntry>
  <workHistoryEntry startDate="2001">
    <workRoles>
      <workRole role="Deputy Chairman"/>
      <workRole institution="Chinese Writers Association"/>
    </workRoles>
  </workHistoryEntry>
  <workHistoryEntry startDate="1997" endDate="2002">
    <workRoles>
      <workRole role="Alternate Member"/>
      <workRole institution="15th CPC"/>
      <workRole institution="Central Committee"/>
    </workRoles>
  </workHistoryEntry>
  <workHistoryEntry startDate="1992" endDate="1997">
    <workRoles>
      <workRole role="Alternate Member"/>
      <workRole institution="14th CPC"/>
      <workRole institution="Central Committee"/>
    </workRoles>
  </workHistoryEntry>
  <workHistoryEntry startDate="1985" endDate="2001">
    <workRoles>
      <workRole role="Deputy Secretary"/>
      <workRole institution="CPC"/>
      <workRole institution="Autonomous Regional Committee"/>
      <workRole location="Tibet Autonomous Region"/>
    </workRoles>
  </workHistoryEntry>
  <workHistoryEntry startDate="1983" endDate="1985">
    <workRoles>
      <workRole role="Member"/>
      <workRole institution="CPC"/>
      <workRole institution="Autonomous Regional Committee"/>
      <workRole institution="Standing Committee"/>
      <workRole location="Tibet Autonomous Region"/>
    </workRoles>
  </workHistoryEntry>
  <workHistoryEntry startDate="1983" endDate="1985">
    <workRoles>
      <workRole role="Secretary"/>
      <workRole institution="Cultural Administration"/>
      <workRole location="Tibet Autonomous Region"/>
    </workRoles>
  </workHistoryEntry>
  <workHistoryEntry startDate="1980" endDate="1983">
    <workRoles>
      <workRole role="Deputy Editor-in-Chief"/>
      <workRole institution="Tibet Daily"/>
    </workRoles>
  </workHistoryEntry>
  <workHistoryEntry startDate="1976" endDate="1979">
    <workRoles>
      <workRole role="Director"/>
      <workRole institution="Tibet Daily"/>
      <workRole institution="Shannan News Station"/>
    </workRoles>
  </workHistoryEntry>
  <workHistoryEntry startDate="1973" endDate="1976">
    <workRoles>
      <workRole role="Student"/>
      <workRole institution="Fudan University"/>
      <workRole institution="Journalism Department"/>
      <workRole location="Shanghai Municipality"/>
    </workRoles>
  </workHistoryEntry>
  <workHistoryEntry startDate="1966" endDate="1973">
    <workRoles>
      <workRole role="Reporter"/>
      <workRole institution="Tibet Daily"/>
    </workRoles>
  </workHistoryEntry>
  <workHistoryEntry startDate="1966" endDate="1966">
    <workRoles>
      <workRole role="Student"/>
      <workRole institution="Central University for Nationalities"/>
    </workRoles>
  </workHistoryEntry>
  <workHistoryEntry startDate="1960" endDate="1966">
    <workRoles>
      <workRole role="Student"/>
      <workRole institution="Tibet Institute of Nationalities"/>
    </workRoles>
  </workHistoryEntry>
  <workHistory/>
</biography>
