<?xml version="1.0" encoding="UTF-8"?>
<biography birthDate="1955" fullName="Danzhu Angben" displayName="Danzhu Angben" nonEnglishName="" sex="male" nationality="Tibetan Nationality">
  <bioText>Danzhu Angben, male, Tibetan Nationality, is a native of Haidong, Qinghai Province. He was born in 1955 and joined the CPC in 1981. In 1982, he graduated from Chinese Language Literature of Central University for Nationalities. He is currently professor of Central University for Nationlities, and a doctorial tutor. In 2006, he became vice-chairman of the State Ethnic Affairs Commission.</bioText>
  <posts>
    <post description="Vice-Chairman of the State Ethnic Affairs Commission"/>
  </posts>
  <birthLocations>
    <birthLocation location="Qinghai Province"/>
    <birthLocation location="Haidong Prefecture"/>
  </birthLocations>
  <workHistoryEntry startDate="2006">
    <workRoles>
      <workRole role="Vice-Chairman"/>
      <workRole institution="State Ethnic Affairs Commission"/>
    </workRoles>
  </workHistoryEntry>
  <workHistoryEntry startDate="2004" endDate="2006">
    <workRoles>
      <workRole role="Assistant Governor"/>
      <workRole institution="People's Government"/>
      <workRole location="Yunnan Province"/>
    </workRoles>
  </workHistoryEntry>
  <workHistoryEntry startDate="1999" endDate="2006">
    <workRoles>
      <workRole role="Director"/>
      <workRole institution="China Nationality Chinese Translation Center"/>
    </workRoles>
  </workHistoryEntry>
  <workHistoryEntry startDate="1999" endDate="2006">
    <workRoles>
      <workRole role="Secretary"/>
      <workRole institution="China Nationality Chinese Translation Center"/>
      <workRole institution="CPC"/>
      <workRole institution="Party Committee"/>
    </workRoles>
  </workHistoryEntry>
  <workHistoryEntry startDate="1995" endDate="1999">
    <workRoles>
      <workRole role="Member"/>
      <workRole institution="Central University for Nationalities"/>
      <workRole institution="CPC"/>
      <workRole institution="Party Committee"/>
      <workRole institution="Standing Committee"/>
      <workRole location="Beijing Municipality"/>
    </workRoles>
  </workHistoryEntry>
  <workHistoryEntry startDate="1995" endDate="1999">
    <workRoles>
      <workRole role="Deputy Secretary"/>
      <workRole institution="Central University for Nationalities"/>
      <workRole institution="CPC"/>
      <workRole institution="Party Committee"/>
      <workRole location="Beijing Municipality"/>
    </workRoles>
  </workHistoryEntry>
  <workHistoryEntry startDate="1990" endDate="1995">
    <workRoles>
      <workRole role="Vice-President"/>
      <workRole institution="Central University for Nationalities"/>
      <workRole institution="School of Ethnology"/>
      <workRole location="Beijing Municipality"/>
    </workRoles>
  </workHistoryEntry>
  <workHistoryEntry startDate="1990" endDate="1995">
    <workRoles>
      <workRole role="Director"/>
      <workRole institution="Central University for Nationalities"/>
      <workRole institution="Tibetology Institute"/>
      <workRole location="Beijing Municipality"/>
    </workRoles>
  </workHistoryEntry>
  <workHistoryEntry startDate="1982">
    <workRoles>
      <workRole role="Graduate"/>
      <workRole institution="Central University for Nationalities"/>
      <workRole institution="Chinese Language Dpeartment"/>
      <workRole location="Beijing Municipality"/>
    </workRoles>
  </workHistoryEntry>
  <workHistoryEntry startDate="1981">
    <workRoles>
      <workRole role="Joined"/>
      <workRole institution="CPC"/>
    </workRoles>
  </workHistoryEntry>
  <workHistory/>
</biography>
