<?xml version="1.0" encoding="UTF-8"?>
<biography birthDate="1959" fullName="Dao Linyin" displayName="Dao Linyin" nonEnglishName="" sex="female" nationality="Dai">
  <bioText>Dao Linyin, female, Dai nationality, she is a native of Jinghong County, Yunan Province. She was born in 1959, entered workforce in 1975 and joined CPC in 1987. She graduated from CPC Central Party School, majored in Marxist Philosophy. Dao is an Alternate Member of the 17th CPC Central Committee and a deputy of the 11th NPC.</bioText>
  <posts>
    <post description="Alternate Member of the 17th CPC Central Committee"/>
  </posts>
  <birthLocations>
    <birthLocation location="Yunnan Province"/>
    <birthLocation location="Jinghong County"/>
  </birthLocations>
  <workHistoryEntry startDate="2008">
    <workRoles>
      <workRole role="Deputy"/>
      <workRole institution="11th NPC"/>
    </workRoles>
  </workHistoryEntry>
  <workHistoryEntry startDate="2007">
    <workRoles>
      <workRole role="Alternate Member"/>
      <workRole institution="17th CPC"/>
      <workRole institution="Central Committee"/>
    </workRoles>
  </workHistoryEntry>
  <workHistoryEntry startDate="2006">
    <workRoles>
      <workRole role="Head"/>
      <workRole institution="Autonomous Region People's Government"/>
      <workRole location="Yunnan Province"/>
      <workRole location="Xishuangbanna Dai Autonomous Prefecture"/>
    </workRoles>
  </workHistoryEntry>
  <workHistoryEntry startDate="2005">
    <workRoles>
      <workRole role="Deputy Secretary"/>
      <workRole institution="CPC"/>
      <workRole institution="Autonomous Prefectural Committee"/>
      <workRole location="Yunnan Province"/>
      <workRole location="Xishuangbanna Dai Autonomous Prefecture"/>
    </workRoles>
  </workHistoryEntry>
  <workHistoryEntry startDate="2005" endDate="2006">
    <workRoles>
      <workRole role="Acting Head"/>
      <workRole institution="Autonomous Region People's Government"/>
      <workRole location="Yunnan Province"/>
      <workRole location="Xishuangbanna Dai Autonomous Prefecture"/>
    </workRoles>
  </workHistoryEntry>
  <workHistoryEntry startDate="2005" endDate="2005">
    <workRoles>
      <workRole role="Member"/>
      <workRole institution="CPC"/>
      <workRole institution="Autonomous Prefectural Committee"/>
      <workRole institution="Standing Committee"/>
      <workRole location="Yunnan Province"/>
      <workRole location="Xishuangbanna Dai Autonomous Prefecture"/>
    </workRoles>
  </workHistoryEntry>
  <workHistoryEntry startDate="2005" endDate="2005">
    <workRoles>
      <workRole role="Deputy Secretary"/>
      <workRole institution="Autonomous Region People's Government"/>
      <workRole institution="CPC"/>
      <workRole institution="Leading Party Group"/>
      <workRole location="Yunnan Province"/>
      <workRole location="Xishuangbanna Dai Autonomous Prefecture"/>
    </workRoles>
  </workHistoryEntry>
  <workHistoryEntry startDate="2000" endDate="2003">
    <workRoles>
      <workRole role="Student"/>
      <workRole institution="CPC"/>
      <workRole institution="Central Committee"/>
      <workRole institution="Central Party School"/>
    </workRoles>
  </workHistoryEntry>
  <workHistoryEntry startDate="1999" endDate="1999">
    <workRoles>
      <workRole role="Deputy Head"/>
      <workRole institution="People's Government"/>
      <workRole location="Shanghai"/>
      <workRole location="Yangpu District"/>
    </workRoles>
  </workHistoryEntry>
  <workHistoryEntry startDate="1997" endDate="2005">
    <workRoles>
      <workRole role="Vice-Head"/>
      <workRole institution="Autonomous Region People's Government"/>
      <workRole location="Yunnan Province"/>
      <workRole location="Xishuangbanna Dai Autonomous Prefecture"/>
    </workRoles>
  </workHistoryEntry>
  <workHistoryEntry startDate="1995" endDate="1997">
    <workRoles>
      <workRole role="Secretary"/>
      <workRole institution="Labor Bureau"/>
      <workRole institution="CPC"/>
      <workRole institution="Leading Party Group"/>
      <workRole location="Yunnan Province"/>
      <workRole location="Xishuangbanna Dai Autonomous Prefecture"/>
    </workRoles>
  </workHistoryEntry>
  <workHistoryEntry startDate="1995" endDate="1997">
    <workRoles>
      <workRole role="Director"/>
      <workRole institution="Labor Bureau"/>
      <workRole location="Yunnan Province"/>
      <workRole location="Xishuangbanna Dai Autonomous Prefecture"/>
    </workRoles>
  </workHistoryEntry>
  <workHistoryEntry startDate="1994" endDate="1997">
    <workRoles>
      <workRole role="Deputy Director"/>
      <workRole institution="CPC"/>
      <workRole institution="Autonomous Prefectural Committee"/>
      <workRole institution="Organization Department"/>
      <workRole location="Yunnan Province"/>
      <workRole location="Xishuangbanna Dai Autonomous Prefecture"/>
    </workRoles>
  </workHistoryEntry>
  <workHistoryEntry startDate="1993" endDate="1994">
    <workRoles>
      <workRole role="Deputy Director"/>
      <workRole institution="CPC"/>
      <workRole institution="Autonomous Prefectural Committee"/>
      <workRole institution="Propaganda Department"/>
      <workRole location="Yunnan Province"/>
      <workRole location="Xishuangbanna Dai Autonomous Prefecture"/>
    </workRoles>
  </workHistoryEntry>
  <workHistoryEntry startDate="1989" endDate="1991">
    <workRoles>
      <workRole role="Student"/>
      <workRole institution="Beijing Normal University"/>
      <workRole institution="Philosophy Department"/>
      <workRole location="Beijing Municipality"/>
    </workRoles>
  </workHistoryEntry>
  <workHistoryEntry startDate="1989" endDate="1993">
    <workRoles>
      <workRole role="Director"/>
      <workRole institution="CPC"/>
      <workRole institution="Autonomous Prefectural Committee"/>
      <workRole institution="Propaganda Department"/>
      <workRole location="Yunnan Province"/>
      <workRole location="Xishuangbanna Dai Autonomous Prefecture"/>
    </workRoles>
  </workHistoryEntry>
  <workHistoryEntry startDate="1989" endDate="1993">
    <workRoles>
      <workRole role="Deputy Director"/>
      <workRole institution="CPC"/>
      <workRole institution="Autonomous Prefectural Committee"/>
      <workRole institution="Propaganda Department"/>
      <workRole location="Yunnan Province"/>
      <workRole location="Xishuangbanna Dai Autonomous Prefecture"/>
    </workRoles>
  </workHistoryEntry>
  <workHistoryEntry startDate="1987">
    <workRoles>
      <workRole role="Joined"/>
      <workRole institution="CPC"/>
    </workRoles>
  </workHistoryEntry>
  <workHistoryEntry startDate="1986" endDate="1988">
    <workRoles>
      <workRole role="Student"/>
      <workRole institution="CPC"/>
      <workRole institution="Autonomous Prefectural Committee"/>
      <workRole institution="Party Schoool"/>
      <workRole location="Yunnan Province"/>
      <workRole location="Xishuangbanna Dai Autonomous Prefecture"/>
    </workRoles>
  </workHistoryEntry>
  <workHistory/>
</biography>
