<?xml version="1.0" encoding="UTF-8"?>
<biography birthDate="1942" fullName="De Jimin" displayName="De Jimin" nonEnglishName="" sex="male" nationality="Mongolian">
  <bioText>De Jimin, male, Mongolian, is a native of the Inner Mongolia Autonomous Region. He was born in 1942, and was a member of the 7th and 8th CPPCC National Committees.</bioText>
  <posts>
    <post description="Vice Chairman of the Inner Mongolia Autonomous Regional Committee of the China Association for Promoting Democracy, Standing Committee Member of the 9th CPPCC National Committee"/>
  </posts>
  <birthLocations>
    <birthLocation location="Inner Mongolia Autonomous Region"/>
  </birthLocations>
  <workHistoryEntry startDate="1998" endDate="2003">
    <workRoles>
      <workRole role="Member"/>
      <workRole institution="9th CPPCC"/>
      <workRole institution="National Committee"/>
      <workRole institution="Standing Committee"/>
    </workRoles>
  </workHistoryEntry>
  <workHistoryEntry startDate="1996">
    <workRoles>
      <workRole role="Vice-Chairman"/>
      <workRole institution="China Association for Promoting Democracy"/>
      <workRole institution="Autonomous Regional Committee"/>
      <workRole location="Inner Mongolia Autonomous Region"/>
    </workRoles>
  </workHistoryEntry>
  <workHistoryEntry startDate="1993" endDate="1998">
    <workRoles>
      <workRole role="Member"/>
      <workRole institution="8th CPPCC"/>
      <workRole institution="National Committee"/>
    </workRoles>
  </workHistoryEntry>
  <workHistoryEntry startDate="1988" endDate="1993">
    <workRoles>
      <workRole role="Member"/>
      <workRole institution="7th CPPCC"/>
      <workRole institution="National Committee"/>
    </workRoles>
  </workHistoryEntry>
  <workHistory/>
</biography>
