<?xml version="1.0" encoding="UTF-8"?>
<biography fullName="Deng Hua" displayName="Deng Hua" nonEnglishName="" sex="male" nationality="Han">
  <bioText>Deng Hua, male, Han nationality, graduated from the Physics Department of Qinghua University in 1984. He earned a second bachelor's degree from the Social Science Department from Qinghua in 1986. After studying at Qinghua's Economic Management Institute from 1994 to 1998, Deng earned a master's degree. Since graduating from Qinghua, Deng has been involved with the university. He began his academic career as a physics department lecturer and headed the department's student affairs group. In 1994, he became the deputy minister of the organization department at the university's CPC committee. Deng assumed first the assistant president and later the vice-president post of the university's enterprise group in 1999. He was also made director of the industry development in the enterprise group. In 2000, Deng left the university to become the general manager of the Qinghua Science and Technology Venture Capital Company.</bioText>
  <posts>
    <post description="General Manager of Qinghua Science and Technology Venture Capital Company Limited"/>
  </posts>
  <birthLocations/>
  <workHistoryEntry startDate="2000">
    <workRoles>
      <workRole role="General Manager"/>
      <workRole institution="Qinghua Science and Technology Venture Capital Company"/>
    </workRoles>
  </workHistoryEntry>
  <workHistoryEntry startDate="1999" endDate="2000">
    <workRoles>
      <workRole role="Deputy Secretary"/>
      <workRole institution="Tsinghua University"/>
      <workRole institution="Enterprise Group"/>
      <workRole institution="CPC"/>
      <workRole institution="Party Committee"/>
      <workRole location="Beijing Municipality"/>
    </workRoles>
  </workHistoryEntry>
  <workHistoryEntry startDate="1999" endDate="2000">
    <workRoles>
      <workRole role="Vice-President"/>
      <workRole institution="Tsinghua University"/>
      <workRole institution="Enterprise Group"/>
      <workRole location="Beijing Municipality"/>
    </workRoles>
  </workHistoryEntry>
  <workHistoryEntry startDate="1999">
    <workRoles>
      <workRole role="Assistant President"/>
      <workRole institution="Tsinghua University"/>
      <workRole institution="Enterprise Group"/>
      <workRole location="Beijing Municipality"/>
    </workRoles>
  </workHistoryEntry>
  <workHistoryEntry startDate="1998">
    <workRoles>
      <workRole role="Graduate"/>
      <workRole institution="Tsinghua University"/>
      <workRole institution="School of Economics and Management"/>
      <workRole location="Beijing Municipality"/>
    </workRoles>
  </workHistoryEntry>
  <workHistoryEntry startDate="1994" endDate="1999">
    <workRoles>
      <workRole role="Deputy Secretary"/>
      <workRole institution="Tsinghua University"/>
      <workRole institution="CPC"/>
      <workRole institution="Party Committee"/>
      <workRole institution="Organization Department"/>
      <workRole location="Beijing Municipality"/>
    </workRoles>
  </workHistoryEntry>
  <workHistoryEntry startDate="1991" endDate="1994">
    <workRoles>
      <workRole role="Deputy Secretary"/>
      <workRole institution="Tsinghua University"/>
      <workRole institution="CYLC"/>
      <workRole institution="Institutional Level"/>
      <workRole location="Beijing Municipality"/>
    </workRoles>
  </workHistoryEntry>
  <workHistoryEntry startDate="1986" endDate="1991">
    <workRoles>
      <workRole role="Leader"/>
      <workRole institution="Tsinghua University"/>
      <workRole institution="Physics Department"/>
      <workRole institution="Student Affairs Group"/>
      <workRole location="Beijing Municipality"/>
    </workRoles>
  </workHistoryEntry>
  <workHistoryEntry startDate="1986" endDate="1991">
    <workRoles>
      <workRole role="Lecturer"/>
      <workRole institution="Tsinghua University"/>
      <workRole institution="Physics Department"/>
      <workRole location="Beijing Municipality"/>
    </workRoles>
  </workHistoryEntry>
  <workHistoryEntry startDate="1986">
    <workRoles>
      <workRole role="Graduate"/>
      <workRole institution="Tsinghua University"/>
      <workRole institution="Social Science Department"/>
      <workRole location="Beijing Municipality"/>
    </workRoles>
  </workHistoryEntry>
  <workHistoryEntry startDate="1984">
    <workRoles>
      <workRole role="Graduate"/>
      <workRole institution="Tsinghua University"/>
      <workRole institution="Physics Department"/>
      <workRole location="Beijing Municipality"/>
    </workRoles>
  </workHistoryEntry>
  <workHistoryEntry startDate="1977" endDate="1982">
    <workRoles>
      <workRole role="Alternate Member"/>
      <workRole institution="11th CPC"/>
      <workRole institution="Central Committee"/>
    </workRoles>
  </workHistoryEntry>
  <workHistoryEntry startDate="1973" endDate="1977">
    <workRoles>
      <workRole role="Alternate Member"/>
      <workRole institution="10th CPC"/>
      <workRole institution="Central Committee"/>
    </workRoles>
  </workHistoryEntry>
  <workHistoryEntry startDate="1969" endDate="1973">
    <workRoles>
      <workRole role="Alternate Member"/>
      <workRole institution="9th CPC"/>
      <workRole institution="Central Committee"/>
    </workRoles>
  </workHistoryEntry>
  <workHistoryEntry startDate="1956" endDate="1969">
    <workRoles>
      <workRole role="Member"/>
      <workRole institution="8th CPC"/>
      <workRole institution="Central Committee"/>
    </workRoles>
  </workHistoryEntry>
  <workHistory/>
</biography>
