<?xml version="1.0" encoding="UTF-8"?>
<biography birthDate="1958" fullName="Deng Jun" displayName="Deng Jun" nonEnglishName="" sex="male" nationality="Han">
  <bioText>Deng Jun, male, Han nationality, was born in 1958 in Wuhan. He is a native of Changning, Hunan Province. He graduated from the Geomechanics Department of Wuhan Geology College in 1981 and has been associated with the college since in teaching and Party positions. He received his Doctorate Degree there in 1992 and became vice-president in 2000.</bioText>
  <posts>
    <post description="Vice-president of China Geology University, Beijing"/>
  </posts>
  <birthLocations>
    <birthLocation location="Hunan Province"/>
    <birthLocation location="Changning"/>
  </birthLocations>
  <workHistoryEntry startDate="2000">
    <workRoles>
      <workRole role="Vice-President"/>
      <workRole institution="China Geology University"/>
      <workRole location="Beijing Municipality"/>
    </workRoles>
  </workHistoryEntry>
  <workHistoryEntry startDate="1995" endDate="1999">
    <workRoles>
      <workRole role="Secretary"/>
      <workRole institution="China Geology University"/>
      <workRole institution="CPC"/>
      <workRole institution="Party Committee"/>
      <workRole location="Beijing Municipality"/>
    </workRoles>
  </workHistoryEntry>
  <workHistory/>
</biography>
