<?xml version="1.0" encoding="UTF-8"?>
<biography birthDate="1937" fullName="Deng Chengcheng" displayName="Deng Chengcheng" nonEnglishName="" sex="male" nationality="Han">
  <bioText>Deng Chengcheng, male, Han nationality, is a native of Tianshui, Gansu Province. He was born in 1937, joined the CPC in 1975 and graduated from Lanzhou University. He is the son of Deng Baoshan, the general, and a close friend of Mao Zedong. Deng has held several Party positions in his native Gansu Province, in the CPPCC Gansu Provincial Committee and the Revolutionary Committee of the Chinese Kuomintang Gansu Provincial Committee.</bioText>
  <posts>
    <post description="Vice Chairman of the CPPCC Gansu Provincial Committee, Chairman of the Gansu Provincial Committee of the Revolutionary Committee of the Chinese Kuomintang"/>
  </posts>
  <birthLocations>
    <birthLocation location="Gansu Province"/>
    <birthLocation location="Tianshui City"/>
  </birthLocations>
  <workHistoryEntry startDate="">
    <workRoles>
      <workRole role="President"/>
      <workRole institution="Central Socialist Academy"/>
    </workRoles>
  </workHistoryEntry>
  <workHistoryEntry startDate="1998" endDate="2003">
    <workRoles>
      <workRole role="Member"/>
      <workRole institution="9th CPPCC"/>
      <workRole institution="National Committee"/>
      <workRole institution="Standing Committee"/>
    </workRoles>
  </workHistoryEntry>
  <workHistoryEntry startDate="1996">
    <workRoles>
      <workRole role="Vice-Chairman"/>
      <workRole institution="CPPCC"/>
      <workRole institution="Provincial Committee"/>
      <workRole location="Gansu Province"/>
    </workRoles>
  </workHistoryEntry>
  <workHistoryEntry startDate="1993">
    <workRoles>
      <workRole role="Chairman"/>
      <workRole institution="Revolutionary Committee of Chinese Kuomintang (RCCK)"/>
      <workRole institution="Provincial Committee"/>
      <workRole location="Gansu Province"/>
    </workRoles>
  </workHistoryEntry>
  <workHistoryEntry startDate="1993" endDate="1998">
    <workRoles>
      <workRole role="Member"/>
      <workRole institution="8th CPPCC"/>
      <workRole institution="National Committee"/>
    </workRoles>
  </workHistoryEntry>
  <workHistoryEntry startDate="">
    <workRoles>
      <workRole role="Vice-Chairman"/>
      <workRole institution="Revolutionary Committee of Chinese Kuomintang (RCCK)"/>
      <workRole institution="Provincial Committee"/>
      <workRole location="Gansu Province"/>
    </workRoles>
  </workHistoryEntry>
  <workHistoryEntry startDate="1975">
    <workRoles>
      <workRole role="Joined"/>
      <workRole institution="CPC"/>
    </workRoles>
  </workHistoryEntry>
  <workHistoryEntry startDate="1963">
    <workRoles>
      <workRole role="Graduate"/>
      <workRole institution="Lanzhou University"/>
      <workRole location="Gansu Province"/>
      <workRole location="Lanzhou City"/>
    </workRoles>
  </workHistoryEntry>
  <workHistory/>
</biography>
