<?xml version="1.0" encoding="UTF-8"?>
<biography birthDate="1935" fullName="Deng Pudong" displayName="Deng Pudong" nonEnglishName="" sex="male" nationality="Han">
  <bioText>Deng Pudong, male, Han nationality, is a native of Dapu, Guangdong province. He was born in 1935, joined the Jiusan Society in 1983, and graduated from Nanjing Technology College. He is a senior engineer. He is currently vice-chairman of the Municipal Committee of the Guangxi Zhuang Autonomous Regional CPPCC Committee.</bioText>
  <posts>
    <post description="Vice-Chairman of the Guangxi Zhuang Regional CPPCC Committee"/>
  </posts>
  <birthLocations>
    <birthLocation location="Guangdong Province"/>
    <birthLocation location="Dapu"/>
  </birthLocations>
  <workHistoryEntry startDate="1998">
    <workRoles>
      <workRole role="Vice-Chairman"/>
      <workRole institution="CPPCC"/>
      <workRole institution="Autonomous Regional Committee"/>
      <workRole location="Guangxi Zhuang Autonomous Region"/>
    </workRoles>
  </workHistoryEntry>
  <workHistoryEntry startDate="1990">
    <workRoles>
      <workRole role="Member"/>
      <workRole institution="Jiusan Society"/>
      <workRole institution="Autonomous Regional Committee"/>
      <workRole location="Guangxi Zhuang Autonomous Region"/>
    </workRoles>
  </workHistoryEntry>
  <workHistoryEntry startDate="1990" endDate="1996">
    <workRoles>
      <workRole role="Deputy-General Manager"/>
      <workRole institution="General Architectural Project Corporation"/>
      <workRole location="Guangxi Zhuang Autonomous Region"/>
    </workRoles>
  </workHistoryEntry>
  <workHistoryEntry startDate="1983">
    <workRoles>
      <workRole role="Joined"/>
      <workRole institution="Jiusan Society"/>
    </workRoles>
  </workHistoryEntry>
  <workHistoryEntry startDate="1980" endDate="1990">
    <workRoles>
      <workRole role="Deputy-General Engineer"/>
      <workRole institution="General Architectural Project Corporation"/>
      <workRole location="Guangxi Zhuang Autonomous Region"/>
    </workRoles>
  </workHistoryEntry>
  <workHistoryEntry startDate="1980" endDate="1990">
    <workRoles>
      <workRole role="Chief"/>
      <workRole institution="General Architectural Project Corporation"/>
      <workRole location="Guangxi Zhuang Autonomous Region"/>
    </workRoles>
  </workHistoryEntry>
  <workHistoryEntry startDate="1973" endDate="1980">
    <workRoles>
      <workRole role="Technician"/>
      <workRole institution="Architectural Committee"/>
      <workRole location="Guangxi Zhuang Autonomous Region"/>
    </workRoles>
  </workHistoryEntry>
  <workHistoryEntry startDate="1972" endDate="1973">
    <workRoles>
      <workRole role="Technician"/>
      <workRole institution="Architectural Project Bureau"/>
      <workRole location="Guangxi Zhuang Autonomous Region"/>
    </workRoles>
  </workHistoryEntry>
  <workHistoryEntry startDate="1970" endDate="1972">
    <workRoles>
      <workRole role="Technical Principal"/>
      <workRole location="Guangxi Zhuang Autonomous Region"/>
    </workRoles>
  </workHistoryEntry>
  <workHistoryEntry startDate="1961" endDate="1970">
    <workRoles>
      <workRole role="Secretary"/>
      <workRole institution="Guangxi Architectural Science Graduate School"/>
      <workRole institution="CYLC"/>
      <workRole institution="Institutional Level"/>
      <workRole location="Guangxi Zhuang Autonomous Region"/>
    </workRoles>
  </workHistoryEntry>
  <workHistoryEntry startDate="1956" endDate="1961">
    <workRoles>
      <workRole role="Student"/>
      <workRole institution="Nanjing Institute of Technology"/>
      <workRole institution="Civil Engineering Department"/>
      <workRole location="Jiangsu Province"/>
      <workRole location="Nanjing City"/>
    </workRoles>
  </workHistoryEntry>
  <workHistory/>
</biography>
