<?xml version="1.0" encoding="UTF-8"?>
<biography birthDate="1944" fullName="Deng Pufang" displayName="Deng Pufang" nonEnglishName="" sex="male" nationality="Han">
  <bioText>Deng Pufang, male, Han nationality, is a native of Guang'an, Sichuan Province. He was born in 1944, joined the CPC in 1965 and graduated from Beijing University. He is the son of Deng Xiaoping. Deng Pufang has been active in the China Disabled Persons' Federation and the China Welfare Fund for the Handicapped. He has received high accolades from the Rehabilitation International World Assembly for his work to improve life for disabled people. Deng Pufang was a delegate to the 14th CPC National Congress and an alternate member of the 16th CPC Central Committee. In 2008 he became Vice-Chairman of the 11th National Committee of the CPPCC.</bioText>
  <posts>
    <post description="Vice-Chairman, 11th CPPCC, National Committee"/>
    <post description="Executive President, Chinese Olympic Committee, Beijing Organizing Committee for the XXIX Olympiad, Beijing Municipality"/>
    <post description="President, China Welfare Fund for the Handicapped"/>
  </posts>
  <birthLocations>
    <birthLocation location="Sichuan Province"/>
    <birthLocation location="Guang'an"/>
  </birthLocations>
  <workHistoryEntry startDate="2008">
    <workRoles>
      <workRole role="Vice-Chairman"/>
      <workRole institution="11th CPPCC"/>
      <workRole institution="National Committee"/>
    </workRoles>
  </workHistoryEntry>
  <workHistoryEntry startDate="2003">
    <workRoles>
      <workRole role="Executive President"/>
      <workRole institution="Chinese Olympic Committee"/>
      <workRole institution="Beijing Organizing Committee for the XXIX Olympiad"/>
      <workRole location="Beijing Municipality"/>
    </workRoles>
  </workHistoryEntry>
  <workHistoryEntry startDate="2002" endDate="2007">
    <workRoles>
      <workRole role="Alternate Member"/>
      <workRole institution="16th CPC"/>
      <workRole institution="Central Committee"/>
    </workRoles>
  </workHistoryEntry>
  <workHistoryEntry startDate="1998" endDate="2003">
    <workRoles>
      <workRole role="Member"/>
      <workRole institution="9th CPPCC"/>
      <workRole institution="National Committee"/>
      <workRole institution="Standing Committee"/>
    </workRoles>
  </workHistoryEntry>
  <workHistoryEntry startDate="1997" endDate="2002">
    <workRoles>
      <workRole role="Alternate Member"/>
      <workRole institution="15th CPC"/>
      <workRole institution="Central Committee"/>
    </workRoles>
  </workHistoryEntry>
  <workHistoryEntry startDate="1992">
    <workRoles>
      <workRole role="(Won Award at the 17th RI World Assembly)"/>
    </workRoles>
  </workHistoryEntry>
  <workHistoryEntry startDate="1992" endDate="1997">
    <workRoles>
      <workRole role="Delegate"/>
      <workRole institution="14th CPC"/>
      <workRole institution="National Congress"/>
    </workRoles>
  </workHistoryEntry>
  <workHistoryEntry startDate="1990">
    <workRoles>
      <workRole role="(Awarded Rehabilitation International (RI) Presidential Awards at the 15th RI World Assembly)"/>
    </workRoles>
  </workHistoryEntry>
  <workHistoryEntry startDate="1988" endDate="2008">
    <workRoles>
      <workRole role="Chairman"/>
      <workRole institution="China Disabled Persons' Federation"/>
    </workRoles>
  </workHistoryEntry>
  <workHistoryEntry startDate="1985">
    <workRoles>
      <workRole role="President"/>
      <workRole institution="China Welfare Fund for the Handicapped"/>
    </workRoles>
  </workHistoryEntry>
  <workHistoryEntry startDate="1984" endDate="1985">
    <workRoles>
      <workRole role="Vice-President"/>
      <workRole institution="China Welfare Fund for the Handicapped"/>
    </workRoles>
  </workHistoryEntry>
  <workHistoryEntry startDate="1975" endDate="1984">
    <workRoles>
      <workRole role="Staff Member"/>
      <workRole institution="Central Military Commission of the PRC"/>
      <workRole institution="Service Department"/>
    </workRoles>
  </workHistoryEntry>
  <workHistoryEntry startDate="">
    <workRoles>
      <workRole role="Vice-President"/>
      <workRole institution="China Welfare Fund for the Handicapped"/>
    </workRoles>
  </workHistoryEntry>
  <workHistoryEntry startDate="1968" endDate="1975">
    <workRoles>
      <workRole role="Persecuted"/>
      <workRole institution="Cultural Revolution"/>
    </workRoles>
  </workHistoryEntry>
  <workHistoryEntry startDate="1965" endDate="1968">
    <workRoles>
      <workRole role="Student"/>
      <workRole institution="Beijing University"/>
      <workRole institution="Technological Physics Department"/>
      <workRole location="Beijing Municipality"/>
    </workRoles>
  </workHistoryEntry>
  <workHistoryEntry startDate="1965">
    <workRoles>
      <workRole role="Joined"/>
      <workRole institution="CPC"/>
    </workRoles>
  </workHistoryEntry>
  <workHistory/>
</biography>
