<?xml version="1.0" encoding="UTF-8"?>
<biography birthDate="1931" fullName="Deng Hongxun was born in 1931" displayName="Deng Hongxun" nonEnglishName="" sex="male" nationality="Jiangsu Province. He is Han Nationality. He was an alternate member of the 13th and a member of the 14th CPC Central Committee.">
  <bioText>Deng Hongxun was born in 1931, a native of Wuxi City, Jiangsu Province. He is Han Nationality. He was an alternate member of the 13th and a member of the 14th CPC Central Committee.</bioText>
  <posts>
    <post description="Member of the 14th CPC Central Committee"/>
  </posts>
  <birthLocations>
    <birthLocation location="Jiangsu Province"/>
    <birthLocation location="Wuxi City"/>
  </birthLocations>
  <workHistoryEntry startDate="1994" endDate="1998">
    <workRoles>
      <workRole role="Deputy Director"/>
      <workRole institution="Development Research Center of the State Council"/>
    </workRoles>
  </workHistoryEntry>
  <workHistoryEntry startDate="1992" endDate="1997">
    <workRoles>
      <workRole role="Member"/>
      <workRole institution="14th CPC"/>
      <workRole institution="Central Committee"/>
    </workRoles>
  </workHistoryEntry>
  <workHistoryEntry startDate="1992" endDate="1993">
    <workRoles>
      <workRole role="Director"/>
      <workRole institution="Provincial People's Congress"/>
      <workRole institution="Standing Committee"/>
      <workRole location="Hainan Province"/>
    </workRoles>
  </workHistoryEntry>
  <workHistoryEntry startDate="1992" endDate="1993">
    <workRoles>
      <workRole role="Secretary"/>
      <workRole institution="CPC"/>
      <workRole institution="Provincial Committee"/>
      <workRole location="Hainan Province"/>
    </workRoles>
  </workHistoryEntry>
  <workHistoryEntry startDate="1989" endDate="1990">
    <workRoles>
      <workRole role="Secretary"/>
      <workRole institution="CPC"/>
      <workRole institution="Provincial Committee"/>
      <workRole location="Jiangsu Province"/>
    </workRoles>
  </workHistoryEntry>
  <workHistoryEntry startDate="1987" endDate="1992">
    <workRoles>
      <workRole role="Alternate Member"/>
      <workRole institution="13th CPC"/>
      <workRole institution="Central Committee"/>
    </workRoles>
  </workHistoryEntry>
  <workHistoryEntry startDate="1984" endDate="1989">
    <workRoles>
      <workRole role="Director"/>
      <workRole institution="City People's Congress"/>
      <workRole institution="Standing Committee"/>
      <workRole location="Jiangsu Province"/>
      <workRole location="Wuxi City"/>
    </workRoles>
  </workHistoryEntry>
  <workHistoryEntry startDate="1984" endDate="1989">
    <workRoles>
      <workRole role="Secretary"/>
      <workRole institution="CPC"/>
      <workRole institution="City Committee"/>
      <workRole location="Jiangsu Province"/>
      <workRole location="Wuxi City"/>
    </workRoles>
  </workHistoryEntry>
  <workHistoryEntry startDate="1983" endDate="1984">
    <workRoles>
      <workRole role="Vice-Mayor"/>
      <workRole institution="People's Government"/>
      <workRole location="Jiangsu Province"/>
      <workRole location="Zhenjiang City"/>
    </workRoles>
  </workHistoryEntry>
  <workHistoryEntry startDate="1983" endDate="1984">
    <workRoles>
      <workRole role="Deputy Secretary"/>
      <workRole institution="CPC"/>
      <workRole institution="City Committee"/>
      <workRole location="Jiangsu Province"/>
      <workRole location="Zhenjiang City"/>
    </workRoles>
  </workHistoryEntry>
  <workHistoryEntry startDate="1972" endDate="1983">
    <workRoles>
      <workRole role="Secretary"/>
      <workRole institution="CPC"/>
      <workRole institution="City Committee"/>
      <workRole institution="Commission for Discipline Inspection"/>
      <workRole location="Jiangsu Province"/>
      <workRole location="Zhenjiang City"/>
    </workRoles>
  </workHistoryEntry>
  <workHistoryEntry startDate="1967" endDate="1972">
    <workRoles>
      <workRole role="Worker"/>
      <workRole institution="Cultural Revolution"/>
      <workRole institution="May 7th Cadre School"/>
    </workRoles>
  </workHistoryEntry>
  <workHistoryEntry startDate="1955" endDate="1967">
    <workRoles>
      <workRole role="Director"/>
      <workRole institution="Benxi Iron and Steel (Group) Co., Ltd."/>
      <workRole institution="Production Technology Department"/>
      <workRole location="Liaoning Province"/>
      <workRole location="Benxi City"/>
    </workRoles>
  </workHistoryEntry>
  <workHistoryEntry startDate="1952" endDate="1955">
    <workRoles>
      <workRole role="Deputy Director"/>
      <workRole institution="Anshan Iron and Steel Works"/>
      <workRole institution="Expertise Office"/>
      <workRole location="Liaoning Province"/>
      <workRole location="Anshan City"/>
    </workRoles>
  </workHistoryEntry>
  <workHistoryEntry startDate="1952" endDate="1955">
    <workRoles>
      <workRole role="Office Manager"/>
      <workRole institution="Anshan Iron and Steel Works"/>
      <workRole location="Liaoning Province"/>
      <workRole location="Anshan City"/>
    </workRoles>
  </workHistoryEntry>
  <workHistoryEntry startDate="1949" endDate="1952">
    <workRoles>
      <workRole role="Student"/>
      <workRole institution="Jiangnan University"/>
      <workRole institution="Industrial Engineering Department"/>
      <workRole location="Jiangsu Province"/>
      <workRole location="Wuxi City"/>
    </workRoles>
  </workHistoryEntry>
  <workHistory/>
</biography>
