<?xml version="1.0" encoding="UTF-8"?>
<biography birthDate="1938" fullName="Deng Weizhi" displayName="Deng Weizhi" nonEnglishName="" sex="male" nationality="Han">
  <bioText>Deng Weizhi, male, Han nationality, is a native of Xiaoxian County, Anhui Province. He was born in 1938 and graduated from the Shanghai Academy of Social Sciences. Early in his career, Deng worked on the staff of Dialectics of Nature magazine and Red Flag magazine. Subsequently, he became a council member of the Shanghai Writers Association. He served terms as vice-chairman of the China Association for Promoting Democracy Shanghai Municipal Committee and the China Association for Promoting Democracy Central Committee. Deng is the author of "Evolution of Chinese Family", among other titles. Deng Weizhi was a member of the 8th and 9th CPPCC National Committees.</bioText>
  <posts>
    <post description="Vice Chairman of the 10th Central Committee of the China Association for Promoting Democracy, Standing Committee Member of the 9th CPPCC National Committee"/>
  </posts>
  <birthLocations>
    <birthLocation location="Anhui Province"/>
    <birthLocation location="Xiaoxian County"/>
  </birthLocations>
  <workHistoryEntry startDate="2002">
    <workRoles>
      <workRole role="Vice-Chairman"/>
      <workRole institution="9th China Association for Promoting Democracy"/>
      <workRole institution="Central Committee"/>
    </workRoles>
  </workHistoryEntry>
  <workHistoryEntry startDate="1998" endDate="2003">
    <workRoles>
      <workRole role="Member"/>
      <workRole institution="9th CPPCC"/>
      <workRole institution="National Committee"/>
      <workRole institution="Standing Committee"/>
    </workRoles>
  </workHistoryEntry>
  <workHistoryEntry startDate="1997" endDate="2002">
    <workRoles>
      <workRole role="Vice-Chairman"/>
      <workRole institution="8th China Association for Promoting Democracy"/>
      <workRole institution="Central Committee"/>
    </workRoles>
  </workHistoryEntry>
  <workHistoryEntry startDate="1993" endDate="1998">
    <workRoles>
      <workRole role="Member"/>
      <workRole institution="8th CPPCC"/>
      <workRole institution="National Committee"/>
    </workRoles>
  </workHistoryEntry>
  <workHistoryEntry startDate="">
    <workRoles>
      <workRole role="Vice-Chairman"/>
      <workRole institution="China Association for Promoting Democracy"/>
      <workRole institution="Municipal Committee"/>
      <workRole location="Shanghai Municipality"/>
    </workRoles>
  </workHistoryEntry>
  <workHistoryEntry startDate="">
    <workRoles>
      <workRole role="Deputy Secretary-General"/>
      <workRole institution="National Yearbook Research Center"/>
    </workRoles>
  </workHistoryEntry>
  <workHistoryEntry startDate="">
    <workRoles>
      <workRole role="Member"/>
      <workRole institution="7th China Association for Promoting Democracy"/>
      <workRole institution="Central Committee"/>
      <workRole institution="Standing Committee"/>
    </workRoles>
  </workHistoryEntry>
  <workHistoryEntry startDate="">
    <workRoles>
      <workRole role="Council Member"/>
      <workRole institution="Shanghai Writers Association"/>
    </workRoles>
  </workHistoryEntry>
  <workHistoryEntry startDate="">
    <workRoles>
      <workRole role="Vice-President"/>
      <workRole institution="Shanghai Sociology Society"/>
    </workRoles>
  </workHistoryEntry>
  <workHistoryEntry startDate="1987" endDate="????">
    <workRoles>
      <workRole role="Senior Editor"/>
      <workRole institution="China Encyclopedia Publishing House"/>
      <workRole location="Shanghai Municipality"/>
    </workRoles>
  </workHistoryEntry>
  <workHistoryEntry startDate="">
    <workRoles>
      <workRole role="Staff Member"/>
      <workRole institution="Chinese Academy of Sciences"/>
    </workRoles>
  </workHistoryEntry>
  <workHistoryEntry startDate="">
    <workRoles>
      <workRole role="Staff Member"/>
      <workRole institution="Red Flag Magazine"/>
    </workRoles>
  </workHistoryEntry>
  <workHistoryEntry startDate="">
    <workRoles>
      <workRole role="Staff Member"/>
      <workRole institution="Dialectics of Nature Magazine"/>
    </workRoles>
  </workHistoryEntry>
  <workHistoryEntry startDate="">
    <workRoles>
      <workRole role="(Staff, CPC Central Committee, East China Bureau, Political Research Section)"/>
    </workRoles>
  </workHistoryEntry>
  <workHistoryEntry startDate="">
    <workRoles>
      <workRole role="Staff Member"/>
      <workRole institution="Shanghai Academy of Social Sciences"/>
      <workRole location="Shanghai Municipality"/>
    </workRoles>
  </workHistoryEntry>
  <workHistoryEntry startDate="1960">
    <workRoles>
      <workRole role="Graduate"/>
      <workRole institution="Shanghai Academy of Social Sciences"/>
      <workRole institution="Industry and Trade Department"/>
      <workRole location="Shanghai Municipality"/>
    </workRoles>
  </workHistoryEntry>
  <workHistory/>
</biography>
