<?xml version="1.0" encoding="UTF-8"?>
<biography birthDate="1961" fullName="Deng Xiuxin" displayName="Deng Xiuxin" nonEnglishName="" sex="male" nationality="Han">
  <bioText>Deng Xiuxin, male, Han nationality, is a native of Yizhang County of Hunan Province. He was born in 1961 and graduated from Hunan Agricultural University in 1982. Deng earned his Master Degree from Huazhong Agricultural University in 1984 and his Doctorate Degree from Huazhong Agricultural University in 1987. He was the Vice-President of Huazhong Agricultural University from 1995 to 2002 and is the President of Huazhong Agricultural University since 2007. Currently, he is a Member of 11th NPC Standing Committee.</bioText>
  <posts>
    <post description="Member of the 11th NPC Standing Committee"/>
    <post description="President of Huazhong Agricultural University"/>
  </posts>
  <birthLocations>
    <birthLocation location="Hunan Province"/>
    <birthLocation location="Yizhang County"/>
  </birthLocations>
  <workHistoryEntry startDate="2008">
    <workRoles>
      <workRole role="Member"/>
      <workRole institution="11th Standing Committee of the NPC"/>
    </workRoles>
  </workHistoryEntry>
  <workHistoryEntry startDate="2007">
    <workRoles>
      <workRole role="President"/>
      <workRole institution="Huazhong Agricultural University"/>
      <workRole location="Hubei Province"/>
      <workRole location="Wuhan City"/>
    </workRoles>
  </workHistoryEntry>
  <workHistoryEntry startDate="1995" endDate="2007">
    <workRoles>
      <workRole role="Vice-President"/>
      <workRole institution="Huazhong Agricultural University"/>
      <workRole location="Hubei Province"/>
      <workRole location="Wuhan City"/>
    </workRoles>
  </workHistoryEntry>
  <workHistoryEntry startDate="1993" endDate="1995">
    <workRoles>
      <workRole role="Director"/>
      <workRole institution="Huazhong Agricultural University"/>
      <workRole institution="Horticulture Department"/>
      <workRole location="Hubei Province"/>
      <workRole location="Wuhan City"/>
    </workRoles>
  </workHistoryEntry>
  <workHistoryEntry startDate="1992">
    <workRoles>
      <workRole role="Professor"/>
      <workRole institution="Huazhong Agricultural University"/>
      <workRole location="Hubei Province"/>
      <workRole location="Wuhan City"/>
    </workRoles>
  </workHistoryEntry>
  <workHistoryEntry startDate="1990" endDate="1992">
    <workRoles>
      <workRole role="Associate Professor"/>
      <workRole institution="Huazhong Agricultural University"/>
      <workRole location="Hubei Province"/>
      <workRole location="Wuhan City"/>
    </workRoles>
  </workHistoryEntry>
  <workHistoryEntry startDate="1984" endDate="1987">
    <workRoles>
      <workRole role="Student"/>
      <workRole institution="Huazhong Agricultural University"/>
      <workRole location="Hubei Province"/>
      <workRole location="Wuhan City"/>
    </workRoles>
  </workHistoryEntry>
  <workHistoryEntry startDate="1982" endDate="1984">
    <workRoles>
      <workRole role="Student"/>
      <workRole institution="Huazhong Agricultural University"/>
      <workRole location="Hubei Province"/>
      <workRole location="Wuhan City"/>
    </workRoles>
  </workHistoryEntry>
  <workHistoryEntry startDate="1978" endDate="1981">
    <workRoles>
      <workRole role="Student"/>
      <workRole institution="Huazhong Agricultural University"/>
      <workRole institution="Horticulture Department"/>
      <workRole location="Hubei Province"/>
      <workRole location="Wuhan City"/>
    </workRoles>
  </workHistoryEntry>
  <workHistory/>
</biography>
