<?xml version="1.0" encoding="UTF-8"?>
<biography birthDate="1946" fullName="Deng Daokun" displayName="Deng Daokun" nonEnglishName="" sex="male" nationality="Han">
  <bioText>Deng Daokun, male, Han nationality, is a native of Dawu county, Hubei Province. He was born in 1946, joined the CPC in 1973, and graduated from the Central Party School with a master's degree. Deng has held leading Party posts in his native Dawu county and Xiaogan, and he has served two terms as vice-governor of Hubei Province. Deng Daokun recently served as assistant secretary of the Hubei Provincial Party Committee. He became Vice-Chairman of the Hubei Provincial People's Congress in 2005.</bioText>
  <posts>
    <post description="Vice-Chairman of the Hubei Provincial People's Congress"/>
  </posts>
  <birthLocations>
    <birthLocation location="Hubei Province"/>
    <birthLocation location="Dawu County"/>
  </birthLocations>
  <workHistoryEntry startDate="2005">
    <workRoles>
      <workRole role="Vice-Chairman"/>
      <workRole institution="Provincial People's Congress"/>
      <workRole location="Hubei Province"/>
    </workRoles>
  </workHistoryEntry>
  <workHistoryEntry startDate="2002" endDate="2005">
    <workRoles>
      <workRole role="Deputy Secretary"/>
      <workRole institution="CPC"/>
      <workRole institution="Provincial Committee"/>
      <workRole institution="Standing Committee"/>
      <workRole location="Hubei Province"/>
    </workRoles>
  </workHistoryEntry>
  <workHistoryEntry startDate="1998">
    <workRoles>
      <workRole role="Member"/>
      <workRole institution="CPC"/>
      <workRole institution="Provincial Committee"/>
      <workRole institution="Standing Committee"/>
      <workRole location="Hubei Province"/>
    </workRoles>
  </workHistoryEntry>
  <workHistoryEntry startDate="1998">
    <workRoles>
      <workRole role="Member"/>
      <workRole institution="CPC"/>
      <workRole institution="Provincial Committee"/>
      <workRole institution="Standing Committee"/>
      <workRole location="Hubei Province"/>
    </workRoles>
  </workHistoryEntry>
  <workHistoryEntry startDate="1998" endDate="1999">
    <workRoles>
      <workRole role="Vice-Governor"/>
      <workRole institution="People's Government"/>
      <workRole location="Hubei Province"/>
    </workRoles>
  </workHistoryEntry>
  <workHistoryEntry startDate="1996" endDate="1998">
    <workRoles>
      <workRole role="Secretary-General"/>
      <workRole institution="People's Government"/>
      <workRole location="Hubei Province"/>
    </workRoles>
  </workHistoryEntry>
  <workHistoryEntry startDate="1996">
    <workRoles>
      <workRole role="Member"/>
      <workRole institution="People's Government"/>
      <workRole institution="CPC"/>
      <workRole institution="Leading Party Group"/>
      <workRole location="Hubei Province"/>
    </workRoles>
  </workHistoryEntry>
  <workHistoryEntry startDate="1990" endDate="1996">
    <workRoles>
      <workRole role="Secretary"/>
      <workRole institution="Agricultural Department"/>
      <workRole institution="CPC"/>
      <workRole institution="Leading Party Group"/>
      <workRole location="Hubei Province"/>
    </workRoles>
  </workHistoryEntry>
  <workHistoryEntry startDate="1990" endDate="1996">
    <workRoles>
      <workRole role="Director"/>
      <workRole institution="Agricultural Department"/>
      <workRole location="Hubei Province"/>
    </workRoles>
  </workHistoryEntry>
  <workHistoryEntry startDate="1990" endDate="1996">
    <workRoles>
      <workRole role="Secretary"/>
      <workRole institution="Agriculture and Animal Husbandry Department"/>
      <workRole institution="CPC"/>
      <workRole institution="Leading Party Group"/>
      <workRole location="Hubei Province"/>
    </workRoles>
  </workHistoryEntry>
  <workHistoryEntry startDate="1990" endDate="1996">
    <workRoles>
      <workRole role="Director"/>
      <workRole institution="Agriculture and Animal Husbandry Department"/>
      <workRole location="Hubei Province"/>
    </workRoles>
  </workHistoryEntry>
  <workHistoryEntry startDate="1986" endDate="1990">
    <workRoles>
      <workRole role="Secretary"/>
      <workRole institution="CPC"/>
      <workRole institution="Prefectural Committee"/>
      <workRole location="Hubei Province"/>
      <workRole location="Xiaogan Prefecture"/>
    </workRoles>
  </workHistoryEntry>
  <workHistoryEntry startDate="1983" endDate="1990">
    <workRoles>
      <workRole role="Senior Deputy Commissioner"/>
      <workRole location="Hubei Province"/>
      <workRole location="Xiaogan Prefecture"/>
    </workRoles>
  </workHistoryEntry>
  <workHistoryEntry startDate="1983" endDate="1990">
    <workRoles>
      <workRole role="Member"/>
      <workRole institution="CPC"/>
      <workRole institution="Prefectural Committee"/>
      <workRole institution="Standing Committee"/>
      <workRole location="Hubei Province"/>
      <workRole location="Xiaogan Prefecture"/>
    </workRoles>
  </workHistoryEntry>
  <workHistoryEntry startDate="1973">
    <workRoles>
      <workRole role="Joined"/>
      <workRole institution="CPC"/>
    </workRoles>
  </workHistoryEntry>
  <workHistoryEntry startDate="1972" endDate="1983">
    <workRoles>
      <workRole role="Deputy Secretary"/>
      <workRole institution="CPC"/>
      <workRole institution="County Committee"/>
      <workRole location="Hubei Province"/>
      <workRole location="Dawu County"/>
    </workRoles>
  </workHistoryEntry>
  <workHistoryEntry startDate="1972" endDate="1983">
    <workRoles>
      <workRole role="Clerk"/>
      <workRole institution="Agricultural Bureau"/>
      <workRole location="Hubei Province"/>
      <workRole location="Dawu County"/>
    </workRoles>
  </workHistoryEntry>
  <workHistoryEntry startDate="1972" endDate="1983">
    <workRoles>
      <workRole role="Deputy Director"/>
      <workRole institution="Agricultural Bureau"/>
      <workRole location="Hubei Province"/>
      <workRole location="Dawu County"/>
    </workRoles>
  </workHistoryEntry>
  <workHistoryEntry startDate="1970" endDate="1972">
    <workRoles>
      <workRole role="Cultural Revolution, Sent to do manual labor"/>
    </workRoles>
  </workHistoryEntry>
  <workHistoryEntry startDate="1965" endDate="1969">
    <workRoles>
      <workRole role="Student"/>
      <workRole institution="Central China Agricultural College"/>
      <workRole location="Hubei Province"/>
    </workRoles>
  </workHistoryEntry>
  <workHistory/>
</biography>
