<?xml version="1.0" encoding="UTF-8"?>
<biography birthDate="1939" fullName="Deng Zubin" displayName="Deng Zubin" nonEnglishName="" sex="male" nationality="Han">
  <bioText>Deng Zubin, male, Han nationality, is a native of Shaodong, Hunan Province. He was born in 1939 and graduated from the Mechanics Department of Hunan University in 1965. Deng directed the sensor technology and equipment research office at the Chinese Academy of Components. Along with that position, he served as deputy director of the strain gauge and applied technology specialty commission at the academy. His work has received several awards. Deng won the national third-grade prize for invention for his parameter testing equipment in 1992. The same year, he was given the title of an excellent CPC member in Shenyang and in 1996, named an excellent expert by Liaoning Province. The author of 17 theses, Deng serves as a senior engineer at the Shenyang Institute of Instruments and Meter Technology.</bioText>
  <posts>
    <post description="Senior Engineer of the Shenyang Institute of Instruments and Meters Technology"/>
  </posts>
  <birthLocations>
    <birthLocation location="Hunan Province"/>
    <birthLocation location="Shaodong"/>
  </birthLocations>
  <workHistoryEntry startDate="1992">
    <workRoles>
      <workRole role="Award Winner"/>
    </workRoles>
  </workHistoryEntry>
  <workHistoryEntry startDate="">
    <workRoles>
      <workRole role="Senior Engineer"/>
      <workRole institution="Shenyang Institute of Instruments and Meters Technology"/>
      <workRole location="Liaoning Province"/>
      <workRole location="Shenyang City"/>
    </workRoles>
  </workHistoryEntry>
  <workHistoryEntry startDate="">
    <workRoles>
      <workRole role="Deputy Director"/>
      <workRole institution="Chinese Academy of Components"/>
      <workRole institution="Strain Gauge and Applied Technology Specialty Commission"/>
    </workRoles>
  </workHistoryEntry>
  <workHistoryEntry startDate="">
    <workRoles>
      <workRole role="Director"/>
      <workRole institution="Chinese Academy of Components"/>
      <workRole institution="Sensor Technology and Equipment Research Office"/>
    </workRoles>
  </workHistoryEntry>
  <workHistoryEntry startDate="1965">
    <workRoles>
      <workRole role="Graduate"/>
      <workRole institution="Hunan University"/>
      <workRole institution="Mechanics Department"/>
      <workRole location="Hunan Province"/>
    </workRoles>
  </workHistoryEntry>
  <workHistory/>
</biography>
