<?xml version="1.0" encoding="UTF-8"?>
<biography displayName="Deng Zihui" nonEnglishName="" sex="male" nationality="Chinese">
  <bioText>Information on this official is limited because China Vitae has not yet prepared a full biographical sketch.</bioText>
  <posts>
    <post description="Vice-Chairman of the 4thCPPCC National Committee"/>
  </posts>
  <birthLocations/>
  <workHistoryEntry startDate="1969" endDate="1973">
    <workRoles>
      <workRole role="Member"/>
      <workRole institution="9th CPC"/>
      <workRole institution="Central Committee"/>
    </workRoles>
  </workHistoryEntry>
  <workHistoryEntry startDate="1964" endDate="1978">
    <workRoles>
      <workRole role="Vice-Chairman"/>
      <workRole institution="4th CPPCC"/>
      <workRole institution="National Committee"/>
    </workRoles>
  </workHistoryEntry>
  <workHistoryEntry startDate="1956" endDate="1969">
    <workRoles>
      <workRole role="Member"/>
      <workRole institution="8th CPC"/>
      <workRole institution="Central Committee"/>
    </workRoles>
  </workHistoryEntry>
  <workHistory/>
</biography>
