<?xml version="1.0" encoding="UTF-8"?>
<biography birthDate="1945" fullName="Deng Nan" displayName="Deng Nan" nonEnglishName="" sex="female" nationality="Han">
  <bioText>Deng Nan, female, Han nationality, is a native of Guang'an, Sichuan Province. She was born in 1945, joined the CPC in 1978, and graduated from Beijing University. She is the daughter of Deng Xiaoping. Deng Nan began her career holding positions in the political department of the State Science and Technology Commission and in 1989 she became the director of its Department of Science. Deng has served on the Environmental Protection Committee of the State Council, and in 1994 she won the UN Boutros Boutros-Ghali Award for her outstanding research. Deng Nan was a delegate to the 14th CPC National Congress. She is currently Vice Chairman and First Secretary of the China Association for Science and Technology. She is currently a member of the 17th CPC Central Committee.</bioText>
  <posts>
    <post description="Member of the 17th CPC Central Committee, Vice-Chairman and First Secretary, China Association for Science and Technology"/>
  </posts>
  <birthLocations>
    <birthLocation location="Sichuan Province"/>
    <birthLocation location="Guang'an"/>
  </birthLocations>
  <workHistoryEntry startDate="2007">
    <workRoles>
      <workRole role="Member"/>
      <workRole institution="17th CPC"/>
      <workRole institution="Central Committee"/>
    </workRoles>
  </workHistoryEntry>
  <workHistoryEntry startDate="2005">
    <workRoles>
      <workRole role="Vice-Chairman"/>
      <workRole institution="China Association for Science and Technology"/>
    </workRoles>
  </workHistoryEntry>
  <workHistoryEntry startDate="2004">
    <workRoles>
      <workRole role="First Secretary"/>
      <workRole institution="China Association for Science and Technology"/>
    </workRoles>
  </workHistoryEntry>
  <workHistoryEntry startDate="1998" endDate="2004">
    <workRoles>
      <workRole role="Vice-Minister"/>
      <workRole institution="Ministry of Science and Technology"/>
    </workRoles>
  </workHistoryEntry>
  <workHistoryEntry startDate="1994">
    <workRoles>
      <workRole role="(Won UN Boutros Boutros-Ghali Special Research Prize)"/>
    </workRoles>
  </workHistoryEntry>
  <workHistoryEntry startDate="">
    <workRoles>
      <workRole role="Member"/>
      <workRole institution="All-China Women's Federation"/>
      <workRole institution="Executive Committee"/>
    </workRoles>
  </workHistoryEntry>
  <workHistoryEntry startDate="">
    <workRoles>
      <workRole role="Deputy Director"/>
      <workRole institution="China Committee of the International Decade for Natural Disaster Reduction"/>
    </workRoles>
  </workHistoryEntry>
  <workHistoryEntry startDate="1992" endDate="1997">
    <workRoles>
      <workRole role="Delegate"/>
      <workRole institution="14th CPC"/>
      <workRole institution="National Congress"/>
    </workRoles>
  </workHistoryEntry>
  <workHistoryEntry startDate="">
    <workRoles>
      <workRole role="Deputy Director"/>
      <workRole institution="Environmental Protection Committee of the State Council"/>
    </workRoles>
  </workHistoryEntry>
  <workHistoryEntry startDate="1991" endDate="1998">
    <workRoles>
      <workRole role="Vice-Minister"/>
      <workRole institution="State Science and Technology Commission"/>
    </workRoles>
  </workHistoryEntry>
  <workHistoryEntry startDate="1988" endDate="1991">
    <workRoles>
      <workRole role="Director"/>
      <workRole institution="State Science and Technology Commission"/>
      <workRole institution="Science and Technology Policy Department"/>
    </workRoles>
  </workHistoryEntry>
  <workHistoryEntry startDate="1985" endDate="1988">
    <workRoles>
      <workRole role="Deputy Director"/>
      <workRole institution="State Science and Technology Commission"/>
      <workRole institution="Science and Technology Policy Department"/>
    </workRoles>
  </workHistoryEntry>
  <workHistoryEntry startDate="1979" endDate="1983">
    <workRoles>
      <workRole role="Deputy Director"/>
      <workRole institution="State Science and Technology Commission"/>
      <workRole institution="Policy Department"/>
    </workRoles>
  </workHistoryEntry>
  <workHistoryEntry startDate="1979" endDate="1983">
    <workRoles>
      <workRole role="Deputy Division Chief"/>
      <workRole institution="State Science and Technology Commission"/>
      <workRole institution="Policy Department"/>
    </workRoles>
  </workHistoryEntry>
  <workHistoryEntry startDate="1978">
    <workRoles>
      <workRole role="Joined"/>
      <workRole institution="CPC"/>
    </workRoles>
  </workHistoryEntry>
  <workHistoryEntry startDate="1973" endDate="1979">
    <workRoles>
      <workRole role="Worker"/>
      <workRole institution="Chinese Academy of Sciences"/>
      <workRole institution="Semiconductor Research Institute"/>
    </workRoles>
  </workHistoryEntry>
  <workHistoryEntry startDate="1970">
    <workRoles>
      <workRole role="Graduate"/>
      <workRole institution="Beijing University"/>
      <workRole institution="Technological Physics Department"/>
      <workRole location="Beijing Municipality"/>
    </workRoles>
  </workHistoryEntry>
  <workHistory/>
</biography>
