<?xml version="1.0" encoding="UTF-8"?>
<biography birthDate="1950" fullName="Ding Fuyuan" displayName="Ding Fuyuan" nonEnglishName="" sex="male" nationality="Han">
  <bioText>Ding Fuyuan, male, Han nationality, is a native of Guangdong province. He was born in 1950, and holds a tertiary qualification. He held posts in the Guangdong Tour Department, the South China Sea Oil Joint Service Corporation, the South China Petroleum Shenzhen Development Service Corporation and the Nanhai Huaxin Group. He was appointed secretary of the CPC Committee of the China Vanke Company in 1995.</bioText>
  <posts>
    <post description="Secretary of the CPC Committee of the China Vanke Company"/>
  </posts>
  <birthLocations>
    <birthLocation location="Guangdong Province"/>
    <birthLocation location="Guangzhou City"/>
  </birthLocations>
  <workHistoryEntry startDate="1995">
    <workRoles>
      <workRole role="Secretary"/>
      <workRole institution="China Vanke Company"/>
      <workRole institution="CPC"/>
      <workRole institution="Party Committee"/>
    </workRoles>
  </workHistoryEntry>
  <workHistoryEntry startDate="1993" endDate="1995">
    <workRoles>
      <workRole role="Member"/>
      <workRole institution="China Vanke Company"/>
      <workRole institution="Supervisory Committee"/>
    </workRoles>
  </workHistoryEntry>
  <workHistoryEntry startDate="1992" endDate="1995">
    <workRoles>
      <workRole role="Manager"/>
      <workRole institution="China Vanke Company"/>
      <workRole institution="Human Resources Department"/>
    </workRoles>
  </workHistoryEntry>
  <workHistoryEntry startDate="1991" endDate="1992">
    <workRoles>
      <workRole role="Deputy Chief"/>
      <workRole institution="China Vanke Company"/>
      <workRole institution="General Management Office"/>
    </workRoles>
  </workHistoryEntry>
  <workHistory/>
</biography>
