<?xml version="1.0" encoding="UTF-8"?>
<biography birthDate="1951" fullName="Ding Yiping" displayName="Ding Yiping" nonEnglishName="" sex="male" nationality="Han">
  <bioText>Ding Yiping, male, Han nationality, is a native of Xiangxiang Village, Hunan province. He was born in 1951, joined the PLA in 1968, and received higher education. Ding was promoted to the rank of rear admiral in 1996, and vice admiral in 2002. He served successively as a squad leader, master sergeant, staff member, and coxswain in the PLA Navy. Ding served as commander of the North China Sea Fleet until 2003. In that same year he was promoted to deputy commander of the Jinan Military Region. Ding Yiping was an alternate member of the 16th CPC Central Committee and is currently an alternate member of the 17th CPC Central Committee.</bioText>
  <posts>
    <post description="Alternate Member, 17th CPC, Central Committee"/>
    <post description="Deputy Commander, PLA, Regions, Jinan Military Region"/>
  </posts>
  <birthLocations>
    <birthLocation location="Hunan Province"/>
    <birthLocation location="Xiangxiang County"/>
  </birthLocations>
  <workHistoryEntry startDate="2007">
    <workRoles>
      <workRole role="Alternate Member"/>
      <workRole institution="17th CPC"/>
      <workRole institution="Central Committee"/>
    </workRoles>
  </workHistoryEntry>
  <workHistoryEntry startDate="2003">
    <workRoles>
      <workRole role="Deputy Commander"/>
      <workRole institution="PLA"/>
      <workRole institution="Regions"/>
      <workRole institution="Jinan Military Region"/>
    </workRoles>
  </workHistoryEntry>
  <workHistoryEntry startDate="2002">
    <workRoles>
      <workRole role="Lieutenant General"/>
      <workRole institution="PLA"/>
      <workRole institution="Services and Arms"/>
      <workRole institution="Navy"/>
    </workRoles>
  </workHistoryEntry>
  <workHistoryEntry startDate="2002" endDate="2007">
    <workRoles>
      <workRole role="Alternate Member"/>
      <workRole institution="16th CPC"/>
      <workRole institution="Central Committee"/>
    </workRoles>
  </workHistoryEntry>
  <workHistoryEntry startDate="2000">
    <workRoles>
      <workRole role="Deputy Commander"/>
      <workRole institution="PLA"/>
      <workRole institution="Regions"/>
      <workRole institution="Jinan Military Region"/>
    </workRoles>
  </workHistoryEntry>
  <workHistoryEntry startDate="2000" endDate="2003">
    <workRoles>
      <workRole role="Commander"/>
      <workRole institution="PLA"/>
      <workRole institution="Services and Arms"/>
      <workRole institution="Navy"/>
      <workRole institution="North China Sea Fleet"/>
    </workRoles>
  </workHistoryEntry>
  <workHistoryEntry startDate="1997" endDate="2000">
    <workRoles>
      <workRole role="Deputy Commander"/>
      <workRole institution="PLA"/>
      <workRole institution="Services and Arms"/>
      <workRole institution="Navy"/>
      <workRole institution="North China Sea Fleet"/>
    </workRoles>
  </workHistoryEntry>
  <workHistoryEntry startDate="1995" endDate="1997">
    <workRoles>
      <workRole role="Chief of Staff"/>
      <workRole institution="PLA"/>
      <workRole institution="Services and Arms"/>
      <workRole institution="Navy"/>
      <workRole institution="North China Sea Fleet"/>
    </workRoles>
  </workHistoryEntry>
  <workHistoryEntry startDate="1993" endDate="2002">
    <workRoles>
      <workRole role="Major General"/>
      <workRole institution="PLA"/>
      <workRole institution="Services and Arms"/>
      <workRole institution="Navy"/>
    </workRoles>
  </workHistoryEntry>
  <workHistoryEntry startDate="1993" endDate="1995">
    <workRoles>
      <workRole role="President"/>
      <workRole institution="Guangzhou Naval Academy"/>
      <workRole location="Guangdong Province"/>
      <workRole location="Guangzhou City"/>
    </workRoles>
  </workHistoryEntry>
  <workHistoryEntry startDate="1989" endDate="1993">
    <workRoles>
      <workRole role="Commander"/>
      <workRole institution="PLA"/>
      <workRole institution="Services and Arms"/>
      <workRole institution="Navy"/>
    </workRoles>
  </workHistoryEntry>
  <workHistoryEntry startDate="1987" endDate="1989">
    <workRoles>
      <workRole role="Deputy Commander"/>
      <workRole institution="PLA"/>
      <workRole institution="Services and Arms"/>
      <workRole institution="Navy"/>
      <workRole institution="Guard Command"/>
    </workRoles>
  </workHistoryEntry>
  <workHistoryEntry startDate="1984" endDate="1987">
    <workRoles>
      <workRole role="Commander"/>
      <workRole institution="PLA"/>
      <workRole institution="Services and Arms"/>
      <workRole institution="Navy"/>
      <workRole institution="Frigate Branch Command"/>
    </workRoles>
  </workHistoryEntry>
  <workHistoryEntry startDate="1983" endDate="1984">
    <workRoles>
      <workRole role="Chief of Staff"/>
      <workRole institution="PLA"/>
      <workRole institution="Services and Arms"/>
      <workRole institution="Navy"/>
      <workRole institution="Mine Sweeper Branch"/>
    </workRoles>
  </workHistoryEntry>
  <workHistoryEntry startDate="1979" endDate="1983">
    <workRoles>
      <workRole role="Section Director"/>
      <workRole institution="PLA"/>
      <workRole institution="Services and Arms"/>
      <workRole institution="Navy"/>
      <workRole institution="Guard Command"/>
    </workRoles>
  </workHistoryEntry>
  <workHistoryEntry startDate="1976" endDate="1979">
    <workRoles>
      <workRole role="Captain"/>
      <workRole institution="PLA"/>
      <workRole institution="Services and Arms"/>
      <workRole institution="Navy"/>
    </workRoles>
  </workHistoryEntry>
  <workHistoryEntry startDate="1972" endDate="1976">
    <workRoles>
      <workRole role="Staff Officer"/>
      <workRole institution="PLA"/>
      <workRole institution="Services and Arms"/>
      <workRole institution="Navy"/>
      <workRole institution="Frigate Branch Command"/>
    </workRoles>
  </workHistoryEntry>
  <workHistoryEntry startDate="1970">
    <workRoles>
      <workRole role="Joined"/>
      <workRole institution="CPC"/>
    </workRoles>
  </workHistoryEntry>
  <workHistoryEntry startDate="1970" endDate="1972">
    <workRoles>
      <workRole role="Sergeant"/>
      <workRole institution="PLA"/>
      <workRole institution="Services and Arms"/>
      <workRole institution="Navy"/>
    </workRoles>
  </workHistoryEntry>
  <workHistoryEntry startDate="1968" endDate="1970">
    <workRoles>
      <workRole role="Sailor"/>
      <workRole institution="PLA"/>
      <workRole institution="Services and Arms"/>
      <workRole institution="Navy"/>
    </workRoles>
  </workHistoryEntry>
  <workHistoryEntry startDate="1968">
    <workRoles>
      <workRole role="Joined"/>
      <workRole institution="PLA"/>
    </workRoles>
  </workHistoryEntry>
  <workHistory/>
</biography>
