<?xml version="1.0" encoding="UTF-8"?>
<biography birthDate="1943" fullName="Ding Fengying" displayName="Ding Fengying" nonEnglishName="" sex="female" nationality="Han">
  <bioText>Ding Fengying, female, Han nationality, is a native of Luotian County, Hubei province. She was born in 1943, and graduated from junior college. She joined the CPC in December 1961. Ding spent most of the 1960s holding posts in Beifeng Commune of Luotian County, and subsequently held the post of first secretary of the CPC Huanggang Prefectural Committee in Hubei Province. She graduated from the Special Management Class for Cadres of Central China Teachers' University in 1985. In the late 1990s she was elected chairman of the Hubei Provincial Women's Federation and in January 2003, she was elected vice-chairman of the CPPCC Hubei Provincial Committee.</bioText>
  <posts>
    <post description="Vice-Chairman of the CPPCC Hubei Provincial Committee"/>
  </posts>
  <birthLocations>
    <birthLocation location="Hubei Province"/>
    <birthLocation location="Luotian County"/>
  </birthLocations>
  <workHistoryEntry startDate="2003">
    <workRoles>
      <workRole role="Vice-Chairman"/>
      <workRole institution="CPPCC"/>
      <workRole institution="Provincial Committee"/>
      <workRole location="Hubei Province"/>
    </workRoles>
  </workHistoryEntry>
  <workHistoryEntry startDate="1998" endDate="2003">
    <workRoles>
      <workRole role="Member"/>
      <workRole institution="9th CPPCC"/>
      <workRole institution="National Committee"/>
    </workRoles>
  </workHistoryEntry>
  <workHistoryEntry startDate="1998">
    <workRoles>
      <workRole role="Chairman"/>
      <workRole institution="Hubei Provincial Women Federations"/>
      <workRole location="Hubei Province"/>
    </workRoles>
  </workHistoryEntry>
  <workHistoryEntry startDate="1992" endDate="????">
    <workRoles>
      <workRole role="Member"/>
      <workRole institution="CPC"/>
      <workRole institution="Central Committee"/>
      <workRole institution="Central Commission for Discipline Inspection"/>
    </workRoles>
  </workHistoryEntry>
  <workHistoryEntry startDate="1985">
    <workRoles>
      <workRole role="Graduate"/>
      <workRole institution="Central China Teachers' College"/>
    </workRoles>
  </workHistoryEntry>
  <workHistoryEntry startDate="1983" endDate="????">
    <workRoles>
      <workRole role="Member"/>
      <workRole institution="CPC"/>
      <workRole institution="Provincial Committee"/>
      <workRole institution="Standing Committee"/>
      <workRole location="Hubei Province"/>
    </workRoles>
  </workHistoryEntry>
  <workHistoryEntry startDate="1983" endDate="????">
    <workRoles>
      <workRole role="Secretary"/>
      <workRole institution="CPC"/>
      <workRole institution="Provincial Committee"/>
      <workRole institution="Commission for Discipline Inspection"/>
      <workRole location="Hubei Province"/>
    </workRoles>
  </workHistoryEntry>
  <workHistoryEntry startDate="1982" endDate="1987">
    <workRoles>
      <workRole role="Alternate Member"/>
      <workRole institution="12th CPC"/>
      <workRole institution="Central Committee"/>
    </workRoles>
  </workHistoryEntry>
  <workHistoryEntry startDate="1982" endDate="1987">
    <workRoles>
      <workRole role="Alternate Member"/>
      <workRole institution="12th CPC"/>
      <workRole institution="Central Committee"/>
    </workRoles>
  </workHistoryEntry>
  <workHistoryEntry startDate="1969" endDate="1971">
    <workRoles>
      <workRole role="Deputy Secretary"/>
      <workRole institution="CPC"/>
      <workRole institution="County Committee"/>
      <workRole location="Hubei Province"/>
      <workRole location="Luotian County"/>
    </workRoles>
  </workHistoryEntry>
  <workHistoryEntry startDate="1969" endDate="1971">
    <workRoles>
      <workRole role="Deputy Director"/>
      <workRole institution="Cultural Revolution"/>
      <workRole institution="Revolutionary Committee"/>
      <workRole location="Hubei Province"/>
      <workRole location="Luotian County"/>
    </workRoles>
  </workHistoryEntry>
  <workHistoryEntry startDate="1961">
    <workRoles>
      <workRole role="Joined"/>
      <workRole institution="CPC"/>
    </workRoles>
  </workHistoryEntry>
  <workHistoryEntry startDate="1960" endDate="1969">
    <workRoles>
      <workRole role="Secretary"/>
      <workRole institution="Beifeng Commune"/>
      <workRole institution="Fourth Brigade"/>
      <workRole institution="CPC"/>
      <workRole institution="Party Committee"/>
      <workRole location="Hubei Province"/>
      <workRole location="Luotian County"/>
    </workRoles>
  </workHistoryEntry>
  <workHistoryEntry startDate="1960" endDate="1969">
    <workRoles>
      <workRole role="Deputy Secretary"/>
      <workRole institution="Beifeng Commune"/>
      <workRole institution="Fourth Brigade"/>
      <workRole institution="CPC"/>
      <workRole institution="Party Committee"/>
      <workRole location="Hubei Province"/>
      <workRole location="Luotian County"/>
    </workRoles>
  </workHistoryEntry>
  <workHistoryEntry startDate="1960" endDate="1969">
    <workRoles>
      <workRole role="Chairman, Women's Federation"/>
      <workRole institution="Beifeng Commune"/>
      <workRole location="Hubei Province"/>
      <workRole location="Luotian County"/>
    </workRoles>
  </workHistoryEntry>
  <workHistoryEntry startDate="1960" endDate="1969">
    <workRoles>
      <workRole role="Secretary"/>
      <workRole institution="Beifeng Commune"/>
      <workRole institution="CYLC"/>
      <workRole institution="Institutional Level"/>
      <workRole location="Hubei Province"/>
      <workRole location="Luotian County"/>
    </workRoles>
  </workHistoryEntry>
  <workHistory/>
</biography>
