<?xml version="1.0" encoding="UTF-8"?>
<biography birthDate="1960" fullName="Ding Xuedong" displayName="Ding Xuedong" nonEnglishName="" sex="male" nationality="Han Nationality">
  <bioText>Ding Xuedong, male, Han Nationality, was born in 1960, is a native of Jiangsu Province. Began to work in 1977, joined the CPC in 1984. He majored in Finance in School of Financial Science Institute of Minister of Finance and obtained Master's degree, and he then received a Doctor Degree of Finance. Now he is Vice Minister of Ministry of Finance.</bioText>
  <posts>
    <post description="Vice-Minister of the Ministry of Finance"/>
  </posts>
  <birthLocations>
    <birthLocation location="Jiangsu Province"/>
    <birthLocation location="Changzhou City"/>
  </birthLocations>
  <workHistoryEntry startDate="2008">
    <workRoles>
      <workRole role="Vice-Minister"/>
      <workRole institution="Ministry of Finance"/>
    </workRoles>
  </workHistoryEntry>
  <workHistoryEntry startDate="2006">
    <workRoles>
      <workRole role="Member"/>
      <workRole institution="Ministry of Finance"/>
      <workRole institution="CPC"/>
      <workRole institution="Leading Party Group"/>
    </workRoles>
  </workHistoryEntry>
  <workHistoryEntry startDate="2006" endDate="2008">
    <workRoles>
      <workRole role="Assistant of Minister"/>
      <workRole institution="Ministry of Finance"/>
    </workRoles>
  </workHistoryEntry>
  <workHistoryEntry startDate="2005" endDate="2006">
    <workRoles>
      <workRole role="Director"/>
      <workRole institution="Ministry of Finance"/>
      <workRole institution="Education, Science and Culture Department"/>
    </workRoles>
  </workHistoryEntry>
  <workHistoryEntry startDate="2003" endDate="2004">
    <workRoles>
      <workRole role="General Manager"/>
      <workRole institution="Three Gorges Project Construction Committee"/>
      <workRole institution="Finance Department"/>
    </workRoles>
  </workHistoryEntry>
  <workHistoryEntry startDate="2000" endDate="2005">
    <workRoles>
      <workRole role="Director"/>
      <workRole institution="Ministry of Finance"/>
      <workRole institution="Agriculture Department"/>
    </workRoles>
  </workHistoryEntry>
  <workHistoryEntry startDate="1998" endDate="2000">
    <workRoles>
      <workRole role="Director"/>
      <workRole institution="Ministry of Finance"/>
      <workRole institution="State-Owned Capital Based-Management Department"/>
    </workRoles>
  </workHistoryEntry>
  <workHistoryEntry startDate="1997" endDate="1998">
    <workRoles>
      <workRole role="Director"/>
      <workRole institution="State-Owned Assets Supervision and Administration Commission"/>
      <workRole institution="Property Department"/>
    </workRoles>
  </workHistoryEntry>
  <workHistoryEntry startDate="1994" endDate="1997">
    <workRoles>
      <workRole role="Director"/>
      <workRole institution="State-Owned Assets Supervision and Administration Commission"/>
      <workRole institution="Education Department"/>
    </workRoles>
  </workHistoryEntry>
  <workHistoryEntry startDate="1994" endDate="1997">
    <workRoles>
      <workRole role="Director"/>
      <workRole institution="State-Owned Assets Supervision and Administration Commission"/>
      <workRole institution="General Office"/>
    </workRoles>
  </workHistoryEntry>
  <workHistory/>
</biography>
