<?xml version="1.0" encoding="UTF-8"?>
<biography displayName="Ding Zhongchi" nonEnglishName="" sex="male" nationality="Chinese">
  <bioText>Information on this official is limited because China Vitae has not yet prepared a full biographical sketch.</bioText>
  <posts>
    <post description="Chairman, Key State-Owned Financial Institutions, Supervisory Board"/>
  </posts>
  <birthLocations/>
  <workHistoryEntry startDate="2008">
    <workRoles>
      <workRole role="Chairman"/>
      <workRole institution="Key State-Owned Financial Institutions"/>
      <workRole institution="Supervisory Board"/>
    </workRoles>
  </workHistoryEntry>
  <workHistory/>
</biography>
