<?xml version="1.0" encoding="UTF-8"?>
<biography birthDate="1931" fullName="Ding Henggao" displayName="Ding Henggao" nonEnglishName="" sex="male" nationality="Han">
  <bioText>Ding Henggao, male, Han nationality, is a native of Nanjing vince. He was born in 1931, joined the CPC in 1953 and studied at Nanjing University and the Leningrad Institute of Precision Machinery and Optical Instruments in the Soviet Union. Ding initially held positions in the Ministry of National Defense, and he was conferred the rank of lieutenant general in 1988. Subsequently, he served as president of the Chinese Society of Inertial Technology. Ding is the husband of Nie Li, also a general, whose father is the late Marshal Nie Rongzhen. Ding Henggao was an alternate member of the 12th CPC Central Committee and a member of the 13th and 14th CPC Central Committees.</bioText>
  <posts>
    <post description="Standing Committee Member of the 9th CPPCC National Committee, Academician of Chinese Academy of Engineering"/>
  </posts>
  <birthLocations>
    <birthLocation location="Jiangsu Province"/>
    <birthLocation location="Nanjing City"/>
  </birthLocations>
  <workHistoryEntry startDate="1998" endDate="2003">
    <workRoles>
      <workRole role="Member"/>
      <workRole institution="9th CPPCC"/>
      <workRole institution="National Committee"/>
      <workRole institution="Standing Committee"/>
    </workRoles>
  </workHistoryEntry>
  <workHistoryEntry startDate="">
    <workRoles>
      <workRole role="Member"/>
      <workRole institution="State Leading Group for Science and Technology"/>
    </workRoles>
  </workHistoryEntry>
  <workHistoryEntry startDate="">
    <workRoles>
      <workRole role="Honorary President"/>
      <workRole institution="Chinese Astronautics Society"/>
    </workRoles>
  </workHistoryEntry>
  <workHistoryEntry startDate="1995" endDate="????">
    <workRoles>
      <workRole role="President"/>
      <workRole institution="Chinese Society of Inertial Technology"/>
    </workRoles>
  </workHistoryEntry>
  <workHistoryEntry startDate="1994">
    <workRoles>
      <workRole role="(Awarded state special class award for scientific and technological achievements for national defense)"/>
    </workRoles>
  </workHistoryEntry>
  <workHistoryEntry startDate="1994">
    <workRoles>
      <workRole role="Academician"/>
      <workRole institution="Chinese Academy of Engineering"/>
    </workRoles>
  </workHistoryEntry>
  <workHistoryEntry startDate="1994">
    <workRoles>
      <workRole role="General"/>
      <workRole institution="PLA"/>
    </workRoles>
  </workHistoryEntry>
  <workHistoryEntry startDate="1992" endDate="1997">
    <workRoles>
      <workRole role="Member"/>
      <workRole institution="14th CPC"/>
      <workRole institution="Central Committee"/>
    </workRoles>
  </workHistoryEntry>
  <workHistoryEntry startDate="1988" endDate="1994">
    <workRoles>
      <workRole role="Lieutenant General"/>
      <workRole institution="PLA"/>
    </workRoles>
  </workHistoryEntry>
  <workHistoryEntry startDate="1987" endDate="1992">
    <workRoles>
      <workRole role="Member"/>
      <workRole institution="13th CPC"/>
      <workRole institution="Central Committee"/>
    </workRoles>
  </workHistoryEntry>
  <workHistoryEntry startDate="1985" endDate="1996">
    <workRoles>
      <workRole role="Director"/>
      <workRole institution="State Administration for Science, Technology and Industry for National Defense (SASTIND)"/>
    </workRoles>
  </workHistoryEntry>
  <workHistoryEntry startDate="1982" endDate="1985">
    <workRoles>
      <workRole role="Deputy Director"/>
      <workRole institution="State Administration for Science, Technology and Industry for National Defense (SASTIND)"/>
    </workRoles>
  </workHistoryEntry>
  <workHistoryEntry startDate="1982" endDate="1987">
    <workRoles>
      <workRole role="Alternate Member"/>
      <workRole institution="12th CPC"/>
      <workRole institution="Central Committee"/>
    </workRoles>
  </workHistoryEntry>
  <workHistoryEntry startDate="1977" endDate="1982">
    <workRoles>
      <workRole role="Research Fellow"/>
      <workRole institution="Ministry of National Defense"/>
    </workRoles>
  </workHistoryEntry>
  <workHistoryEntry startDate="1963" endDate="1965">
    <workRoles>
      <workRole role="Director"/>
      <workRole institution="Ministry of National Defense"/>
      <workRole institution="No. 4 Office"/>
    </workRoles>
  </workHistoryEntry>
  <workHistoryEntry startDate="1962" endDate="1963">
    <workRoles>
      <workRole role="Deputy Director"/>
      <workRole institution="Ministry of National Defense"/>
      <workRole institution="No. 3 Office"/>
    </workRoles>
  </workHistoryEntry>
  <workHistoryEntry startDate="1962">
    <workRoles>
      <workRole role="Joined"/>
      <workRole institution="PLA"/>
    </workRoles>
  </workHistoryEntry>
  <workHistoryEntry startDate="1961" endDate="1962">
    <workRoles>
      <workRole role="Worker"/>
      <workRole institution="Ministry of National Defense"/>
    </workRoles>
  </workHistoryEntry>
  <workHistoryEntry startDate="1957" endDate="1961">
    <workRoles>
      <workRole role="Student"/>
      <workRole institution="Leningrad Institute of Precision Machinery and Optical Instruments"/>
      <workRole location="Russia"/>
      <workRole location="St. Petersburg"/>
    </workRoles>
  </workHistoryEntry>
  <workHistoryEntry startDate="1953">
    <workRoles>
      <workRole role="Joined"/>
      <workRole institution="CPC"/>
    </workRoles>
  </workHistoryEntry>
  <workHistoryEntry startDate="1952" endDate="1957">
    <workRoles>
      <workRole role="Assistant Researcher"/>
      <workRole institution="Chinese Academy of Sciences"/>
      <workRole institution="Mechanics Research Institute"/>
    </workRoles>
  </workHistoryEntry>
  <workHistoryEntry startDate="1949" endDate="1952">
    <workRoles>
      <workRole role="Student"/>
      <workRole institution="Nanjing University"/>
      <workRole institution="Mechanical Engineering Department"/>
      <workRole location="Jiangsu Province"/>
      <workRole location="Nanjing City"/>
    </workRoles>
  </workHistoryEntry>
  <workHistory/>
</biography>
