<?xml version="1.0" encoding="UTF-8"?>
<biography birthDate="1932" fullName="Ding Weiqi" displayName="Ding Weiqi" nonEnglishName="" sex="male" nationality="Han">
  <bioText>Ding Weiqi, male, Han nationality, is a native of Heilongjiang province. He was born in 1932, and graduated from Harbin Industrial University. He joined the Dragon International Patent Office in 2002, and he is currently working as a patent attorney in the mechanical division of the patent department. Ding speaks English and Japanese.</bioText>
  <posts>
    <post description="Patent Attorney of the Mechanical Division of the Dragon International Patent Office"/>
  </posts>
  <birthLocations>
    <birthLocation location="Heilongjiang Province"/>
    <birthLocation location="Harbin City"/>
  </birthLocations>
  <workHistoryEntry startDate="2002">
    <workRoles>
      <workRole role="Patent Attorney"/>
      <workRole institution="Dragon International Patent Office"/>
      <workRole institution="Mechanical Department"/>
    </workRoles>
  </workHistoryEntry>
  <workHistoryEntry startDate="1980" endDate="1989">
    <workRoles>
      <workRole role="Examiner"/>
      <workRole institution="State Intellectual Property Office"/>
      <workRole institution="Mechanical Examination Department"/>
    </workRoles>
  </workHistoryEntry>
  <workHistoryEntry startDate="1980" endDate="1989">
    <workRoles>
      <workRole role="Senior Examiner"/>
      <workRole institution="State Intellectual Property Office"/>
      <workRole institution="Mechanical Examination Department"/>
    </workRoles>
  </workHistoryEntry>
  <workHistoryEntry startDate="1980" endDate="1989">
    <workRoles>
      <workRole role="Director"/>
      <workRole institution="State Intellectual Property Office"/>
      <workRole institution="Mechanical Examination Department"/>
    </workRoles>
  </workHistoryEntry>
  <workHistoryEntry startDate="1980" endDate="1989">
    <workRoles>
      <workRole role="Member"/>
      <workRole institution="State Intellectual Property Office"/>
      <workRole institution="Reexamination Board"/>
    </workRoles>
  </workHistoryEntry>
  <workHistoryEntry startDate="1978" endDate="1980">
    <workRoles>
      <workRole role="Deputy Director"/>
      <workRole institution="Chinese Academy of Sciences"/>
      <workRole institution="High Energy Physics Research Institute"/>
    </workRoles>
  </workHistoryEntry>
  <workHistoryEntry startDate="1973" endDate="1978">
    <workRoles>
      <workRole role="Director"/>
      <workRole institution="Ministry of Nuclear Industry"/>
      <workRole institution="No. 503 Research Institute"/>
    </workRoles>
  </workHistoryEntry>
  <workHistory/>
</biography>
