<?xml version="1.0" encoding="UTF-8"?>
<biography birthDate="1960" fullName="Ding Yexian" displayName="Ding Yexian" nonEnglishName="" sex="male" nationality="Han">
  <bioText>Ding Yexian, male, Han nationality, is a native of Yanggu County, Shandong Province. He was born in 1960, entered the work force in 1978 and joined the CPC in 1990. Ding served as Chairman Assistant of Tibet Autonomous Region from 2009 to 2010. On September 2010, he was promoted as Vice-Chairman of the Tibet Autonomous Region.</bioText>
  <posts>
    <post description="Vice-Chairman, Autonomous Region People's Government, Tibet Autonomous Region"/>
  </posts>
  <birthLocations>
    <birthLocation location="Shandong Province"/>
    <birthLocation location="Yanggu County"/>
  </birthLocations>
  <workHistoryEntry startDate="2010">
    <workRoles>
      <workRole role="Vice-Chairman"/>
      <workRole institution="Autonomous Region People's Government"/>
      <workRole location="Tibet Autonomous Region"/>
    </workRoles>
  </workHistoryEntry>
  <workHistoryEntry startDate="2009" endDate="2010">
    <workRoles>
      <workRole role="Assistant Chairman"/>
      <workRole institution="Autonomous Region People's Government"/>
      <workRole location="Tibet Autonomous Region"/>
    </workRoles>
  </workHistoryEntry>
  <workHistoryEntry startDate="2009" endDate="2010">
    <workRoles>
      <workRole role="Member"/>
      <workRole institution="Autonomous Region People's Government"/>
      <workRole institution="CPC"/>
      <workRole institution="Leading Party Group"/>
      <workRole location="Tibet Autonomous Region"/>
    </workRoles>
  </workHistoryEntry>
  <workHistoryEntry startDate="2003" endDate="2009">
    <workRoles>
      <workRole role="Director"/>
      <workRole institution="Finance Department"/>
      <workRole location="Tibet Autonomous Region"/>
    </workRoles>
  </workHistoryEntry>
  <workHistoryEntry startDate="2003" endDate="2009">
    <workRoles>
      <workRole role="Deputy Secretary"/>
      <workRole institution="Finance Department"/>
      <workRole institution="CPC"/>
      <workRole institution="Leading Party Group"/>
      <workRole location="Tibet Autonomous Region"/>
    </workRoles>
  </workHistoryEntry>
  <workHistoryEntry startDate="2000" endDate="2003">
    <workRoles>
      <workRole role="Member"/>
      <workRole institution="Finance Department"/>
      <workRole institution="CPC"/>
      <workRole institution="Leading Party Group"/>
      <workRole location="Tibet Autonomous Region"/>
    </workRoles>
  </workHistoryEntry>
  <workHistoryEntry startDate="2000" endDate="2003">
    <workRoles>
      <workRole role="Deputy Director"/>
      <workRole institution="Finance Department"/>
      <workRole location="Tibet Autonomous Region"/>
    </workRoles>
  </workHistoryEntry>
  <workHistoryEntry startDate="1998" endDate="2000">
    <workRoles>
      <workRole role="Director"/>
      <workRole institution="Finance Bureau"/>
      <workRole location="Tibet Autonomous Region"/>
      <workRole location="Shannan Prefecture"/>
    </workRoles>
  </workHistoryEntry>
  <workHistoryEntry startDate="1998" endDate="2000">
    <workRoles>
      <workRole role="Deputy Secretary"/>
      <workRole institution="Finance Bureau"/>
      <workRole institution="CPC"/>
      <workRole institution="Leading Party Group"/>
      <workRole location="Tibet Autonomous Region"/>
      <workRole location="Shannan Prefecture"/>
    </workRoles>
  </workHistoryEntry>
  <workHistoryEntry startDate="1996" endDate="1998">
    <workRoles>
      <workRole role="Director"/>
      <workRole institution="Economic System Reform Committee"/>
      <workRole location="Tibet Autonomous Region"/>
      <workRole location="Shannan Prefecture"/>
    </workRoles>
  </workHistoryEntry>
  <workHistoryEntry startDate="1996" endDate="1998">
    <workRoles>
      <workRole role="Deputy Secretary"/>
      <workRole institution="Economic System Reform Committee"/>
      <workRole institution="CPC"/>
      <workRole institution="Leading Party Group"/>
      <workRole location="Tibet Autonomous Region"/>
      <workRole location="Shannan Prefecture"/>
    </workRoles>
  </workHistoryEntry>
  <workHistoryEntry startDate="1993" endDate="1996">
    <workRoles>
      <workRole role="Director"/>
      <workRole institution="Electric Power Bureau"/>
      <workRole location="Tibet Autonomous Region"/>
      <workRole location="Shannan Prefecture"/>
    </workRoles>
  </workHistoryEntry>
  <workHistoryEntry startDate="1989" endDate="1993">
    <workRoles>
      <workRole role="Deputy Director"/>
      <workRole institution="Electric Power Bureau"/>
      <workRole location="Tibet Autonomous Region"/>
      <workRole location="Shannan Prefecture"/>
    </workRoles>
  </workHistoryEntry>
  <workHistory/>
</biography>
