<?xml version="1.0" encoding="UTF-8"?>
<biography birthDate="1915" fullName="Ding Guangxun" displayName="Ding Guangxun" nonEnglishName="" sex="male" nationality="Han">
  <bioText>Ding Guangxun, male, Han nationality, is a native of Shanghai. He was born in 1915 and he graduated from St. John's University. Ding spent his entire career active in the Christian Church in China. He studied theology in the United States prior to returning to China and becoming president of Nanjing Union Theological Seminary. He has held leadership positions in various Christian organizations throughout China. Ding was a deputy to the 3rd, 4th and 5th NPCs and a member of 6th and 7th NPC Standing Committees. He was also a member of 3rd CPPCC National Committee, a standing committee member of the 5th CPPCC National Committee and vice-chairman of the 7th CPPCC National Committee. He has also authored several books.</bioText>
  <posts>
    <post description="Vice-Chairman of the 10th CPPCC National Committee, Chairman of the China Amity Foundation"/>
  </posts>
  <birthLocations>
    <birthLocation location="Shanghai Municipality"/>
  </birthLocations>
  <workHistoryEntry startDate="">
    <workRoles>
      <workRole role="Author"/>
    </workRoles>
  </workHistoryEntry>
  <workHistoryEntry startDate="2003">
    <workRoles>
      <workRole role="Vice-Chairman"/>
      <workRole institution="10th CPPCC"/>
      <workRole institution="National Committee"/>
    </workRoles>
  </workHistoryEntry>
  <workHistoryEntry startDate="1998" endDate="2003">
    <workRoles>
      <workRole role="Vice-Chairman"/>
      <workRole institution="9th CPPCC"/>
      <workRole institution="National Committee"/>
    </workRoles>
  </workHistoryEntry>
  <workHistoryEntry startDate="1998" endDate="????">
    <workRoles>
      <workRole role="Honorary President"/>
      <workRole institution="Chinese People's Association for Peace and Disarmament"/>
    </workRoles>
  </workHistoryEntry>
  <workHistoryEntry startDate="1997" endDate="????">
    <workRoles>
      <workRole role="Honorary President"/>
      <workRole institution="Christian Council of China"/>
    </workRoles>
  </workHistoryEntry>
  <workHistoryEntry startDate="1993" endDate="1998">
    <workRoles>
      <workRole role="Vice-Chairman"/>
      <workRole institution="8th CPPCC"/>
      <workRole institution="National Committee"/>
    </workRoles>
  </workHistoryEntry>
  <workHistoryEntry startDate="">
    <workRoles>
      <workRole role="Vice-Chairman"/>
      <workRole institution="CPPCC"/>
      <workRole institution="Provincial Committee"/>
      <workRole location="Jiangsu Province"/>
    </workRoles>
  </workHistoryEntry>
  <workHistoryEntry startDate="1988" endDate="1993">
    <workRoles>
      <workRole role="Vice-Chairman"/>
      <workRole institution="7th CPPCC"/>
      <workRole institution="National Committee"/>
    </workRoles>
  </workHistoryEntry>
  <workHistoryEntry startDate="1988" endDate="1993">
    <workRoles>
      <workRole role="Member"/>
      <workRole institution="7th Standing Committee of the NPC"/>
    </workRoles>
  </workHistoryEntry>
  <workHistoryEntry startDate="">
    <workRoles>
      <workRole role="Honorary Chairman"/>
      <workRole institution="Protestant Churches of China"/>
      <workRole institution="Patriotic Movement Committee"/>
    </workRoles>
  </workHistoryEntry>
  <workHistoryEntry startDate="1985" endDate="????">
    <workRoles>
      <workRole role="President"/>
      <workRole institution="Christian Council of China"/>
    </workRoles>
  </workHistoryEntry>
  <workHistoryEntry startDate="1984">
    <workRoles>
      <workRole role="Founder"/>
      <workRole institution="China Amity Foundation"/>
    </workRoles>
  </workHistoryEntry>
  <workHistoryEntry startDate="1983" endDate="1988">
    <workRoles>
      <workRole role="Member"/>
      <workRole institution="6th Standing Committee of the NPC"/>
    </workRoles>
  </workHistoryEntry>
  <workHistoryEntry startDate="1980" endDate="????">
    <workRoles>
      <workRole role="Chairman"/>
      <workRole institution="Protestant Churches of China"/>
      <workRole institution="Patriotic Movement Committee"/>
    </workRoles>
  </workHistoryEntry>
  <workHistoryEntry startDate="1979" endDate="????">
    <workRoles>
      <workRole role="Vice-President"/>
      <workRole institution="Nanjing University"/>
      <workRole location="Jiangsu Province"/>
      <workRole location="Nanjing City"/>
    </workRoles>
  </workHistoryEntry>
  <workHistoryEntry startDate="1978" endDate="1983">
    <workRoles>
      <workRole role="Member"/>
      <workRole institution="5th CPPCC"/>
      <workRole institution="National Committee"/>
      <workRole institution="Standing Committee"/>
    </workRoles>
  </workHistoryEntry>
  <workHistoryEntry startDate="1978" endDate="1983">
    <workRoles>
      <workRole role="Deputy"/>
      <workRole institution="5th NPC"/>
    </workRoles>
  </workHistoryEntry>
  <workHistoryEntry startDate="1975" endDate="1978">
    <workRoles>
      <workRole role="Deputy"/>
      <workRole institution="4th NPC"/>
    </workRoles>
  </workHistoryEntry>
  <workHistoryEntry startDate="1964" endDate="1975">
    <workRoles>
      <workRole role="Deputy"/>
      <workRole institution="3rd NPC"/>
    </workRoles>
  </workHistoryEntry>
  <workHistoryEntry startDate="1959" endDate="1964">
    <workRoles>
      <workRole role="Member"/>
      <workRole institution="3rd CPPCC"/>
      <workRole institution="National Committee"/>
    </workRoles>
  </workHistoryEntry>
  <workHistoryEntry startDate="1953" endDate="????">
    <workRoles>
      <workRole role="President"/>
      <workRole institution="Nanjing Union Theological Seminary"/>
      <workRole location="Jiangsu Province"/>
      <workRole location="Nanjing City"/>
    </workRoles>
  </workHistoryEntry>
  <workHistoryEntry startDate="">
    <workRoles>
      <workRole role="Secretary"/>
      <workRole institution="World Student Christian Federation"/>
      <workRole location="Switzerland"/>
      <workRole location="Geneva"/>
    </workRoles>
  </workHistoryEntry>
  <workHistoryEntry startDate="">
    <workRoles>
      <workRole role="Graduate"/>
      <workRole institution="Union Theology Seminary"/>
      <workRole location="USA"/>
      <workRole location="New York"/>
      <workRole location="New York"/>
    </workRoles>
  </workHistoryEntry>
  <workHistoryEntry startDate="">
    <workRoles>
      <workRole role="Graduate"/>
      <workRole institution="Columbia University"/>
      <workRole location="USA"/>
      <workRole location="New York"/>
      <workRole location="New York"/>
    </workRoles>
  </workHistoryEntry>
  <workHistoryEntry startDate="1942">
    <workRoles>
      <workRole role="Graduate"/>
      <workRole institution="St. John's University"/>
      <workRole institution="College of Theology"/>
      <workRole location="Shanghai Municipality"/>
    </workRoles>
  </workHistoryEntry>
  <workHistoryEntry startDate="1937">
    <workRoles>
      <workRole role="Graduate"/>
      <workRole institution="St. John's University"/>
      <workRole institution="Literature Department"/>
      <workRole location="Shanghai Municipality"/>
    </workRoles>
  </workHistoryEntry>
  <workHistory/>
</biography>
