<?xml version="1.0" encoding="UTF-8"?>
<biography birthDate="1948" fullName="Ding Yuhua" displayName="Ding Yuhua" nonEnglishName="" sex="male" nationality="Han">
  <bioText>Ding Yuhua, male, Han nationality, was born in 1948, and graduated from Shandong University. The Triangle Group Company was founded in 1976 and is mostly active in manufacturing tires. The annual production capacity is 9 million units, of which 6 million units are radial tires. The company is listed among the 24 key enterprises of Shandong and the 530 key enterprises of China. Ding became president of the Triangle Group Company in 1998.</bioText>
  <posts>
    <post description="President, Triangle Group Company"/>
  </posts>
  <birthLocations/>
  <workHistoryEntry startDate="1998">
    <workRoles>
      <workRole role="President"/>
      <workRole institution="Triangle Group Company"/>
    </workRoles>
  </workHistoryEntry>
  <workHistoryEntry startDate="1985" endDate="1987">
    <workRoles>
      <workRole role="Student"/>
      <workRole institution="Shandong University"/>
      <workRole location="Shandong Province"/>
    </workRoles>
  </workHistoryEntry>
  <workHistory/>
</biography>
