<?xml version="1.0" encoding="UTF-8"?>
<biography birthDate="1949" fullName="Ding Jiye" displayName="Ding Jiye" nonEnglishName="" sex="male" nationality="Han">
  <bioText>Ding Jiye, male, Han nationality, is a native of City Qingdao, Shandong Province. He was born in 1949, started his career in 1968 and graduate from Military School of Economics. Ding is deputy director of PLA general logistics department. He attained the major-general rank. He was a deputy of the 10th National People's Congress.</bioText>
  <posts>
    <post description="Deputy Director of the PLA General Logistics Department"/>
  </posts>
  <birthLocations>
    <birthLocation location="Shandong Province"/>
    <birthLocation location="Qingdao City"/>
  </birthLocations>
  <workHistoryEntry startDate="2007">
    <workRoles>
      <workRole role="Deputy Director"/>
      <workRole institution="PLA"/>
      <workRole institution="General Logistics Department"/>
    </workRoles>
  </workHistoryEntry>
  <workHistoryEntry startDate="2003" endDate="2008">
    <workRoles>
      <workRole role="Deputy"/>
      <workRole institution="10th NPC"/>
    </workRoles>
  </workHistoryEntry>
  <workHistoryEntry startDate="1999" endDate="2007">
    <workRoles>
      <workRole role="Director"/>
      <workRole institution="PLA"/>
      <workRole institution="General Logistics Department"/>
      <workRole institution="Financial Affairs Department"/>
    </workRoles>
  </workHistoryEntry>
  <workHistoryEntry startDate="1994" endDate="1999">
    <workRoles>
      <workRole role="Deputy Director"/>
      <workRole institution="PLA"/>
      <workRole institution="General Logistics Department"/>
      <workRole institution="Financial Affairs Department"/>
    </workRoles>
  </workHistoryEntry>
  <workHistory/>
</biography>
