<?xml version="1.0" encoding="UTF-8"?>
<biography birthDate="Hebei Province, Gaoyang County" fullName="Ding Guoyu" displayName="Ding Guoyu" nonEnglishName="" sex="male" nationality="Han">
  <bioText>Ding Guoyu, male, Han nationality, is a native of Gaoyang, Hebei Province. He graduated from the Geology Department of Beijing University and received an associate doctor's degree from Moscow Geological Surveys College. He has been a researcher at the China Seismological Bureau and was elected academician of the Chinese Academy of Sciences and of the Third World Academy of Sciences. Ding is an expert on geology and has done extensive research on seismic activity and the forecasting of earthquakes.</bioText>
  <posts>
    <post description="Academician of the Chinese Academy of Sciences"/>
  </posts>
  <birthLocations/>
  <workHistoryEntry startDate="1985">
    <workRoles>
      <workRole role="Academician"/>
      <workRole institution="Third World Academy of Sciences"/>
    </workRoles>
  </workHistoryEntry>
  <workHistoryEntry startDate="1980">
    <workRoles>
      <workRole role="Academician"/>
      <workRole institution="Chinese Academy of Sciences"/>
    </workRoles>
  </workHistoryEntry>
  <workHistoryEntry startDate="">
    <workRoles>
      <workRole role="Researcher"/>
      <workRole institution="China Seismological Bureau"/>
    </workRoles>
  </workHistoryEntry>
  <workHistoryEntry startDate="1959">
    <workRoles>
      <workRole role="Associate Doctorate Degree"/>
      <workRole institution="Moscow Geological Surveys College"/>
      <workRole location="Russia"/>
      <workRole location="Moscow"/>
    </workRoles>
  </workHistoryEntry>
  <workHistoryEntry startDate="1952">
    <workRoles>
      <workRole role="Graduate"/>
      <workRole institution="Beijing University"/>
      <workRole institution="Geology and Geography Department"/>
      <workRole location="Beijing Municipality"/>
    </workRoles>
  </workHistoryEntry>
  <workHistory/>
</biography>
