<?xml version="1.0" encoding="UTF-8"?>
<biography birthDate="1959" fullName="Ding Xiangyang" displayName="Ding Xiangyang" nonEnglishName="" sex="male" nationality="Han">
  <bioText>Ding Xiangyang, male, Han nationality, is a native of Linghai City of Liaoning Province. He was born in 1959, entered the work force in 1984, and joined the CPC in 1987. He was Director of Develop and Reform Committee of Beijing Municipality from 2003 to 2007. Since 2007, he is Vice-Mayor, Beijing Municipality.</bioText>
  <posts>
    <post description="Vice-Mayor of Beijing"/>
  </posts>
  <birthLocations>
    <birthLocation location="Liaoning Province"/>
    <birthLocation location="Linghai City"/>
  </birthLocations>
  <workHistoryEntry startDate="2007">
    <workRoles>
      <workRole role="Vice-Mayor"/>
      <workRole institution="People's Government"/>
      <workRole location="Beijing Municipality"/>
    </workRoles>
  </workHistoryEntry>
  <workHistoryEntry startDate="2006">
    <workRoles>
      <workRole role="Member"/>
      <workRole institution="People's Government"/>
      <workRole institution="CPC"/>
      <workRole institution="Leading Party Group"/>
      <workRole location="Beijing Municipality"/>
    </workRoles>
  </workHistoryEntry>
  <workHistoryEntry startDate="2003" endDate="2007">
    <workRoles>
      <workRole role="Director"/>
      <workRole institution="Development and Reform Committee"/>
      <workRole location="Beijing Municipality"/>
    </workRoles>
  </workHistoryEntry>
  <workHistoryEntry startDate="2003" endDate="2007">
    <workRoles>
      <workRole role="Secretary"/>
      <workRole institution="Development and Reform Committee"/>
      <workRole institution="CPC"/>
      <workRole institution="Leading Party Group"/>
      <workRole location="Beijing Municipality"/>
    </workRoles>
  </workHistoryEntry>
  <workHistoryEntry startDate="">
    <workRoles>
      <workRole role="Deputy Secretary-General"/>
      <workRole institution="People's Government"/>
      <workRole location="Beijing Municipality"/>
    </workRoles>
  </workHistoryEntry>
  <workHistoryEntry startDate="">
    <workRoles>
      <workRole role="Staff Member"/>
      <workRole institution="General Office of the State Council"/>
    </workRoles>
  </workHistoryEntry>
  <workHistoryEntry startDate="">
    <workRoles>
      <workRole role="Staff Member"/>
      <workRole institution="Ministry of Energy Resources"/>
      <workRole institution="General Office"/>
    </workRoles>
  </workHistoryEntry>
  <workHistory/>
</biography>
