<?xml version="1.0" encoding="UTF-8"?>
<biography birthDate="1962" fullName="Doje Cezhug" displayName="Doje Cezhug" nonEnglishName="" sex="male" nationality="Zang Nationality">
  <bioText>Doje Cezhug, male, Zang Nationality, is a native of County Ritu, Tibet Autonomous Region. He was born in 1962, joined the CPC in 1983 and started his career in 1980. He graduated from Sichuan Provincial Institute of Business Administration, majored in Business Administration. He served Ngari Area in Tibet Autonomous Region more than 20 years. In 2007 he became Mayor of Lhasa and deputy secretary of Lhasa Autonomous City Committee. He is an Alternate Member of the 17th CPC Central Committee.</bioText>
  <posts>
    <post description="Alternate Member of the 17th CPC Central Committee"/>
    <post description="Mayor of Lhasa"/>
  </posts>
  <birthLocations>
    <birthLocation location="Tibet Autonomous Region"/>
    <birthLocation location="Ritu County"/>
  </birthLocations>
  <workHistoryEntry startDate="2007">
    <workRoles>
      <workRole role="Mayor"/>
      <workRole institution="Autonomous Region People's Government"/>
      <workRole location="Tibet Autonomous Region"/>
      <workRole location="Lhasa"/>
    </workRoles>
  </workHistoryEntry>
  <workHistoryEntry startDate="2006" endDate="2006">
    <workRoles>
      <workRole role="Commissioner"/>
      <workRole institution="Autonomous Region People's Government"/>
      <workRole location="Tibet Autonomous Region"/>
      <workRole location="Ngari"/>
    </workRoles>
  </workHistoryEntry>
  <workHistoryEntry startDate="2006" endDate="2007">
    <workRoles>
      <workRole role="Vice-Mayor"/>
      <workRole institution="Autonomous Region People's Government"/>
      <workRole location="Tibet Autonomous Region"/>
      <workRole location="Lhasa"/>
    </workRoles>
  </workHistoryEntry>
  <workHistoryEntry startDate="2006" endDate="2007">
    <workRoles>
      <workRole role="Secretary"/>
      <workRole institution="Autonomous Region People's Government"/>
      <workRole institution="CPC"/>
      <workRole institution="Leading Party Group"/>
      <workRole location="Tibet Autonomous Region"/>
      <workRole location="Lhasa"/>
    </workRoles>
  </workHistoryEntry>
  <workHistoryEntry startDate="2006">
    <workRoles>
      <workRole role="Deputy Secretary"/>
      <workRole institution="CPC"/>
      <workRole institution="Autonomous City Committee"/>
      <workRole location="Tibet Autonomous Region"/>
      <workRole location="Lhasa"/>
    </workRoles>
  </workHistoryEntry>
  <workHistoryEntry startDate="2005" endDate="2006">
    <workRoles>
      <workRole role="Deputy Secretary"/>
      <workRole institution="CPC"/>
      <workRole institution="Autonomous District Committee"/>
      <workRole location="Tibet Autonomous Region"/>
      <workRole location="Ngari"/>
    </workRoles>
  </workHistoryEntry>
  <workHistoryEntry startDate="2003" endDate="2006">
    <workRoles>
      <workRole role="Secretary"/>
      <workRole institution="Public Security Department"/>
      <workRole institution="CPC"/>
      <workRole institution="Party Committee"/>
      <workRole location="Tibet Autonomous Region"/>
      <workRole location="Ngari"/>
    </workRoles>
  </workHistoryEntry>
  <workHistoryEntry startDate="2003" endDate="2006">
    <workRoles>
      <workRole role="Director"/>
      <workRole institution="Public Security Department"/>
      <workRole location="Tibet Autonomous Region"/>
      <workRole location="Ngari"/>
    </workRoles>
  </workHistoryEntry>
  <workHistoryEntry startDate="2003" endDate="2006">
    <workRoles>
      <workRole role="Secretary"/>
      <workRole institution="CPC"/>
      <workRole institution="Autonomous District Committee"/>
      <workRole institution="Politics and Law Committee"/>
      <workRole location="Tibet Autonomous Region"/>
      <workRole location="Ngari"/>
    </workRoles>
  </workHistoryEntry>
  <workHistoryEntry startDate="2001" endDate="2003">
    <workRoles>
      <workRole role="Deputy Commissioner"/>
      <workRole institution="Autonomous Region People's Government"/>
      <workRole location="Tibet Autonomous Region"/>
      <workRole location="Ngari"/>
    </workRoles>
  </workHistoryEntry>
  <workHistory/>
</biography>
