<?xml version="1.0" encoding="UTF-8"?>
<biography birthDate="1939" fullName="Doje Cering" displayName="Doje Cering" nonEnglishName="" sex="male" nationality="Tibetan">
  <bioText>Doje Cering, male, Tibetan nationality, is a native of Xiahe County, GansuProvince. He was born in 1939, entered the workforce in 1955 and joined the CPC in 1960. Doje Cering held responsible positions in the Tibet Autonomous Region for the first 25 years of his career. By 1985, he was deputy secretary of the CPC Tibet Autonomous Regional Committee and later acting chairman and chairman of the Tibet Autonomous Region People's Congress. In 1990, he moved to Beijing as vice-minister, Ministry of Civil Affairs. He later became Minister of Civil Affairs. Doje Cering was a member of 12th CPC Central Commission for DisciplineInspection and a member of the 13th, 14th and 15th CPC Central Committees. He is a member of the 16th CPC Central Committee.</bioText>
  <posts>
    <post description="Chairman of the 10th NPC Ethnic Affairs Committee, Member of the 16th CPC Central Committee"/>
  </posts>
  <birthLocations>
    <birthLocation location="Gansu Province"/>
    <birthLocation location="Xiahe County"/>
  </birthLocations>
  <workHistoryEntry startDate="2003">
    <workRoles>
      <workRole role="Chairman"/>
      <workRole institution="10th Ethnic Affairs Committee of the NPC"/>
    </workRoles>
  </workHistoryEntry>
  <workHistoryEntry startDate="2002" endDate="2007">
    <workRoles>
      <workRole role="Member"/>
      <workRole institution="16th CPC"/>
      <workRole institution="Central Committee"/>
    </workRoles>
  </workHistoryEntry>
  <workHistoryEntry startDate="2000">
    <workRoles>
      <workRole role="Vice-Chairman"/>
      <workRole institution="China International Committee for Natural Disaster"/>
    </workRoles>
  </workHistoryEntry>
  <workHistoryEntry startDate="1998" endDate="2000">
    <workRoles>
      <workRole role="Vice-Chairman"/>
      <workRole institution="China International Committee for Natural Disaster"/>
    </workRoles>
  </workHistoryEntry>
  <workHistoryEntry startDate="1997" endDate="2002">
    <workRoles>
      <workRole role="Member"/>
      <workRole institution="15th CPC"/>
      <workRole institution="Central Committee"/>
    </workRoles>
  </workHistoryEntry>
  <workHistoryEntry startDate="1993" endDate="2003">
    <workRoles>
      <workRole role="Minister"/>
      <workRole institution="Ministry of Civil Affairs"/>
    </workRoles>
  </workHistoryEntry>
  <workHistoryEntry startDate="1993" endDate="2003">
    <workRoles>
      <workRole role="Secretary"/>
      <workRole institution="Ministry of Civil Affairs"/>
      <workRole institution="CPC"/>
      <workRole institution="Leading Party Group"/>
    </workRoles>
  </workHistoryEntry>
  <workHistoryEntry startDate="1992" endDate="1997">
    <workRoles>
      <workRole role="Member"/>
      <workRole institution="14th CPC"/>
      <workRole institution="Central Committee"/>
    </workRoles>
  </workHistoryEntry>
  <workHistoryEntry startDate="1990" endDate="1993">
    <workRoles>
      <workRole role="Deputy Secretary"/>
      <workRole institution="Ministry of Civil Affairs"/>
      <workRole institution="CPC"/>
      <workRole institution="Leading Party Group"/>
    </workRoles>
  </workHistoryEntry>
  <workHistoryEntry startDate="1990" endDate="1993">
    <workRoles>
      <workRole role="Vice-Minister"/>
      <workRole institution="Ministry of Civil Affairs"/>
    </workRoles>
  </workHistoryEntry>
  <workHistoryEntry startDate="1987" endDate="1992">
    <workRoles>
      <workRole role="Member"/>
      <workRole institution="13th CPC"/>
      <workRole institution="Central Committee"/>
    </workRoles>
  </workHistoryEntry>
  <workHistoryEntry startDate="1985" endDate="1990">
    <workRoles>
      <workRole role="Chairman"/>
      <workRole institution="Autonomous Region People's Government"/>
      <workRole institution="CPC"/>
      <workRole institution="Leading Party Group"/>
      <workRole location="Tibet Autonomous Region"/>
    </workRoles>
  </workHistoryEntry>
  <workHistoryEntry startDate="1985" endDate="1990">
    <workRoles>
      <workRole role="Deputy Secretary"/>
      <workRole institution="CPC"/>
      <workRole institution="Autonomous Regional Committee"/>
      <workRole location="Tibet Autonomous Region"/>
    </workRoles>
  </workHistoryEntry>
  <workHistoryEntry startDate="1983" endDate="1985">
    <workRoles>
      <workRole role="Vice-Chairman"/>
      <workRole institution="Autonomous Region People's Government"/>
      <workRole institution="CPC"/>
      <workRole institution="Leading Party Group"/>
      <workRole location="Tibet Autonomous Region"/>
    </workRoles>
  </workHistoryEntry>
  <workHistoryEntry startDate="1982" endDate="1987">
    <workRoles>
      <workRole role="Member"/>
      <workRole institution="12th CPC"/>
      <workRole institution="Central Committee"/>
      <workRole institution="Central Commission for Discipline Inspection"/>
    </workRoles>
  </workHistoryEntry>
  <workHistoryEntry startDate="">
    <workRoles>
      <workRole role="First Secretary"/>
      <workRole institution="PLA"/>
      <workRole institution="Regions"/>
      <workRole institution="Tibet Military District"/>
      <workRole institution="CPC"/>
      <workRole institution="Party Committee"/>
    </workRoles>
  </workHistoryEntry>
  <workHistoryEntry startDate="1977" endDate="1983">
    <workRoles>
      <workRole role="Chairman"/>
      <workRole institution="CPPCC"/>
      <workRole institution="Autonomous Prefectural Committee"/>
      <workRole location="Tibet Autonomous Region"/>
      <workRole location="Xigaze Prefecture"/>
    </workRoles>
  </workHistoryEntry>
  <workHistoryEntry startDate="">
    <workRoles>
      <workRole role="1st Political Commissar"/>
      <workRole institution="PLA"/>
      <workRole institution="Regions"/>
      <workRole institution="Tibet Military District"/>
    </workRoles>
  </workHistoryEntry>
  <workHistoryEntry startDate="1977" endDate="1983">
    <workRoles>
      <workRole role="First Secretary"/>
      <workRole institution="CPC"/>
      <workRole institution="Autonomous Prefectural Committee"/>
      <workRole location="Tibet Autonomous Region"/>
      <workRole location="Xigaze Prefecture"/>
    </workRoles>
  </workHistoryEntry>
  <workHistoryEntry startDate="1977" endDate="1985">
    <workRoles>
      <workRole role="Member"/>
      <workRole institution="CPC"/>
      <workRole institution="Autonomous Regional Committee"/>
      <workRole institution="Standing Committee"/>
      <workRole location="Tibet Autonomous Region"/>
    </workRoles>
  </workHistoryEntry>
  <workHistoryEntry startDate="1973" endDate="1977">
    <workRoles>
      <workRole role="Secretary"/>
      <workRole institution="CYLC"/>
      <workRole institution="Autonomous Regional-Level"/>
      <workRole location="Tibet Autonomous Region"/>
    </workRoles>
  </workHistoryEntry>
  <workHistoryEntry startDate="1969" endDate="1973">
    <workRoles>
      <workRole role="Secretary"/>
      <workRole institution="CPC"/>
      <workRole institution="Autonomous Prefectural Committee"/>
      <workRole location="Tibet Autonomous Region"/>
      <workRole location="Shannan District"/>
    </workRoles>
  </workHistoryEntry>
  <workHistoryEntry startDate="1969" endDate="1973">
    <workRoles>
      <workRole role="Vice-Chairman"/>
      <workRole institution="Cultural Revolution"/>
      <workRole institution="Revolutionary Committee"/>
      <workRole location="Tibet Autonomous Region"/>
      <workRole location="Shannan District"/>
    </workRoles>
  </workHistoryEntry>
  <workHistoryEntry startDate="1969" endDate="1973">
    <workRoles>
      <workRole role="Deputy Leader"/>
      <workRole institution="Production Group"/>
      <workRole location="Tibet Autonomous Region"/>
      <workRole location="Gyaca County"/>
    </workRoles>
  </workHistoryEntry>
  <workHistoryEntry startDate="1969" endDate="1973">
    <workRoles>
      <workRole role="Member"/>
      <workRole institution="Production Group"/>
      <workRole institution="Cultural Revolution"/>
      <workRole institution="Revolutionary Committee"/>
      <workRole institution="Standing Committee"/>
      <workRole location="Tibet Autonomous Region"/>
      <workRole location="Gyaca County"/>
    </workRoles>
  </workHistoryEntry>
  <workHistoryEntry startDate="1965" endDate="1966">
    <workRoles>
      <workRole role="Head"/>
      <workRole institution="Autonomous Region People's Government"/>
      <workRole institution="County Office"/>
      <workRole location="Tibet Autonomous Region"/>
      <workRole location="Gyaca County"/>
    </workRoles>
  </workHistoryEntry>
  <workHistoryEntry startDate="">
    <workRoles>
      <workRole role="Magistrate"/>
      <workRole institution="County (District) People's Court"/>
      <workRole location="Tibet Autonomous Region"/>
      <workRole location="Gyaca County"/>
    </workRoles>
  </workHistoryEntry>
  <workHistoryEntry startDate="1960">
    <workRoles>
      <workRole role="Joined"/>
      <workRole institution="CPC"/>
    </workRoles>
  </workHistoryEntry>
  <workHistoryEntry startDate="1959" endDate="1965">
    <workRoles>
      <workRole role="Magistrate"/>
      <workRole institution="County (District) People's Court"/>
      <workRole location="Tibet Autonomous Region"/>
      <workRole location="Nagarze County"/>
    </workRoles>
  </workHistoryEntry>
  <workHistoryEntry startDate="1959" endDate="1965">
    <workRoles>
      <workRole role="Secretary"/>
      <workRole institution="CPC"/>
      <workRole institution="Autonomous County Committee"/>
      <workRole location="Tibet Autonomous Region"/>
      <workRole location="Nagarze County"/>
    </workRoles>
  </workHistoryEntry>
  <workHistoryEntry startDate="1959" endDate="1965">
    <workRoles>
      <workRole role="Deputy District Head"/>
      <workRole institution="People's Government"/>
      <workRole location="Tibet Autonomous Region"/>
      <workRole location="Nagarze County"/>
    </workRoles>
  </workHistoryEntry>
  <workHistoryEntry startDate="1959" endDate="1959">
    <workRoles>
      <workRole role="Clerical Worker"/>
      <workRole location="Tibet Autonomous Region"/>
    </workRoles>
  </workHistoryEntry>
  <workHistoryEntry startDate="1957" endDate="1959">
    <workRoles>
      <workRole role="Head"/>
      <workRole institution="Hezuo Commune"/>
      <workRole institution="Nayi Brigade"/>
      <workRole location="Gansu Province"/>
      <workRole location="Xiahe County"/>
    </workRoles>
  </workHistoryEntry>
  <workHistoryEntry startDate="">
    <workRoles>
      <workRole role="(Clerical worker and Work Team leader in Siqu government.)"/>
    </workRoles>
  </workHistoryEntry>
  <workHistory/>
</biography>
