<?xml version="1.0" encoding="UTF-8"?>
<biography birthDate="1944" fullName="Donald Tsang Yam-Kuen" displayName="Donald Tsang" nonEnglishName="" sex="male" nationality="is a native of Hong Kong. He was born in 1944">
  <bioText>Donald Tsang Yam-Kuen, male, is a native of Hong Kong. He was born in 1944, and he was educated in Hong Kong and attended Harvard University in the US. Tsang joined the Civil Service in 1967 and has held many positions in the Administration dealing with local administration, finance, trade and policies relating to the return of Hong Kong to China during his career. He also was attached to the Asian Development Bank in Manila for a year and worked on water supply and railway development projects in the Philippines and Bangladesh. Prior to becoming Chief Secretary in 2001, Tsang was Financial Secretary of the Hong Kong Special Administrative Region Government. During his six-year tenure as Financial Secretary, Mr. Tsang steered Hong Kong through the Asian financial crisis that swept across the region in 1997 and 1998. He later launched rigorous reforms to enhance the local financial infrastructure. In 2002, Tsang left the civil service and joined the team of principal officials under a new accountability system of government. In 2005, he was elected Chief Executive, Hong Kong SAR.</bioText>
  <posts>
    <post description="Chief Executive of the Hong Kong Special Administrative Regional Government"/>
  </posts>
  <birthLocations>
    <birthLocation location="Hong Kong SAR"/>
  </birthLocations>
  <workHistoryEntry startDate="2005">
    <workRoles>
      <workRole role="Chief Executive"/>
      <workRole institution="Central People's Government"/>
      <workRole location="Hong Kong SAR"/>
    </workRoles>
  </workHistoryEntry>
  <workHistoryEntry startDate="2002">
    <workRoles>
      <workRole role="Received Grand Bauhinia Medal"/>
    </workRoles>
  </workHistoryEntry>
  <workHistoryEntry startDate="2001" endDate="2005">
    <workRoles>
      <workRole role="Chief Secretary"/>
      <workRole institution="Central People's Government"/>
      <workRole location="Hong Kong SAR"/>
    </workRoles>
  </workHistoryEntry>
  <workHistoryEntry startDate="1997">
    <workRoles>
      <workRole role="Received Knighthood"/>
    </workRoles>
  </workHistoryEntry>
  <workHistoryEntry startDate="1997" endDate="2001">
    <workRoles>
      <workRole role="Financial Secretary"/>
      <workRole institution="Central People's Government"/>
      <workRole location="Hong Kong SAR"/>
    </workRoles>
  </workHistoryEntry>
  <workHistoryEntry startDate="1993" endDate="1997">
    <workRoles>
      <workRole role="Secretary for the Treasury"/>
      <workRole institution="Central People's Government"/>
      <workRole location="Hong Kong SAR"/>
    </workRoles>
  </workHistoryEntry>
  <workHistoryEntry startDate="1991" endDate="1993">
    <workRoles>
      <workRole role="Director-General of Trade"/>
      <workRole institution="Central People's Government"/>
      <workRole location="Hong Kong SAR"/>
    </workRoles>
  </workHistoryEntry>
  <workHistoryEntry startDate="1985" endDate="1989">
    <workRoles>
      <workRole role="Deputy Secretary"/>
      <workRole institution="Central People's Government"/>
      <workRole institution="General Duties Branch"/>
      <workRole location="Hong Kong SAR"/>
    </workRoles>
  </workHistoryEntry>
  <workHistoryEntry startDate="1977" endDate="????">
    <workRoles>
      <workRole role="Secretary"/>
      <workRole institution="Asian Development Bank"/>
      <workRole institution="Manila Office"/>
      <workRole location="Philippines"/>
      <workRole location="Manila"/>
    </workRoles>
  </workHistoryEntry>
  <workHistoryEntry startDate="">
    <workRoles>
      <workRole role="Honorary Doctorate"/>
      <workRole institution="The Hong Kong Polytechnic University"/>
      <workRole location="Hong Kong SAR"/>
    </workRoles>
  </workHistoryEntry>
  <workHistoryEntry startDate="">
    <workRoles>
      <workRole role="Honorary Doctorate"/>
      <workRole institution="The Chinese University of Hong Kong"/>
      <workRole location="Hong Kong SAR"/>
    </workRoles>
  </workHistoryEntry>
  <workHistoryEntry startDate="">
    <workRoles>
      <workRole role="Graduate"/>
      <workRole institution="Harvard University"/>
      <workRole location="USA"/>
      <workRole location="Massachusetts"/>
      <workRole location="Cambridge"/>
    </workRoles>
  </workHistoryEntry>
  <workHistory/>
</biography>
