<?xml version="1.0" encoding="UTF-8"?>
<biography birthDate="1944" fullName="Dong Hao" displayName="Dong Hao" nonEnglishName="" sex="male" nationality="Han">
  <bioText>Dong Hao, male, Han nationality, is a native of Cang county, Hebei province. He was born in 1944, joined the CPC in 1977, and graduated from the military project institute of Harbin. He was a professor in the radar academic program there from until 1968. Dong is currently deputy director of the standing committee of the NPC of Heilongjiang province.</bioText>
  <posts>
    <post description="Deputy Director of the Standing Committee of the Provincial People's Congress of Heilongjiang Province"/>
  </posts>
  <birthLocations>
    <birthLocation location="Hebei Province"/>
    <birthLocation location="Cang County"/>
  </birthLocations>
  <workHistoryEntry startDate="2000">
    <workRoles>
      <workRole role="Chief"/>
      <workRole institution="Provincial Education Department"/>
      <workRole location="Heilongjiang Province"/>
    </workRoles>
  </workHistoryEntry>
  <workHistoryEntry startDate="2000">
    <workRoles>
      <workRole role="Secretary"/>
      <workRole institution="CPC"/>
      <workRole institution="Provincial Committee"/>
      <workRole institution="Work Committee"/>
      <workRole location="Heilongjiang Province"/>
    </workRoles>
  </workHistoryEntry>
  <workHistoryEntry startDate="2000">
    <workRoles>
      <workRole role="Deputy Director"/>
      <workRole institution="Provincial People's Congress"/>
      <workRole institution="Standing Committee"/>
      <workRole location="Heilongjiang Province"/>
    </workRoles>
  </workHistoryEntry>
  <workHistoryEntry startDate="1999" endDate="2000">
    <workRoles>
      <workRole role="Deputy Secretary"/>
      <workRole institution="CPC"/>
      <workRole institution="Provincial Committee"/>
      <workRole institution="Work Committee"/>
      <workRole location="Heilongjiang Province"/>
    </workRoles>
  </workHistoryEntry>
  <workHistoryEntry startDate="1993" endDate="1999">
    <workRoles>
      <workRole role="Deputy Secretary"/>
      <workRole institution="CPC"/>
      <workRole institution="Provincial Committee"/>
      <workRole location="Heilongjiang Province"/>
    </workRoles>
  </workHistoryEntry>
  <workHistoryEntry startDate="1987" endDate="2000">
    <workRoles>
      <workRole role="Deputy Director"/>
      <workRole institution="State Education Commission"/>
      <workRole location="Heilongjiang Province"/>
    </workRoles>
  </workHistoryEntry>
  <workHistoryEntry startDate="1984" endDate="1987">
    <workRoles>
      <workRole role="Vice-President"/>
      <workRole institution="Harbin Institute of Technology"/>
      <workRole institution="Shipping Project"/>
      <workRole location="Heilongjiang Province"/>
      <workRole location="Harbin City"/>
    </workRoles>
  </workHistoryEntry>
  <workHistoryEntry startDate="1982" endDate="1984">
    <workRoles>
      <workRole role="Research Chief"/>
      <workRole institution="Harbin Institute of Technology"/>
      <workRole institution="Shipping Project"/>
      <workRole location="Heilongjiang Province"/>
      <workRole location="Harbin City"/>
    </workRoles>
  </workHistoryEntry>
  <workHistoryEntry startDate="1980" endDate="1982">
    <workRoles>
      <workRole role="Visiting Scholar"/>
      <workRole institution="Stanford University"/>
      <workRole location="USA"/>
      <workRole location="California"/>
      <workRole location="Stanford"/>
    </workRoles>
  </workHistoryEntry>
  <workHistory/>
</biography>
