<?xml version="1.0" encoding="UTF-8"?>
<biography birthDate="Anhui Province, Feixi County" fullName="Dong Wancai" displayName="Dong Wancai" nonEnglishName="" sex="male" nationality="Han">
  <bioText>Dong Wancai, male, Han nationality, is a native of Feixi County of Anhui Province. He is an alternate member of the 17th CPC Central Committee and a Lieutenant General in the PLA. He is also Director of the Political Department of the Beijing Military Region.</bioText>
  <posts>
    <post description="Alternate Member, 17th CPC, Central Committee"/>
    <post description="Director, PLA, Regions, Beijing Military Region, Political Department, Beijing Municipality"/>
  </posts>
  <birthLocations/>
  <workHistoryEntry startDate="2007">
    <workRoles>
      <workRole role="Alternate Member"/>
      <workRole institution="17th CPC"/>
      <workRole institution="Central Committee"/>
    </workRoles>
  </workHistoryEntry>
  <workHistoryEntry startDate="2005">
    <workRoles>
      <workRole role="Lieutenant General"/>
      <workRole institution="PLA"/>
    </workRoles>
  </workHistoryEntry>
  <workHistoryEntry startDate="2003">
    <workRoles>
      <workRole role="Director"/>
      <workRole institution="PLA"/>
      <workRole institution="Regions"/>
      <workRole institution="Beijing Military Region"/>
      <workRole institution="Political Department"/>
      <workRole location="Beijing Municipality"/>
    </workRoles>
  </workHistoryEntry>
  <workHistoryEntry startDate="2002" endDate="2007">
    <workRoles>
      <workRole role="Member"/>
      <workRole institution="16th CPC"/>
      <workRole institution="Central Committee"/>
      <workRole institution="Central Commission for Discipline Inspection"/>
    </workRoles>
  </workHistoryEntry>
  <workHistoryEntry startDate="1998" endDate="2003">
    <workRoles>
      <workRole role="Director"/>
      <workRole institution="PLA"/>
      <workRole institution="General Armaments Department"/>
      <workRole institution="Political Department"/>
    </workRoles>
  </workHistoryEntry>
  <workHistory/>
</biography>
