<?xml version="1.0" encoding="UTF-8"?>
<biography birthDate="Yunnan Province, Kunming City" fullName="Dong Yunmei" displayName="Dong Yunmei" nonEnglishName="" sex="male" nationality="Han">
  <bioText>Dong Yunmei, male, Han nationality, is a native of Kunming, Yunnan Province. He graduated from Jilin University in 1956. Dong Yunmei presided over and was founder of, the development of China's first practical advanced software language BCY and computer-related coder in the early and mid 1960s. Dong later participated in formal language theory and compiling techniques and in 1979 proposed the parameter graphics method of using computers to design quality Chinese character patter and he solved the related realization technique. Dong also proposed the multiplex-based grammar deduction method and a new kind of recursion function theory called the recursion function CFRF based on context irrelevant language. Dong is an academician of the Chinese Academy of Sciences.</bioText>
  <posts>
    <post description="Computer Software Expert"/>
  </posts>
  <birthLocations/>
  <workHistoryEntry startDate="1993">
    <workRoles>
      <workRole role="Academician"/>
      <workRole institution="Chinese Academy of Sciences"/>
    </workRoles>
  </workHistoryEntry>
  <workHistoryEntry startDate="">
    <workRoles>
      <workRole role="Researcher"/>
      <workRole institution="Chinese Academy of Sciences"/>
      <workRole institution="Software Research Institute"/>
    </workRoles>
  </workHistoryEntry>
  <workHistoryEntry startDate="1956">
    <workRoles>
      <workRole role="Graduate"/>
      <workRole institution="Jilin University"/>
      <workRole institution="Mathematics Department"/>
      <workRole location="Jilin Province"/>
    </workRoles>
  </workHistoryEntry>
  <workHistory/>
</biography>
