<?xml version="1.0" encoding="UTF-8"?>
<biography birthDate="1932" fullName="Dong Shilin" displayName="Dong Shilin" nonEnglishName="" sex="male" nationality="Han">
  <bioText>Dong Shilin, male, Han nationality, is a native of Hangzhou, Zhejiang Province. He was born in 1932, graduated from Tongji University in 1955, and received an assistant doctorate from the Civil Engineering Institute of the former USSR in 1960. Dong Shilin carried out the scientific research and technical works on the large-span space structure after his return to China upon completion of an assistant doctorate degree from the Civil Engineering Institute in the former Soviet Union. His achievements include proposing the calculation theory, method and chart of the rack structure similar to the sandwich boards method, the new method for the calculation of the cellular triangular cone rack, and the method of the third quarter internal force. He was the first to bring forward several research theories such as the calculation theory and method for the three-layer shells of the composite net-shell. Dong acquired 15 different science and technology advancement awards in both the national and provincial levels from the 1st-class to the 3rd-third class and has published over 150 dissertations and 12 books. Dong is an academician of the Chinese Academy of Engineering.</bioText>
  <posts>
    <post description="Expert on Space Structure"/>
  </posts>
  <birthLocations>
    <birthLocation location="Zhejiang Province"/>
    <birthLocation location="Hangzhou City"/>
  </birthLocations>
  <workHistoryEntry startDate="1997">
    <workRoles>
      <workRole role="Academician"/>
      <workRole institution="Chinese Academy of Engineering"/>
    </workRoles>
  </workHistoryEntry>
  <workHistoryEntry startDate="">
    <workRoles>
      <workRole role="Professor"/>
      <workRole institution="Jiaotong University"/>
      <workRole institution="Civil Engineering College"/>
      <workRole location="Shanghai Municipality"/>
    </workRoles>
  </workHistoryEntry>
  <workHistoryEntry startDate="1960">
    <workRoles>
      <workRole role="(Received Assistant Doctorate, Civil Engineering Institute, USSR)"/>
    </workRoles>
  </workHistoryEntry>
  <workHistoryEntry startDate="1955">
    <workRoles>
      <workRole role="Graduate"/>
      <workRole institution="Tongji University"/>
    </workRoles>
  </workHistoryEntry>
  <workHistoryEntry startDate="1951" endDate="????">
    <workRoles>
      <workRole role="Student"/>
      <workRole institution="Jiaotong University"/>
      <workRole location="Beijing Municipality"/>
    </workRoles>
  </workHistoryEntry>
  <workHistory/>
</biography>
