<?xml version="1.0" encoding="UTF-8"?>
<biography birthDate="1946" fullName="Dong Guishan" displayName="Dong Guishan" nonEnglishName="" sex="male" nationality="Han">
  <bioText>Dong Guishan, male, Han nationality, is a native of Xiping County, Henan Province. He was born in 1946, started to work in 1964 and joined the CPC in 1966. He now is the Deputy Commander of the Chengdu Military Region and a member of the 17th CPC Central Committee.</bioText>
  <posts>
    <post description="Member of the 17th CPC Central Committee, Deputy Commander of the Chengdu Military Region"/>
  </posts>
  <birthLocations>
    <birthLocation location="Henan Province"/>
    <birthLocation location="Xiping County"/>
  </birthLocations>
  <workHistoryEntry startDate="2008">
    <workRoles>
      <workRole role="Deputy Commander"/>
      <workRole institution="PLA"/>
      <workRole institution="Regions"/>
      <workRole institution="Chengdu Military Region"/>
      <workRole location="Sichuan Province"/>
      <workRole location="Chengdu City"/>
    </workRoles>
  </workHistoryEntry>
  <workHistoryEntry startDate="2007">
    <workRoles>
      <workRole role="Member"/>
      <workRole institution="17th CPC"/>
      <workRole institution="Central Committee"/>
    </workRoles>
  </workHistoryEntry>
  <workHistoryEntry startDate="2006">
    <workRoles>
      <workRole role="Lieutenant General"/>
      <workRole institution="PLA"/>
    </workRoles>
  </workHistoryEntry>
  <workHistoryEntry startDate="2004" endDate="2008">
    <workRoles>
      <workRole role="Member"/>
      <workRole institution="CPC"/>
      <workRole institution="Autonomous Regional Committee"/>
      <workRole institution="Standing Committee"/>
      <workRole location="Tibet Autonomous Region"/>
    </workRoles>
  </workHistoryEntry>
  <workHistoryEntry startDate="2004" endDate="2008">
    <workRoles>
      <workRole role="Comander"/>
      <workRole institution="PLA"/>
      <workRole institution="Regions"/>
      <workRole institution="Tibet Military District"/>
    </workRoles>
  </workHistoryEntry>
  <workHistoryEntry startDate="1998" endDate="2004">
    <workRoles>
      <workRole role="Director"/>
      <workRole institution="PLA"/>
      <workRole institution="Regions"/>
      <workRole institution="Chengdu Military Region"/>
      <workRole institution="Equipment Department"/>
    </workRoles>
  </workHistoryEntry>
  <workHistoryEntry startDate="1991" endDate="1998">
    <workRoles>
      <workRole role="Deputy Commander"/>
      <workRole institution="PLA"/>
      <workRole institution="Regions"/>
      <workRole institution="Tibet Military District"/>
      <workRole location="Tibet Autonomous Region"/>
    </workRoles>
  </workHistoryEntry>
  <workHistoryEntry startDate="1988" endDate="1991">
    <workRoles>
      <workRole role="Deputy Chief-of-Staff"/>
      <workRole institution="PLA"/>
      <workRole institution="Regions"/>
      <workRole institution="Tibet Military District"/>
      <workRole location="Tibet Autonomous Region"/>
    </workRoles>
  </workHistoryEntry>
  <workHistoryEntry startDate="1986" endDate="1988">
    <workRoles>
      <workRole role="Deputy Commander"/>
      <workRole institution="PLA"/>
      <workRole institution="Regions"/>
      <workRole institution="Tibet Military District"/>
      <workRole institution="Xigaze Military Sub-District"/>
      <workRole location="Tibet Autonomous Region"/>
    </workRoles>
  </workHistoryEntry>
  <workHistoryEntry startDate="1983" endDate="1986">
    <workRoles>
      <workRole role="Chief-of-Staff"/>
      <workRole institution="PLA"/>
      <workRole institution="Regions"/>
      <workRole institution="Tibet Military District"/>
      <workRole institution="Xigaze Military Sub-District"/>
      <workRole location="Tibet Autonomous Region"/>
    </workRoles>
  </workHistoryEntry>
  <workHistoryEntry startDate="1982" endDate="1983">
    <workRoles>
      <workRole role="Deputy Director"/>
      <workRole institution="PLA"/>
      <workRole institution="Regions"/>
      <workRole institution="Tibet Military District"/>
      <workRole institution="Training Department"/>
      <workRole location="Tibet Autonomous Region"/>
    </workRoles>
  </workHistoryEntry>
  <workHistoryEntry startDate="1966">
    <workRoles>
      <workRole role="Joined"/>
      <workRole institution="CPC"/>
    </workRoles>
  </workHistoryEntry>
  <workHistory/>
</biography>
