<?xml version="1.0" encoding="UTF-8"?>
<biography birthDate="1935" fullName="Dong Houde" displayName="Dong Houde" nonEnglishName="" sex="male" nationality="Han">
  <bioText>Dong Houde, male, Han nationality, is a native of Rongcheng, Shandong Province. He was born in 1935 and graduated from Northeast Normal University in 1955. Dong is an expert in ecological education research, a field he has studied for more than forty years. His work on vegetation maps and district divisions won him a first prize from the Liaoning provincial government in 1987. Dong's Liaoning land resources atlas and agricultural resources atlas won him second and first prizes from the provincial government in 1989 and 1990 respectively. A professor and graduate student at Liaoning University, Dong directed the university's Institute of Ecological Environments.</bioText>
  <posts>
    <post description="Director of the Institute of Ecological Environments at Liaoning University"/>
  </posts>
  <birthLocations>
    <birthLocation location="Shandong Province"/>
    <birthLocation location="Rongcheng City"/>
  </birthLocations>
  <workHistoryEntry startDate="">
    <workRoles>
      <workRole role="Vice-President"/>
      <workRole institution="Liaoning University"/>
      <workRole location="Liaoning Province"/>
    </workRoles>
  </workHistoryEntry>
  <workHistoryEntry startDate="">
    <workRoles>
      <workRole role="Director"/>
      <workRole institution="Liaoning University"/>
      <workRole institution="Institute of Ecological Environments"/>
      <workRole location="Liaoning Province"/>
    </workRoles>
  </workHistoryEntry>
  <workHistoryEntry startDate="">
    <workRoles>
      <workRole role="Professor"/>
      <workRole institution="Liaoning University"/>
      <workRole location="Liaoning Province"/>
    </workRoles>
  </workHistoryEntry>
  <workHistoryEntry startDate="1955">
    <workRoles>
      <workRole role="Graduate"/>
      <workRole institution="Northeast Normal University"/>
      <workRole location="Jilin Province"/>
    </workRoles>
  </workHistoryEntry>
  <workHistory/>
</biography>
