<?xml version="1.0" encoding="UTF-8"?>
<biography birthDate="1949" fullName="Dong Junshu" displayName="Dong Junshu" nonEnglishName="" sex="male" nationality="Han">
  <bioText>Dong Junshu, male, Han nationality, is a native of Zhejiang province. He was born in 1949, joined the CPC in 1981, and graduated from Hangzhou University. He is now standing member of the Shanghai Municipal CPC Committee and secretary of the Shanghai CPC Commission for Discipline Inspection.</bioText>
  <posts>
    <post description="Secretary of the Shanghai CPC Municipal Commission for Discipline Inspection"/>
  </posts>
  <birthLocations>
    <birthLocation location="Zhejiang Province"/>
    <birthLocation location="Fenghua City"/>
  </birthLocations>
  <workHistoryEntry startDate="2008">
    <workRoles>
      <workRole role="Secretary"/>
      <workRole institution="CPC"/>
      <workRole institution="Municipal Committee"/>
      <workRole institution="Commission for Discipline Inspection"/>
      <workRole location="Shanghai Municipality"/>
    </workRoles>
  </workHistoryEntry>
  <workHistoryEntry startDate="2008">
    <workRoles>
      <workRole role="Member"/>
      <workRole institution="CPC"/>
      <workRole institution="Municipal Committee"/>
      <workRole institution="Standing Committee"/>
      <workRole location="Shanghai Municipality"/>
    </workRoles>
  </workHistoryEntry>
  <workHistoryEntry startDate="2006" endDate="2008">
    <workRoles>
      <workRole role="Secretary"/>
      <workRole institution="CPC"/>
      <workRole institution="Provincial Committee"/>
      <workRole institution="Commission for Discipline Inspection"/>
      <workRole location="Jiangxi Province"/>
    </workRoles>
  </workHistoryEntry>
  <workHistoryEntry startDate="2001" endDate="2006">
    <workRoles>
      <workRole role="Director"/>
      <workRole institution="CPC"/>
      <workRole institution="Provincial Committee"/>
      <workRole institution="Organization Department"/>
      <workRole location="Jiangxi Province"/>
    </workRoles>
  </workHistoryEntry>
  <workHistoryEntry startDate="2001" endDate="2008">
    <workRoles>
      <workRole role="Member"/>
      <workRole institution="CPC"/>
      <workRole institution="Provincial Committee"/>
      <workRole institution="Standing Committee"/>
      <workRole location="Jiangxi Province"/>
    </workRoles>
  </workHistoryEntry>
  <workHistoryEntry startDate="1998" endDate="1998">
    <workRoles>
      <workRole role="Mayor"/>
      <workRole institution="People's Government"/>
      <workRole location="Zhejiang Province"/>
      <workRole location="Shaoxing City"/>
    </workRoles>
  </workHistoryEntry>
  <workHistoryEntry startDate="1997" endDate="1998">
    <workRoles>
      <workRole role="Acting Mayor"/>
      <workRole institution="People's Government"/>
      <workRole location="Zhejiang Province"/>
      <workRole location="Shaoxing City"/>
    </workRoles>
  </workHistoryEntry>
  <workHistoryEntry startDate="1997" endDate="1998">
    <workRoles>
      <workRole role="Deputy Secretary"/>
      <workRole institution="CPC"/>
      <workRole institution="Municipal Committee"/>
      <workRole location="Zhejiang Province"/>
      <workRole location="Shaoxing City"/>
    </workRoles>
  </workHistoryEntry>
  <workHistoryEntry startDate="1997" endDate="2997">
    <workRoles>
      <workRole role="Vice-Mayor"/>
      <workRole institution="People's Government"/>
      <workRole location="Zhejiang Province"/>
      <workRole location="Shaoxing City"/>
    </workRoles>
  </workHistoryEntry>
  <workHistoryEntry startDate="1997" endDate="1998">
    <workRoles>
      <workRole role="Member"/>
      <workRole institution="CPC"/>
      <workRole institution="City Committee"/>
      <workRole institution="Standing Committee"/>
      <workRole location="Zhejiang Province"/>
      <workRole location="Shaoxing City"/>
    </workRoles>
  </workHistoryEntry>
  <workHistoryEntry startDate="1981">
    <workRoles>
      <workRole role="Joined"/>
      <workRole institution="CPC"/>
    </workRoles>
  </workHistoryEntry>
  <workHistory/>
</biography>
