<?xml version="1.0" encoding="UTF-8"?>
<biography birthDate="1915" fullName="Dong Yinchu" displayName="Dong Yinchu" nonEnglishName="" sex="male" nationality="Han">
  <bioText>Dong Yinchu, male, Han nationality, is a native of Hefei City, Anhui Province. He was born in 1915. Dong spent his childhood in Suzhou City, Jiangsu Province. After his graduation from Jiaotong University in Shanghai, he worked as an editor for newspapers in Shanghai and Hong Kong. In 1939, he went to Indonesia, started the Tian Sheng Daily and worked as manager and editor-in-chief. In 1947, he returned to Shanghai as manager of the Shanghai Subsidiary of the Indonesia-Based Jianyuan Co. After the founding of New China in 1949, he served as deputy general manager of the Shanghai Foreign Trade State-Private Joint Corporation and vice president of the Shanghai Federation of Returned Overseas Chinese. He was persecuted during the "cultural revolution" and did not resume work until the downfall in 1976 of the "Gang of Four". Dong Yinchu was chairman of the 9th and 10th Central Committees, and was elected honorary chairman of the 11th Central Committee of the China Zhi Gong Party in 1997. He was also member of the CPPCC 5th and 6th National Committees, vice chairman of the 8th CPPCC National Committee, and member of the 7th NPC Standing Committee. He died in 2009.</bioText>
  <posts>
    <post description="Honorary Chairman of the 11th Central Committee of the China Zhi Gong Party (Public Interest Party)"/>
  </posts>
  <birthLocations>
    <birthLocation location="Anhui Province"/>
    <birthLocation location="Hefei City"/>
  </birthLocations>
  <workHistoryEntry startDate="1997" endDate="2009">
    <workRoles>
      <workRole role="Honorary Chairman"/>
      <workRole institution="11th China Zhi Gong Party (Public Interest Party)"/>
      <workRole institution="Central Committee"/>
    </workRoles>
  </workHistoryEntry>
  <workHistoryEntry startDate="1993" endDate="1998">
    <workRoles>
      <workRole role="Vice-Chairman"/>
      <workRole institution="8th CPPCC"/>
      <workRole institution="National Committee"/>
    </workRoles>
  </workHistoryEntry>
  <workHistoryEntry startDate="1988" endDate="1993">
    <workRoles>
      <workRole role="Member"/>
      <workRole institution="7th Standing Committee of the NPC"/>
    </workRoles>
  </workHistoryEntry>
  <workHistoryEntry startDate="1983" endDate="1988">
    <workRoles>
      <workRole role="Member"/>
      <workRole institution="6th CPPCC"/>
      <workRole institution="National Committee"/>
    </workRoles>
  </workHistoryEntry>
  <workHistoryEntry startDate="1978" endDate="1983">
    <workRoles>
      <workRole role="Member"/>
      <workRole institution="5th CPPCC"/>
      <workRole institution="National Committee"/>
    </workRoles>
  </workHistoryEntry>
  <workHistoryEntry startDate="">
    <workRoles>
      <workRole role="Chairman"/>
      <workRole institution="China Zhi Gong Party (Public Interest Party)"/>
      <workRole institution="Central Committee (9th"/>
    </workRoles>
  </workHistoryEntry>
  <workHistoryEntry startDate="1949" endDate="????">
    <workRoles>
      <workRole role="Vice-President"/>
      <workRole institution="Shanghai Federation of Returned Overseas Chinese"/>
    </workRoles>
  </workHistoryEntry>
  <workHistoryEntry startDate="1949" endDate="????">
    <workRoles>
      <workRole role="Deputy General Manager"/>
      <workRole institution="Shanghai Foreign Trade State-Private Joint Corporation"/>
    </workRoles>
  </workHistoryEntry>
  <workHistoryEntry startDate="1947" endDate="????">
    <workRoles>
      <workRole role="(Manager, Jianyuan Company, Shanghai Subsidiary)"/>
    </workRoles>
  </workHistoryEntry>
  <workHistoryEntry startDate="1939" endDate="????">
    <workRoles>
      <workRole role="Editor"/>
      <workRole institution="Tian Sheng Daily"/>
      <workRole location="Indonesia"/>
    </workRoles>
  </workHistoryEntry>
  <workHistoryEntry startDate="1939" endDate="????">
    <workRoles>
      <workRole role="Manager"/>
      <workRole institution="Tian Sheng Daily"/>
      <workRole location="Indonesia"/>
    </workRoles>
  </workHistoryEntry>
  <workHistoryEntry startDate="">
    <workRoles>
      <workRole role="Editor"/>
    </workRoles>
  </workHistoryEntry>
  <workHistoryEntry startDate="1938">
    <workRoles>
      <workRole role="Graduate"/>
      <workRole institution="Jiaotong University"/>
      <workRole location="Shanghai Municipality"/>
    </workRoles>
  </workHistoryEntry>
  <workHistory/>
</biography>
