<?xml version="1.0" encoding="UTF-8"?>
<biography birthDate="1944" fullName="Dong Wei" displayName="Dong Wei" nonEnglishName="" sex="male" nationality="Han Nationality">
  <bioText>Dong Wei, male, Han Nationality, is a native of Xinmin, Liaoning Province. He was born in 1944, joined the CPC and received a college education from the Northeast China Institute of Technology. Dong has spent most of his career in the Anshan Municipal Party Committee. He is currently serving as assistant Party secretary of institutions subordinated to the provincial government, and he is responsible for handling daily affairs of the provincial government, assisting comrade Yanbiao to supervise operations in the General Office, the Research Office, the Archives Bureau, the Department Affairs Administration Bureau, the Reception Office, and the Development Research Center. Dong Wei also assists comrade Xinliang in supervising the operations of the office for complaint letters and visits, and in implementing orders of provincial governors and vice-governors. Dong Wei served a term as mayor of the Anshan Municipal Government in the mid-1990s.</bioText>
  <posts>
    <post description="Secretary-General of the Leading Party Group of the Liaoning Provincial Government, Assistant Party Secretary of Institutions Subordinated to the Provincial Government"/>
  </posts>
  <birthLocations>
    <birthLocation location="Liaoning Province"/>
    <birthLocation location="Xinmin"/>
  </birthLocations>
  <workHistory/>
</biography>
