<?xml version="1.0" encoding="UTF-8"?>
<biography birthDate="1962" fullName="Dong Yunhu" displayName="Dong Yunhu" nonEnglishName="" sex="male" nationality="was born in 1962. He is a native of Xianju">
  <bioText>Dong Yunhu, male, was born in 1962. He is a native of Xianju, Zhejiang Province. Began to work in 1986, and joined the CPC in 1985. Graduated from Department of Philosophy of Nankai University. Master Degree. Experts who enjoy the special governmental allowance financed by the State Council. From 2009- 2012, he served as Deputy director of State Council Information Office.</bioText>
  <posts>
    <post description="Former Deputy Director of the Information Office of the State Council"/>
  </posts>
  <birthLocations>
    <birthLocation location="Zhejiang Province"/>
    <birthLocation location="Xianju"/>
  </birthLocations>
  <workHistoryEntry startDate="2009" endDate="2012">
    <workRoles>
      <workRole role="Deputy Director"/>
      <workRole institution="Information Office of the State Council"/>
    </workRoles>
  </workHistoryEntry>
  <workHistoryEntry startDate="2009">
    <workRoles>
      <workRole role="Deputy Director"/>
      <workRole institution="CPC"/>
      <workRole institution="Central Committee"/>
      <workRole institution="International Communication Office"/>
    </workRoles>
  </workHistoryEntry>
  <workHistoryEntry startDate="1997" endDate="2009">
    <workRoles>
      <workRole role="Director"/>
      <workRole institution="Information Office of the State Council"/>
      <workRole institution="7th Department"/>
    </workRoles>
  </workHistoryEntry>
  <workHistoryEntry startDate="1997" endDate="2009">
    <workRoles>
      <workRole role="Vice-President"/>
      <workRole institution="China Society for Human Rights Studies"/>
    </workRoles>
  </workHistoryEntry>
  <workHistoryEntry startDate="1997" endDate="2009">
    <workRoles>
      <workRole role="Secretary-General"/>
      <workRole institution="China Society for Human Rights Studies"/>
    </workRoles>
  </workHistoryEntry>
  <workHistoryEntry startDate="1986" endDate="1997">
    <workRoles>
      <workRole role="Director"/>
      <workRole institution="CPC"/>
      <workRole institution="Central Committee"/>
      <workRole institution="Central Party School"/>
      <workRole institution="Human Rights Research Bureau"/>
    </workRoles>
  </workHistoryEntry>
  <workHistoryEntry startDate="1986" endDate="1997">
    <workRoles>
      <workRole role="Deputy Director"/>
      <workRole institution="Chinese Academy of Social Sciences"/>
      <workRole institution="Institute of Marxism-Leninism-Mao Zedong Thought"/>
    </workRoles>
  </workHistoryEntry>
  <workHistory/>
</biography>
