<?xml version="1.0" encoding="UTF-8"?>
<biography birthDate="1947" fullName="Dong Wen" displayName="Dong Wen" nonEnglishName="" sex="male" nationality="Han">
  <bioText>Dong Wen, male, Han nationality, is a native of Shenyang, Liaoning Province. He was born in 1947 and joined the Revolutionary Committee of the Chinese Kuomingtang. Dong is a highly regarded calligrapher, both nationally and abroad. His works have been shown in more than 60 important exhibitions held in China and other parts of the world, and were awarded more than 20 prizes. His works are collected by more than 50 museums in over 20 countries, including the Museum of Great Britain in London. Dong also made significant contributions to calligraphical theory. He has published more than 200 papers, of which 3 won first class prizes and 1 won second class social science research. Dong was awarded the certificate of "An Artist with Outstanding Contributions", and was nominated for the "20 Century Achievement Prize." He was engaged as a member of the World Celebrity Association in America, and was recorded in the Biography of World Celebrities. Mr. Dong was also awarded the honor of "one of the most influential people in the world."</bioText>
  <posts>
    <post description="President and Professor of the Calligraphy Arts Research Institute of Shenyang Teachers' College"/>
  </posts>
  <birthLocations>
    <birthLocation location="Liaoning Province"/>
    <birthLocation location="Shenyang City"/>
  </birthLocations>
  <workHistoryEntry startDate="">
    <workRoles>
      <workRole role="Professor"/>
      <workRole institution="Shenyang Teachers' College"/>
      <workRole institution="Calligraphy Arts Research Institute"/>
      <workRole location="Liaoning Province"/>
      <workRole location="Shenyang City"/>
    </workRoles>
  </workHistoryEntry>
  <workHistoryEntry startDate="">
    <workRoles>
      <workRole role="President"/>
      <workRole institution="Shenyang Teachers' College"/>
      <workRole institution="Calligraphy Arts Research Institute"/>
      <workRole location="Liaoning Province"/>
      <workRole location="Shenyang City"/>
    </workRoles>
  </workHistoryEntry>
  <workHistoryEntry startDate="">
    <workRoles>
      <workRole role="Chairman"/>
      <workRole institution="Shenyang Calligraphers Association"/>
      <workRole location="Liaoning Province"/>
      <workRole location="Shenyang City"/>
    </workRoles>
  </workHistoryEntry>
  <workHistoryEntry startDate="">
    <workRoles>
      <workRole role="Director"/>
      <workRole institution="Chinese Calligraphers Association"/>
    </workRoles>
  </workHistoryEntry>
  <workHistoryEntry startDate="">
    <workRoles>
      <workRole role="Joined"/>
      <workRole institution="Revolutionary Committee of Chinese Kuomintang (RCCK)"/>
    </workRoles>
  </workHistoryEntry>
  <workHistory/>
</biography>
