<?xml version="1.0" encoding="UTF-8"?>
<biography fullName="Dong Wenbiao" displayName="Dong Wenbiao" nonEnglishName="" sex="male" nationality="Han">
  <bioText>Dong Wenbiao, male, Han nationality. A former teacher at Henan Financial Institute, Dong previously served as the manager of the Zhengzhou branch at the Construction Bank of China. As a result of his leadership, the branch was called a "miracle" in China's banking system. In 1996, he left the bank to assume the deputy president post at Minsheng Bank. The Chinese media heavily praised his work and Dong was recognized for his adherence to international commercial rules. After ascending to the presidency, Dong led the bank through its listing as the first non-public financial institution as well as the first joint stock non-public bank.</bioText>
  <posts>
    <post description="President of Minsheng Bank"/>
  </posts>
  <birthLocations/>
  <workHistoryEntry startDate="">
    <workRoles>
      <workRole role="President"/>
      <workRole institution="China Minsheng Bank"/>
    </workRoles>
  </workHistoryEntry>
  <workHistoryEntry startDate="2000">
    <workRoles>
      <workRole role="General Manager"/>
      <workRole institution="China Minsheng Bank"/>
    </workRoles>
  </workHistoryEntry>
  <workHistoryEntry startDate="1996" endDate="2000">
    <workRoles>
      <workRole role="Vice-President"/>
      <workRole institution="China Minsheng Bank"/>
    </workRoles>
  </workHistoryEntry>
  <workHistoryEntry startDate="">
    <workRoles>
      <workRole role="Manager"/>
      <workRole institution="People's Construction Bank of China"/>
      <workRole institution="Zhengzhou Branch"/>
      <workRole location="Henan Province"/>
      <workRole location="Zhengzhou City"/>
    </workRoles>
  </workHistoryEntry>
  <workHistory/>
</biography>
