<?xml version="1.0" encoding="UTF-8"?>
<biography birthDate="1951" fullName="Dong Li" displayName="Dong Li" nonEnglishName="" sex="male" nationality="Han Nationality">
  <bioText>Dong Li, male, Han Nationality, was born in 1951. He is a native of Ju County, Shandong Province. Began to work in 1969, and joined the CPC in 1976. Now he is a Member of the Leading Party Group and Vice-Minister of the Ministry of Water Resources. He is in charge of Discipline Inspection. He is also member of 11th CPPCC.</bioText>
  <posts>
    <post description="Vice-Minister of the Ministry of Water Resources"/>
  </posts>
  <birthLocations>
    <birthLocation location="Shandong Province"/>
    <birthLocation location="Ju County"/>
  </birthLocations>
  <workHistoryEntry startDate="2008">
    <workRoles>
      <workRole role="Member"/>
      <workRole institution="11th CPPCC"/>
      <workRole institution="National Committee"/>
    </workRoles>
  </workHistoryEntry>
  <workHistoryEntry startDate="2008">
    <workRoles>
      <workRole role="Member"/>
      <workRole institution="Ministry of Water Resources"/>
      <workRole institution="CPC"/>
      <workRole institution="Leading Party Group"/>
    </workRoles>
  </workHistoryEntry>
  <workHistoryEntry startDate="2008">
    <workRoles>
      <workRole role="Vice-Minister"/>
      <workRole institution="Ministry of Water Resources"/>
    </workRoles>
  </workHistoryEntry>
  <workHistoryEntry startDate="2006" endDate="2008">
    <workRoles>
      <workRole role="Vice-Chairman"/>
      <workRole institution="All-China Federation of Trade Unions"/>
    </workRoles>
  </workHistoryEntry>
  <workHistoryEntry startDate="2003" endDate="2006">
    <workRoles>
      <workRole role="Director"/>
      <workRole institution="All-China Federation of Trade Unions"/>
      <workRole institution="Audit Committee"/>
    </workRoles>
  </workHistoryEntry>
  <workHistoryEntry startDate="2003" endDate="2008">
    <workRoles>
      <workRole role="Member"/>
      <workRole institution="10th CPPCC"/>
      <workRole institution="National Committee"/>
    </workRoles>
  </workHistoryEntry>
  <workHistoryEntry startDate="1999" endDate="2008">
    <workRoles>
      <workRole role="Member"/>
      <workRole institution="All-China Federation of Trade Unions"/>
      <workRole institution="CPC"/>
      <workRole institution="Leading Party Group"/>
    </workRoles>
  </workHistoryEntry>
  <workHistoryEntry startDate="1998" endDate="2008">
    <workRoles>
      <workRole role="Member"/>
      <workRole institution="All-China Federation of Trade Unions"/>
      <workRole institution="Secretariat"/>
    </workRoles>
  </workHistoryEntry>
  <workHistoryEntry startDate="1997" endDate="1998">
    <workRoles>
      <workRole role="Director"/>
      <workRole institution="All-China Federation of Trade Unions"/>
      <workRole institution="General Office"/>
    </workRoles>
  </workHistoryEntry>
  <workHistoryEntry startDate="1995" endDate="1997">
    <workRoles>
      <workRole role="Deputy Director"/>
      <workRole institution="All-China Federation of Trade Unions"/>
      <workRole institution="General Office"/>
    </workRoles>
  </workHistoryEntry>
  <workHistory/>
</biography>
