<?xml version="1.0" encoding="UTF-8"?>
<biography birthDate="1938" fullName="Dong Daohua" displayName="Dong Daohua" nonEnglishName="" sex="male" nationality="Han">
  <bioText>Dong Daohua, male, Han nationality, is a native of Jiangsu Province. He was born in 1938, joined the CPC in 1971 and graduated from East China Normal University. Dong has held leading positions with the Ministry of Geology and Mineral Resources and the Ministry of Land and Resources.</bioText>
  <posts>
    <post description="Member of the Leading Party Group and Leader of the Discipline Inspection Group of the Ministry of Land and Resources"/>
  </posts>
  <birthLocations>
    <birthLocation location="Jiangsu Province"/>
  </birthLocations>
  <workHistoryEntry startDate="1998">
    <workRoles>
      <workRole role="Member"/>
      <workRole institution="Ministry of Land and Resources"/>
      <workRole institution="CPC"/>
      <workRole institution="Leading Party Group"/>
    </workRoles>
  </workHistoryEntry>
  <workHistoryEntry startDate="1994">
    <workRoles>
      <workRole role="Group Leader"/>
      <workRole institution="Ministry of Land and Resources"/>
      <workRole institution="CPC"/>
      <workRole institution="Party Committee"/>
      <workRole institution="Commission for Discipline Inspection"/>
    </workRoles>
  </workHistoryEntry>
  <workHistoryEntry startDate="1988" endDate="????">
    <workRoles>
      <workRole role="Director"/>
      <workRole institution="Ministry of Land and Resources"/>
      <workRole institution="Supervision Bureau"/>
    </workRoles>
  </workHistoryEntry>
  <workHistory/>
</biography>
