<?xml version="1.0" encoding="UTF-8"?>
<biography birthDate="1927" fullName="Dong Fureng" displayName="Dong Fureng" nonEnglishName="" sex="male" nationality="Han">
  <bioText>Dong Fureng, male, Han nationality, was born in 1927. He graduated from the Economics Department of Wuhan University in 1950 and received an associate doctorate from Moscow National Institute of Economics in 1957. Even before he graduated from university, Dong served as an economics department teaching assistant. In the late 1950s, he joined the Chinese Academy of Social Sciences as an associate researcher in the institute of economics – serving in that position until 1976. He later headed the academy's business leadership group at the institute and in 1985 was made the director of the institute of economics at the academy. Four years later, in 1989, he became honorary director of the institute. A professor at Peking University, Wuhan University, and Renmin University, Dong has a long involvement with NPC politics. He was a delegate to the 8th NPC, where he also was the vice-chairman of the finance affairs committee. In 1991, he was an adviser to the Environmental Protection Committee of the State Council and later an adviser to the State Environmental Protection Administration. Dong is a member of the National Political Consultative Conference.</bioText>
  <posts>
    <post description="Honorary Director of the Institute of Economics at the Chinese Academy of Social Sciences"/>
  </posts>
  <birthLocations/>
  <workHistoryEntry startDate="1993" endDate="1998">
    <workRoles>
      <workRole role="Deputy"/>
      <workRole institution="8th NPC"/>
    </workRoles>
  </workHistoryEntry>
  <workHistoryEntry startDate="1989">
    <workRoles>
      <workRole role="Honorary Director"/>
      <workRole institution="Chinese Academy of Social Sciences"/>
      <workRole institution="Institute of Economics"/>
    </workRoles>
  </workHistoryEntry>
  <workHistoryEntry startDate="1985" endDate="1988">
    <workRoles>
      <workRole role="Director"/>
      <workRole institution="Chinese Academy of Social Sciences"/>
      <workRole institution="Institute of Economics"/>
    </workRoles>
  </workHistoryEntry>
  <workHistoryEntry startDate="1982" endDate="1985">
    <workRoles>
      <workRole role="Deputy Director"/>
      <workRole institution="Chinese Academy of Social Sciences"/>
      <workRole institution="Graduate School"/>
    </workRoles>
  </workHistoryEntry>
  <workHistoryEntry startDate="1979" endDate="????">
    <workRoles>
      <workRole role="Professor"/>
      <workRole institution="Beijing University"/>
      <workRole location="Beijing Municipality"/>
    </workRoles>
  </workHistoryEntry>
  <workHistoryEntry startDate="1979" endDate="????">
    <workRoles>
      <workRole role="Professor"/>
      <workRole institution="Wuhan University"/>
      <workRole location="Hubei Province"/>
      <workRole location="Wuhan City"/>
    </workRoles>
  </workHistoryEntry>
  <workHistoryEntry startDate="1979" endDate="????">
    <workRoles>
      <workRole role="Professor"/>
      <workRole institution="Renmin University of China"/>
      <workRole location="Beijing Municipality"/>
    </workRoles>
  </workHistoryEntry>
  <workHistoryEntry startDate="1979">
    <workRoles>
      <workRole role="Researcher"/>
      <workRole institution="Chinese Academy of Social Sciences"/>
    </workRoles>
  </workHistoryEntry>
  <workHistoryEntry startDate="1959" endDate="1976">
    <workRoles>
      <workRole role="Associate Researcher"/>
      <workRole institution="Chinese Academy of Social Sciences"/>
      <workRole institution="Institute of Economics"/>
    </workRoles>
  </workHistoryEntry>
  <workHistoryEntry startDate="1957" endDate="1958">
    <workRoles>
      <workRole role="Instructor"/>
      <workRole institution="Wuhan University"/>
      <workRole institution="Economics Department"/>
      <workRole location="Hubei Province"/>
      <workRole location="Wuhan City"/>
    </workRoles>
  </workHistoryEntry>
  <workHistoryEntry startDate="1950" endDate="1952">
    <workRoles>
      <workRole role="Teaching Assistant"/>
      <workRole institution="Wuhan University"/>
      <workRole institution="Economics Department"/>
      <workRole location="Hubei Province"/>
      <workRole location="Wuhan City"/>
    </workRoles>
  </workHistoryEntry>
  <workHistoryEntry startDate="1950">
    <workRoles>
      <workRole role="Graduate"/>
      <workRole institution="Wuhan University"/>
      <workRole institution="Economics Department"/>
      <workRole location="Hubei Province"/>
      <workRole location="Wuhan City"/>
    </workRoles>
  </workHistoryEntry>
  <workHistory/>
</biography>
