<?xml version="1.0" encoding="UTF-8"?>
<biography birthDate="Jiangsu Province, Changzhou City" fullName="Dong Shenbao" displayName="Dong Shenbao" nonEnglishName="" sex="male" nationality="Han">
  <bioText>Dong Shenbao, male, Han nationality, is a native of Changzhou, Jiangsu Province. He graduated from Beijing University and became a professor there. He was elected academician of the Chinese Academy of Sciences in 1980. Dong is an expert on petrology, studying metamorphic rock and granite. He was editor-in-chief in the compilation of a geologic map of China and was awarded a National Natural Science Award.</bioText>
  <posts>
    <post description="Academician of the Chinese Academy of Sciences"/>
  </posts>
  <birthLocations/>
  <workHistoryEntry startDate="1989">
    <workRoles>
      <workRole role="Award Winner"/>
    </workRoles>
  </workHistoryEntry>
  <workHistoryEntry startDate="">
    <workRoles>
      <workRole role="Editor-in-Chief"/>
      <workRole institution="Geographic Map of China"/>
    </workRoles>
  </workHistoryEntry>
  <workHistoryEntry startDate="1980">
    <workRoles>
      <workRole role="Academician"/>
      <workRole institution="Chinese Academy of Sciences"/>
    </workRoles>
  </workHistoryEntry>
  <workHistoryEntry startDate="">
    <workRoles>
      <workRole role="Professor"/>
      <workRole institution="Beijing University"/>
      <workRole location="Beijing Municipality"/>
    </workRoles>
  </workHistoryEntry>
  <workHistoryEntry startDate="1944">
    <workRoles>
      <workRole role="Graduate"/>
      <workRole institution="Beijing University"/>
      <workRole location="Beijing Municipality"/>
    </workRoles>
  </workHistoryEntry>
  <workHistoryEntry startDate="1940">
    <workRoles>
      <workRole role="Graduate"/>
      <workRole institution="Beijing University"/>
      <workRole institution="Geology and Geography Department"/>
      <workRole location="Beijing Municipality"/>
    </workRoles>
  </workHistoryEntry>
  <workHistory/>
</biography>
