<?xml version="1.0" encoding="UTF-8"?>
<biography birthDate="1954" fullName="Dong Baohua" displayName="Dong Baohua" nonEnglishName="" sex="male" nationality="Han">
  <bioText>Dong Baohua, male, Han nationality, is a native of Shandong province. He was born in 1954, and joined the CPC in 1985. Dong is a postgraduate in economics. Dong served as deputy director of the general office of the State Education Commission prior to becoming deputy director of the State Administration of Cultural Heritage in 1997.</bioText>
  <posts>
    <post description="Deputy Director of the State Administration of Cultural Heritage, Member of the Leading Party Group of the Administration"/>
  </posts>
  <birthLocations>
    <birthLocation location="Shandong Province"/>
  </birthLocations>
  <workHistoryEntry startDate="1997">
    <workRoles>
      <workRole role="Deputy Director"/>
      <workRole institution="State Administration of Cultural Heritage"/>
    </workRoles>
  </workHistoryEntry>
  <workHistoryEntry startDate="1997">
    <workRoles>
      <workRole role="Member"/>
      <workRole institution="State Administration of Cultural Heritage"/>
      <workRole institution="CPC"/>
      <workRole institution="Leading Party Group"/>
    </workRoles>
  </workHistoryEntry>
  <workHistoryEntry startDate="">
    <workRoles>
      <workRole role="Director"/>
      <workRole institution="State Education Commission"/>
      <workRole institution="CPC"/>
      <workRole institution="Leading Party Group"/>
    </workRoles>
  </workHistoryEntry>
  <workHistoryEntry startDate="">
    <workRoles>
      <workRole role="Deputy Director"/>
      <workRole institution="State Education Commission"/>
      <workRole institution="General Office"/>
    </workRoles>
  </workHistoryEntry>
  <workHistoryEntry startDate="">
    <workRoles>
      <workRole role="Secretary"/>
      <workRole institution="General Office of the State Council"/>
    </workRoles>
  </workHistoryEntry>
  <workHistoryEntry startDate="">
    <workRoles>
      <workRole role="Deputy Division Head"/>
      <workRole institution="State Commission for Restructuring the Economy"/>
      <workRole institution="General Office"/>
      <workRole institution="Secretariat"/>
    </workRoles>
  </workHistoryEntry>
  <workHistoryEntry startDate="1985">
    <workRoles>
      <workRole role="Joined"/>
      <workRole institution="CPC"/>
    </workRoles>
  </workHistoryEntry>
  <workHistory/>
</biography>
