<?xml version="1.0" encoding="UTF-8"?>
<biography birthDate="1953" fullName="Dorji" displayName="Dorji" nonEnglishName="" sex="male" nationality="Tibet">
  <bioText>Dorji, male, Tibet nationality, is a native of Gyaca County of Tibet Autonomous Region. He was born in 1953, started to work in 1978 and joined CPC in 1995. Dorji graduated from Chengdu Geology Institute in 1978. He is the first Tibet Fellow of Chinese Academy of Engineering. Dorji serves as Deputy-Director and Secretary of Party Group of the Bureau of Land and Resources of the Tibet Autonomous Region since 2009. He was a Deputy of the 10th NPC and a Delegate of 6th and 7th CPC Autonomous Regional Congress of the Tibet Autonomous Region. Dorji is an Alternate Member of 17th CPC Central Committee and in 2011, he became Vice-Chairman of the Standing Committee of the Tibet Autonomous Regional People's Congress.</bioText>
  <posts>
    <post description="Alternate Member, 17th CPC, Central Committee"/>
    <post description="Vice-Chairman, Autonomous Regional People's Congress, Tibet Autonomous Region"/>
    <post description="Deputy Director, Bureau of Land and Resources, Tibet Autonomous Region"/>
  </posts>
  <birthLocations>
    <birthLocation location="Tibet Autonomous Region"/>
    <birthLocation location="Gyaca County"/>
  </birthLocations>
  <workHistoryEntry startDate="2011">
    <workRoles>
      <workRole role="Vice-Chairman"/>
      <workRole institution="Autonomous Regional People's Congress"/>
      <workRole location="Tibet Autonomous Region"/>
    </workRoles>
  </workHistoryEntry>
  <workHistoryEntry startDate="2009">
    <workRoles>
      <workRole role="Deputy Director"/>
      <workRole institution="Bureau of Land and Resources"/>
      <workRole location="Tibet Autonomous Region"/>
    </workRoles>
  </workHistoryEntry>
  <workHistoryEntry startDate="2009">
    <workRoles>
      <workRole role="Secretary"/>
      <workRole institution="Bureau of Land and Resources"/>
      <workRole institution="CPC"/>
      <workRole institution="Leading Party Group"/>
      <workRole location="Tibet Autonomous Region"/>
    </workRoles>
  </workHistoryEntry>
  <workHistoryEntry startDate="2007">
    <workRoles>
      <workRole role="Alternate Member"/>
      <workRole institution="17th CPC"/>
      <workRole institution="Central Committee"/>
    </workRoles>
  </workHistoryEntry>
  <workHistoryEntry startDate="2007">
    <workRoles>
      <workRole role="Delegate"/>
      <workRole institution="17th CPC"/>
      <workRole institution="National Congress"/>
    </workRoles>
  </workHistoryEntry>
  <workHistoryEntry startDate="2006" endDate="2009">
    <workRoles>
      <workRole role="Secretary"/>
      <workRole institution="CPC"/>
      <workRole institution="Autonomous Regional Committee"/>
      <workRole location="Tibet Autonomous Region"/>
    </workRoles>
  </workHistoryEntry>
  <workHistoryEntry startDate="2003" endDate="2008">
    <workRoles>
      <workRole role="Deputy"/>
      <workRole institution="10th NPC"/>
    </workRoles>
  </workHistoryEntry>
  <workHistoryEntry startDate="2001">
    <workRoles>
      <workRole role="Research Fellow"/>
      <workRole institution="Chinese Academy of Engineering"/>
    </workRoles>
  </workHistoryEntry>
  <workHistory/>
</biography>
