<?xml version="1.0" encoding="UTF-8"?>
<biography birthDate="1957" fullName="Dou Yupei" displayName="Dou Yupei" nonEnglishName="" sex="male" nationality="Han">
  <bioText>Dou Yupei, male, Han nationality, is a native of Tianjin Municipality. He was born in 1957, graduated from Nankai University and entered the work force in 1982, and joined the CPC in 1983. He is Vice-Minister and Member of Leading Party Group of Ministry of Civil Affairs since 2006.</bioText>
  <posts>
    <post description="Vice-Minister of the Ministry of Civil Affairs"/>
  </posts>
  <birthLocations>
    <birthLocation location="Tianjin Municipality"/>
  </birthLocations>
  <workHistoryEntry startDate="2006">
    <workRoles>
      <workRole role="Vice-Minister"/>
      <workRole institution="Ministry of Civil Affairs"/>
    </workRoles>
  </workHistoryEntry>
  <workHistoryEntry startDate="2006">
    <workRoles>
      <workRole role="Member"/>
      <workRole institution="Ministry of Civil Affairs"/>
      <workRole institution="CPC"/>
      <workRole institution="Leading Party Group"/>
    </workRoles>
  </workHistoryEntry>
  <workHistoryEntry startDate="1978" endDate="1982">
    <workRoles>
      <workRole role="Student"/>
      <workRole institution="Nankai University"/>
      <workRole location="Tianjin Municipality"/>
    </workRoles>
  </workHistoryEntry>
  <workHistory/>
</biography>
