<?xml version="1.0" encoding="UTF-8"?>
<biography birthDate="1951" fullName="Du Deyin" displayName="Du Deyin" nonEnglishName="" sex="male" nationality="Han">
  <bioText>Du Deyin, male, Han nationality, is a native of Beijing. He was born in 1951, joined the CPC in 1974, and graduated from the People's University of China. Du is a senior political administrator. Du Deyin has served in the CPC Beijing Municipal Committee for many years, principally with the rural work department. He served as deputy secretary of the CPC Beijing Municipal Committee in 1997. Du Deyin is an alternate member of the 16th CPC Central Committee. In 2007, he became chairman of the Standing Committee of the Beijing People's Congress.</bioText>
  <posts>
    <post description="Deputy Secretary of the CPC Beijing Municipal Committee, Chairman of the Standing Committee of the Beijing People's Congress"/>
  </posts>
  <birthLocations>
    <birthLocation location="Beijing Municipality"/>
  </birthLocations>
  <workHistoryEntry startDate="2008">
    <workRoles>
      <workRole role="Deputy"/>
      <workRole institution="11th NPC"/>
    </workRoles>
  </workHistoryEntry>
  <workHistoryEntry startDate="2007">
    <workRoles>
      <workRole role="Head"/>
      <workRole institution="CPC"/>
      <workRole institution="Municipal Committee"/>
      <workRole institution="Party School"/>
      <workRole location="Beijing Municipality"/>
    </workRoles>
  </workHistoryEntry>
  <workHistoryEntry startDate="2007">
    <workRoles>
      <workRole role="Chairman"/>
      <workRole institution="Municipal People's Congress"/>
      <workRole location="Beijing Municipality"/>
    </workRoles>
  </workHistoryEntry>
  <workHistoryEntry startDate="2003" endDate="2008">
    <workRoles>
      <workRole role="Deputy"/>
      <workRole institution="10th NPC"/>
    </workRoles>
  </workHistoryEntry>
  <workHistoryEntry startDate="2002" endDate="2007">
    <workRoles>
      <workRole role="Alternate Member"/>
      <workRole institution="16th CPC"/>
      <workRole institution="Central Committee"/>
    </workRoles>
  </workHistoryEntry>
  <workHistoryEntry startDate="2002">
    <workRoles>
      <workRole role="Deputy Secretary"/>
      <workRole institution="CPC"/>
      <workRole institution="Municipal Committee"/>
      <workRole location="Beijing Municipality"/>
    </workRoles>
  </workHistoryEntry>
  <workHistoryEntry startDate="1997">
    <workRoles>
      <workRole role="Member"/>
      <workRole institution="CPC"/>
      <workRole institution="Municipal Committee"/>
      <workRole institution="Standing Committee"/>
      <workRole location="Beijing Municipality"/>
    </workRoles>
  </workHistoryEntry>
  <workHistoryEntry startDate="1997" endDate="2002">
    <workRoles>
      <workRole role="Secretary-General"/>
      <workRole institution="CPC"/>
      <workRole institution="Municipal Committee"/>
      <workRole location="Beijing Municipality"/>
    </workRoles>
  </workHistoryEntry>
  <workHistoryEntry startDate="">
    <workRoles>
      <workRole role="Secretary"/>
      <workRole institution="People's Government"/>
      <workRole institution="Work Committee of Organs"/>
      <workRole location="Beijing Municipality"/>
    </workRoles>
  </workHistoryEntry>
  <workHistoryEntry startDate="">
    <workRoles>
      <workRole role="Director"/>
      <workRole institution="CPC"/>
      <workRole institution="Municipal Committee"/>
      <workRole institution="General Office"/>
      <workRole location="Beijing Municipality"/>
    </workRoles>
  </workHistoryEntry>
  <workHistoryEntry startDate="">
    <workRoles>
      <workRole role="Executive Deputy Secretary-General"/>
      <workRole institution="CPC"/>
      <workRole institution="Municipal Committee"/>
      <workRole location="Beijing Municipality"/>
    </workRoles>
  </workHistoryEntry>
  <workHistoryEntry startDate="1995" endDate="1997">
    <workRoles>
      <workRole role="Postgraduate Student"/>
      <workRole institution="People's University of China"/>
      <workRole location="Beijing Municipality"/>
    </workRoles>
  </workHistoryEntry>
  <workHistoryEntry startDate="">
    <workRoles>
      <workRole role="President"/>
      <workRole institution="CPC"/>
      <workRole institution="Municipal Committee"/>
      <workRole institution="Party School"/>
      <workRole location="Beijing Municipality"/>
    </workRoles>
  </workHistoryEntry>
  <workHistoryEntry startDate="1994" endDate="1997">
    <workRoles>
      <workRole role="Secretary"/>
      <workRole institution="CPC"/>
      <workRole institution="Municipal Committee"/>
      <workRole institution="Rural Work Committee"/>
      <workRole location="Beijing Municipality"/>
    </workRoles>
  </workHistoryEntry>
  <workHistoryEntry startDate="1989" endDate="1994">
    <workRoles>
      <workRole role="Deputy Secretary"/>
      <workRole institution="CPC"/>
      <workRole institution="Municipal Committee"/>
      <workRole institution="Rural Work Committee"/>
      <workRole location="Beijing Municipality"/>
    </workRoles>
  </workHistoryEntry>
  <workHistoryEntry startDate="1985" endDate="1989">
    <workRoles>
      <workRole role="Secretary"/>
      <workRole institution="CPC"/>
      <workRole institution="County Committee"/>
      <workRole location="Beijing"/>
      <workRole location="Yanqing County"/>
    </workRoles>
  </workHistoryEntry>
  <workHistoryEntry startDate="1983" endDate="1985">
    <workRoles>
      <workRole role="Secretary"/>
      <workRole institution="CPC"/>
      <workRole institution="Municipal Committee"/>
      <workRole institution="General Office"/>
      <workRole location="Beijing Municipality"/>
    </workRoles>
  </workHistoryEntry>
  <workHistoryEntry startDate="">
    <workRoles>
      <workRole role="Deputy Secretary"/>
      <workRole institution="Xiji Commune"/>
      <workRole institution="CPC"/>
      <workRole institution="Party Committee"/>
      <workRole location="Beijing Municipality"/>
      <workRole location="Tongxian County"/>
    </workRoles>
  </workHistoryEntry>
  <workHistoryEntry startDate="1978" endDate="1983">
    <workRoles>
      <workRole role="Staff Member"/>
      <workRole institution="CPC"/>
      <workRole institution="Municipal Committee"/>
      <workRole institution="Rural Work Committee"/>
      <workRole location="Beijing Municipality"/>
    </workRoles>
  </workHistoryEntry>
  <workHistoryEntry startDate="">
    <workRoles>
      <workRole role="Farmer"/>
      <workRole institution="Xiji Commune"/>
      <workRole institution="Dudian Brigade"/>
      <workRole location="Beijing Municipality"/>
      <workRole location="Tongxian County"/>
    </workRoles>
  </workHistoryEntry>
  <workHistoryEntry startDate="1974">
    <workRoles>
      <workRole role="Joined"/>
      <workRole institution="CPC"/>
    </workRoles>
  </workHistoryEntry>
  <workHistoryEntry startDate="1973" endDate="1978">
    <workRoles>
      <workRole role="Deputy Secretary"/>
      <workRole institution="Xiji Commune"/>
      <workRole institution="CYLC"/>
      <workRole institution="Institutional Level"/>
      <workRole location="Beijing Municipality"/>
      <workRole location="Tongxian County"/>
    </workRoles>
  </workHistoryEntry>
  <workHistoryEntry startDate="1972" endDate="1973">
    <workRoles>
      <workRole role="Staff Member"/>
      <workRole institution="Xiji Commune"/>
      <workRole institution="Political Group"/>
      <workRole location="Beijing Municipality"/>
      <workRole location="Tongxian County"/>
    </workRoles>
  </workHistoryEntry>
  <workHistory/>
</biography>
