<?xml version="1.0" encoding="UTF-8"?>
<biography birthDate="1956" fullName="Du Guosheng" displayName="Du Guosheng" nonEnglishName="" sex="male" nationality="Han">
  <bioText>Du Guosheng, male, Han nationality, was born in 1956. He graduated from Fushun Petroleum College in 1982 with a Bachelor Degree. Since 2007, he serves as Secretary of CPC Party Committee of SINOCHEM Group and Vice General Manager of SINOCHEM Group. In 2010, Du was promoted to Deputy Chief Executive Officer of SINOCHEM Group.</bioText>
  <posts>
    <post description="Deputy Chief Executive Officer, SINOCHEM (China National Chemicals Import &amp; Export Company)"/>
  </posts>
  <birthLocations/>
  <workHistoryEntry startDate="2010">
    <workRoles>
      <workRole role="Deputy Chief Executive Officer"/>
      <workRole institution="SINOCHEM (China National Chemicals Import &amp; Export Company)"/>
    </workRoles>
  </workHistoryEntry>
  <workHistoryEntry startDate="2007">
    <workRoles>
      <workRole role="Secretary"/>
      <workRole institution="SINOCHEM (China National Chemicals Import &amp; Export Company)"/>
      <workRole institution="CPC"/>
      <workRole institution="Party Committee"/>
    </workRoles>
  </workHistoryEntry>
  <workHistoryEntry startDate="2007">
    <workRoles>
      <workRole role="Deputy General Manager"/>
      <workRole institution="SINOCHEM (China National Chemicals Import &amp; Export Company)"/>
    </workRoles>
  </workHistoryEntry>
  <workHistoryEntry startDate="2005" endDate="2007">
    <workRoles>
      <workRole role="Assistant General Manager"/>
      <workRole institution="SINOCHEM (China National Chemicals Import &amp; Export Company)"/>
    </workRoles>
  </workHistoryEntry>
  <workHistoryEntry startDate="2005" endDate="2007">
    <workRoles>
      <workRole role="General Manager"/>
      <workRole institution="SINOCHEM"/>
      <workRole institution="Qingdao Refining Corporation"/>
    </workRoles>
  </workHistoryEntry>
  <workHistoryEntry startDate="2005" endDate="2007">
    <workRoles>
      <workRole role="Chairman"/>
      <workRole institution="SINOCHEM"/>
      <workRole institution="Qingdao Refining Corporation"/>
      <workRole institution="Board of the Directors"/>
    </workRoles>
  </workHistoryEntry>
  <workHistoryEntry startDate="1994">
    <workRoles>
      <workRole role="Graduate"/>
      <workRole institution="Tongji University"/>
      <workRole location="Shanghai Municipality"/>
    </workRoles>
  </workHistoryEntry>
  <workHistoryEntry startDate="1978" endDate="1982">
    <workRoles>
      <workRole role="Student"/>
      <workRole institution="Fushun Petroleum Institute"/>
      <workRole location="Liaoning Province"/>
      <workRole location="Fushun City"/>
    </workRoles>
  </workHistoryEntry>
  <workHistory/>
</biography>
