<?xml version="1.0" encoding="UTF-8"?>
<biography birthDate="1964" fullName="Du Jiang" displayName="Du Jiang" nonEnglishName="" sex="male" nationality="Han">
  <bioText>Du Jiang, male, Han nationality, is a native of Zhucheng City, Shandong Province. He was born in 1964, and graduated from Nankai University in 1981 and entered the work force in 1985. He held a Doctorate Degree in Economics. From 2006 to 2007, he was Director and Deputy Secretary of Leading Party Group of Beijing Municipality Tourism Bureau. Since September 2007, he serves as Deputy Director, National Tourism Administration.</bioText>
  <posts>
    <post description="Deputy Director of the National Tourism Administration"/>
  </posts>
  <birthLocations>
    <birthLocation location="Shandong Province"/>
    <birthLocation location="Zhucheng City"/>
  </birthLocations>
  <workHistoryEntry startDate="2007">
    <workRoles>
      <workRole role="Deputy Director"/>
      <workRole institution="National Tourism Administration"/>
    </workRoles>
  </workHistoryEntry>
  <workHistoryEntry startDate="2006" endDate="2007">
    <workRoles>
      <workRole role="Director"/>
      <workRole institution="Tourism Bureau"/>
      <workRole location="Beijing Municipality"/>
    </workRoles>
  </workHistoryEntry>
  <workHistoryEntry startDate="2006" endDate="2007">
    <workRoles>
      <workRole role="Deputy Secretary"/>
      <workRole institution="Tourism Bureau"/>
      <workRole institution="CPC"/>
      <workRole institution="Leading Party Group"/>
      <workRole location="Beijing Municipality"/>
    </workRoles>
  </workHistoryEntry>
  <workHistoryEntry startDate="1999" endDate="2006">
    <workRoles>
      <workRole role="Dean"/>
      <workRole institution="Beijing International Studies University"/>
      <workRole location="Beijing Municipality"/>
    </workRoles>
  </workHistoryEntry>
  <workHistoryEntry startDate="1998" endDate="1999">
    <workRoles>
      <workRole role="Deputy Dean"/>
      <workRole institution="Beijing International Studies University"/>
      <workRole location="Beijing Municipality"/>
    </workRoles>
  </workHistoryEntry>
  <workHistoryEntry startDate="1991" endDate="1998">
    <workRoles>
      <workRole role="Deputy Dean"/>
      <workRole institution="Nankai University"/>
      <workRole institution="International Business School"/>
      <workRole location="Tianjin Municipality"/>
    </workRoles>
  </workHistoryEntry>
  <workHistoryEntry startDate="1991" endDate="1998">
    <workRoles>
      <workRole role="Director"/>
      <workRole institution="Nankai University"/>
      <workRole institution="Tourism Studies Department"/>
      <workRole location="Tianjin Municipality"/>
    </workRoles>
  </workHistoryEntry>
  <workHistoryEntry startDate="1985" endDate="1991">
    <workRoles>
      <workRole role="Teacher"/>
      <workRole institution="Nankai University"/>
      <workRole institution="Tourism Studies Department"/>
      <workRole location="Tianjin Municipality"/>
    </workRoles>
  </workHistoryEntry>
  <workHistoryEntry startDate="1979" endDate="1983">
    <workRoles>
      <workRole role="Student"/>
      <workRole institution="Nankai University"/>
      <workRole location="Tianjin Municipality"/>
    </workRoles>
  </workHistoryEntry>
  <workHistory/>
</biography>
