<?xml version="1.0" encoding="UTF-8"?>
<biography birthDate="1954" fullName="Du Jinfu" displayName="Du Jinfu" nonEnglishName="" sex="male" nationality="Han">
  <bioText>Du Jinfu, male, Han nationality, is a native of Chifeng City of Inner Mongolia Autonomous Region. He was born in 1954, graduated from Finance and Banking Department of Northeast University of Finance and Economics (it was called Liaoning Finance and Economics Institute before 1985) with a Bachelor Degree in 1982, a Master Degree in 1985, and from Graduate School of The People’s Bank of China with a Doctorate Degree in 1992. Since 1992, Du has been working for The People’s Bank of China at different posts all these years in his career. Du was Assistant Governor of The People’s Bank of China from 2006 to 2010, and was promoted as Deputy Governor of The People’s Bank of China on May 2010.</bioText>
  <posts>
    <post description="Vice-Governor, People's Bank of China"/>
  </posts>
  <birthLocations>
    <birthLocation location="Inner Mongolia Autonomous Region"/>
    <birthLocation location="Chifeng City"/>
  </birthLocations>
  <workHistoryEntry startDate="2010">
    <workRoles>
      <workRole role="Vice-Governor"/>
      <workRole institution="People's Bank of China"/>
    </workRoles>
  </workHistoryEntry>
  <workHistoryEntry startDate="2006">
    <workRoles>
      <workRole role="Member"/>
      <workRole institution="People's Bank of China"/>
      <workRole institution="CPC"/>
      <workRole institution="Party Committee"/>
    </workRoles>
  </workHistoryEntry>
  <workHistoryEntry startDate="2006" endDate="2010">
    <workRoles>
      <workRole role="Assistant Governor"/>
      <workRole institution="People's Bank of China"/>
    </workRoles>
  </workHistoryEntry>
  <workHistoryEntry startDate="2003" endDate="2006">
    <workRoles>
      <workRole role="Director"/>
      <workRole institution="People's Bank of China"/>
      <workRole institution="Human Resources Department"/>
    </workRoles>
  </workHistoryEntry>
  <workHistoryEntry startDate="2003" endDate="2006">
    <workRoles>
      <workRole role="Head"/>
      <workRole institution="People's Bank of China"/>
      <workRole institution="CPC"/>
      <workRole institution="Party Committee"/>
      <workRole institution="Organization Department"/>
    </workRoles>
  </workHistoryEntry>
  <workHistoryEntry startDate="1999" endDate="2003">
    <workRoles>
      <workRole role="Director"/>
      <workRole institution="People's Bank of China"/>
      <workRole institution="Statistics Department"/>
    </workRoles>
  </workHistoryEntry>
  <workHistoryEntry startDate="1992" endDate="1999">
    <workRoles>
      <workRole role="Vice-Governor"/>
      <workRole institution="People's Bank of China"/>
      <workRole institution="Provincial Branch"/>
      <workRole location="Inner Mongolia Autonomous Region"/>
    </workRoles>
  </workHistoryEntry>
  <workHistoryEntry startDate="1992" endDate="1999">
    <workRoles>
      <workRole role="Member"/>
      <workRole institution="People's Bank of China"/>
      <workRole institution="Provincial Branch"/>
      <workRole institution="CPC"/>
      <workRole institution="Leading Party Group"/>
      <workRole location="Inner Mongolia Autonomous Region"/>
    </workRoles>
  </workHistoryEntry>
  <workHistoryEntry startDate="1978" endDate="1982">
    <workRoles>
      <workRole role="Student"/>
      <workRole institution="Northeast University of Finance and Economics"/>
    </workRoles>
  </workHistoryEntry>
  <workHistory/>
</biography>
