<?xml version="1.0" encoding="UTF-8"?>
<biography birthDate="1955" fullName="Du Jiahao" displayName="Du Jiahao" nonEnglishName="" sex="male" nationality="Han">
  <bioText>Du Jiahao, male, Han nationality, is a native of Yin County, Zhejiang province. He was born in 1955, and joined the CPC. He is a postgraduate graduate of the Party school of the CPC Central Committee with a master's in business administration. He was vice-governor of Heilongjiang province from 2007 to 2011. He is now Deputy Secretary of the Heilongjiang CPC Provincial Committee.</bioText>
  <posts>
    <post description="Deputy Secretary of the Heilongjiang CPC Provincial Committee"/>
  </posts>
  <birthLocations>
    <birthLocation location="Zhejiang Province"/>
    <birthLocation location="Yin County"/>
  </birthLocations>
  <workHistoryEntry startDate="2011">
    <workRoles>
      <workRole role="Deputy Secretary"/>
      <workRole institution="CPC"/>
      <workRole institution="Provincial Committee"/>
      <workRole location="Heilongjiang Province"/>
    </workRoles>
  </workHistoryEntry>
  <workHistoryEntry startDate="2007" endDate="2011">
    <workRoles>
      <workRole role="Deputy Secretary"/>
      <workRole institution="People's Government"/>
      <workRole institution="CPC"/>
      <workRole institution="Leading Party Group"/>
      <workRole location="Heilongjiang Province"/>
    </workRoles>
  </workHistoryEntry>
  <workHistoryEntry startDate="2007">
    <workRoles>
      <workRole role="Member"/>
      <workRole institution="CPC"/>
      <workRole institution="Provincial Committee"/>
      <workRole institution="Standing Committee"/>
      <workRole location="Heilongjiang Province"/>
    </workRoles>
  </workHistoryEntry>
  <workHistoryEntry startDate="2007" endDate="2011">
    <workRoles>
      <workRole role="Vice-Governor"/>
      <workRole institution="People's Government"/>
      <workRole location="Heilongjiang Province"/>
    </workRoles>
  </workHistoryEntry>
  <workHistoryEntry startDate="2004" endDate="2007">
    <workRoles>
      <workRole role="Secretary"/>
      <workRole institution="CPC"/>
      <workRole institution="District Committee"/>
      <workRole location="Shanghai"/>
      <workRole location="Pudong New District"/>
    </workRoles>
  </workHistoryEntry>
  <workHistoryEntry startDate="2004" endDate="2007">
    <workRoles>
      <workRole role="Member"/>
      <workRole institution="CPC"/>
      <workRole institution="Municipal Committee"/>
      <workRole institution="Standing Committee"/>
      <workRole location="Shanghai Municipality"/>
    </workRoles>
  </workHistoryEntry>
  <workHistoryEntry startDate="2003" endDate="2004">
    <workRoles>
      <workRole role="Deputy Secretary-General"/>
      <workRole institution="CPC"/>
      <workRole institution="Municipal Committee"/>
      <workRole location="Shanghai Municipality"/>
    </workRoles>
  </workHistoryEntry>
  <workHistoryEntry startDate="1999" endDate="2003">
    <workRoles>
      <workRole role="Secretary"/>
      <workRole institution="CPC"/>
      <workRole institution="District Committee"/>
      <workRole location="Shanghai"/>
      <workRole location="Yangpu District"/>
    </workRoles>
  </workHistoryEntry>
  <workHistoryEntry startDate="1993" endDate="1999">
    <workRoles>
      <workRole role="Secretary"/>
      <workRole institution="CPC"/>
      <workRole institution="County Committee"/>
      <workRole location="Shanghai Municipality"/>
      <workRole location="Songjiang"/>
    </workRoles>
  </workHistoryEntry>
  <workHistoryEntry startDate="1992" endDate="1993">
    <workRoles>
      <workRole role="Deputy Secretary"/>
      <workRole institution="CPC"/>
      <workRole institution="County Committee"/>
      <workRole location="Shanghai Municipality"/>
      <workRole location="Songjiang"/>
    </workRoles>
  </workHistoryEntry>
  <workHistoryEntry startDate="1990" endDate="1992">
    <workRoles>
      <workRole role="Member"/>
      <workRole institution="Farm Bureau"/>
      <workRole institution="CPC"/>
      <workRole institution="Party Committee"/>
      <workRole location="Shanghai Municipality"/>
    </workRoles>
  </workHistoryEntry>
  <workHistoryEntry startDate="1985" endDate="1990">
    <workRoles>
      <workRole role="Chairman"/>
      <workRole institution="Farm Bureau"/>
      <workRole institution="Trade Union"/>
      <workRole location="Shanghai Municipality"/>
    </workRoles>
  </workHistoryEntry>
  <workHistoryEntry startDate="1978" endDate="1985">
    <workRoles>
      <workRole role="Secretary"/>
      <workRole institution="Farm Bureau"/>
      <workRole institution="CYLC"/>
      <workRole institution="Institutional Level"/>
      <workRole location="Shanghai Municipality"/>
    </workRoles>
  </workHistoryEntry>
  <workHistoryEntry startDate="1978" endDate="1985">
    <workRoles>
      <workRole role="Deputy Secretary"/>
      <workRole institution="Farm Bureau"/>
      <workRole institution="CYLC"/>
      <workRole institution="Institutional Level"/>
      <workRole location="Shanghai Municipality"/>
    </workRoles>
  </workHistoryEntry>
  <workHistory/>
</biography>
