<?xml version="1.0" encoding="UTF-8"?>
<biography birthDate="1946" fullName="Du Qinglin" displayName="Du Qinglin" nonEnglishName="" sex="male" nationality="Han">
  <bioText>Du Qinglin, male, Han nationality, is a native of Panshi City, Jilin Province. He was born in 1946, entered the workforce in 1964 and joined the CPC in 1966. Du holds a master's degree. Du spent the first 30 years of his career in Jilin Province. His government jobs were in heavy industry and teachers training, and his Party jobs were in the CYLC and in the Jilin City Party organization. By 1988, he was deputy secretary of the CPC Jilin Provincial Committee. Du was transferred to Hainan in 1992 as deputy secretary of the CPC Hainan Provincial Committee. In 1998, he became secretary of the CPC Hainan Provincial Committee. Du was Minister of Agriculture in 2001. Du was an alternate member of the 14th CPC Central Committee and a member of the 15th and 16th CPC Central Committees. He served as secretary of the CPC Sichuan Provincial Committee from 2006 - 2007. He is now a member of the 17th CPC Central Committee and Head of United Front Work Department of the CPC Central Committee. He is also a Vice-Chairman of the 11th National Committee of the CPPCC.</bioText>
  <posts>
    <post description="Member, 17th CPC, Central Committee"/>
    <post description="Head, CPC, Central Committee, United Front Work Department"/>
    <post description="Vice-Chairman, 11th CPPCC, National Committee"/>
  </posts>
  <birthLocations>
    <birthLocation location="Jilin Province"/>
    <birthLocation location="Panshi City"/>
  </birthLocations>
  <workHistoryEntry startDate="2008">
    <workRoles>
      <workRole role="Member"/>
      <workRole institution="11th CPPCC"/>
      <workRole institution="National Committee"/>
      <workRole institution="CPC"/>
      <workRole institution="Leading Party Group"/>
    </workRoles>
  </workHistoryEntry>
  <workHistoryEntry startDate="2008">
    <workRoles>
      <workRole role="Vice-President"/>
      <workRole institution="China Council for the Promotion of Peaceful Reunification"/>
    </workRoles>
  </workHistoryEntry>
  <workHistoryEntry startDate="2008">
    <workRoles>
      <workRole role="Vice-Chairman"/>
      <workRole institution="11th CPPCC"/>
      <workRole institution="National Committee"/>
    </workRoles>
  </workHistoryEntry>
  <workHistoryEntry startDate="2007">
    <workRoles>
      <workRole role="Head"/>
      <workRole institution="CPC"/>
      <workRole institution="Central Committee"/>
      <workRole institution="United Front Work Department"/>
    </workRoles>
  </workHistoryEntry>
  <workHistoryEntry startDate="2007" endDate="2007">
    <workRoles>
      <workRole role="Director"/>
      <workRole institution="Provincial People's Congress"/>
      <workRole institution="Standing Committee"/>
      <workRole location="Sichuan Province"/>
    </workRoles>
  </workHistoryEntry>
  <workHistoryEntry startDate="2007">
    <workRoles>
      <workRole role="Member"/>
      <workRole institution="17th CPC"/>
      <workRole institution="Central Committee"/>
    </workRoles>
  </workHistoryEntry>
  <workHistoryEntry startDate="2006" endDate="2007">
    <workRoles>
      <workRole role="Secretary"/>
      <workRole institution="CPC"/>
      <workRole institution="Provincial Committee"/>
      <workRole location="Sichuan Province"/>
    </workRoles>
  </workHistoryEntry>
  <workHistoryEntry startDate="2002" endDate="2007">
    <workRoles>
      <workRole role="Member"/>
      <workRole institution="16th CPC"/>
      <workRole institution="Central Committee"/>
    </workRoles>
  </workHistoryEntry>
  <workHistoryEntry startDate="2001" endDate="2006">
    <workRoles>
      <workRole role="Secretary"/>
      <workRole institution="Ministry of Agriculture"/>
      <workRole institution="CPC"/>
      <workRole institution="Leading Party Group"/>
    </workRoles>
  </workHistoryEntry>
  <workHistoryEntry startDate="2001" endDate="2006">
    <workRoles>
      <workRole role="Minister"/>
      <workRole institution="Ministry of Agriculture"/>
    </workRoles>
  </workHistoryEntry>
  <workHistoryEntry startDate="1998" endDate="2001">
    <workRoles>
      <workRole role="Secretary"/>
      <workRole institution="CPC"/>
      <workRole institution="Provincial Committee"/>
      <workRole location="Hainan Province"/>
    </workRoles>
  </workHistoryEntry>
  <workHistoryEntry startDate="1997" endDate="2002">
    <workRoles>
      <workRole role="Member"/>
      <workRole institution="15th CPC"/>
      <workRole institution="Central Committee"/>
    </workRoles>
  </workHistoryEntry>
  <workHistoryEntry startDate="1993" endDate="2001">
    <workRoles>
      <workRole role="Chairman"/>
      <workRole institution="Provincial People's Congress"/>
      <workRole institution="Standing Committee"/>
      <workRole location="Hainan Province"/>
    </workRoles>
  </workHistoryEntry>
  <workHistoryEntry startDate="1992" endDate="1998">
    <workRoles>
      <workRole role="Deputy Secretary"/>
      <workRole institution="CPC"/>
      <workRole institution="Provincial Committee"/>
      <workRole location="Hainan Province"/>
    </workRoles>
  </workHistoryEntry>
  <workHistoryEntry startDate="1992" endDate="1998">
    <workRoles>
      <workRole role="Member"/>
      <workRole institution="CPC"/>
      <workRole institution="Provincial Committee"/>
      <workRole institution="Standing Committee"/>
      <workRole location="Hainan Province"/>
    </workRoles>
  </workHistoryEntry>
  <workHistoryEntry startDate="1992" endDate="1997">
    <workRoles>
      <workRole role="Alternate Member"/>
      <workRole institution="14th CPC"/>
      <workRole institution="Central Committee"/>
    </workRoles>
  </workHistoryEntry>
  <workHistoryEntry startDate="1988" endDate="1992">
    <workRoles>
      <workRole role="Took correspondence courses"/>
      <workRole institution="Jilin University"/>
      <workRole institution="Law Department"/>
    </workRoles>
  </workHistoryEntry>
  <workHistoryEntry startDate="1988" endDate="1992">
    <workRoles>
      <workRole role="Deputy Secretary"/>
      <workRole institution="CPC"/>
      <workRole institution="Provincial Committee"/>
      <workRole location="Jilin Province"/>
    </workRoles>
  </workHistoryEntry>
  <workHistoryEntry startDate="1988" endDate="1992">
    <workRoles>
      <workRole role="Secretary"/>
      <workRole institution="CPC"/>
      <workRole institution="Provincial Committee"/>
      <workRole institution="Politics and Law Committee"/>
      <workRole location="Jilin Province"/>
    </workRoles>
  </workHistoryEntry>
  <workHistoryEntry startDate="1985" endDate="1988">
    <workRoles>
      <workRole role="Head"/>
      <workRole institution="CPC"/>
      <workRole institution="Provincial Committee"/>
      <workRole institution="Organization Department"/>
      <workRole location="Jilin Province"/>
    </workRoles>
  </workHistoryEntry>
  <workHistoryEntry startDate="1985" endDate="1988">
    <workRoles>
      <workRole role="Member"/>
      <workRole institution="CPC"/>
      <workRole institution="Provincial Committee"/>
      <workRole institution="Standing Committee"/>
      <workRole location="Jilin Province"/>
    </workRoles>
  </workHistoryEntry>
  <workHistoryEntry startDate="1984" endDate="1985">
    <workRoles>
      <workRole role="Deputy Secretary"/>
      <workRole institution="CPC"/>
      <workRole institution="City Committee"/>
      <workRole location="Jilin Province"/>
      <workRole location="Changchun City"/>
    </workRoles>
  </workHistoryEntry>
  <workHistoryEntry startDate="1984">
    <workRoles>
      <workRole role="Graduated from correspondence course"/>
      <workRole institution="Northeast China Teachers' University"/>
      <workRole institution="Political Education Department"/>
    </workRoles>
  </workHistoryEntry>
  <workHistoryEntry startDate="1979" endDate="1984">
    <workRoles>
      <workRole role="Deputy Secretary"/>
      <workRole institution="CYLC"/>
      <workRole institution="Provincial-Level"/>
      <workRole location="Jilin Province"/>
    </workRoles>
  </workHistoryEntry>
  <workHistoryEntry startDate="1979" endDate="1984">
    <workRoles>
      <workRole role="Secretary"/>
      <workRole institution="CYLC"/>
      <workRole institution="Provincial-Level"/>
      <workRole location="Jilin Province"/>
    </workRoles>
  </workHistoryEntry>
  <workHistoryEntry startDate="1978" endDate="1979">
    <workRoles>
      <workRole role="Secretary"/>
      <workRole institution="CYLC"/>
      <workRole institution="City-Level"/>
      <workRole location="Jilin Province"/>
      <workRole location="Jilin City"/>
    </workRoles>
  </workHistoryEntry>
  <workHistoryEntry startDate="1974" endDate="1978">
    <workRoles>
      <workRole role="Deputy Secretary"/>
      <workRole institution="No. 1 Automobile Works"/>
      <workRole institution="CPC"/>
      <workRole institution="Party Branch"/>
    </workRoles>
  </workHistoryEntry>
  <workHistoryEntry startDate="1974" endDate="1978">
    <workRoles>
      <workRole role="Vice-Director"/>
      <workRole institution="No. 1 Automobile Works"/>
    </workRoles>
  </workHistoryEntry>
  <workHistoryEntry startDate="1974" endDate="1978">
    <workRoles>
      <workRole role="Deputy Chairman"/>
      <workRole institution="No. 1 Automobile Works"/>
      <workRole institution="Cultural Revolution"/>
      <workRole institution="Revolutionary Committee"/>
    </workRoles>
  </workHistoryEntry>
  <workHistoryEntry startDate="1968" endDate="1974">
    <workRoles>
      <workRole role="Secretary"/>
      <workRole institution="No. 1 Automobile Works"/>
      <workRole institution="CYLC"/>
      <workRole institution="Institutional Level"/>
    </workRoles>
  </workHistoryEntry>
  <workHistoryEntry startDate="1968" endDate="1974">
    <workRoles>
      <workRole role="Secretary"/>
      <workRole institution="No. 1 Automobile Works"/>
      <workRole institution="CPC"/>
      <workRole institution="Party Branch"/>
    </workRoles>
  </workHistoryEntry>
  <workHistoryEntry startDate="1968" endDate="1974">
    <workRoles>
      <workRole role="Head"/>
      <workRole institution="No. 1 Automobile Works"/>
      <workRole institution="Workshop"/>
    </workRoles>
  </workHistoryEntry>
  <workHistoryEntry startDate="1967" endDate="1968">
    <workRoles>
      <workRole role="Clerical Worker"/>
      <workRole institution="CPC"/>
      <workRole institution="City Committee"/>
      <workRole institution="Publicity Department"/>
      <workRole location="Jilin Province"/>
      <workRole location="Jilin City"/>
    </workRoles>
  </workHistoryEntry>
  <workHistoryEntry startDate="">
    <workRoles>
      <workRole role="(Studied at the postgraduate level and earned a Master Degree.)"/>
    </workRoles>
  </workHistoryEntry>
  <workHistoryEntry startDate="1966">
    <workRoles>
      <workRole role="Joined"/>
      <workRole institution="CPC"/>
    </workRoles>
  </workHistoryEntry>
  <workHistoryEntry startDate="1964" endDate="1966">
    <workRoles>
      <workRole role="Member and Deputy Group Leader"/>
      <workRole institution="CPC"/>
      <workRole institution="County Committee"/>
      <workRole institution="Socialist Education Work Team"/>
      <workRole location="Jilin Province"/>
      <workRole location="Shulan County"/>
    </workRoles>
  </workHistoryEntry>
  <workHistoryEntry startDate="1964" endDate="1966">
    <workRoles>
      <workRole role="Member and Deputy Group Leader"/>
      <workRole institution="CPC"/>
      <workRole institution="County Committee"/>
      <workRole institution="Socialist Education Work Team"/>
      <workRole location="Jilin Province"/>
      <workRole location="Yongji County"/>
    </workRoles>
  </workHistoryEntry>
  <workHistoryEntry startDate="1964" endDate="1966">
    <workRoles>
      <workRole role="Member and Deputy Group Leader"/>
      <workRole institution="CPC"/>
      <workRole institution="County Committee"/>
      <workRole institution="Socialist Education Work Team"/>
      <workRole location="Jilin Province"/>
      <workRole location="Liuhe County"/>
    </workRoles>
  </workHistoryEntry>
  <workHistory/>
</biography>
