<?xml version="1.0" encoding="UTF-8"?>
<biography birthDate="1950" fullName="De Shicheng" displayName="Du Shicheng" nonEnglishName="" sex="male" nationality="male">
  <bioText>De Shicheng, was born in 1950, male, Han nationality. He joined the CPC in 1972. He is alternate member of the 16th CPC Central Committee.</bioText>
  <posts>
    <post description="Alternate Member of the 16th CPC Central Committee"/>
  </posts>
  <birthLocations/>
  <workHistoryEntry startDate="2002" endDate="2007">
    <workRoles>
      <workRole role="Alternate Member"/>
      <workRole institution="16th CPC"/>
      <workRole institution="Central Committee"/>
    </workRoles>
  </workHistoryEntry>
  <workHistoryEntry startDate="2002" endDate="2003">
    <workRoles>
      <workRole role="Member"/>
      <workRole institution="CPC"/>
      <workRole institution="Provincial Committee"/>
      <workRole institution="Standing Committee"/>
      <workRole location="Shandong Province"/>
    </workRoles>
  </workHistoryEntry>
  <workHistoryEntry startDate="2001" endDate="2003">
    <workRoles>
      <workRole role="Mayor"/>
      <workRole institution="People's Government"/>
      <workRole location="Shandong Province"/>
      <workRole location="Qingdao City"/>
    </workRoles>
  </workHistoryEntry>
  <workHistoryEntry startDate="2001" endDate="2003">
    <workRoles>
      <workRole role="Secretary"/>
      <workRole institution="CPC"/>
      <workRole institution="City Committee"/>
      <workRole location="Shandong Province"/>
      <workRole location="Qingdao City"/>
    </workRoles>
  </workHistoryEntry>
  <workHistoryEntry startDate="2000" endDate="2001">
    <workRoles>
      <workRole role="Vice-Mayor"/>
      <workRole institution="People's Government"/>
      <workRole location="Shandong Province"/>
      <workRole location="Qingdao City"/>
    </workRoles>
  </workHistoryEntry>
  <workHistoryEntry startDate="2000" endDate="2001">
    <workRoles>
      <workRole role="Deputy Secretary"/>
      <workRole institution="CPC"/>
      <workRole institution="City Committee"/>
      <workRole location="Shandong Province"/>
      <workRole location="Qingdao City"/>
    </workRoles>
  </workHistoryEntry>
  <workHistoryEntry startDate="1995" endDate="2002">
    <workRoles>
      <workRole role="Vice-Governor"/>
      <workRole institution="People's Government"/>
      <workRole location="Shandong Province"/>
    </workRoles>
  </workHistoryEntry>
  <workHistoryEntry startDate="1989" endDate="1992">
    <workRoles>
      <workRole role="Mayor"/>
      <workRole institution="People's Government"/>
      <workRole location="Shandong Province"/>
      <workRole location="Yantai City"/>
    </workRoles>
  </workHistoryEntry>
  <workHistoryEntry startDate="1989" endDate="1995">
    <workRoles>
      <workRole role="Secretary"/>
      <workRole institution="CPC"/>
      <workRole institution="City Committee"/>
      <workRole location="Shandong Province"/>
      <workRole location="Yantai City"/>
    </workRoles>
  </workHistoryEntry>
  <workHistoryEntry startDate="1987" endDate="1989">
    <workRoles>
      <workRole role="Deputy Secretary"/>
      <workRole institution="CPC"/>
      <workRole institution="City Committee"/>
      <workRole location="Shandong Province"/>
      <workRole location="Yantai City"/>
    </workRoles>
  </workHistoryEntry>
  <workHistoryEntry startDate="1987" endDate="1989">
    <workRoles>
      <workRole role="Vice-Mayor"/>
      <workRole institution="People's Government"/>
      <workRole location="Shandong Province"/>
      <workRole location="Yantai City"/>
    </workRoles>
  </workHistoryEntry>
  <workHistoryEntry startDate="1982" endDate="1985">
    <workRoles>
      <workRole role="Secretary"/>
      <workRole institution="CPC"/>
      <workRole institution="County Committee"/>
      <workRole location="Shandong Province"/>
      <workRole location="Huangxian County"/>
    </workRoles>
  </workHistoryEntry>
  <workHistoryEntry startDate="1980" endDate="1982">
    <workRoles>
      <workRole role="Vice-Mayor"/>
      <workRole institution="People's Government"/>
      <workRole location="Shandong Province"/>
      <workRole location="Huangxian County"/>
    </workRoles>
  </workHistoryEntry>
  <workHistoryEntry startDate="1976" endDate="1982">
    <workRoles>
      <workRole role="Deputy Secretary"/>
      <workRole institution="CPC"/>
      <workRole institution="County Committee"/>
      <workRole location="Shandong Province"/>
      <workRole location="Huangxian County"/>
    </workRoles>
  </workHistoryEntry>
  <workHistoryEntry startDate="1974" endDate="1976">
    <workRoles>
      <workRole role="Member"/>
      <workRole institution="CPC"/>
      <workRole institution="County Committee"/>
      <workRole institution="Standing Committee"/>
      <workRole location="Shandong Province"/>
      <workRole location="Huangxian County"/>
    </workRoles>
  </workHistoryEntry>
  <workHistoryEntry startDate="1973" endDate="1974">
    <workRoles>
      <workRole role="Worker"/>
      <workRole institution="CPC"/>
      <workRole institution="County Committee"/>
      <workRole institution="Organization Department"/>
      <workRole location="Shandong Province"/>
      <workRole location="Huangxian County"/>
    </workRoles>
  </workHistoryEntry>
  <workHistoryEntry startDate="1972" endDate="1973">
    <workRoles>
      <workRole role="Secretary"/>
      <workRole institution="CYLC"/>
      <workRole institution="County-Level"/>
      <workRole location="Shandong Province"/>
      <workRole location="Huangxian County"/>
    </workRoles>
  </workHistoryEntry>
  <workHistoryEntry startDate="1971" endDate="1972">
    <workRoles>
      <workRole role="Student"/>
      <workRole institution="Cultural Revolution"/>
      <workRole institution="May 7th Cadre School"/>
    </workRoles>
  </workHistoryEntry>
  <workHistoryEntry startDate="1970" endDate="1971">
    <workRoles>
      <workRole role="Teacher"/>
      <workRole institution="Da Chenjia Commune"/>
      <workRole location="Shandong Province"/>
      <workRole location="Huangxian County"/>
    </workRoles>
  </workHistoryEntry>
  <workHistory/>
</biography>
