<?xml version="1.0" encoding="UTF-8"?>
<biography birthDate="1938" fullName="Du Tiehuan" displayName="Du Tiehuan" nonEnglishName="" sex="male" nationality="Han">
  <bioText>Du Tiehuan, male, Han nationality, is a native of Anshan City, Liaoning province. He was born in 1938, joined the CPC in 1959, and attended the PLA Political Academy. Du was promoted to major general in 1988, promoted to lieutenant general in 1993, and promoted to the rank of general in 2000. Du Tiehuan was a deputy to the NPC and a member of the 15th CPC Central Committee.</bioText>
  <posts>
    <post description="Member of the 15th CPC Central Committee"/>
  </posts>
  <birthLocations>
    <birthLocation location="Liaoning Province"/>
    <birthLocation location="Anshan City"/>
  </birthLocations>
  <workHistoryEntry startDate="2000">
    <workRoles>
      <workRole role="General"/>
      <workRole institution="PLA"/>
    </workRoles>
  </workHistoryEntry>
  <workHistoryEntry startDate="1997" endDate="2000">
    <workRoles>
      <workRole role="Lieutenant General"/>
      <workRole institution="PLA"/>
    </workRoles>
  </workHistoryEntry>
  <workHistoryEntry startDate="1997" endDate="2002">
    <workRoles>
      <workRole role="Member"/>
      <workRole institution="15th CPC"/>
      <workRole institution="Central Committee"/>
    </workRoles>
  </workHistoryEntry>
  <workHistoryEntry startDate="1996" endDate="1997">
    <workRoles>
      <workRole role="Political Commissar"/>
      <workRole institution="PLA"/>
      <workRole institution="Regions"/>
      <workRole institution="Beijing Military Region"/>
    </workRoles>
  </workHistoryEntry>
  <workHistoryEntry startDate="1994" endDate="1996">
    <workRoles>
      <workRole role="Political Commissar"/>
      <workRole institution="PLA"/>
      <workRole institution="Regions"/>
      <workRole institution="Jinan Military Region"/>
      <workRole location="Shandong Province"/>
      <workRole location="Jinan City"/>
    </workRoles>
  </workHistoryEntry>
  <workHistoryEntry startDate="1993" endDate="1994">
    <workRoles>
      <workRole role="Deputy Director"/>
      <workRole institution="PLA"/>
      <workRole institution="General Political Department"/>
    </workRoles>
  </workHistoryEntry>
  <workHistoryEntry startDate="1992" endDate="1993">
    <workRoles>
      <workRole role="Assistant to the Director"/>
      <workRole institution="PLA"/>
      <workRole institution="General Political Department"/>
    </workRoles>
  </workHistoryEntry>
  <workHistoryEntry startDate="1988" endDate="1997">
    <workRoles>
      <workRole role="Major General"/>
      <workRole institution="PLA"/>
    </workRoles>
  </workHistoryEntry>
  <workHistoryEntry startDate="1985" endDate="1992">
    <workRoles>
      <workRole role="Deputy Political Commissar"/>
      <workRole institution="PLA"/>
      <workRole institution="Services and Arms"/>
      <workRole institution="Group Army"/>
    </workRoles>
  </workHistoryEntry>
  <workHistoryEntry startDate="1984">
    <workRoles>
      <workRole role="Graduate"/>
      <workRole institution="Political Academy of the Chinese PLA"/>
    </workRoles>
  </workHistoryEntry>
  <workHistoryEntry startDate="1959">
    <workRoles>
      <workRole role="Joined"/>
      <workRole institution="CPC"/>
    </workRoles>
  </workHistoryEntry>
  <workHistoryEntry startDate="1958" endDate="1959">
    <workRoles>
      <workRole role="Solider"/>
      <workRole institution="PLA"/>
      <workRole institution="Services and Arms"/>
      <workRole institution="Army (or Ground Force)"/>
    </workRoles>
  </workHistoryEntry>
  <workHistoryEntry startDate="1955">
    <workRoles>
      <workRole role="Joined"/>
      <workRole institution="PLA"/>
    </workRoles>
  </workHistoryEntry>
  <workHistory/>
</biography>
