<?xml version="1.0" encoding="UTF-8"?>
<biography birthDate="1949" fullName="Du Xuefang" displayName="Du Xuefang" nonEnglishName="" sex="female" nationality="was born in 1949. She is a native of Dacheng">
  <bioText>Du Xuefang, female, was born in 1949. She is a native of Dacheng, Hebei Province. She graduated form Nankai University Institute of Economics in political economics. She joined the CPC in 1972. She is an alternate member of the 16th CPC Central Committee.</bioText>
  <posts>
    <post description="Alternate Member of the 16th CPC Central Committee"/>
  </posts>
  <birthLocations>
    <birthLocation location="Hebei Province"/>
    <birthLocation location="Dacheng"/>
  </birthLocations>
  <workHistoryEntry startDate="2007">
    <workRoles>
      <workRole role="Member"/>
      <workRole institution="17th CPC"/>
      <workRole institution="Central Committee"/>
      <workRole institution="Central Commission for Discipline Inspection"/>
    </workRoles>
  </workHistoryEntry>
  <workHistoryEntry startDate="2002" endDate="2007">
    <workRoles>
      <workRole role="Alternate Member"/>
      <workRole institution="16th CPC"/>
      <workRole institution="Central Committee"/>
    </workRoles>
  </workHistoryEntry>
  <workHistoryEntry startDate="1997" endDate="2001">
    <workRoles>
      <workRole role="Member"/>
      <workRole institution="CPC"/>
      <workRole institution="Provincial Committee"/>
      <workRole institution="Standing Committee"/>
      <workRole location="Jilin Province"/>
    </workRoles>
  </workHistoryEntry>
  <workHistoryEntry startDate="1997" endDate="2001">
    <workRoles>
      <workRole role="Director"/>
      <workRole institution="CPC"/>
      <workRole institution="Provincial Committee"/>
      <workRole institution="Organization Department"/>
      <workRole location="Jilin Province"/>
    </workRoles>
  </workHistoryEntry>
  <workHistoryEntry startDate="1991" endDate="1996">
    <workRoles>
      <workRole role="Director"/>
      <workRole institution="Jilin Provincial Women's Federation"/>
    </workRoles>
  </workHistoryEntry>
  <workHistoryEntry startDate="1991" endDate="1997">
    <workRoles>
      <workRole role="Deputy Director"/>
      <workRole institution="CPC"/>
      <workRole institution="Provincial Committee"/>
      <workRole institution="Organization Department"/>
      <workRole location="Jilin Province"/>
    </workRoles>
  </workHistoryEntry>
  <workHistoryEntry startDate="1986" endDate="1991">
    <workRoles>
      <workRole role="Deputy Secretary"/>
      <workRole institution="CPC"/>
      <workRole institution="City Committee"/>
      <workRole location="Jilin Province"/>
      <workRole location="Changchun City"/>
    </workRoles>
  </workHistoryEntry>
  <workHistoryEntry startDate="1984" endDate="1986">
    <workRoles>
      <workRole role="Deputy Director"/>
      <workRole institution="CPC"/>
      <workRole institution="Provincial Committee"/>
      <workRole institution="Organization Department"/>
      <workRole location="Jilin Province"/>
    </workRoles>
  </workHistoryEntry>
  <workHistoryEntry startDate="1979" endDate="1984">
    <workRoles>
      <workRole role="Vice-Chairman"/>
      <workRole institution="CYLC"/>
      <workRole institution="Provincial-Level"/>
      <workRole location="Jilin Province"/>
    </workRoles>
  </workHistoryEntry>
  <workHistoryEntry startDate="1975" endDate="1979">
    <workRoles>
      <workRole role="Deputy Director"/>
      <workRole institution="CPC"/>
      <workRole institution="County Committee"/>
      <workRole location="Jilin Province"/>
      <workRole location="Daan County"/>
    </workRoles>
  </workHistoryEntry>
  <workHistoryEntry startDate="1973" endDate="1974">
    <workRoles>
      <workRole role="Deputy Director"/>
      <workRole institution="Jilin Provincial Women's Federation"/>
      <workRole location="Jilin Province"/>
      <workRole location="Baicheng Prefecture"/>
    </workRoles>
  </workHistoryEntry>
  <workHistoryEntry startDate="1972" endDate="1973">
    <workRoles>
      <workRole role="Deputy Secretary"/>
      <workRole institution="CYLC"/>
      <workRole institution="County-Level"/>
      <workRole location="Jilin Province"/>
      <workRole location="Zhenlai County"/>
    </workRoles>
  </workHistoryEntry>
  <workHistory/>
</biography>
