<?xml version="1.0" encoding="UTF-8"?>
<biography birthDate="1950" fullName="Du Xia" displayName="Du Xia" nonEnglishName="" sex="male" nationality="Han">
  <bioText>Du Xia, male, Han nationality, is a native of Beijing. He was born in 1950, and received a master's degree from Nanjing University. Du began his career in real estate in the late 1980s, and his company, Home World Group, is currently the largest private retail chain enterprise in China. The company focuses on the development of cities such as Tianjing, Beijing, and Xi'an, and employs 6,000 personnel. Its sale value reached RMB 2 billion yuan in the year 2000. In addition, Mr. Du has established an elementary school.</bioText>
  <posts>
    <post description="Board Chairman of the Tianjin Home World Group"/>
  </posts>
  <birthLocations>
    <birthLocation location="Beijing Municipality"/>
  </birthLocations>
  <workHistoryEntry startDate="">
    <workRoles>
      <workRole role="(Established Elementary School)"/>
    </workRoles>
  </workHistoryEntry>
  <workHistoryEntry startDate="">
    <workRoles>
      <workRole role="Chairman"/>
      <workRole institution="Tianjin Home World Group"/>
      <workRole location="Tianjin Municipality"/>
    </workRoles>
  </workHistoryEntry>
  <workHistoryEntry startDate="">
    <workRoles>
      <workRole role="Graduate"/>
      <workRole institution="Nanjing University"/>
      <workRole location="Jiangsu Province"/>
      <workRole location="Nanjing City"/>
    </workRoles>
  </workHistoryEntry>
  <workHistory/>
</biography>
