<?xml version="1.0" encoding="UTF-8"?>
<biography birthDate="1953" fullName="Du Yuxin" displayName="Du Yuxin" nonEnglishName="" sex="male" nationality="Han">
  <bioText>Du Yuxin, male, Han nationality is a native of Linkou County, Heilongjiang Province. He was born in 1953, started to work in 1969 and joined the CPC in 1976. He attended the graduate school of the Party school of the CPC Central Committee. He was an alternate member of the 15th, 16th and 17th CPC Central Committees. He serves as a member of standing committee of Heilongjiang CPC Provincial Committee since 1999. He is Deputy Secretary of CPC Provincial Committee of Heilongjiang Province since 2009. In 2011, he became Chairman of Heilongjiang CPPCC Provincial Committee.</bioText>
  <posts>
    <post description="Alternate Member, 17th CPC, Central Committee"/>
    <post description="Deputy Secretary, CPC, Provincial Committee, Heilongjiang Province"/>
    <post description="Chairman, CPPCC, Provincial Committee, Heilongjiang Province"/>
  </posts>
  <birthLocations>
    <birthLocation location="Heilongjiang Province"/>
    <birthLocation location="Linkou County"/>
  </birthLocations>
  <workHistoryEntry startDate="2011">
    <workRoles>
      <workRole role="Chairman"/>
      <workRole institution="CPPCC"/>
      <workRole institution="Provincial Committee"/>
      <workRole location="Heilongjiang Province"/>
    </workRoles>
  </workHistoryEntry>
  <workHistoryEntry startDate="2009">
    <workRoles>
      <workRole role="Deputy Secretary"/>
      <workRole institution="CPC"/>
      <workRole institution="Provincial Committee"/>
      <workRole location="Heilongjiang Province"/>
    </workRoles>
  </workHistoryEntry>
  <workHistoryEntry startDate="2007">
    <workRoles>
      <workRole role="Alternate Member"/>
      <workRole institution="17th CPC"/>
      <workRole institution="Central Committee"/>
    </workRoles>
  </workHistoryEntry>
  <workHistoryEntry startDate="2003" endDate="2009">
    <workRoles>
      <workRole role="Secretary"/>
      <workRole institution="CPC"/>
      <workRole institution="City Committee"/>
      <workRole location="Heilongjiang Province"/>
      <workRole location="Harbin City"/>
    </workRoles>
  </workHistoryEntry>
  <workHistoryEntry startDate="2002" endDate="2005">
    <workRoles>
      <workRole role="Secretary"/>
      <workRole institution="CPC"/>
      <workRole institution="Provincial Committee"/>
      <workRole institution="Politics and Law Committee"/>
      <workRole location="Heilongjiang Province"/>
    </workRoles>
  </workHistoryEntry>
  <workHistoryEntry startDate="2002" endDate="2007">
    <workRoles>
      <workRole role="Alternate Member"/>
      <workRole institution="16th CPC"/>
      <workRole institution="Central Committee"/>
    </workRoles>
  </workHistoryEntry>
  <workHistoryEntry startDate="1999">
    <workRoles>
      <workRole role="Member"/>
      <workRole institution="CPC"/>
      <workRole institution="Provincial Committee"/>
      <workRole institution="Standing Committee"/>
      <workRole location="Heilongjiang Province"/>
    </workRoles>
  </workHistoryEntry>
  <workHistoryEntry startDate="1997" endDate="2002">
    <workRoles>
      <workRole role="Alternate Member"/>
      <workRole institution="15th CPC"/>
      <workRole institution="Central Committee"/>
    </workRoles>
  </workHistoryEntry>
  <workHistoryEntry startDate="1995" endDate="1999">
    <workRoles>
      <workRole role="Secretary"/>
      <workRole institution="CPC"/>
      <workRole institution="County Committee"/>
      <workRole location="Heilongjiang Province"/>
      <workRole location="Daxinganling County"/>
    </workRoles>
  </workHistoryEntry>
  <workHistoryEntry startDate="1991" endDate="1995">
    <workRoles>
      <workRole role="Deputy Director"/>
      <workRole institution="Agricultural Committee"/>
      <workRole location="Heilongjiang Province"/>
    </workRoles>
  </workHistoryEntry>
  <workHistoryEntry startDate="1989" endDate="1991">
    <workRoles>
      <workRole role="Director"/>
      <workRole institution="Agricultural Committee"/>
      <workRole institution="Comprehensive Department"/>
      <workRole location="Heilongjiang Province"/>
    </workRoles>
  </workHistoryEntry>
  <workHistoryEntry startDate="1987" endDate="1989">
    <workRoles>
      <workRole role="Director"/>
      <workRole institution="CPC"/>
      <workRole institution="Provincial Committee"/>
      <workRole institution="Business Develop Department"/>
      <workRole location="Heilongjiang Province"/>
    </workRoles>
  </workHistoryEntry>
  <workHistoryEntry startDate="1986" endDate="1987">
    <workRoles>
      <workRole role="Deputy Secretary"/>
      <workRole institution="CPC"/>
      <workRole institution="County Committee"/>
      <workRole location="Heilongjiang Province"/>
      <workRole location="Shangzhi County"/>
    </workRoles>
  </workHistoryEntry>
  <workHistoryEntry startDate="1984" endDate="1986">
    <workRoles>
      <workRole role="Deputy Director"/>
      <workRole institution="CPC"/>
      <workRole institution="Provincial Committee"/>
      <workRole institution="Peasants and Farmers Department"/>
      <workRole location="Heilongjiang Province"/>
    </workRoles>
  </workHistoryEntry>
  <workHistoryEntry startDate="1981" endDate="1984">
    <workRoles>
      <workRole role="Director"/>
      <workRole institution="Provincial Agricultural Office"/>
      <workRole institution="Management Department"/>
      <workRole location="Heilongjiang Province"/>
    </workRoles>
  </workHistoryEntry>
  <workHistoryEntry startDate="1976">
    <workRoles>
      <workRole role="Joined"/>
      <workRole institution="CPC"/>
    </workRoles>
  </workHistoryEntry>
  <workHistoryEntry startDate="1973" endDate="1976">
    <workRoles>
      <workRole role="Student"/>
      <workRole institution="Heilongjiang University"/>
      <workRole location="Heilongjiang Province"/>
      <workRole location="Harbin City"/>
    </workRoles>
  </workHistoryEntry>
  <workHistory/>
</biography>
