<?xml version="1.0" encoding="UTF-8"?>
<biography birthDate="1936" fullName="Du Yijin" displayName="Du Yijin" nonEnglishName="" sex="male" nationality="Han">
  <bioText>Du Yijin, male, Han nationality, is a native of Guang'an, Sichuan Province. He was born in 1936, joined the Zhi Gong Party in 1996, and was a postgraduate of Beijing Normal University. Du was a professor at Anhui Teachers' University for many years, and eventually became its president. In the late 1980s, he served as vice governor of Anhui Province, and subsequently became involved in family planning and population control, serving as the President of the Family Planning Association. In 1996, he was awarded the Chinese Population Prize. Du Yijin was a member of the Subcommittee of Overseas Chinese of the 9th NPC Standing Committee.</bioText>
  <posts>
    <post description="Vice-Chairman of the China Zhi Gong Party (Public Interest Party) Central Committee, ViceChairman of the CPPCC Beijing Municipal Committee"/>
  </posts>
  <birthLocations>
    <birthLocation location="Sichuan Province"/>
    <birthLocation location="Guang'an"/>
  </birthLocations>
  <workHistoryEntry startDate="1998" endDate="2003">
    <workRoles>
      <workRole role="Vice-Chairman"/>
      <workRole institution="CPPCC"/>
      <workRole institution="National Committee"/>
      <workRole institution="Subcommittee of Overseas Chinese"/>
    </workRoles>
  </workHistoryEntry>
  <workHistoryEntry startDate="1998" endDate="2003">
    <workRoles>
      <workRole role="Member"/>
      <workRole institution="CPPCC"/>
      <workRole institution="National Committee"/>
      <workRole institution="Subcommittee of Overseas Chinese"/>
    </workRoles>
  </workHistoryEntry>
  <workHistoryEntry startDate="1998">
    <workRoles>
      <workRole role="Vice-Chairman"/>
      <workRole institution="CPPCC"/>
      <workRole institution="Municipal Committee"/>
      <workRole location="Beijing Municipality"/>
    </workRoles>
  </workHistoryEntry>
  <workHistoryEntry startDate="1997" endDate="????">
    <workRoles>
      <workRole role="Vice-Chairman"/>
      <workRole institution="China Zhi Gong Party (Public Interest Party)"/>
      <workRole institution="Municipal Committee"/>
      <workRole location="Beijing Municipality"/>
    </workRoles>
  </workHistoryEntry>
  <workHistoryEntry startDate="1997">
    <workRoles>
      <workRole role="Vice-Chairman"/>
      <workRole institution="11th China Zhi Gong Party (Public Interest Party)"/>
      <workRole institution="Central Committee"/>
    </workRoles>
  </workHistoryEntry>
  <workHistoryEntry startDate="1996" endDate="????">
    <workRoles>
      <workRole role="Vice-Chairman"/>
      <workRole institution="10th China Zhi Gong Party (Public Interest Party)"/>
      <workRole institution="Central Committee"/>
    </workRoles>
  </workHistoryEntry>
  <workHistoryEntry startDate="1996">
    <workRoles>
      <workRole role="Joined"/>
      <workRole institution="China Zhi Gong Party (Public Interest Party)"/>
    </workRoles>
  </workHistoryEntry>
  <workHistoryEntry startDate="1996">
    <workRoles>
      <workRole role="(Winner of Chinese Population Prize)"/>
    </workRoles>
  </workHistoryEntry>
  <workHistoryEntry startDate="1990" endDate="????">
    <workRoles>
      <workRole role="President"/>
      <workRole institution="Family Planning Association"/>
    </workRoles>
  </workHistoryEntry>
  <workHistoryEntry startDate="1990" endDate="????">
    <workRoles>
      <workRole role="Deputy Head"/>
    </workRoles>
  </workHistoryEntry>
  <workHistoryEntry startDate="1988" endDate="1997">
    <workRoles>
      <workRole role="Vice-Governor"/>
      <workRole institution="People's Government"/>
      <workRole location="Anhui Province"/>
    </workRoles>
  </workHistoryEntry>
  <workHistoryEntry startDate="">
    <workRoles>
      <workRole role="Professor"/>
      <workRole institution="Anhui University"/>
      <workRole location="Anhui Province"/>
    </workRoles>
  </workHistoryEntry>
  <workHistoryEntry startDate="">
    <workRoles>
      <workRole role="President"/>
      <workRole institution="Anhui Teachers' University"/>
      <workRole location="Anhui Province"/>
    </workRoles>
  </workHistoryEntry>
  <workHistoryEntry startDate="">
    <workRoles>
      <workRole role="Chief"/>
      <workRole institution="Anhui Teachers' University"/>
      <workRole institution="Theoretical Physics Teaching and Research Department"/>
      <workRole location="Anhui Province"/>
    </workRoles>
  </workHistoryEntry>
  <workHistoryEntry startDate="">
    <workRoles>
      <workRole role="Professor"/>
      <workRole institution="Anhui Teachers' University"/>
      <workRole institution="Theoretical Physics Teaching and Research Department"/>
      <workRole location="Anhui Province"/>
    </workRoles>
  </workHistoryEntry>
  <workHistoryEntry startDate="">
    <workRoles>
      <workRole role="Associate Professor"/>
      <workRole institution="Anhui Teachers' University"/>
      <workRole institution="Theoretical Physics Teaching and Research Department"/>
      <workRole location="Anhui Province"/>
    </workRoles>
  </workHistoryEntry>
  <workHistoryEntry startDate="">
    <workRoles>
      <workRole role="Lecturer"/>
      <workRole institution="South Anhui (Wannan) University"/>
      <workRole location="Anhui Province"/>
    </workRoles>
  </workHistoryEntry>
  <workHistoryEntry startDate="1958" endDate="????">
    <workRoles>
      <workRole role="Postgraduate Student"/>
      <workRole institution="Beijing Normal University"/>
      <workRole institution="Physics Department"/>
      <workRole location="Beijing Municipality"/>
    </workRoles>
  </workHistoryEntry>
  <workHistory/>
</biography>
