<?xml version="1.0" encoding="UTF-8"?>
<biography birthDate="1954" fullName="Du Yili" displayName="Du Yili" nonEnglishName="" sex="female" nationality="Han">
  <bioText>Du Yili, female, Han nationality, is a native of Enshi City, Hubei Province. She was born in 1954, entered the work force in 1971 and joined the CPC in 1992. From 2005 to 2006, she was Vice Mayor of Nanchong City of Sichuan Province. Since 2006, she is Deputy Director, National Tourism Administration.</bioText>
  <posts>
    <post description="Deputy Director of the National Tourism Administration"/>
  </posts>
  <birthLocations>
    <birthLocation location="Hubei Province"/>
    <birthLocation location="Enshi City"/>
  </birthLocations>
  <workHistoryEntry startDate="2006">
    <workRoles>
      <workRole role="Deputy Director"/>
      <workRole institution="National Tourism Administration"/>
    </workRoles>
  </workHistoryEntry>
  <workHistoryEntry startDate="2005" endDate="2006">
    <workRoles>
      <workRole role="Vice-Mayor"/>
      <workRole institution="People's Government"/>
      <workRole location="Sichuan Province"/>
      <workRole location="Nanchong City"/>
    </workRoles>
  </workHistoryEntry>
  <workHistoryEntry startDate="2005" endDate="2005">
    <workRoles>
      <workRole role="Deputy Secretary"/>
      <workRole institution="CPC"/>
      <workRole institution="City Committee"/>
      <workRole location="Sichuan Province"/>
      <workRole location="Langzhong City"/>
    </workRoles>
  </workHistoryEntry>
  <workHistory/>
</biography>
