<?xml version="1.0" encoding="UTF-8"?>
<biography birthDate="1955" fullName="Du Yubo" displayName="Du Yubo" nonEnglishName="" sex="male" nationality="Han">
  <bioText>Du Yubo, male, Han nationality, is a native of Jinzhou Hebei Province. He was born in 1955, entered the work force in 1974 and joined the CPC in 1975. He graduated from Beijing University of Technology in 1978. Since 2002, he has been serving as Secretary of CPC Party Committee of Beihang University. Since December 2010, he serves as Vice-Minister and Deputy Secretary of Leading Party Group of Ministry of Education.</bioText>
  <posts>
    <post description="Vice-Minister, Ministry of Education"/>
  </posts>
  <birthLocations>
    <birthLocation location="Hebei Province"/>
    <birthLocation location="Jinzhou City"/>
  </birthLocations>
  <workHistoryEntry startDate="2010">
    <workRoles>
      <workRole role="Vice-Minister"/>
      <workRole institution="Ministry of Education"/>
    </workRoles>
  </workHistoryEntry>
  <workHistoryEntry startDate="2010">
    <workRoles>
      <workRole role="Deputy Secretary"/>
      <workRole institution="Ministry of Education"/>
      <workRole institution="CPC"/>
      <workRole institution="Leading Party Group"/>
    </workRoles>
  </workHistoryEntry>
  <workHistoryEntry startDate="2002">
    <workRoles>
      <workRole role="Secretary"/>
      <workRole institution="Beihang University (BUAA)"/>
      <workRole institution="CPC"/>
      <workRole institution="Party Committee"/>
      <workRole location="Beijing Municipality"/>
    </workRoles>
  </workHistoryEntry>
  <workHistoryEntry startDate="2001" endDate="2002">
    <workRoles>
      <workRole role="Executive Deputy Secretary"/>
      <workRole institution="Beijing Institute of Technology"/>
      <workRole institution="CPC"/>
      <workRole institution="Party Committee"/>
      <workRole location="Beijing Municipality"/>
    </workRoles>
  </workHistoryEntry>
  <workHistoryEntry startDate="1996" endDate="2001">
    <workRoles>
      <workRole role="Vice-President"/>
      <workRole institution="Beijing Institute of Technology"/>
      <workRole location="Beijing Municipality"/>
    </workRoles>
  </workHistoryEntry>
  <workHistoryEntry startDate="1993" endDate="2001">
    <workRoles>
      <workRole role="Deputy Secretary"/>
      <workRole institution="Beijing Institute of Technology"/>
      <workRole institution="CPC"/>
      <workRole institution="Party Committee"/>
      <workRole location="Beijing Municipality"/>
    </workRoles>
  </workHistoryEntry>
  <workHistoryEntry startDate="1993" endDate="1996">
    <workRoles>
      <workRole role="Student"/>
      <workRole institution="CPC"/>
      <workRole institution="Central Committee"/>
      <workRole institution="Central Party School"/>
    </workRoles>
  </workHistoryEntry>
  <workHistoryEntry startDate="1989" endDate="1993">
    <workRoles>
      <workRole role="Member"/>
      <workRole institution="Beijing Institute of Technology"/>
      <workRole institution="CPC"/>
      <workRole institution="Party Committee"/>
      <workRole institution="Standing Committee"/>
      <workRole location="Beijing Municipality"/>
    </workRoles>
  </workHistoryEntry>
  <workHistoryEntry startDate="1989" endDate="1993">
    <workRoles>
      <workRole role="Director"/>
      <workRole institution="Beijing Institute of Technology"/>
      <workRole institution="CPC"/>
      <workRole institution="Party Committee"/>
      <workRole institution="Organization Department"/>
      <workRole location="Beijing Municipality"/>
    </workRoles>
  </workHistoryEntry>
  <workHistoryEntry startDate="1985" endDate="1996">
    <workRoles>
      <workRole role="Member"/>
      <workRole institution="Beijing Institute of Technology"/>
      <workRole institution="CPC"/>
      <workRole institution="Party Committee"/>
      <workRole location="Beijing Municipality"/>
    </workRoles>
  </workHistoryEntry>
  <workHistoryEntry startDate="1985" endDate="1993">
    <workRoles>
      <workRole role="Secretary"/>
      <workRole institution="Beijing Institute of Technology"/>
      <workRole institution="Mechanical Engineering Department"/>
      <workRole institution="CPC"/>
      <workRole institution="Party Committee"/>
      <workRole location="Beijing Municipality"/>
    </workRoles>
  </workHistoryEntry>
  <workHistoryEntry startDate="1983" endDate="1985">
    <workRoles>
      <workRole role="Secretary"/>
      <workRole institution="Beijing University of Technology"/>
      <workRole institution="CYLC"/>
      <workRole institution="Institutional Level"/>
      <workRole location="Beijing Municipality"/>
    </workRoles>
  </workHistoryEntry>
  <workHistoryEntry startDate="1983" endDate="1985">
    <workRoles>
      <workRole role="Deputy Director"/>
      <workRole institution="Beijing University of Technology"/>
      <workRole institution="CPC"/>
      <workRole institution="Party Committee"/>
      <workRole institution="Student Work Department"/>
      <workRole location="Beijing Municipality"/>
    </workRoles>
  </workHistoryEntry>
  <workHistoryEntry startDate="1983" endDate="1985">
    <workRoles>
      <workRole role="Member"/>
      <workRole institution="Beijing University of Technology"/>
      <workRole institution="CPC"/>
      <workRole institution="Party Committee"/>
      <workRole location="Beijing Municipality"/>
    </workRoles>
  </workHistoryEntry>
  <workHistoryEntry startDate="1978" endDate="1983">
    <workRoles>
      <workRole role="Instructor"/>
      <workRole institution="Beijing University of Technology"/>
      <workRole institution="Aviation Engineering Department"/>
      <workRole location="Beijing Municipality"/>
    </workRoles>
  </workHistoryEntry>
  <workHistoryEntry startDate="1975" endDate="1978">
    <workRoles>
      <workRole role="Student"/>
      <workRole institution="Beijing University of Technology"/>
      <workRole institution="Optics Engineering Department"/>
      <workRole location="Beijing Municipality"/>
    </workRoles>
  </workHistoryEntry>
  <workHistory/>
</biography>
