<?xml version="1.0" encoding="UTF-8"?>
<biography birthDate="1962" fullName="Du Zhanyuan" displayName="Du Zhanyuan" nonEnglishName="" sex="male" nationality="Han">
  <bioText>Du Zhanyuan, male, Han nationality, is a native of Tianmen City, Hubei Province. He was born in 1962, entered the work force and joined the CPC in 1985. He graduated from Hunan Agricultural University with a Bachelor Degree in 1982, from China Agricultural University with a Master Degree in 1985 and from Massachusetts University of USA with a Doctorate Degree in 1993. He was Vice-Minister of Ministry of Science and Technology from 2008 to 2010. Since December 2010, he serves as Vice-Minister of Ministry of Education.</bioText>
  <posts>
    <post description="Vice-Minister, Ministry of Education"/>
  </posts>
  <birthLocations>
    <birthLocation location="Hubei Province"/>
    <birthLocation location="Tianmen City"/>
  </birthLocations>
  <workHistoryEntry startDate="2010">
    <workRoles>
      <workRole role="Vice-Minister"/>
      <workRole institution="Ministry of Education"/>
    </workRoles>
  </workHistoryEntry>
  <workHistoryEntry startDate="2010">
    <workRoles>
      <workRole role="Member"/>
      <workRole institution="Ministry of Education"/>
      <workRole institution="CPC"/>
      <workRole institution="Leading Party Group"/>
    </workRoles>
  </workHistoryEntry>
  <workHistoryEntry startDate="2008" endDate="2010">
    <workRoles>
      <workRole role="Member"/>
      <workRole institution="Ministry of Science and Technology"/>
      <workRole institution="CPC"/>
      <workRole institution="Leading Party Group"/>
    </workRoles>
  </workHistoryEntry>
  <workHistoryEntry startDate="2008" endDate="2010">
    <workRoles>
      <workRole role="Vice-Minister"/>
      <workRole institution="Ministry of Science and Technology"/>
    </workRoles>
  </workHistoryEntry>
  <workHistoryEntry startDate="2006" endDate="2008">
    <workRoles>
      <workRole role="Director"/>
      <workRole institution="Ministry of Science and Technology"/>
      <workRole institution="Rural Technology Department"/>
    </workRoles>
  </workHistoryEntry>
  <workHistoryEntry startDate="2003" endDate="2004">
    <workRoles>
      <workRole role="Student"/>
      <workRole institution="CPC"/>
      <workRole institution="Central Committee"/>
      <workRole institution="Central Party School"/>
    </workRoles>
  </workHistoryEntry>
  <workHistoryEntry startDate="2001" endDate="2006">
    <workRoles>
      <workRole role="Director"/>
      <workRole institution="Ministry of Science and Technology"/>
      <workRole institution="Development Planning Department"/>
    </workRoles>
  </workHistoryEntry>
  <workHistoryEntry startDate="2000" endDate="2001">
    <workRoles>
      <workRole role="Deputy Director"/>
      <workRole institution="Ministry of Science and Technology"/>
      <workRole institution="Development Planning Department"/>
    </workRoles>
  </workHistoryEntry>
  <workHistoryEntry startDate="1998" endDate="2000">
    <workRoles>
      <workRole role="Director"/>
      <workRole institution="Ministry of Science and Technology"/>
      <workRole institution="Development Planning Department"/>
      <workRole institution="Planning and Coordination Division"/>
    </workRoles>
  </workHistoryEntry>
  <workHistoryEntry startDate="1997" endDate="1998">
    <workRoles>
      <workRole role="Director"/>
      <workRole institution="State Science and Technology Commission"/>
      <workRole institution="Comprehensive Planning Department"/>
    </workRoles>
  </workHistoryEntry>
  <workHistoryEntry startDate="1994" endDate="1997">
    <workRoles>
      <workRole role="Deputy Director"/>
      <workRole institution="State Science and Technology Commission"/>
      <workRole institution="Comprehensive Planning Department"/>
    </workRoles>
  </workHistoryEntry>
  <workHistoryEntry startDate="1993" endDate="1994">
    <workRoles>
      <workRole role="Staff Member"/>
      <workRole institution="State Science and Technology Commission"/>
      <workRole institution="Comprehensive Planning Department"/>
    </workRoles>
  </workHistoryEntry>
  <workHistoryEntry startDate="1989" endDate="1993">
    <workRoles>
      <workRole role="Student"/>
      <workRole institution="University of Massachusetts"/>
      <workRole location="USA"/>
      <workRole location="Massachusetts"/>
      <workRole location="Boston"/>
    </workRoles>
  </workHistoryEntry>
  <workHistoryEntry startDate="1983" endDate="1984">
    <workRoles>
      <workRole role="Student"/>
      <workRole institution="China Agricultural University"/>
      <workRole institution="School of Biological Sciences"/>
      <workRole location="Beijing Municipality"/>
    </workRoles>
  </workHistoryEntry>
  <workHistoryEntry startDate="1978" endDate="1982">
    <workRoles>
      <workRole role="Student"/>
      <workRole institution="Hunan Agricultural University"/>
      <workRole location="Hunan Province"/>
      <workRole location="Changsha City"/>
    </workRoles>
  </workHistoryEntry>
  <workHistory/>
</biography>
