<?xml version="1.0" encoding="UTF-8"?>
<biography birthDate="1955" fullName="Duan Huijun" displayName="Duan Huijun" nonEnglishName="" sex="male" nationality="Han">
  <bioText>Duan Huijun, male, Han nationality, is a native of Luancheng, Hebei province. He was born in 1955, and he is a member of the Chinese Peasants and Workers Democratic Party. He graduated from the medicine department of the Shinshu University of Japan, with the major of pathology. Duan is a doctor of medicine, professor, and doctoral tutor. Duan has spent most of his career at Hebei Medical University, where he served as vice president until 2002. He was vice-chairman of the CPPCC Hebei provincial committee.</bioText>
  <posts>
    <post description="Vice-Chairman of the CPPCC Hebei Provincial Committee"/>
  </posts>
  <birthLocations>
    <birthLocation location="Hebei Province"/>
    <birthLocation location="Luancheng"/>
  </birthLocations>
  <workHistoryEntry startDate="2003">
    <workRoles>
      <workRole role="Vice-Chairman"/>
      <workRole institution="CPPCC"/>
      <workRole institution="Provincial Committee"/>
      <workRole location="Hebei Province"/>
    </workRoles>
  </workHistoryEntry>
  <workHistoryEntry startDate="2002">
    <workRoles>
      <workRole role="Chairman"/>
      <workRole institution="Chinese Peasants and Workers Democratic Party"/>
      <workRole institution="Provincial Committee"/>
      <workRole location="Hebei Province"/>
    </workRoles>
  </workHistoryEntry>
  <workHistoryEntry startDate="1999" endDate="2002">
    <workRoles>
      <workRole role="Vice-President"/>
      <workRole institution="Hebei Medical University"/>
      <workRole location="Hebei Province"/>
      <workRole location="Shijiazhuang City"/>
    </workRoles>
  </workHistoryEntry>
  <workHistoryEntry startDate="1997" endDate="2002">
    <workRoles>
      <workRole role="Vice-Chairman"/>
      <workRole institution="Chinese Peasants and Workers Democratic Party"/>
      <workRole institution="Provincial Committee"/>
      <workRole location="Hebei Province"/>
    </workRoles>
  </workHistoryEntry>
  <workHistoryEntry startDate="1998" endDate="1999">
    <workRoles>
      <workRole role="Dean"/>
      <workRole institution="Hebei Medical University"/>
      <workRole institution="College of Basic Medicine"/>
      <workRole location="Hebei Province"/>
    </workRoles>
  </workHistoryEntry>
  <workHistoryEntry startDate="1996" endDate="1997">
    <workRoles>
      <workRole role="Vice Dean"/>
      <workRole institution="Hebei Medical University"/>
      <workRole institution="Medical College"/>
      <workRole location="Hebei Province"/>
    </workRoles>
  </workHistoryEntry>
  <workHistoryEntry startDate="1993" endDate="1996">
    <workRoles>
      <workRole role="Professor"/>
      <workRole institution="Hebei Medical University"/>
      <workRole institution="Pathology Department"/>
      <workRole location="Hebei Province"/>
    </workRoles>
  </workHistoryEntry>
  <workHistoryEntry startDate="1993" endDate="1996">
    <workRoles>
      <workRole role="Director"/>
      <workRole institution="Hebei Medical University"/>
      <workRole institution="Pathology Department"/>
      <workRole location="Hebei Province"/>
    </workRoles>
  </workHistoryEntry>
  <workHistoryEntry startDate="1987" endDate="1993">
    <workRoles>
      <workRole role="Graduate"/>
      <workRole institution="Shinshu University"/>
      <workRole location="Japan"/>
      <workRole location="Nagano"/>
    </workRoles>
  </workHistoryEntry>
  <workHistoryEntry startDate="1983" endDate="1993">
    <workRoles>
      <workRole role="Lecturer"/>
      <workRole institution="Hebei Medical University"/>
      <workRole location="Hebei Province"/>
    </workRoles>
  </workHistoryEntry>
  <workHistoryEntry startDate="1980" endDate="1983">
    <workRoles>
      <workRole role="Graduate Student"/>
      <workRole institution="Hebei Medical University"/>
      <workRole institution="Medical College"/>
      <workRole location="Hebei Province"/>
    </workRoles>
  </workHistoryEntry>
  <workHistory/>
</biography>
