<?xml version="1.0" encoding="UTF-8"?>
<biography birthDate="1951" fullName="Duan Lunyi" displayName="Duan Lunyi" nonEnglishName="" sex="male" nationality="Han">
  <bioText>Duan Lunyi, male, Han nationality, is a native of Gaoyang County, Hebei Province. He was born in 1951, joined the Army in 1968, joined the CPC in 1979, and graduated from Huazhong Institute of technology (currently called Huazhong University of Science and Technology). From Jan. 2008 to Sept. 2008, he was Vice Chairman of CPPCC Hubei Provincial Committee. From 2008 to Jan. 2012, he was Vice Governor, People’s Government, Hubei Province. Since Feb.2012, he is Political Consult of People’s Government, Hubei Province.</bioText>
  <posts>
    <post description="Political Consult of the People's Government of Hubei Province"/>
  </posts>
  <birthLocations>
    <birthLocation location="Hebei Province"/>
    <birthLocation location="Gaoyang County"/>
  </birthLocations>
  <workHistoryEntry startDate="2012">
    <workRoles>
      <workRole role="Political Consult"/>
      <workRole institution="People's Government"/>
      <workRole location="Hubei Province"/>
    </workRoles>
  </workHistoryEntry>
  <workHistoryEntry startDate="2008" endDate="2012">
    <workRoles>
      <workRole role="Vice-Governor"/>
      <workRole institution="People's Government"/>
      <workRole location="Hubei Province"/>
    </workRoles>
  </workHistoryEntry>
  <workHistoryEntry startDate="2008" endDate="2008">
    <workRoles>
      <workRole role="Vice-Chairman"/>
      <workRole institution="CPPCC"/>
      <workRole institution="Provincial Committee"/>
      <workRole location="Hubei Province"/>
    </workRoles>
  </workHistoryEntry>
  <workHistoryEntry startDate="2006" endDate="2012">
    <workRoles>
      <workRole role="Secretary-General"/>
      <workRole institution="People's Government"/>
      <workRole location="Hubei Province"/>
    </workRoles>
  </workHistoryEntry>
  <workHistoryEntry startDate="2006" endDate="2008">
    <workRoles>
      <workRole role="Director"/>
      <workRole institution="People's Government"/>
      <workRole institution="General Office"/>
      <workRole location="Hubei Province"/>
    </workRoles>
  </workHistoryEntry>
  <workHistoryEntry startDate="2006" endDate="2008">
    <workRoles>
      <workRole role="Secretary"/>
      <workRole institution="People's Government"/>
      <workRole institution="General Office"/>
      <workRole institution="CPC"/>
      <workRole institution="Leading Party Group"/>
      <workRole location="Hubei Province"/>
    </workRoles>
  </workHistoryEntry>
  <workHistoryEntry startDate="2003" endDate="2006">
    <workRoles>
      <workRole role="Director"/>
      <workRole institution="City People's Congress"/>
      <workRole institution="Standing Committee"/>
      <workRole location="Hubei Province"/>
      <workRole location="Jingzhou City"/>
    </workRoles>
  </workHistoryEntry>
  <workHistoryEntry startDate="2003" endDate="2006">
    <workRoles>
      <workRole role="Secretary"/>
      <workRole institution="CPC"/>
      <workRole institution="City Committee"/>
      <workRole location="Hubei Province"/>
      <workRole location="Jingzhou City"/>
    </workRoles>
  </workHistoryEntry>
  <workHistoryEntry startDate="1998" endDate="2003">
    <workRoles>
      <workRole role="Vice-Mayor"/>
      <workRole institution="People's Government"/>
      <workRole location="Hubei Province"/>
      <workRole location="Wuhan City"/>
    </workRoles>
  </workHistoryEntry>
  <workHistoryEntry startDate="1996" endDate="1998">
    <workRoles>
      <workRole role="Student"/>
      <workRole institution="Zhongnan Institute of Finance and Economics"/>
      <workRole location="Hubei Province"/>
      <workRole location="Zhongnan"/>
    </workRoles>
  </workHistoryEntry>
  <workHistoryEntry startDate="1993" endDate="1996">
    <workRoles>
      <workRole role="Director"/>
      <workRole institution="CPC"/>
      <workRole institution="City Committee"/>
      <workRole institution="Economics Committee"/>
      <workRole location="Hubei Province"/>
      <workRole location="Wuhan City"/>
    </workRoles>
  </workHistoryEntry>
  <workHistoryEntry startDate="1993" endDate="1996">
    <workRoles>
      <workRole role="Secretary"/>
      <workRole institution="CPC"/>
      <workRole institution="City Committee"/>
      <workRole institution="Industry Working Committee"/>
      <workRole location="Hubei Province"/>
      <workRole location="Wuhan City"/>
    </workRoles>
  </workHistoryEntry>
  <workHistoryEntry startDate="1991" endDate="1993">
    <workRoles>
      <workRole role="Deputy Director"/>
      <workRole institution="CPC"/>
      <workRole institution="City Committee"/>
      <workRole institution="Economics Committee"/>
      <workRole location="Hubei Province"/>
      <workRole location="Wuhan City"/>
    </workRoles>
  </workHistoryEntry>
  <workHistoryEntry startDate="1991" endDate="1991">
    <workRoles>
      <workRole role="Director"/>
      <workRole institution="Bureau of Electronics Industry"/>
      <workRole location="Hubei Province"/>
      <workRole location="Wuhan City"/>
    </workRoles>
  </workHistoryEntry>
  <workHistoryEntry startDate="1973" endDate="1976">
    <workRoles>
      <workRole role="Student"/>
      <workRole institution="Huazhong Institute of Technology"/>
      <workRole location="Hubei Province"/>
      <workRole location="Wuhan City"/>
    </workRoles>
  </workHistoryEntry>
  <workHistory/>
</biography>
