<?xml version="1.0" encoding="UTF-8"?>
<biography birthDate="1952" fullName="Duan Shijie" displayName="Duan Shijie" nonEnglishName="" sex="male" nationality="Manchu">
  <bioText>Duan Shijie, male, Manchu nationality, is a native of Jinzhou, Liaoning province. He was born in 1952, joined the CPC in 1974, and graduated from the Beijing Institute of Physical Education, majoring in gymnastics. Duan currently serves as the vice- minister of the General Administration of Sports and vice-president of the Beijing Olympic Organizing Committee. Duan also serves as vice-president of the Chinese Olympic Committee.</bioText>
  <posts>
    <post description="Vice-President of the Chinese Olympic Committee, Vice-President of the Beijing Olympic Organizing Committee"/>
  </posts>
  <birthLocations>
    <birthLocation location="Liaoning Province"/>
    <birthLocation location="Jinzhou City"/>
  </birthLocations>
  <workHistoryEntry startDate="2004">
    <workRoles>
      <workRole role="Vice-Minister"/>
      <workRole institution="State General Administration of Sports"/>
    </workRoles>
  </workHistoryEntry>
  <workHistoryEntry startDate="2004">
    <workRoles>
      <workRole role="Vice-President"/>
      <workRole institution="Chinese Olympic Committee"/>
      <workRole location="Beijing Municipality"/>
    </workRoles>
  </workHistoryEntry>
  <workHistoryEntry startDate="2002">
    <workRoles>
      <workRole role="President"/>
      <workRole institution="Track and Field Association of China"/>
    </workRoles>
  </workHistoryEntry>
  <workHistoryEntry startDate="2001">
    <workRoles>
      <workRole role="Vice-President"/>
      <workRole institution="Chinese Olympic Committee"/>
      <workRole institution="Beijing Organizing Committee for the XXIX Olympiad"/>
      <workRole location="Beijing Municipality"/>
    </workRoles>
  </workHistoryEntry>
  <workHistoryEntry startDate="1999" endDate="2002">
    <workRoles>
      <workRole role="Deputy Director"/>
      <workRole institution="State General Administration of Sports"/>
    </workRoles>
  </workHistoryEntry>
  <workHistoryEntry startDate="1997" endDate="1999">
    <workRoles>
      <workRole role="Director"/>
      <workRole institution="State General Administration of Sports"/>
      <workRole institution="Track and Field Administrative Center"/>
    </workRoles>
  </workHistoryEntry>
  <workHistoryEntry startDate="1997" endDate="2002">
    <workRoles>
      <workRole role="Vice-President"/>
      <workRole institution="Track and Field Association of China"/>
    </workRoles>
  </workHistoryEntry>
  <workHistoryEntry startDate="1974">
    <workRoles>
      <workRole role="Joined"/>
      <workRole institution="CPC"/>
    </workRoles>
  </workHistoryEntry>
  <workHistoryEntry startDate="">
    <workRoles>
      <workRole role="Graduate"/>
      <workRole institution="Beijing Institute of Physical Education"/>
      <workRole institution="Gymnastics Depart"/>
      <workRole location="Beijing Municipality"/>
    </workRoles>
  </workHistoryEntry>
  <workHistory/>
</biography>
