<?xml version="1.0" encoding="UTF-8"?>
<biography birthDate="1953" fullName="Duan Wende" displayName="Duan Wende" nonEnglishName="" sex="male" nationality="Han">
  <bioText>Duan Wende, male, Han nationality, was born in 1953. He is a senior engineer. He graduated from Nankai University and pursued a master's degree in economics at the Postgraduate School of the Chinese Academy of Social Sciences while working. He has over thirty years experience in China's petrochemical industry. Duan is currently director of the PetroChina Company.</bioText>
  <posts>
    <post description="Director of the PetroChina Company"/>
  </posts>
  <birthLocations/>
  <workHistoryEntry startDate="2004">
    <workRoles>
      <workRole role="Director"/>
      <workRole institution="PetroChina Company Ltd."/>
    </workRoles>
  </workHistoryEntry>
  <workHistoryEntry startDate="2002" endDate="2004">
    <workRoles>
      <workRole role="Vice-President"/>
      <workRole institution="China National Petroleum Corporation (CNPC)"/>
    </workRoles>
  </workHistoryEntry>
  <workHistoryEntry startDate="2001" endDate="2002">
    <workRoles>
      <workRole role="Assistant President"/>
      <workRole institution="China National Petroleum Corporation (CNPC)"/>
    </workRoles>
  </workHistoryEntry>
  <workHistoryEntry startDate="1999" endDate="2001">
    <workRoles>
      <workRole role="Deputy Manager"/>
      <workRole institution="Fushun Petrochemical Corporation"/>
      <workRole location="Liaoning Province"/>
      <workRole location="Fushun City"/>
    </workRoles>
  </workHistoryEntry>
  <workHistoryEntry startDate="1999" endDate="2003">
    <workRoles>
      <workRole role="General Manager"/>
      <workRole institution="Fushun Petrochemical Corporation"/>
      <workRole location="Liaoning Province"/>
      <workRole location="Fushun City"/>
    </workRoles>
  </workHistoryEntry>
  <workHistoryEntry startDate="1975" endDate="1999">
    <workRoles>
      <workRole role="Commander"/>
      <workRole institution="Fushun Petrochemical Corporation"/>
      <workRole location="Liaoning Province"/>
      <workRole location="Fushun City"/>
    </workRoles>
  </workHistoryEntry>
  <workHistoryEntry startDate="">
    <workRoles>
      <workRole role="Graduate"/>
      <workRole institution="Nankai University"/>
      <workRole institution="Economics Department"/>
      <workRole location="Tianjin Municipality"/>
    </workRoles>
  </workHistoryEntry>
  <workHistory/>
</biography>
