<?xml version="1.0" encoding="UTF-8"?>
<biography birthDate="1954" fullName="Duan Dongsheng" displayName="Duan Dongsheng" nonEnglishName="" sex="male" nationality="Han">
  <bioText>Duan Dongsheng, male, Han nationality, is a native of Beijing Municipality. He was born in 1954, joined the CPC in 1974, and graduated from History Department of Beijing University in 1980. He worked at different posts of State Archives Administration and CPC Central Archives for many years. Since 2005, he is Deputy Director of State Archives Administration and Deputy Curator of CPC Central Archives.</bioText>
  <posts>
    <post description="Deputy Director of the State Archives Administration and Deputy Curator of the CPC Central Archives"/>
  </posts>
  <birthLocations>
    <birthLocation location="Beijing Municipality"/>
  </birthLocations>
  <workHistoryEntry startDate="2005">
    <workRoles>
      <workRole role="Deputy Director"/>
      <workRole institution="State Archives Administration"/>
    </workRoles>
  </workHistoryEntry>
  <workHistoryEntry startDate="2005">
    <workRoles>
      <workRole role="Deputy Curator"/>
      <workRole institution="CPC"/>
      <workRole institution="Central Committee"/>
      <workRole institution="Central Archives"/>
    </workRoles>
  </workHistoryEntry>
  <workHistoryEntry startDate="1980">
    <workRoles>
      <workRole role="Graduate"/>
      <workRole institution="Beijing University"/>
      <workRole institution="History Department"/>
      <workRole location="Beijing Municipality"/>
    </workRoles>
  </workHistoryEntry>
  <workHistory/>
</biography>
