<?xml version="1.0" encoding="UTF-8"?>
<biography birthDate="1946" fullName="Duan Yongji" displayName="Duan Yongji" nonEnglishName="" sex="male" nationality="Han">
  <bioText>Duan Yongji, male, Han nationality, is a native of Beijing. He was born in 1946 and graduated from Tsinghua University in 1970. Duan received a master's degree from the Aeronautical Institute in 1979. Before joining the Stone Corporation, Duan was the deputy chief of the research office at the China Aviation Material Research Center. At the Stone Corporation, he was deputy general manager and vice-president before becoming president in 1991. He served in that capacity for eight years, until 1999. That year, he was made chairman of the company. Duan is a member of the 8th and 9th CPPCC.</bioText>
  <posts>
    <post description="Chairman of the Stone Group"/>
  </posts>
  <birthLocations>
    <birthLocation location="Beijing Municipality"/>
  </birthLocations>
  <workHistoryEntry startDate="1999">
    <workRoles>
      <workRole role="Chairman"/>
      <workRole institution="Stone Group"/>
    </workRoles>
  </workHistoryEntry>
  <workHistoryEntry startDate="1998" endDate="2003">
    <workRoles>
      <workRole role="Member"/>
      <workRole institution="9th CPPCC"/>
      <workRole institution="National Committee"/>
    </workRoles>
  </workHistoryEntry>
  <workHistoryEntry startDate="1993" endDate="1998">
    <workRoles>
      <workRole role="Member"/>
      <workRole institution="8th CPPCC"/>
      <workRole institution="National Committee"/>
    </workRoles>
  </workHistoryEntry>
  <workHistoryEntry startDate="1970">
    <workRoles>
      <workRole role="Graduate"/>
      <workRole institution="Tsinghua University"/>
      <workRole location="Beijing Municipality"/>
    </workRoles>
  </workHistoryEntry>
  <workHistory/>
</biography>
