<?xml version="1.0" encoding="UTF-8"?>
<biography birthDate="1945" fullName="Duan Zhengkun" displayName="Duan Zhengkun" nonEnglishName="" sex="male" nationality="Han">
  <bioText>Duan Zhengkun, male, Han nationality, is a native of Yanshi, Henan Province. He was born in 1945, graduated from the Beijing College of Political Science and Law, and joined the CPC in 1972. Duan has spent most of his career at the Ministry of Justice, where he was active in the Department of Lawyers, as well as in the Party committee. Duan Zhengkun has served as secretary-general of the All China Lawyers Association.</bioText>
  <posts>
    <post description="Former Vice-Minister and Member of the Leading Party Group of the Ministry of Justice"/>
  </posts>
  <birthLocations>
    <birthLocation location="Henan Province"/>
    <birthLocation location="Yanshi County"/>
  </birthLocations>
  <workHistoryEntry startDate="">
    <workRoles>
      <workRole role="Member"/>
      <workRole institution="Ministry of Justice"/>
      <workRole institution="CPC"/>
      <workRole institution="Leading Party Group"/>
    </workRoles>
  </workHistoryEntry>
  <workHistoryEntry startDate="">
    <workRoles>
      <workRole role="Vice-Minister"/>
      <workRole institution="Ministry of Justice"/>
    </workRoles>
  </workHistoryEntry>
  <workHistoryEntry startDate="">
    <workRoles>
      <workRole role="Secretary-General"/>
      <workRole institution="All-China Lawyers Association"/>
    </workRoles>
  </workHistoryEntry>
  <workHistoryEntry startDate="">
    <workRoles>
      <workRole role="Director"/>
      <workRole institution="Ministry of Justice"/>
      <workRole institution="Department of Lawyers"/>
    </workRoles>
  </workHistoryEntry>
  <workHistoryEntry startDate="">
    <workRoles>
      <workRole role="Director"/>
      <workRole institution="Ministry of Justice"/>
      <workRole institution="General Office"/>
    </workRoles>
  </workHistoryEntry>
  <workHistory/>
</biography>
