<?xml version="1.0" encoding="UTF-8"?>
<biography birthDate="1959" displayName="Duan Chunhua" nonEnglishName="" sex="male" nationality="Chinese">
  <bioText>Information on this official is limited because China Vitae has not yet prepared a full biographical sketch.</bioText>
  <posts>
    <post description="Secretary-General of the Tianjin CPC Municipal Committee"/>
  </posts>
  <birthLocations>
    <birthLocation location="Hebei Province"/>
    <birthLocation location="Rongchen City"/>
  </birthLocations>
  <workHistoryEntry startDate="2007">
    <workRoles>
      <workRole role="Secretary-General"/>
      <workRole institution="CPC"/>
      <workRole institution="Municipal Committee"/>
      <workRole location="Tianjin Municipality"/>
    </workRoles>
  </workHistoryEntry>
  <workHistoryEntry startDate="">
    <workRoles>
      <workRole role="Member"/>
      <workRole institution="CPC"/>
      <workRole institution="Municipal Committee"/>
      <workRole location="Tianjin Municipality"/>
    </workRoles>
  </workHistoryEntry>
  <workHistoryEntry startDate="2006" endDate="2007">
    <workRoles>
      <workRole role="Director"/>
      <workRole institution="Agricultural Committee"/>
      <workRole location="Tianjin Municipality"/>
    </workRoles>
  </workHistoryEntry>
  <workHistoryEntry startDate="2001" endDate="2006">
    <workRoles>
      <workRole role="Secretary"/>
      <workRole institution="CPC"/>
      <workRole institution="County Committee"/>
      <workRole location="Tianjin Municipality"/>
      <workRole location="Ninghe County"/>
    </workRoles>
  </workHistoryEntry>
  <workHistoryEntry startDate="">
    <workRoles>
      <workRole role="Secretary"/>
      <workRole institution="CYLC"/>
      <workRole institution="Municipal-Level"/>
      <workRole location="Tianjin Municipality"/>
    </workRoles>
  </workHistoryEntry>
  <workHistoryEntry startDate="">
    <workRoles>
      <workRole role="Deputy Secretary"/>
      <workRole institution="CYLC"/>
      <workRole institution="Municipal-Level"/>
      <workRole location="Tianjin Municipality"/>
    </workRoles>
  </workHistoryEntry>
  <workHistoryEntry startDate="1983">
    <workRoles>
      <workRole role="Joined"/>
      <workRole institution="CPC"/>
    </workRoles>
  </workHistoryEntry>
  <workHistory/>
</biography>
