<?xml version="1.0" encoding="UTF-8"?>
<biography birthDate="1955" fullName="Duan Baoyan" displayName="Duan Baoyan" nonEnglishName="" sex="male" nationality="Han">
  <bioText>Duan Baoyan, male, Han nationality, is a native of Hebei province. He was born in 1955, graduated from Xidian University, and achieved the doctorate there in 1989.He engaged in research as a postdoctoral fellow at Liverpool University in the U.K. and as a research fellow at Hokkaido University in Japan. He taught at Cornell University in U.S.A. as a guest professor in 2000. Professor Duan has been awarded many prizes, including the first prize of the Shaanxi Provincial Award for Advancement in Science and Technology, and the first prize of the Ministry of Education Award for Advancement in Science and Technology. He was awarded as the Shaanxi Provincial Labor Hero in 2002, and the National Distinguished Returnee from Overseas in 2003. He became president of Xidian University in 2002.</bioText>
  <posts>
    <post description="President of Xidian University"/>
  </posts>
  <birthLocations>
    <birthLocation location="Hebei Province"/>
    <birthLocation location="Jixian County"/>
  </birthLocations>
  <workHistoryEntry startDate="2002">
    <workRoles>
      <workRole role="President"/>
      <workRole institution="Xidian University"/>
      <workRole location="Shaanxi Province"/>
      <workRole location="Xi'an City"/>
    </workRoles>
  </workHistoryEntry>
  <workHistoryEntry startDate="2000" endDate="2000">
    <workRoles>
      <workRole role="Visiting Professor"/>
      <workRole institution="Cornell University"/>
      <workRole location="USA"/>
      <workRole location="New York"/>
      <workRole location="Ithaca"/>
    </workRoles>
  </workHistoryEntry>
  <workHistoryEntry startDate="1998" endDate="2002">
    <workRoles>
      <workRole role="Vice-President"/>
      <workRole institution="Xidian University"/>
      <workRole location="Shaanxi Province"/>
      <workRole location="Xi'an City"/>
    </workRoles>
  </workHistoryEntry>
  <workHistoryEntry startDate="1996" endDate="1998">
    <workRoles>
      <workRole role="Dean"/>
      <workRole institution="Xidian University"/>
      <workRole institution="Electromechanical Engineering Department"/>
      <workRole location="Shaanxi Province"/>
      <workRole location="Xi'an City"/>
    </workRoles>
  </workHistoryEntry>
  <workHistoryEntry startDate="1995" endDate="1996">
    <workRoles>
      <workRole role="Assistant Dean"/>
      <workRole institution="Xidian University"/>
      <workRole institution="Electromechanical Engineering Department"/>
      <workRole location="Shaanxi Province"/>
      <workRole location="Xi'an City"/>
    </workRoles>
  </workHistoryEntry>
  <workHistoryEntry startDate="1995" endDate="1995">
    <workRoles>
      <workRole role="Supervisor"/>
      <workRole institution="Xidian University"/>
      <workRole institution="Electromechanical Engineering Department"/>
      <workRole location="Shaanxi Province"/>
      <workRole location="Xi'an City"/>
    </workRoles>
  </workHistoryEntry>
  <workHistoryEntry startDate="1993">
    <workRoles>
      <workRole role="Professor"/>
      <workRole institution="Xidian University"/>
      <workRole institution="Electromechanical Engineering Department"/>
      <workRole location="Shaanxi Province"/>
      <workRole location="Xi'an City"/>
    </workRoles>
  </workHistoryEntry>
  <workHistoryEntry startDate="1991" endDate="1994">
    <workRoles>
      <workRole role="Research Fellow"/>
      <workRole institution="Hokkaido University"/>
      <workRole location="Japan"/>
      <workRole location="Sapporo"/>
    </workRoles>
  </workHistoryEntry>
  <workHistoryEntry startDate="1991" endDate="1994">
    <workRoles>
      <workRole role="Postdoctoral Fellow"/>
      <workRole institution="University of Liverpool"/>
      <workRole location="United Kingdom"/>
      <workRole location="Liverpool"/>
    </workRoles>
  </workHistoryEntry>
  <workHistoryEntry startDate="1990" endDate="1993">
    <workRoles>
      <workRole role="Associate Professor"/>
      <workRole institution="Xidian University"/>
      <workRole institution="Electromechanical Engineering Department"/>
      <workRole location="Shaanxi Province"/>
      <workRole location="Xi'an City"/>
    </workRoles>
  </workHistoryEntry>
  <workHistoryEntry startDate="1989">
    <workRoles>
      <workRole role="Graduate"/>
      <workRole institution="Xidian University"/>
      <workRole location="Shaanxi Province"/>
      <workRole location="Xi'an City"/>
    </workRoles>
  </workHistoryEntry>
  <workHistoryEntry startDate="1986" endDate="1990">
    <workRoles>
      <workRole role="Lecturer"/>
      <workRole institution="Xidian University"/>
      <workRole institution="Electromechanical Engineering Department"/>
      <workRole location="Shaanxi Province"/>
      <workRole location="Xi'an City"/>
    </workRoles>
  </workHistoryEntry>
  <workHistoryEntry startDate="1986" endDate="1990">
    <workRoles>
      <workRole role="Lecturer"/>
      <workRole institution="Xidian University"/>
      <workRole institution="Electromechanical Engineering Department"/>
      <workRole location="Shaanxi Province"/>
      <workRole location="Xi'an City"/>
    </workRoles>
  </workHistoryEntry>
  <workHistoryEntry startDate="1984" endDate="1986">
    <workRoles>
      <workRole role="Teaching Assistant"/>
      <workRole institution="Northwestern Communication Engineering College"/>
    </workRoles>
  </workHistoryEntry>
  <workHistory/>
</biography>
