<?xml version="1.0" encoding="UTF-8"?>
<biography birthDate="1953" fullName="Ailigeng Yimingbahai" displayName="E'uigen Iminbaha" nonEnglishName="" sex="male" nationality="Uygur">
  <bioText>Ailigeng Yimingbahai, male, Uygur nationality, is a native of Yingjisha, Xinjiang. He was born in 1953, joined the CPC in 1980, and started work in March 1971. Ailigeng graduated from the Second Department of Light and Chemical Industries in the Northwest China Institute of Light Industry, majoring in silicate sciences. Ailigeng has spent his career holding leading Party posts in his native Xinjiang. He is currently serving as vice-chairman and his responsibilities including handling the affairs in the fields of industrial economy, security production, and quality and technology supervision. Ailigeng is also responsible for directing the operations of state-owned enterprises, and private industrial enterprises, and coordinating the operations of Xinjiang-based enterprises under the administration of the Central Government. Ailigeng Yimingbahai is a member of the CPC Standing Committee of the Xinjiang Autonomous Region.</bioText>
  <posts>
    <post description="Member of the CPC Standing Committee, Vice-Chairman of Xinjiang Uygur Autonomous Region"/>
  </posts>
  <birthLocations>
    <birthLocation location="Xinjiang Uygur Autonomous Region"/>
    <birthLocation location="Yingjisha County"/>
  </birthLocations>
  <workHistory/>
</biography>
