<?xml version="1.0" encoding="UTF-8"?>
<biography birthDate="1956" fullName="E Jingping" displayName="E Jingping" nonEnglishName="" sex="male" nationality="Han">
  <bioText>E Jingping, male, Han nationality, is a native of Leting County, Hebei province. He was born in 1956, entered the work force in 1973 and joined the CPC in 1975. E graduated from the North China Hydraulic Engineering Institute in 1983. He held leading posts at the Ministry of Water and Electric Power, and he began his career at the Ministry of Water Resources in 1983. E is Vice-Minister and Deputy Secretary of the Leading Party Group, Ministry of Water Resources. In 2010 he became Director and Secretary of the Leading Party Group of the South-to-North Water Division Project Construction Committee of the State Council.</bioText>
  <posts>
    <post description="Vice-Minister, Ministry of Water Resources"/>
    <post description="Director, State Construction Commission, Office of South-to-North Water Diversion Project"/>
  </posts>
  <birthLocations>
    <birthLocation location="Hebei Province"/>
    <birthLocation location="Leting County"/>
  </birthLocations>
  <workHistoryEntry startDate="2010">
    <workRoles>
      <workRole role="Secretary"/>
      <workRole institution="State Construction Commission"/>
      <workRole institution="Office of South-to-North Water Diversion Project"/>
      <workRole institution="CPC"/>
      <workRole institution="Leading Party Group"/>
    </workRoles>
  </workHistoryEntry>
  <workHistoryEntry startDate="2010">
    <workRoles>
      <workRole role="Director"/>
      <workRole institution="State Construction Commission"/>
      <workRole institution="Office of South-to-North Water Diversion Project"/>
    </workRoles>
  </workHistoryEntry>
  <workHistoryEntry startDate="2009">
    <workRoles>
      <workRole role="Deputy Director"/>
      <workRole institution="State Flood Control and Drought Relief Headquarters"/>
    </workRoles>
  </workHistoryEntry>
  <workHistoryEntry startDate="2008">
    <workRoles>
      <workRole role="Deputy Secretary"/>
      <workRole institution="Ministry of Water Resources"/>
      <workRole institution="CPC"/>
      <workRole institution="Leading Party Group"/>
    </workRoles>
  </workHistoryEntry>
  <workHistoryEntry startDate="2003">
    <workRoles>
      <workRole role="Vice-Minister"/>
      <workRole institution="Ministry of Water Resources"/>
    </workRoles>
  </workHistoryEntry>
  <workHistoryEntry startDate="2001" endDate="2008">
    <workRoles>
      <workRole role="Member"/>
      <workRole institution="Ministry of Water Resources"/>
      <workRole institution="CPC"/>
      <workRole institution="Leading Party Group"/>
    </workRoles>
  </workHistoryEntry>
  <workHistoryEntry startDate="2001" endDate="2009">
    <workRoles>
      <workRole role="Secretary-General"/>
      <workRole institution="State Flood Control and Drought Relief Headquarters"/>
    </workRoles>
  </workHistoryEntry>
  <workHistoryEntry startDate="2001" endDate="2009">
    <workRoles>
      <workRole role="Director-General"/>
      <workRole institution="State Flood Control and Drought Relief Headquarters"/>
      <workRole institution="General Office"/>
    </workRoles>
  </workHistoryEntry>
  <workHistoryEntry startDate="1997" endDate="2001">
    <workRoles>
      <workRole role="Secretary"/>
      <workRole institution="Yellow River Water Conservancy Commission"/>
      <workRole institution="CPC"/>
      <workRole institution="Leading Party Group"/>
    </workRoles>
  </workHistoryEntry>
  <workHistoryEntry startDate="1997" endDate="2001">
    <workRoles>
      <workRole role="Director"/>
      <workRole institution="Yellow River Water Conservancy Commission"/>
    </workRoles>
  </workHistoryEntry>
  <workHistoryEntry startDate="1993" endDate="1997">
    <workRoles>
      <workRole role="Commissioner"/>
      <workRole institution="Downstream Administration Bureau"/>
      <workRole institution="Haihe River Water Resources Commission"/>
    </workRoles>
  </workHistoryEntry>
  <workHistoryEntry startDate="1993" endDate="1997">
    <workRoles>
      <workRole role="Deputy Commissioner"/>
      <workRole institution="Downstream Administration Bureau"/>
      <workRole institution="Haihe River Water Resources Commission"/>
    </workRoles>
  </workHistoryEntry>
  <workHistoryEntry startDate="1983" endDate="1993">
    <workRoles>
      <workRole role="Deputy Director-General"/>
      <workRole institution="Ministry of Water Resources"/>
      <workRole institution="Planning Department"/>
    </workRoles>
  </workHistoryEntry>
  <workHistoryEntry startDate="1977">
    <workRoles>
      <workRole role="Joined"/>
      <workRole institution="CPC"/>
    </workRoles>
  </workHistoryEntry>
  <workHistory/>
</biography>
