<?xml version="1.0" encoding="UTF-8"?>
<biography birthDate="1955" fullName="Edmund Ho Hau Wah" displayName="Edmund Ho Hau Wah" nonEnglishName="" sex="male" nationality="Han">
  <bioText>Edmund Ho Hau Wah, male, Han nationality, was born in 1955 in Panyu, Guangdong Province. He graduated from the Business Management Department of York University in Toronto, Canada in 1978 and began his career as an auditor. He later moved into management positions in various Macao businesses. He was a member of the Macao Legislature, vice-chairman of the Macao SAR Preparatory Committee. Wah was the first chief executive of the Macao SAR when China resumed the exercise of sovereignty over Macao in 1999, and won the election for a second term and became the second Chief Executive in 2004. Wah was a member of the 8th and 9th NPC Standing Committees. He was elected as Vice-Chairman of the National Committee of the Chinese People's Political Consultative Conference (CPPCC) on March.13, 2010.</bioText>
  <posts>
    <post description="Vice-Chairman, 11th CPPCC, National Committee"/>
  </posts>
  <birthLocations>
    <birthLocation location="Guangdong Province"/>
    <birthLocation location="Panyu"/>
  </birthLocations>
  <workHistoryEntry startDate="2010">
    <workRoles>
      <workRole role="Vice-Chairman"/>
      <workRole institution="11th CPPCC"/>
      <workRole institution="National Committee"/>
    </workRoles>
  </workHistoryEntry>
  <workHistoryEntry startDate="1999" endDate="2009">
    <workRoles>
      <workRole role="Chief Executive"/>
      <workRole institution="Central People's Government"/>
      <workRole location="Macao SAR"/>
    </workRoles>
  </workHistoryEntry>
  <workHistoryEntry startDate="1999">
    <workRoles>
      <workRole role="Member"/>
      <workRole institution="Macao SAR Preparatory Committee"/>
      <workRole institution="Government Delegation, Macao Hand-Over Ceremony"/>
    </workRoles>
  </workHistoryEntry>
  <workHistoryEntry startDate="1998" endDate="2003">
    <workRoles>
      <workRole role="Member"/>
      <workRole institution="9th Standing Committee of the NPC"/>
    </workRoles>
  </workHistoryEntry>
  <workHistoryEntry startDate="1998" endDate="1999">
    <workRoles>
      <workRole role="Vice-Chairman"/>
      <workRole institution="Macao SAR Preparatory Committee"/>
    </workRoles>
  </workHistoryEntry>
  <workHistoryEntry startDate="1997" endDate="????">
    <workRoles>
      <workRole role="Vice-President"/>
      <workRole institution="China Overseas Friendship Association"/>
    </workRoles>
  </workHistoryEntry>
  <workHistoryEntry startDate="1996">
    <workRoles>
      <workRole role="Vice-Chairman"/>
      <workRole institution="Central People's Government"/>
      <workRole institution="Macao Legislature"/>
      <workRole location="Macao SAR"/>
    </workRoles>
  </workHistoryEntry>
  <workHistoryEntry startDate="1993" endDate="1998">
    <workRoles>
      <workRole role="Member"/>
      <workRole institution="8th Standing Committee of the NPC"/>
    </workRoles>
  </workHistoryEntry>
  <workHistoryEntry startDate="1993" endDate="????">
    <workRoles>
      <workRole role="Member"/>
      <workRole institution="All-China Federation of Industry and Commerce"/>
      <workRole institution="Standing Committee"/>
    </workRoles>
  </workHistoryEntry>
  <workHistoryEntry startDate="1993" endDate="????">
    <workRoles>
      <workRole role="Vice-Chairman"/>
      <workRole institution="All-China Federation of Industry and Commerce"/>
      <workRole institution="Executive Committee"/>
    </workRoles>
  </workHistoryEntry>
  <workHistoryEntry startDate="">
    <workRoles>
      <workRole role="Vice-Chairman"/>
      <workRole institution="Committee for Drafting the Basic Law of the Macao SAR"/>
    </workRoles>
  </workHistoryEntry>
  <workHistoryEntry startDate="">
    <workRoles>
      <workRole role="General Manager"/>
      <workRole institution="Tai Feng Bank"/>
    </workRoles>
  </workHistoryEntry>
  <workHistoryEntry startDate="">
    <workRoles>
      <workRole role="Vice-President"/>
      <workRole institution="Chinese General Chamber of Commerce"/>
      <workRole location="Macao SAR"/>
    </workRoles>
  </workHistoryEntry>
  <workHistoryEntry startDate="1988" endDate="1989">
    <workRoles>
      <workRole role="Deputy Director"/>
      <workRole institution="7th MSAR Basic Law Committee of the NPC"/>
    </workRoles>
  </workHistoryEntry>
  <workHistoryEntry startDate="1988">
    <workRoles>
      <workRole role="Vice-Chairman"/>
      <workRole institution="Central People's Government"/>
      <workRole institution="Legislative Council"/>
      <workRole location="Macao SAR"/>
    </workRoles>
  </workHistoryEntry>
  <workHistoryEntry startDate="1988" endDate="1993">
    <workRoles>
      <workRole role="Deputy"/>
      <workRole institution="7th NPC"/>
    </workRoles>
  </workHistoryEntry>
  <workHistoryEntry startDate="1985" endDate="1993">
    <workRoles>
      <workRole role="Chairman"/>
      <workRole institution="Lianfengheng Insurance Co. Ltd."/>
      <workRole location="Macao SAR"/>
    </workRoles>
  </workHistoryEntry>
  <workHistoryEntry startDate="1983" endDate="1988">
    <workRoles>
      <workRole role="Member"/>
      <workRole institution="6th CPPCC"/>
      <workRole institution="National Committee"/>
    </workRoles>
  </workHistoryEntry>
  <workHistoryEntry startDate="1983" endDate="????">
    <workRoles>
      <workRole role="General Manager"/>
      <workRole institution="Dafeng Bank of Macao"/>
      <workRole location="Macao SAR"/>
    </workRoles>
  </workHistoryEntry>
  <workHistoryEntry startDate="1982" endDate="1983">
    <workRoles>
      <workRole role="Auditor"/>
      <workRole institution="KPMG"/>
      <workRole institution="Hong Kong"/>
      <workRole location="Hong Kong SAR"/>
    </workRoles>
  </workHistoryEntry>
  <workHistoryEntry startDate="1978">
    <workRoles>
      <workRole role="Graduate"/>
      <workRole institution="York University"/>
      <workRole institution="Business Management Department"/>
      <workRole location="Canada"/>
      <workRole location="Toronto"/>
    </workRoles>
  </workHistoryEntry>
  <workHistory/>
</biography>
