<?xml version="1.0" encoding="UTF-8"?>
<biography birthDate="1915" fullName="Epstein Israel" displayName="Epstein Israel" nonEnglishName="" sex="male" nationality="with acquired Chinese">
  <bioText>Epstein Israel, male, with acquired Chinese nationality, is a native of Poland. He was born in 1915, immigrated in 1917 to China, and in 1957 became a Chinese citizen. Epstein has enjoyed a successful career in journalism, and was received in 1944 by Mao Zedong, Zhou Enlai, Zhu De, and other leading figures. He has served as editor of China Today magazine, and in 1982 he was elected vice-chairman of the Song Qingling Foundation.</bioText>
  <posts>
    <post description="Vice-Chairman of the Song Qingling Foundation"/>
  </posts>
  <birthLocations>
    <birthLocation location="Poland"/>
  </birthLocations>
  <workHistoryEntry startDate="1982">
    <workRoles>
      <workRole role="Vice-Chairman"/>
      <workRole institution="Song Qingling Foundation"/>
    </workRoles>
  </workHistoryEntry>
  <workHistoryEntry startDate="1982">
    <workRoles>
      <workRole role="Honorary Editor-in-Chief"/>
      <workRole institution="China Today"/>
    </workRoles>
  </workHistoryEntry>
  <workHistoryEntry startDate="1957">
    <workRoles>
      <workRole role="(Became Chinese citizen)"/>
    </workRoles>
  </workHistoryEntry>
  <workHistoryEntry startDate="1951" endDate="1982">
    <workRoles>
      <workRole role="Editor"/>
      <workRole institution="China Today"/>
    </workRoles>
  </workHistoryEntry>
  <workHistoryEntry startDate="1931" endDate="1951">
    <workRoles>
      <workRole role="Reporter"/>
      <workRole institution="Beijing-Tianjin Times"/>
      <workRole location="Beijing Municipality"/>
    </workRoles>
  </workHistoryEntry>
  <workHistoryEntry startDate="1931" endDate="1951">
    <workRoles>
      <workRole role="Reporter"/>
      <workRole institution="International Broadcasting Station"/>
      <workRole location="Chongqing Municipality"/>
    </workRoles>
  </workHistoryEntry>
  <workHistoryEntry startDate="1931" endDate="1951">
    <workRoles>
      <workRole role="Reporter"/>
      <workRole institution="South China Morning Post"/>
      <workRole location="Hong Kong SAR"/>
    </workRoles>
  </workHistoryEntry>
  <workHistoryEntry startDate="1931" endDate="1951">
    <workRoles>
      <workRole role="Editor-in-Chief"/>
      <workRole institution="Beijing Daily"/>
      <workRole location="Beijing Municipality"/>
    </workRoles>
  </workHistoryEntry>
  <workHistoryEntry startDate="1931" endDate="1951">
    <workRoles>
      <workRole role="Reporter"/>
      <workRole institution="Beijing Daily"/>
      <workRole location="Beijing Municipality"/>
    </workRoles>
  </workHistoryEntry>
  <workHistoryEntry startDate="1931" endDate="1951">
    <workRoles>
      <workRole role="Editor-in-Chief"/>
      <workRole institution="Beijing-Tianjin Times"/>
      <workRole location="Beijing Municipality"/>
    </workRoles>
  </workHistoryEntry>
  <workHistoryEntry startDate="1931" endDate="1951">
    <workRoles>
      <workRole role="Reporter"/>
    </workRoles>
  </workHistoryEntry>
  <workHistory/>
</biography>
