<?xml version="1.0" encoding="UTF-8"?>
<biography birthDate="1940" fullName="Fan Baojun" displayName="Fan Baojun" nonEnglishName="" sex="male" nationality="Han">
  <bioText>Fan Baojun, male, Han nationality, is a native of Tianjin. He was born in 1940, and joined the CPC in 1965. Fan spent the initial part of his career in his native Tianjin and held an early post as Director of the Tianjin Municipal Civil Affairs Bureau. In 1997, he was appointed vice minister of Civil Affairs, and subsequently became involved in social issues such as settling ex-servicemen, natural disaster reduction and drug abuse prevention. In 2000, he became the vice chairman of the China International Committee for Natural Disaster. Fan Baojun was a standing committee member of the 9th CPPCC National Committee. He is currently Vice-President of the China Red Cross and a Vice-Chairman of the Subcommittee for Handling Proposals of the CPPCC National Committee.</bioText>
  <posts>
    <post description="Vice-President of the China Red Cross, Vice-Chairman of Subcommittee for Handling Proposals of the CPPCC National Committee"/>
  </posts>
  <birthLocations>
    <birthLocation location="Tianjin Municipality"/>
  </birthLocations>
  <workHistoryEntry startDate="2003">
    <workRoles>
      <workRole role="Vice-Chairman"/>
      <workRole institution="CPPCC"/>
      <workRole institution="National Committee"/>
      <workRole institution="Subcommittee for Handling Proposals"/>
    </workRoles>
  </workHistoryEntry>
  <workHistoryEntry startDate="2000" endDate="????">
    <workRoles>
      <workRole role="Secretary-General"/>
      <workRole institution="China International Committee for Natural Disaster"/>
    </workRoles>
  </workHistoryEntry>
  <workHistoryEntry startDate="2000" endDate="????">
    <workRoles>
      <workRole role="Vice-Chairman"/>
      <workRole institution="China International Committee for Natural Disaster"/>
    </workRoles>
  </workHistoryEntry>
  <workHistoryEntry startDate="1998" endDate="????">
    <workRoles>
      <workRole role="Vice-Chairman"/>
      <workRole institution="China Committee of the International Decade for Natural Disaster Reduction"/>
    </workRoles>
  </workHistoryEntry>
  <workHistoryEntry startDate="1998" endDate="????">
    <workRoles>
      <workRole role="Secretary-General"/>
      <workRole institution="China Committee of the International Decade for Natural Disaster Reduction"/>
    </workRoles>
  </workHistoryEntry>
  <workHistoryEntry startDate="1998" endDate="2003">
    <workRoles>
      <workRole role="Vice-Minister"/>
      <workRole institution="Ministry of Civil Affairs"/>
    </workRoles>
  </workHistoryEntry>
  <workHistoryEntry startDate="1998" endDate="2003">
    <workRoles>
      <workRole role="Member"/>
      <workRole institution="9th CPPCC"/>
      <workRole institution="National Committee"/>
      <workRole institution="Standing Committee"/>
    </workRoles>
  </workHistoryEntry>
  <workHistoryEntry startDate="1998" endDate="2003">
    <workRoles>
      <workRole role="Vice-Chairman"/>
      <workRole institution="CPPCC"/>
      <workRole institution="National Committee"/>
      <workRole institution="Subcommittee for Handling Proposals"/>
    </workRoles>
  </workHistoryEntry>
  <workHistoryEntry startDate="1995" endDate="????">
    <workRoles>
      <workRole role="Member"/>
      <workRole institution="State Flood Control and Drought Relief Headquarters"/>
    </workRoles>
  </workHistoryEntry>
  <workHistoryEntry startDate="1994">
    <workRoles>
      <workRole role="Vice-President"/>
      <workRole institution="Red Cross Society of China"/>
    </workRoles>
  </workHistoryEntry>
  <workHistoryEntry startDate="">
    <workRoles>
      <workRole role="President"/>
      <workRole institution="China Funeral and Interment Association"/>
    </workRoles>
  </workHistoryEntry>
  <workHistoryEntry startDate="">
    <workRoles>
      <workRole role="Vice-President"/>
      <workRole institution="Chinese Association for Drug Abuse Prevention and Treatment"/>
    </workRoles>
  </workHistoryEntry>
  <workHistoryEntry startDate="">
    <workRoles>
      <workRole role="Secretary-General"/>
      <workRole institution="China Committee of the International Decade for Natural Disaster Reduction"/>
    </workRoles>
  </workHistoryEntry>
  <workHistoryEntry startDate="">
    <workRoles>
      <workRole role="Deputy Director"/>
      <workRole institution="China Committee of the International Decade for Natural Disaster Reduction"/>
    </workRoles>
  </workHistoryEntry>
  <workHistoryEntry startDate="">
    <workRoles>
      <workRole role="President"/>
      <workRole institution="China Disaster Mitigation and Relief Association"/>
    </workRoles>
  </workHistoryEntry>
  <workHistoryEntry startDate="1993" endDate="????">
    <workRoles>
      <workRole role="Member"/>
      <workRole institution="Leading Group for Settling Ex-Servicemen and Retired Officers"/>
    </workRoles>
  </workHistoryEntry>
  <workHistoryEntry startDate="1987">
    <workRoles>
      <workRole role="Vice-Minister"/>
      <workRole institution="Ministry of Civil Affairs"/>
    </workRoles>
  </workHistoryEntry>
  <workHistoryEntry startDate="">
    <workRoles>
      <workRole role="Deputy Chief"/>
      <workRole institution="National Leading Group Concerned With Work Supporting the Army and the People"/>
    </workRoles>
  </workHistoryEntry>
  <workHistoryEntry startDate="">
    <workRoles>
      <workRole role="Director"/>
      <workRole institution="Civil Affairs Bureau"/>
      <workRole location="Tianjin Municipality"/>
    </workRoles>
  </workHistoryEntry>
  <workHistoryEntry startDate="">
    <workRoles>
      <workRole role="Deputy Director"/>
      <workRole institution="Civil Affairs Bureau"/>
      <workRole location="Tianjin Municipality"/>
    </workRoles>
  </workHistoryEntry>
  <workHistoryEntry startDate="">
    <workRoles>
      <workRole role="Secretary"/>
      <workRole institution="CYLC"/>
      <workRole institution="District-Level"/>
      <workRole location="Tianjin Municipality"/>
      <workRole location="Hexi District"/>
    </workRoles>
  </workHistoryEntry>
  <workHistoryEntry startDate="">
    <workRoles>
      <workRole role="Deputy Secretary"/>
      <workRole institution="CYLC"/>
      <workRole institution="District-Level"/>
      <workRole location="Tianjin Municipality"/>
      <workRole location="Hexi District"/>
    </workRoles>
  </workHistoryEntry>
  <workHistoryEntry startDate="1965">
    <workRoles>
      <workRole role="Joined"/>
      <workRole institution="CPC"/>
    </workRoles>
  </workHistoryEntry>
  <workHistory/>
</biography>
