-4158	-4169
-4151	1
-4149	-4177
-4143	2
-4138	3
-4130	5
-4124	4
-4118	7
-4117	6
-4115	-4142
-4113	9
-4111	11
-4110	8
-4108	13
-4104	14
-4100	-4109
-4092	15
-4090	17
-4085	-4137
-4082	10
-4059	12
-4053	21
-4048	22
-4044	-4075
-4042	20
-4040	-4134
-4038	18
-4031	27
-4028	-4101
-4023	23
-4019	28
-4018	19
-4014	31
-4006	33
-4001	30
-3999	35
-3996	36
-3989	16
-3983	34
-3980	32
-3976	26
-3973	38
-3968	37
-3967	43
-3963	40
-3955	24
-3948	44
-3947	41
-3944	48
-3939	-4068
-3931	50
-3930	25
-3929	-3995
-3918	49
-3911	47
-3908	39
-3902	56
-3901	57
-3899	42
-3897	55
-3889	54
-3886	60
-3883	58
-3882	52
-3878	45
-3875	62
-3868	59
-3866	63
-3865	68
-3857	66
-3851	70
-3848	65
-3843	69
-3842	67
-3838	71
-3826	73
-3824	75
-3817	-3982
-3816	77
-3812	74
-3809	79
-3808	46
-3806	61
-3804	76
-3801	81
-3796	84
-3791	86
-3790	87
-3780	72
-3779	88
-3771	-4070
-3768	90
-3766	92
-3761	83
-3759	85
-3755	93
-3748	96
-3738	95
-3735	97
-3733	99
-3732	51
-3726	98
-3724	100
-3719	102
-3711	64
-3707	105
-3698	104
-3691	103
-3689	108
-3686	94
-3685	107
-3679	111
-3675	112
-3672	113
-3669	-3751
-3661	101
-3660	114
-3656	109
-3652	89
-3651	117
-3649	110
-3648	120
-3644	122
-3639	121
-3638	118
-3637	125
-3632	82
-3631	126
-3629	127
-3625	106
-3622	119
-3610	130
-3607	128
-3605	91
-3604	133
-3602	135
-3597	132
-3596	136
-3586	131
-3585	138
-3584	139
-3583	78
-3582	124
-3579	140
-3573	137
-3569	144
-3568	146
-3567	123
-3564	145
-3556	-3998
-3555	147
-3554	148
-3546	152
-3529	151
-3526	154
-3525	155
-3524	153
-3520	157
-3515	158
-3511	143
-3508	156
-3506	160
-3505	159
-3500	163
-3499	161
-3494	-3549
-3491	164
-3489	167
-3488	149
-3485	141
-3484	168
-3469	165
-3468	172
-3461	173
-3460	174
-3458	175
-3452	176
-3447	169
-3446	-3891
-3434	177
-3433	180
-3432	80
-3431	181
-3430	171
-3424	-3778
-3423	183
-3422	186
-3420	184
-3419	188
-3414	189
-3405	187
-3402	170
-3401	178
-3398	182
-3396	191
-3393	162
-3391	195
-3390	193
-3389	-3858
-3387	190
-3381	197
-3380	-3767
-3378	200
-3377	203
-3373	204
-3371	198
-3368	115
-3361	205
-3358	192
-3356	116
-3354	196
-3349	208
-3346	201
-3343	212
-3337	-4013
-3336	194
-3328	213
-3323	217
-3322	214
-3321	218
-3320	219
-3319	221
-3317	220
-3313	222
-3311	223
-3307	224
-3302	209
-3301	226
-3296	228
-3289	229
-3288	211
-3285	185
-3271	230
-3269	225
-3263	179
-3258	233
-3257	206
-3254	237
-3251	236
-3243	239
-3242	240
-3233	234
-3230	242
-3229	243
-3228	129
-3225	244
-3224	241
-3223	-3803
-3221	246
-3220	249
-3216	250
-3215	251
-3210	-3785
-3205	227
-3201	247
-3199	254
-3198	255
-3196	257
-3194	252
-3193	-3384
-3191	-3701
-3190	216
-3178	231
-3175	235
-3172	264
-3171	245
-3164	259
-3163	258
-3162	267
-3158	269
-3153	268
-3148	263
-3142	271
-3140	273
-3138	256
-3132	232
-3129	270
-3123	277
-3119	278
-3113	279
-3109	210
-3108	272
-3107	280
-3103	283
-3099	282
-3098	274
-3097	265
-3096	286
-3093	288
-3091	238
-3090	284
-3086	291
-3080	292
-3079	289
-3078	294
-3062	285
-3061	295
-3059	296
-3053	290
-3052	297
-3051	300
-3050	301
-3046	299
-3043	-3708
-3032	302
-3029	305
-3024	262
-3014	275
-3012	306
-3000	293
-2997	308
-2996	309
-2995	287
-2987	307
-2986	298
-2985	314
-2982	312
-2977	310
-2976	317
-2972	303
-2971	318
-2970	316
-2966	-3130
-2957	319
-2956	321
-2955	281
-2954	325
-2953	324
-2949	328
-2946	329
-2944	-3907
-2943	330
-2941	327
-2934	333
-2928	334
-2923	332
-2922	320
-2919	335
-2916	338
-2913	336
-2903	311
-2892	261
-2889	340
-2888	322
-2885	343
-2878	339
-2875	-3834
-2873	341
-2871	346
-2866	349
-2863	345
-2857	351
-2853	-3338
-2850	352
-2846	350
-2844	354
-2843	315
-2842	356
-2840	358
-2836	359
-2824	360
-2823	326
-2822	361
-2821	355
-2815	363
-2814	365
-2812	364
-2811	313
-2808	344
-2798	266
-2796	367
-2792	371
-2778	372
-2775	366
-2771	374
-2765	373
-2761	-3720
-2759	331
-2758	375
-2757	379
-2755	337
-2753	-4052
-2748	376
-2741	383
-2740	380
-2739	377
-2735	385
-2732	384
-2731	357
-2730	369
-2728	388
-2727	387
-2720	392
-2714	391
-2708	-3149
-2704	393
-2696	394
-2690	396
-2686	389
-2685	398
-2681	390
-2680	399
-2676	370
-2675	400
-2671	202
-2670	-3856
-2668	-3560
-2666	381
-2664	-3277
-2658	397
-2653	404
-2649	411
-2646	408
-2645	412
-2643	-2672
-2639	402
-2635	401
-2632	410
-2629	386
-2628	417
-2626	414
-2625	416
-2624	420
-2621	418
-2615	421
-2613	425
-2610	348
-2606	427
-2604	423
-2600	424
-2595	413
-2594	403
-2587	430
-2584	428
-2583	422
-2578	433
-2572	436
-2570	353
-2568	437
-2566	439
-2561	432
-2558	368
-2557	440
-2549	426
-2548	444
-2546	445
-2544	443
-2543	431
-2542	435
-2539	446
-2537	447
-2533	450
-2529	448
-2528	452
-2521	434
-2518	449
-2515	134
-2513	442
-2512	456
-2509	454
-2505	441
-2499	460
-2494	462
-2493	463
-2489	455
-2486	451
-2482	466
-2481	429
-2479	467
-2477	469
-2471	470
-2467	464
-2464	472
-2459	473
-2458	453
-2457	465
-2455	471
-2450	474
-2449	475
-2440	468
-2437	459
-2436	477
-2432	478
-2430	481
-2424	378
-2423	-2969
-2419	479
-2415	458
-2414	483
-2410	489
-2404	53
-2403	482
-2395	490
-2389	492
-2382	493
-2372	494
-2370	496
-2367	461
-2365	495
-2362	497
-2359	484
-2358	487
-2357	500
-2354	503
-2351	504
-2349	505
-2344	499
-2340	506
-2339	502
-2337	507
-2334	510
-2328	509
-2324	508
-2323	511
-2322	-2416
-2321	207
-2306	476
-2303	498
-2302	501
-2301	514
-2296	513
-2293	520
-2292	521
-2288	517
-2287	253
-2284	523
-2283	526
-2279	485
-2276	522
-2273	527
-2271	524
-2261	529
-2258	530
-2256	533
-2250	519
-2249	534
-2247	536
-2245	532
-2244	538
-2243	-3904
-2242	539
-2238	537
-2229	542
-2226	543
-2222	544
-2221	545
-2220	546
-2218	515
-2217	535
-2216	512
-2214	541
-2204	551
-2202	549
-2192	547
-2189	552
-2186	555
-2179	553
-2178	554
-2174	304
-2172	550
-2167	558
-2160	556
-2150	486
-2145	518
-2144	516
-2137	562
-2134	560
-2133	566
-2132	568
-2131	531
-2128	561
-2115	571
-2114	569
-2112	572
-2109	574
-2108	480
-2107	576
-2106	564
-2105	573
-2101	575
-2100	567
-2092	579
-2085	582
-2082	491
-2081	583
-2080	585
-2078	578
-2073	580
-2068	588
-2064	-3226
-2062	557
-2061	589
-2056	586
-2055	593
-2049	592
-2048	-3794
-2047	-4025
-2043	-2209
-2038	595
-2034	587
-2032	594
-2027	601
-2026	602
-2023	599
-2022	604
-2018	603
-2017	605
-2016	607
-2015	608
-2012	591
-2009	581
-2008	610
-2002	606
-2001	577
-1983	612
-1982	613
-1981	616
-1979	617
-1978	438
-1977	609
-1976	615
-1972	618
-1970	622
-1960	166
-1957	620
-1956	623
-1953	563
-1951	626
-1949	628
-1945	-2659
-1944	629
-1937	611
-1926	621
-1924	-3347
-1921	-3769
-1917	633
-1914	614
-1913	625
-1911	528
-1909	631
-1902	570
-1899	640
-1895	638
-1894	643
-1891	642
-1889	600
-1888	645
-1879	644
-1878	647
-1876	649
-1874	636
-1873	650
-1872	641
-1870	648
-1868	654
-1867	653
-1866	639
-1864	-3470
-1862	655
-1860	659
-1859	652
-1858	661
-1855	662
-1847	342
-1846	651
-1844	663
-1841	666
-1840	646
-1839	665
-1836	660
-1831	667
-1824	671
-1818	672
-1814	673
-1813	637
-1812	670
-1811	676
-1805	488
-1801	632
-1798	669
-1797	677
-1794	681
-1792	682
-1788	674
-1785	680
-1780	684
-1778	686
-1777	-3810
-1770	405
-1769	687
-1766	679
-1765	690
-1763	683
-1760	685
-1756	692
-1749	693
-1746	695
-1742	691
-1741	696
-1740	656
-1730	694
-1728	697
-1720	699
-1716	702
-1707	-3049
-1705	703
-1702	704
-1698	707
-1685	708
-1683	706
-1682	709
-1681	698
-1680	710
-1677	712
-1672	713
-1671	711
-1666	716
-1658	715
-1657	701
-1645	718
-1642	717
-1640	721
-1639	-2485
-1637	700
-1633	722
-1630	725
-1629	720
-1626	727
-1625	726
-1624	729
-1623	675
-1622	728
-1617	724
-1612	730
-1611	734
-1607	-3919
-1605	732
-1603	737
-1596	738
-1594	739
-1592	733
-1589	584
-1586	731
-1584	714
-1580	735
-1579	-3122
-1577	745
-1576	747
-1570	688
-1566	199
-1561	748
-1556	740
-1555	752
-1552	751
-1544	741
-1543	525
-1540	753
-1537	757
-1533	758
-1531	759
-1528	719
-1526	-3645
-1524	760
-1511	763
-1505	668
-1502	754
-1500	766
-1499	-1608
-1498	764
-1497	743
-1489	761
-1488	767
-1487	770
-1485	772
-1483	744
-1481	774
-1479	-4030
-1471	769
-1468	776
-1466	779
-1465	773
-1452	780
-1447	657
-1446	778
-1445	-1706
-1439	771
-1430	784
-1426	775
-1424	782
-1422	786
-1421	787
-1418	790
-1417	791
-1415	789
-1413	793
-1411	795
-1408	794
-1406	781
-1400	362
-1399	796
-1398	800
-1396	801
-1388	797
-1385	803
-1383	755
-1377	804
-1366	792
-1363	-3869
-1358	806
-1357	805
-1356	809
-1352	810
-1351	802
-1349	807
-1339	813
-1335	-2248
-1329	811
-1325	817
-1319	785
-1317	818
-1316	624
-1315	765
-1314	815
-1312	820
-1302	824
-1299	825
-1298	756
-1291	822
-1286	248
-1285	823
-1279	788
-1276	678
-1274	826
-1272	830
-1269	812
-1263	783
-1262	833
-1258	834
-1251	838
-1248	837
-1244	831
-1243	839
-1239	723
-1238	828
-1236	-2460
-1235	627
-1233	842
-1231	276
-1227	798
-1225	832
-1218	-1736
-1217	851
-1212	835
-1211	847
-1210	840
-1207	855
-1202	856
-1199	854
-1196	858
-1190	841
-1189	859
-1187	861
-1184	857
-1182	853
-1180	849
-1176	862
-1173	347
-1171	863
-1169	814
-1168	864
-1163	395
-1157	-3744
-1149	868
-1148	873
-1145	874
-1142	866
-1141	875
-1138	876
-1134	-3743
-1133	878
-1129	880
-1128	877
-1121	881
-1117	883
-1114	870
-1113	884
-1112	869
-1111	860
-1107	886
-1095	889
-1094	890
-1093	891
-1092	882
-1086	887
-1083	892
-1077	635
-1073	895
-1068	893
-1067	762
-1064	894
-1061	897
-1055	865
-1053	898
-1052	903
-1051	901
-1044	904
-1035	906
-1033	900
-1031	799
-1025	909
-1024	836
-1023	907
-1022	905
-1015	912
-995	913
-994	885
-991	908
-988	888
-976	914
-974	915
-964	846
-962	919
-958	918
-956	922
-954	920
-953	-1806
-948	924
-946	927
-945	850
-944	928
-943	925
-942	-2079
-937	457
-935	931
-934	845
-931	930
-929	923
-927	936
-924	938
-923	917
-914	934
-912	-3615
-911	939
-898	937
-897	943
-894	844
-891	946
-890	944
-887	945
-883	948
-875	941
-867	949
-863	951
-862	-4050
-856	940
-854	902
-849	952
-845	950
-831	953
-830	959
-826	-2454
-824	-2262
-822	957
-817	956
-803	960
-801	929
-799	963
-798	916
-795	967
-788	969
-781	970
-779	565
-778	947
-776	965
-773	971
-771	958
-770	975
-762	964
-759	977
-757	974
-754	-1530
-751	598
-748	955
-747	979
-745	984
-742	980
-741	983
-727	987
-724	-2920
-723	985
-716	852
-714	819
-711	988
-707	-3873
-702	590
-700	559
-699	986
-696	911
-695	993
-688	990
-683	997
-676	1001
-675	1000
-674	597
-671	827
-670	968
-668	999
-667	1003
-663	996
-657	1002
-655	1010
-654	973
-652	1011
-650	1008
-645	976
-643	-1599
-641	1014
-639	1017
-636	821
-631	1018
-625	-1414
-623	-3184
-611	1013
-603	1020
-601	1024
-600	1025
-594	-1519
-593	1023
-591	982
-588	1026
-581	1028
-570	1030
-569	-3168
-567	1015
-566	1032
-564	-1185
-551	1034
-547	1035
-542	1038
-539	1031
-536	1006
-535	1037
-534	1039
-531	1042
-527	978
-516	1041
-515	1043
-509	1040
-506	1048
-503	1044
-498	1047
-493	1051
-492	1049
-490	1052
-487	1053
-476	-1922
-473	1055
-468	1045
-460	1057
-455	1059
-454	619
-452	1060
-442	1054
-438	1012
-433	1050
-427	1065
-418	1062
-413	-1343
-411	1067
-409	1069
-407	1066
-403	1063
-402	1072
-400	1058
-398	1070
-397	1074
-394	742
-389	1075
-388	1064
-385	1078
-383	1073
-381	1080
-379	1076
-370	1071
-353	933
-350	1084
-349	843
-348	1082
-344	1079
-343	910
-338	921
-337	1046
-334	1081
-333	1088
-331	1094
-330	415
-324	1093
-321	1092
-319	1095
-317	1083
-314	1097
-313	1086
-310	1089
-309	1099
-308	998
-302	1104
-296	1106
-295	-782
-292	1098
-290	1107
-283	1007
-280	1111
-271	1101
-268	1113
-267	1114
-265	1115
-263	-3588
-261	1029
-257	1116
-256	-1155
-255	1103
-249	1119
-248	1102
-247	1122
-245	1110
-241	1124
-229	1112
-228	1127
-223	1126
-217	1125
-214	1129
-212	1085
-210	1130
-207	1133
-206	1109
-199	689
-198	1134
-196	1135
-195	1137
-190	1123
-186	808
-185	1096
-184	1139
-182	1100
-179	1143
-178	1136
-172	1145
-171	1131
-168	-1431
-167	1138
-163	1150
-159	829
-156	1128
-153	1153
-148	1121
-147	1148
-146	1151
-144	1156
-142	1147
-136	1154
-127	962
-126	1140
-123	1158
-122	1159
-118	1163
-116	1165
-115	1166
-110	1164
-107	1157
-104	1167
-98	1170
-97	1162
-95	-3203
-93	1172
-91	1160
-79	1171
-76	1169
-71	1174
-70	1176
-66	899
-65	1168
-52	1132
-51	1181
-47	1179
-45	1183
-44	1184
-40	1185
-39	1187
-38	1177
-27	1188
-25	1189
-18	1186
-17	1144
-14	1155
-12	1190
-10	1178
-6	142
1090	-1699
-152	-2140
1175	1105
1191	-3357
1193	867
1196	-3762
419	-3386
664	-3770
749	-3630
871	-1941
896	-1369
991	-3445
1004	-3837
1033	995
-213	992
1141	-2444
-131	1087
1161	-3202
1197	-2605
-3750	-4174
-3658	-3925
-3612	-3678
150	-3855
260	-3435
-2894	-4064
407	-3044
-2630	-2858
-2576	-3137
-2473	-3033
-2401	-3746
-2314	-3772
-2295	-4128
-2272	-3805
-2232	-3539
-2156	-3064
-2143	-2743
-2089	-3550
-2074	29
-2030	-2865
-2024	-3211
-1964	-3713
-1930	-3876
-1833	-4099
-1827	-1938
-1796	-3291
-1734	-2679
-1721	-2665
746	-3020
-1568	-2385
-1435	-3795
-1338	323
816	-2634
-1321	-3483
848	-2707
-1224	-3463
-1203	596
-1178	-2722
-1177	-3992
879	-2797
-1048	872
-1040	-2394
-996	-1191
-900	-3872
954	-2845
966	-3273
981	630
-679	-3376
1009	-4129
1016	-3914
-467	-2431
1061	-1287
-424	-1618
-421	-2266
-387	1019
-375	-4167
-347	-1037
1091	-1307
-322	-2154
-320	-618
-293	-3933
-284	-2173
-260	-3471
1120	1108
-232	-820
-194	-1036
-189	-3503
-188	1117
1146	-4135
1149	-1932
-143	-1534
-135	-3793
-132	-4089
-100	-4140
1173	-3467
-80	-2259
-72	961
-55	-2715
-29	-508
-3	-2534
-1	1021
1194	-3563
1195	-1282
1192	768
1203	-3587
1301	-3547
1299	1298
1302	-3180
1304	-3083
1202	935
1305	-3065
1262	-2917
1307	409
1198	-2914
1309	-2406
1311	-2311
1306	-4097
1312	-2059
1308	-2874
1314	-906
1313	-2461
-173	1274
1300	1200
1316	-839
1310	-1372
1317	-2122
1320	-718
1285	-2935
1323	-559
1322	-1877
1325	1056
1315	-2316
1326	-1646
-13	1268
1327	-434
1329	750
1331	1068
1321	-371
1333	-50
1328	548
-1309	1204
1209	-1167
1216	-1631
1332	994
1334	1005
1340	-392
1342	-286
1206	-2760
1324	-2318
-150	1210
1215	-606
1343	1182
1336	-1573
-2050	1235
1249	-1963
-885	1248
-684	1220
1266	-1717
-395	1256
-363	1253
1345	932
1291	-2456
-82	1349
-69	1359
1335	1212
-805	1344
1303	1284
1361	1214
1357	1142
-1000	1351
-3341	1217
1229	-3641
-1985	1231
-1722	1241
-1517	1226
1255	-2872
-1098	1222
-981	1252
-790	1258
1267	-930
1277	-2035
1290	-3784
-32	1280
1348	1207
1360	1251
1380	1318
1152	1365
1364	1211
-3270	1367
-804	1369
1382	1208
1180	1383
1213	1247
1330	1387
-227	1385
1201	1388
1384	1224
1297	1354
1381	1225
1393	1263
1286	1205
1396	1272
1398	1282
1399	1352
1341	1218
1363	1319
-435	1375
-365	1373
1400	1395
1296	1199
1233	1228
1260	1237
1292	1269
1377	1257
1401	1227
1346	-2684
1338	-1028
1339	-3823
1390	1219
1415	1259
-3731	-3956
-3513	-3991
-3272	-3502
-3154	-3266
-3118	-3611
-3105	-4165
-3092	-3450
-2884	-2947
-2870	-3076
-2837	-3344
-2770	-3600
-2682	-3280
406	-3400
-2650	-2723
-2553	-3114
-2531	-3169
-2501	-3706
-2398	-2446
-2352	-3374
-2350	-2559
-2193	-3613
-2175	-3758
-1971	-3965
-1779	-3668
-1690	-2785
-1662	-2076
-1643	-2783
-1606	-4083
-1601	-3941
-1549	-2564
-1542	-3121
-1395	-1673
-1332	-2520
-1326	-3653
-1301	-3279
-1162	-3438
-1135	1429
-1090	-1371
-1087	-3125
-1046	705
-1008	-3009
942	-3213
-901	-2113
-888	-3448
-855	-1501
-785	-1304
-725	-2142
989	-2777
-651	-1638
-642	-2488
-615	-3831
-614	-3777
1036	-2519
-466	-1619
-441	-646
-428	-2742
-423	-4051
-325	-4136
-297	-3562
-273	-3355
1118	-2782
-164	-2118
-140	-1541
-125	-2310
-46	-1280
972	-3984
1411	1362
1379	1366
1265	-2330
1271	-1261
1402	1077
1413	-3646
1414	1223
1378	1221
1245	-3912
-336	1370
1394	1371
1376	1234
1356	1270
1408	-3881
1294	-4155
1236	-3030
1238	-2182
1239	-2411
1240	-2086
1243	-1843
1244	-1886
1250	-2091
-653	1246
1276	1433
1278	-1653
-243	1350
1283	-4043
1287	-4074
1289	-2835
1358	-2159
1484	1483
1261	1503
1416	-3542
1515	-3315
1487	1466
1516	-2636
1458	736
1469	-1277
1389	-327
1405	1478
-445	1368
1507	-1221
1509	-3860
1488	-3459
1518	1492
1495	-2257
1506	1407
1522	1527
1489	1502
1521	1232
-2618	1420
-1825	1436
-1459	1446
-1375	1432
-556	1448
-48	1480
1486	1424
1497	-1538
-238	1505
1510	-1376
1406	-3457
1404	-3292
1409	-3850
1295	1288
1454	-3383
926	215
-884	-1527
-627	-3056
-366	-2146
1474	-2253
1536	-3016
1460	1535
-237	1464
-3299	-3776
-3189	-4145
-3017	-3019
-2930	-3861
-2907	-4105
-2803	-4120
1427	-3427
-2638	-2647
-2554	-3559
-2442	-3937
-2400	-4147
-2356	-2829
-2298	-3621
-2297	-3935
-2290	-3173
540	-4036
-2231	-3561
-2136	-2315
-2125	-3395
-2070	-4045
-2066	-2992
-2057	-2677
-2037	-3783
-1989	-3846
-1986	-3265
-1939	-4144
-1934	-3236
-1915	-2031
-1910	-2087
658	-3415
-1845	-2698
-1802	-3864
-1781	-2859
-1774	-4086
-1761	-4157
-1733	1428
-1703	-3326
-1689	-1715
-1676	-4152
-1661	-3548
-1634	-4063
-1616	-3920
-1547	-3490
-1486	-2952
1449	-2190
-1310	-1558
1451	-3852
-1253	-3239
-1159	-2596
-1097	-1333
-1088	-4029
-1054	-2536
-985	-4066
-961	-2786
-947	-4153
-922	-1694
-920	-1132
1519	-2656
-873	-3971
-859	-4183
-850	-1515
-841	-1442
-838	-2451
-832	-1355
-828	-2779
-763	-1284
-753	-2809
-737	-1810
-709	-4010
-698	-1808
-689	-3926
-678	-3504
-672	-3159
-660	-2729
-648	-3200
-644	-3684
1467	-2368
-605	-3250
-560	-3150
-537	-1156
-529	-1563
-523	-3601
-502	-4024
1471	-450
-432	-732
-368	-3294
-193	-1880
-177	-258
-149	-3655
-124	-2014
-105	-3206
-101	-1735
-60	-1470
-49	-3082
-26	-1762
1485	1422
1490	-3256
1545	1423
1513	1374
1397	1498
-300	1554
1491	-3514
1337	1417
1530	1431
1412	-4058
1529	-2838
1544	-1799
-108	1494
1659	-4027
1347	-1151
1664	-1967
1531	-2716
1279	1600
1520	-2598
1667	-997
1353	-4087
1550	-1130
1551	1441
1523	-2373
1355	-2940
1556	-3753
1588	-2724
-1675	1575
1597	-2308
-1510	1592
-1455	1576
-1222	1570
-913	1598
1614	-1743
-825	1565
1465	1254
-496	1630
1470	1557
1640	-677
-287	1566
1646	382
1546	-3352
1511	1372
1653	-3441
1675	-1688
1493	1496
1410	1434
1661	-2881
-2438	1533
1666	-112
1508	1581
-595	1547
1504	-3428
1693	-3742
-106	1660
1539	-1305
1540	-2942
-1197	1553
-129	1542
1658	-1635
1386	-1585
1613	-2465
1654	-2197
1663	1673
1514	-1999
1624	1499
1700	1713
1517	-88
1447	1437
1705	1430
1632	634
-21	1591
1696	-1665
1392	1455
1476	1580
1662	1625
1526	-2924
-735	1453
1443	-3936
1459	-3879
1463	-2545
-483	1684
-360	1682
1652	-151
1403	-3957
1524	-4131
1525	-2784
1636	1450
1475	1567
1648	1587
-876	1708
1697	-692
-2651	-2905
-3835	-4173
-3757	-4096
-3703	-4021
-3634	-3740
1418	-3813
-3287	-3552
-3282	-3885
-3069	-3418
-3026	-3442
-2991	-3011
-2965	-3729
-2904	-3217
-2902	-3832
-2898	-3997
-2816	-3773
-2591	-3913
-2490	-2599
-2487	-3350
-2441	-3240
-2399	-3410
-2383	-3068
-2379	-3676
1435	-2967
-2309	-3536
-2252	-2900
-2067	-3382
-1966	-3437
-1923	-3626
-1901	-3264
1442	-2003
-1539	-1755
-1532	-3949
-1520	-2532
-1494	-1853
-1480	-3827
-1393	-3472
-1354	-1420
-1345	-3247
-1290	1772
-1194	-2769
-1192	-4154
-1164	-4168
-1099	-2891
-1089	-1462
-1080	1439
-1049	-3286
-1012	-1058
-1003	-2662
-848	-1082
-837	-3531
-814	-2738
1482	-4007
-638	-3120
1468	-3950
-584	-3822
-550	-2780
-546	-2721
-543	-2694
-540	-2756
-522	1462
-511	-640
-489	-932
-469	1802
-462	-4002
-458	-2805
-449	1780
-426	-3700
-372	1472
-361	-1436
-342	-1153
-216	-3222
-166	-2673
-138	-2585
-99	-2335
-61	1440
-42	-2212
-33	-1100
-9	-1757
1724	1651
1706	-2726
1552	1528
-1936	1699
1532	-1610
1735	-2692
1726	1626
1715	1683
1691	1273
1555	-3188
1739	-3981
1711	1534
1669	-2148
1694	-2470
1293	-1245
1674	-2168
1720	-3002
-1667	1578
-1443	1568
-1297	1569
-1007	1590
1608	-1102
1622	-2188
-575	1583
1638	-2010
-316	1641
1644	-1427
1543	1698
1714	1595
1609	1678
1615	1729
1656	1599
1690	1574
1737	1564
1549	-3034
-505	1548
1242	-4003
-1754	1577
1601	-1550
1606	-1240
1616	-2044
1617	1425
-681	1605
-673	1596
1634	-2476
-524	1586
1637	-2994
1645	-463
-102	1264
1649	-4084
1723	1692
1717	-2565
1873	1803
1823	-3977
1742	1813
1727	1593
1874	-240
-1409	1680
-1362	1681
-1267	1858
1805	1703
1670	1796
-480	1795
1878	-3089
1655	-1453
1801	1716
1849	-1696
1736	-3705
1710	-1478
1702	-1708
1885	-3665
1512	-1523
1391	-1850
1892	1759
1707	1594
1882	-3890
1875	-464
1895	1811
1898	1764
1828	-2555
1538	-950
1850	-791
-1509	1719
1730	-3156
1722	-3038
1835	-1296
1867	1774
1899	-1237
1444	-3392
-1320	1757
1452	-2551
-187	1784
1817	-1506
-23	1758
1821	1804
1837	-598
1831	1844
1834	-772
-2116	1562
1500	-3477
1868	-2277
-197	1741
1879	-3075
-713	1881
1732	-3722
1734	-1574
1830	-1006
-2405	-3010
-1775	-3859
-1521	-3181
-4034	-4181
-3841	-3934
-3501	-3888
-3327	-3353
-3248	-3892
-3157	-3260
-3141	-3797
-3081	-3231
-3004	-3007
1426	-3003
-2827	-2981
-2818	1755
-2801	-2959
-2781	-2925
-2766	-3417
-2737	-3534
-2683	-3853
-2674	-3818
-2648	-3643
-2514	-3262
-2506	-3623
-2466	-3871
-2462	-3598
-2397	-4102
-2361	1756
-2236	-3833
-2088	-2791
-2071	-2876
1769	-2503
-2054	-3990
-1933	-3530
-1916	-2897
-1903	-2267
-1897	-2800
-1865	-2491
-1804	-3716
-1786	-3088
-1732	-2788
-1693	1750
-1654	-2962
1445	-1992
-1582	-2839
-1560	-2263
-1522	-1731
-1507	-3909
-1448	-3815
-1327	-3197
-1188	-1503
-1165	-1513
-1152	-3473
-1140	-4148
-1126	-2854
-1078	-3545
-1063	-1127
-1005	-3152
-984	1791
-878	-1378
-764	-1739
-743	-4126
-720	-786
-719	-1856
-717	-4093
-647	-2007
1797	-3238
-474	-1252
1807	-470
1809	-3318
-351	-2286
-332	-874
-254	-3633
-231	1438
-218	-2281
-183	-1091
-175	-2880
-145	-712
-128	-1729
-75	-3964
-67	-1744
1718	-3127
1854	1559
1909	-1381
1847	1833
2012	1620
1901	1572
1639	1628
1918	1457
1688	-1154
2010	-823
1668	-3572
2014	1903
1787	1880
1863	1789
1838	-2265
-1929	1766
1906	1864
1704	-886
1686	-1753
1907	-701
1889	-1265
1827	1799
1836	-1308
1856	-1650
-513	1865
1871	-3394
1894	-1548
1712	-3717
1537	-1042
1914	-1270
1709	1859
1585	-3671
1862	-2472
1876	-1701
1826	-2332
1852	-951
1824	-1215
1891	1631
2021	-2364
-526	1657
1855	-1220
1558	-3952
-1789	1584
1603	-1529
1612	-2622
1619	-4095
2015	-2607
1643	1905
1883	-2895
2029	-495
2048	-3636
1842	1948
1820	1775
1930	-3209
1721	-2644
2019	1931
1701	-557
1733	-919
1561	-2910
-2129	1951
-1940	1560
1607	-4046
-916	1604
2045	-2326
1990	-3006
-739	1937
1623	-3840
-665	1981
-507	1950
1275	-4077
-158	1976
1665	-528
1647	-2369
1887	-2787
2060	1896
1893	-3332
1473	1829
1919	-3110
2016	-755
1888	-2484
2089	-2468
1913	1810
1900	-2095
2054	-1997
1602	-3958
1731	-4035
2027	1541
2084	-1887
1848	1853
1779	1972
2039	1860
1910	-2194
1911	-3304
1927	-1428
-1440	1676
-892	1970
1845	-1822
1926	1985
-54	1825
2057	1956
2024	-904
1922	-729
1872	-3298
2058	-889
1671	-3741
2037	-2693
1679	1942
2097	1955
1902	2041
2098	1281
1633	1788
1884	-2075
2030	1993
1740	-1389
-1160	1768
-612	1754
2090	2046
1857	2047
1573	1563
2011	2000
2108	2073
1997	1461
2050	-3870
1771	-2937
-1663	1770
1776	-1668
1793	-2660
-574	1777
1800	1745
1814	-3413
-203	1760
1819	-1457
1916	-4176
1695	-4178
2018	-661
2017	1773
2022	-3416
2002	-2701
1841	-2633
2071	-3087
1843	-1474
-896	2072
-294	2034
2032	-233
-721	-2317
-114	-1119
1746	-3800
-3111	-3246
-3037	-3690
-3023	-3960
-2998	-3681
-2896	-3836
-2746	-3521
-2719	-3005
-2497	-2747
-2435	-2841
-2407	-3575
-2376	-3647
-2126	-2452
-2120	-2525
-2021	-3022
-1993	-2210
-1892	-2051
-1767	-3854
-1632	-3329
-1593	2173
-1477	-1535
-1432	-3104
-1419	-3342
-1410	-2963
-1405	-3635
-1397	-1719
1783	-3249
-1186	-2883
-1179	-2527
-1123	-4164
1456	-2725
-1032	-3403
-1002	-3782
-921	-3954
-864	-3331
-858	-2663
-853	-3697
-835	-1255
-829	-2319
-827	-1546
-813	-3903
-722	-2387
-691	-819
-656	-2687
-617	-2338
-578	-871
-577	-1820
-572	-3466
-568	-2678
-525	-3828
-485	-2820
-479	-4081
-453	-926
-440	-2960
-439	1808
-391	-3214
-384	-2422
-358	-580
-339	1753
-289	-4106
-253	-2862
-250	-1195
-244	-3293
-221	-1815
-219	-2926
2091	-3687
-141	-658
1479	-3745
-113	-3060
-90	-1890
-64	-83
-62	-2709
1818	-959
-24	-697
-19	-1019
-7	-2060
1689	1921
2065	-703
1890	-4132
2120	1904
2092	-1229
2066	-406
2117	-2538
2082	1627
1923	1846
2233	1941
2059	2005
1920	-2706
2023	-3001
2228	2051
1642	2049
1839	1963
-355	2056
2013	-993
1738	-3045
2122	1611
2086	1983
2028	2052
2145	-3819
2238	-3440
1995	-3072
2255	2114
2121	-3449
2229	2094
2226	1748
2112	-3616
2144	2093
2031	-3523
1629	2025
1685	-3565
-777	1943
2207	2250
1851	-989
2243	-2699
-1322	1924
1832	-2973
2119	2109
2043	-792
2036	-1340
2244	-2149
1877	-1101
2242	1421
1579	2169
-1738	1966
-15	1982
2044	2184
1230	1765
2149	-1407
2062	1974
2085	2183
1988	2053
2237	-2712
2113	-2046
2110	1954
1929	-2799
2095	1571
1582	-3906
-1829	1932
1968	-2325
1975	-3040
-1341	1958
-1278	1935
1980	-2581
1984	-2130
-501	1991
-412	1967
2004	-3961
1650	-687
2261	-4133
-414	2276
-22	2153
2257	1986
2236	-2320
2100	1999
2130	2194
-607	2069
2104	-3100
2245	2135
-3609	2156
1915	-2511
1886	-1464
-68	2063
1928	-2619
-1232	2296
2080	-3070
1870	-2964
2142	2070
-405	2111
2277	1861
2240	2134
2131	-626
2304	1672
1897	-2806
2307	-341
2040	-2036
2061	-1609
2076	1936
-769	2275
2323	2105
2126	-1768
2284	-459
2087	-1725
1806	1934
2118	-3667
2055	-1074
1751	-3227
1767	-2713
1794	-1331
2287	-1791
2335	2127
2211	1996
2103	-345
2140	2286
1989	1964
1960	-4141
2020	-810
2107	-3232
2185	1979
2254	-3799
2138	-800
2035	-4005
1961	1945
1908	-4094
2141	1761
2154	-2893
1747	-3978
-1600	2160
1786	-2802
-910	2163
-783	1744
1798	-2396
-436	1785
1816	-1318
2079	-633
2116	-3359
-1525	-2856
2224	2302
1743	-4107
2155	-1311
-3820	-3845
-3688	-3789
-3535	-3606
-3385	-4055
-3106	-3212
-3058	-3375
-2864	-3979
-2834	-3654
-2813	-3578
-2736	-3581
-2627	-3411
-2575	-3896
-2535	-3085
2165	-2825
-2408	-4123
-2384	-4011
-2374	-2750
-2347	-3335
-2342	-3642
-2304	-2502
-2235	-2420
-2170	1749
-2164	-2887
-2069	-3324
-1994	-3219
-1943	-2223
-1898	-3135
-1817	-3736
-1704	-3693
-1660	-1948
-1554	1752
-1344	-2510
-1330	-4022
-1294	-2200
1782	-1336
-1018	-2448
-1004	-3275
-975	-2657
-973	-3297
2190	-1476
2191	-872
-842	-1819
2193	-3300
-789	-1952
-787	-3267
-756	-2084
-730	-2000
-726	-1559
-715	-1557
-693	-3592
-682	-4008
-666	-960
-649	-3694
-613	-2695
-586	-2560
2203	-965
-552	-1968
-533	-1021
-520	-893
-514	-3844
-461	-3482
-447	-1575
-443	-877
-401	-3112
-311	-1918
-306	-2652
-288	-1832
-278	-1116
-262	-2333
-192	-2469
1815	-3893
-137	-2254
-109	-565
-30	-3825
2241	-1838
-16	2285
-222	2267
2347	1965
2339	-4125
1866	2042
2083	-1869
2352	-2608
2313	2256
2308	-4062
1812	2333
2258	-1882
-1450	2278
2152	-2255
2327	2312
2249	-3692
2264	2151
2179	2101
2239	1952
2106	2202
2273	-2793
2221	-2251
2265	-2573
1998	-2313
-133	1725
2282	1938
2281	-3887
1917	-1514
-224	2270
2272	-1551
2326	2125
2074	-1695
2075	-941
2300	-3474
2329	-908
2328	1618
-571	2269
2026	-3666
2274	-4026
2354	-3167
-364	2290
2234	-3728
1987	-2166
2343	-3364
1925	-1904
2232	-3305
2096	-2268
2452	1763
2467	2297
1728	2414
2038	-1295
-2641	1939
1971	-3035
2483	-2158
2139	2253
2262	-1247
2143	-632
2337	2481
2033	-3015
2150	-3126
2349	-2230
2451	2251
2246	-510
-1104	2314
2315	2187
2358	2148
1953	-3721
1959	-3481
-1959	2387
-1875	2384
-1536	2402
-1518	1589
-1460	2395
2440	-992
-234	2380
2006	-573
2455	-957
2503	2398
2218	2338
2502	-3938
2260	2214
2348	-1828
2528	-410
2268	2409
2478	-1816
2115	2188
2487	-2579
2289	-3008
-160	2325
2470	-3310
2362	-1821
2182	-3811
2469	2136
2497	1781
2306	-752
2464	-2929
2280	-2072
2344	-624
2324	1778
2351	-2195
2370	-2877
2336	2433
2346	-3787
-378	2456
2525	2412
2102	2390
-11	2263
1822	-3309
2369	-2879
-63	2539
2132	2219
-328	2305
-259	2252
2330	-1490
2463	-382
2081	2416
2099	-3295
2473	-380
2235	2331
2413	2342
2404	2279
2259	2411
2505	-2975
2009	2537
2533	2003
2511	-1081
-31	2526
2494	-952
2318	-1416
2064	-2817
2536	-3830
2546	-2020
-629	2174
2227	-1714
2288	-3025
2571	-396
2345	-1324
2124	-2185
2311	2177
1840	-1851
2078	-620
2531	-1115
2186	-2097
2547	2180
2572	2299
2147	-3928
2128	-2763
2421	2394
2146	-2429
2123	-3453
2176	-1900
-1368	2178
-561	2158
2225	-2540
2231	-2096
-304	2484
2500	-3235
1677	-1861
2415	-3102
2321	-1927
-2882	-4076
2488	-1893
-1569	2609
2563	-1995
2573	-2789
-3516	-3712
-3207	-4114
-3131	-3959
-3074	-3409
-2978	-3124
-2654	-2773
-2417	-3900
-2345	-3036
-2162	-4000
-2103	-3699
-1990	-2426
-1980	-3195
-1710	-3031
-1669	-2717
-1275	-2388
-1273	-3680
-1268	-3306
-1246	-4112
-1209	-3715
-1175	-1404
-1072	-1365
-1060	-2006
-999	-2983
-980	-3541
-909	-3677
-860	-2269
-857	-3479
-794	-3533
-733	-3566
2198	-3788
-602	-2413
-497	-3290
-491	-1571
-477	-616
-457	-1871
-456	-2483
-417	-634
2212	-1120
-356	-2616
-279	-2908
-252	-2033
-246	-3073
-215	-2939
-134	-3042
-43	-2191
2541	2396
2592	2479
2535	2408
2549	-2530
2550	-2901
2585	2360
2340	2292
2466	-2832
2310	-499
2593	-390
2322	-3970
2430	2392
2561	-1830
2540	-3048
2353	-3177
-208	2534
2666	-4065
2612	-2005
-419	2355
2581	2192
2462	-1367
1869	-940
2210	-3734
2664	2222
2181	1957
2271	-4032
2001	-3465
2373	-3192
2599	-3727
2372	2217
2493	-963
-285	2129
2359	-1208
2431	2567
2667	2501
2423	2168
2670	-3953
2317	-1201
2486	-2366
2374	2480
2586	-4146
2613	2485
2391	-2703
1621	-3988
1992	-4020
2438	-969
-56	2399
2401	2375
-121	2334
2605	-3278
2357	2385
2607	-1146
2208	2400
2435	2319
2316	2638
2676	-518
2514	-2327
2476	-589
2457	2668
2575	-3580
2428	-3351
1635	-3916
-481	2393
-81	2419
2448	-933
2453	-4170
2283	-3497
2356	-521
2590	-1394
2660	-2445
2727	-938
2461	-1803
2707	2350
2508	-1374
2517	1762
2077	-2886
1610	2512
2364	2490
2718	2527
2714	-1621
2562	2652
2417	2568
2506	-1491
2538	-3764
2295	2175
2691	-3330
2520	2161
2679	-1508
2489	2196
2671	-3145
2499	-774
2653	2507
2728	2167
2475	-4160
2566	-1946
2669	-2341
2215	2692
2602	2684
2067	-3737
2504	-2938
2724	2199
2697	-3972
2659	2410
2608	-2795
2582	2379
2579	-1641
2717	-3821
2738	-3284
2740	2378
2468	2621
2510	-4047
2674	-793
2713	-955
2577	-2577
2363	2515
-2810	2341
2460	-4056
2584	-1027
2542	2665
2303	-1787
2559	2383
2700	2649
2162	-3421
2171	-2011
2200	-902
2206	-1724
2716	-3367
2492	2376
2677	-1597
2443	2371
2366	-925
2368	-1059
2133	2361
-1382	2247
-420	2600
2449	-162
-431	2474
2513	-3966
2787	-1482
2757	-968
-549	2710
2632	-2329
-868	2623
-562	2614
-301	2628
2216	-1259
-73	2647
2701	-3462
2554	-2927
2690	2795
-120	-471
2682	2742
-3528	-3849
-2772	-3663
-2593	-3066
-2541	-3627
-2412	-4069
-2392	-3495
-2377	-3537
-2346	-2480
-2169	-3314
-2123	-2378
-2058	-2640
-1655	-3862
-1613	-1925
-1473	-2180
-1348	-3360
-1292	-3775
2630	-1493
-1223	-1727
-1125	-2523
-1071	-3144
-1062	-3174
-998	-1842
-949	-1434
-917	-1213
-846	-2915
-768	2640
-744	-3334
-708	-760
-662	-3847
-563	-3316
-519	-2391
-504	-2029
-500	-517
-448	-1289
-425	-746
-416	-2974
-367	-1973
-239	1792
-211	-2547
-205	-899
-161	-3730
-77	-2282
-37	-1029
-28	-1614
2524	2298
2729	-1303
2768	-1444
2688	-478
2583	-2603
2442	2068
2715	-1030
2662	-2498
2760	-1512
-374	2509
2856	-3117
2570	-2948
2673	-1206
2751	-3540
2761	2565
2698	-1096
2595	-2990
2309	-4182
2755	-2552
-57	2749
2793	-3204
2663	-1587
2587	-2702
2737	2597
2780	-903
2230	2732
2765	-3370
2769	2734
2775	-1346
2747	-3814
2558	2266
2695	-3281
2804	-1009
2858	2381
-2567	2708
2882	2618
2521	-3571
2685	-451
2859	-2556
2553	-1935
2610	2672
2779	2420
2731	2589
2789	2425
2733	-2427
2496	-2890
2564	-1353
2477	2725
2759	-4156
2675	-2848
2730	-2500
2639	1973
-2689	1940
-1463	2389
2407	-1359
-1181	2377
-494	1947
2764	-840
2578	-1219
2750	-3252
2429	1944
2569	2166
2426	-2275
2436	-3640
2008	-1390
2651	2699
2810	2821
2873	-2609
2654	2544
2746	-4015
2881	1933
2888	2892
2867	-2121
2719	-1437
2594	2532
2790	2808
-1883	2806
-882	2743
2801	-2601
2367	-1139
2805	-928
2745	2820
2548	-2762
2301	-2439
-85	2848
2774	-3139
2603	2792
2868	-2039
-1016	2687
2797	-2447
2788	2884
2880	2895
2869	-555
2831	2905
2923	-2040
2799	2518
2752	-3218
2803	2842
2855	2459
2887	2709
2723	2694
2735	2832
2901	-2592
2465	-2274
2877	-3792
2773	2899
2883	-1234
-1496	2159
2925	2648
2762	-1271
2445	2213
2890	-1737
2519	-3593
1687	-2381
2248	-554
2912	-3439
2741	-1147
2865	2636
2864	-843
2635	-1300
-809	2631
2655	-1198
-74	2625
2711	2830
2405	-3399
2720	-2234
2596	-3710
2844	2826
2870	-3408
2800	-1991
-3543	-4139
-3519	-3756
-3155	-3863
-3067	-3456
-2826	-2988
-2733	-3709
-2669	-3133
-2433	-4054
-2353	-2453
-2224	-3670
-2187	-4172
2622	-2550
-1391	-1598
-1364	-3682
-1144	-3895
-977	-1627
2189	-2931
-808	-2307
-740	-2667
-610	-2463
-604	-1928
2220	-1043
-204	-1337
-155	-2393
-119	-3397
-89	-1402
2754	-599
2681	2758
2866	2522
2916	-2111
2721	2706
2921	2611
2712	-1170
2878	-482
2941	2942
2771	-4016
2766	-1257
2205	2931
2896	-844
2644	2786
2657	2552
2922	-2355
2696	-2237
2778	-386
2952	2907
2872	2616
2957	-3443
2424	2862
-1110	2908
2739	-4091
2495	-2270
2903	2932
-94	3012
2529	2642
2365	-3538
2802	-1712
2770	-2153
2894	-1433
2963	-2053
2911	-1908
3016	-3094
2472	-532
2904	-1670
2966	-1323
2924	-3880
2756	2959
2969	-1056
2812	-3047
-1644	1962
-669	2823
2444	-200
2726	-1692
-291	2971
2776	2388
2846	2822
3027	2983
2523	-553
-2176	2818
1978	-1652
-1161	2406
-775	2811
2839	-2751
2841	2204
-41	2834
-8	2434
2784	2948
2753	-2631
3036	-1947
2943	-2984
2953	-3339
3028	2643
2947	-2475
2946	-761
3061	2898
2930	2938
2927	-3942
2772	-2768
3051	-1784
2879	2875
2920	-1958
3045	-1423
-2177	2686
3013	2422
2658	2860
2450	-3946
2982	2886
2530	-3186
2763	-3486
2885	-3986
3026	-3798
2956	1419
2629	-2507
2876	-1226
3037	-3147
2936	-3404
-276	2961
2926	-2589
2950	2910
3077	2615
2693	3005
3094	2620
3076	-1996
2678	2889
2427	2619
3015	3024
3017	-3496
3030	2157
3091	3052
2471	-3754
2441	3049
2994	2988
3018	2294
2863	-2199
2975	-3507
2320	-354
-3444	-3522
-3185	-3994
-3071	-3723
-2764	2985
-2744	-3369
-2155	-3283
-2141	-4037
-2094	-3765
-1906	-2233
-1809	-3363
-1772	-2201
-1764	-2402
-1700	-3739
-1697	-3657
-1449	-3379
2998	-3590
-1328	-3041
-1266	-1782
-1204	-2688
-1137	-3674
-1066	-1205
-1065	-1228
-579	-1962
-488	-2617
-377	-2478
-315	-2065
-272	-3662
-96	-2968
-59	-3905
-4	-1747
3043	-3366
2929	-2697
3081	2847
2893	-1467
3025	2634
3101	2967
3020	-3027
3038	3059
3114	2917
2454	-1826
3070	3001
3098	-3509
3035	-1711
2960	-1907
3104	2933
2683	-2151
3006	2857
2604	-766
3085	-2028
2949	-3436
2955	3160
3090	-4049
3103	-1014
-2099	2813
3105	-1166
3079	3062
3048	-512
3151	-2019
2972	-3747
2785	-4079
3150	3140
3174	2996
2777	-3308
3083	-3517
3088	3054
2835	-3116
2837	-1122
1022	1994
-201	2432
-117	2439
-34	2403
3072	2939
-1011	2871
2606	-4122
3023	-879
-749	3115
3060	2914
2838	-3454
-472	3142
2007	-3614
2852	-2110
3176	3014
3152	-2225
3087	3095
3078	-4121
2962	-2504
3042	-987
3168	2945
3058	-880
2900	-3884
3106	-3055
2689	-847
3172	-2348
2978	3130
2833	3073
2861	-1361
3155	3123
2836	-2291
2976	-784
3033	-4057
3068	3110
2973	-2855
3153	2993
3116	-1691
3162	-3182
2291	-4162
3067	-1283
3183	-3628
3178	2809
2854	3084
3210	2825
3029	2934
3069	3184
3164	3204
2951	-558
-275	3192
-312	2767
3170	-1615
3163	-1379
3089	-1047
3066	2999
3047	-1425
2935	3022
3212	-4179
3044	2627
2555	-869
3175	-2828
2981	-1461
3109	3096
3097	-422
3112	3143
2968	-1987
3238	-2588
3009	3185
3092	-978
-983	3099
2918	-818
2798	-2434
2897	-1050
3064	-1988
3167	2891
2650	2819
3002	-1783
2197	-3340
3004	-4017
2656	-597
-329	-1020
2995	3122
-2980	-3664
-2830	-3985
-2375	-3951
-2206	-3406
-1931	-4119
-1881	-2215
-1793	-3557
-1313	-2794
-1288	-2936
-1216	-2135
-1136	-3255
-1109	-2642
-1084	-2961
-1075	-1373
-1001	-1504
-915	-1454
-905	-3570
-861	-3095
-811	3269
-686	-1604
-635	-767
-393	-2138
-326	-2611
-282	-3274
-235	-2240
3207	-3183
3228	-1776
3230	3128
2580	-1975
3019	3173
3243	2977
3215	-2524
-1403	2781
3181	2987
3010	3182
3118	-2196
3246	-3807
2545	-1260
3267	-3518
3046	3277
3208	-3039
3166	2954
-357	2827
-139	3107
3057	2829
3298	3171
3193	-3894
3223	3290
3227	-545
3075	-4150
3248	-3455
2843	-4067
3297	-2869
3214	-2264
3257	-2945
3111	3126
2902	2637
3220	3217
3011	-2999
3134	-2911
2516	-2363
3313	2845
3021	-1674
3244	2397
3253	-1628
2557	3131
2874	-2921
3199	3221
3255	3127
2853	3219
3161	-2171
3196	-2119
3301	2992
3317	3256
3032	-2951
3108	2824
3254	3321
3198	-3589
3311	2989
3149	3233
3315	-376
3158	-1386
3056	-1183
3232	-815
3191	2849
3340	-659
3304	-619
2807	-2989
3206	-2852
3293	-2183
3323	3195
-78	3338
3320	2646
3190	3216
3237	-475
3180	2990
3249	-2655
3351	3284
-53	2984
-399	2782
3229	-4088
2840	2164
3316	-895
-1863	2617
-335	2997
-307	3268
2909	-2612
3074	-225
-2163	-2597
-2152	-4180
-1919	-2637
-1387	-2278
-1380	-3480
-1124	-3365
-982	-2993
-664	-3176
-269	-4163
-264	-2083
-236	3276
3235	-1884
3353	-2586
2937	-2198
3154	3055
3299	3132
3342	-3940
3194	-2906
3357	3086
-181	3310
2906	-3362
3325	2601
2744	-220
3082	-2754
-87	3336
2722	3302
3394	3145
-1158	2815
3294	-2294
-180	3356
3133	-3166
3337	3333
3260	-1057
3144	3273
3384	-2165
3385	-630
3148	-1200
3245	-1458
3363	-2184
3242	-3160
3339	3395
3102	3271
3352	-1834
3053	-3208
2970	-3134
3318	3282
3231	-3574
3360	-621
3388	-1484
3250	3288
3329	-299
3402	-84
3156	-2004
3157	-3650
3324	-2574
3309	-2425
3050	-3763
3008	-165
3159	-3624
3396	3139
3368	-2899
3418	-1069
3393	-2767
-346	3303
3251	-2620
3362	-2211
3200	-1984
3354	-3476
3264	-3553
3397	-797
3280	-1254
3427	-1885
3265	-1687
-2752	-3619
-2705	-3917
-2602	-3922
-1516	-2867
-1306	-1723
-20	-3028
3425	-728
2705	3261
3390	-3760
3421	3376
3252	3129
3201	-2933
2796	3372
3447	-1572
3432	-3527
3401	-758
3431	-3993
3344	2332
3436	-538
3335	-1370
3345	3287
-242	3409
3203	2974
3442	3332
3369	-3276
3462	-3975
3424	-1150
3391	3124
3358	3262
3188	-4071
3400	3274
3416	-967
2965	3272
3348	-4098
3346	-544
3426	3382
3347	-2718
3331	3383
3259	-2207
3291	3138
3137	-4039
3422	3377
3459	3270
3437	-2077
3471	-821
3441	-3877
3485	3452
3469	3473
3408	-4116
3458	-2157
3373	3343
2633	3306
3474	-1588
3443	-274
3479	3478
3407	-966
3240	-4078
3361	-1401
3169	-1636
3460	-3451
3371	-2932
3375	-3969
3445	-2045
3466	-1942
3415	-807
3387	-1896
3278	-2950
-710	3286
3389	-2147
3492	-2918
3464	-1709
3493	-690
-305	3314
-2386	-4171
-1852	-3013
-936	-3898
-852	-3725
-202	-4009
-170	-3161
-103	-2833
3399	-2790
3494	-1905
3438	-1039
2748	-836
3455	-694
3490	3275
3434	-1659
3366	-1974
3475	-3475
3386	3499
3365	3136
3285	3489
3518	-3718
3498	3186
3392	-1758
3403	1969
3480	3289
3433	-1656
3429	-3551
3341	-3057
3491	-1412
3448	-970
3468	-3245
3495	-36
3503	3406
-1118	3380
3535	-3388
3218	3319
3350	-2380
3501	-157
3477	-1545
-530	3241
3509	-2260
3419	-3333
3534	3300
3113	-2661
3510	3283
3551	-1800
3520	-3063
3557	-3987
3512	3327
3410	-1475
2915	-2495
3279	-4061
3541	-3179
-2774	-3786
-2700	-3962
-2102	-3599
-2041	-2239
-1961	3451
-1242	-2860
-1034	-1108
3513	-2098
3511	-1590
3504	-1131
3521	-750
3423	-592
3514	-3683
3482	-2025
3566	-2246
3582	-1495
3446	-3781
3483	-2305
3370	-596
3488	3542
3549	-2052
3569	3540
3555	-3510
3472	-3943
3567	-404
3539	-802
3502	-2496
3545	-1602
3465	-3312
3516	2991
3330	-587
-35	3583
3552	-3244
3588	-1578
3563	3554
3573	-484
3519	-4166
3292	3500
3364	-2614
3537	-1441
3417	-3974
3553	3121
3506	-2013
3589	-2299
3595	-2418
3584	-541
3585	-2851
3616	-2745
3594	3450
3605	-609
3617	-1745
3599	3561
3602	-3617
3548	-226
3615	-2063
3623	-2127
3496	-3927
3559	-3839
3558	-3673
3632	-3237
3556	-3774
3618	-1647
3359	-486
3613	-2517
3481	-281
3461	-2285
3307	-812
3601	3578
-1241	3453
-765	-2312
3457	-986
3624	3574
3620	-1085
3476	-1595
3611	-1384
3622	-1591
3642	-2710
-705	3523
3619	-2571
3487	-2582
3444	-1965
3610	-3234
3598	-3874
3597	3411
3646	-2563
3637	-1105
3633	-2161
3635	-2300
3614	-907
3630	-3348
3639	-1174
-270	3281
3660	-373
3645	-2912
-2807	-3558
-1648	-3426
3505	-1143
3080	-1751
3625	-548
3654	-1565
-5	3591
3661	-865
3641	3668
3593	-608
3586	-1249
3648	-1347
3258	-2569
3647	-2847
3667	-1684
3656	-3932
3435	-2203
3677	-1342
3517	-3829
3570	-918
-58	3675
3414	-3802
3676	-1472
3533	-2819
3682	-780
3679	-1807
3663	3650
3538	3669
3688	-2909
3629	3007
3678	-2562
3652	-1954
3659	-1469
3670	-2371
3685	3673
3672	-3115
3562	-1854
3662	-2208
3665	3608
-622	-4004
3703	-369
3404	3296
2794	-465
3604	2964
3666	3681
-583	-979
-1076	-1456
1027	2418
2491	777
-1360	-3054
-1350	-2090
2560	2458
2088	2293
2172	-1955
-191	-2749
2913	1949
2482	2170
2598	2574
2680	2137
-3136	-3412
-2522	-3170
-1281	-2492
3100	2736
3224	2498
2591	2382
2703	-3512
2704	-1214
-2104	2816
2928	1790
3420	3234
3209	3041
2576	3211
3222	3428
3034	3532
2201	2783
3003	-1429
-3146	-3425
-2343	-3945
-3128	-4127
-429	-3464
2919	2588
3071	3225
3328	1946
2543	3093
3239	3529
2850	-209
3690	3657
3202	2958
2437	2979
-2241	-3084
-990	-2516
3117	3308
3135	3125
3039	2940
3326	3507
3119	2386
2551	2645
2661	3440
3524	-2117
-2336	2814
3334	3322
3247	3355
3147	2641
-2849	-3752
-2289	-3659
-92	-1713
3177	3560
3349	2944
3040	3564
3636	3236
3689	3592
-1103	2817
2447	-1759
3398	3226
2702	3205
3463	3430
3587	3295
3213	2791
3680	3508
-111	3470
-2421	-2623
-1562	-4103
3531	3686
3568	3497
-169	3063
3546	3263
3644	3543
2223	3515
-816	2986
3527	2195
-1334	3577
-1750	-3325
-704	-4072
3655	3565
3439	3671
3609	3600
3572	-3077
3189	-1718
3528	-1837
3547	3691
3467	3581
3484	3700
3197	3544
-444	2624
-3577	-3595
-2227	-3921
-576	-2979
3638	3640
3621	3626
3530	3631
3536	3522
-1773	3120
3486	3653
-1581	-2093
-1392	-1857
-972	-3618
-415	-680
3571	3704
3651	-4175
3456	3603
3683	3649
3628	3607
-1038	-2804
-3101	-3493
-1835	-3915
3698	3684
3692	3705
3707	1977
3550	3590
3634	3687
3708	3695
3697	3706
-585	-3492
-796	-3021
3696	3702
3693	3694
3165	-3702
-2219	-2734
-1013	-2831
-251	-3695
3711	3664
-352	3734
3765	2980
3658	3786
3627	3790
3833	3701
3526	3760
3787	3792
3606	3801
3737	3312
3807	3596
3825	3580
3413	3730
3745	-2409
3000	3729
3747	-1795
3146	3772
3715	3643
3813	-3591
3800	-4161
3773	-1256
3789	-3143
-1726	3746
3674	3808
3187	3822
3823	-2390
3824	-3923
3797	-266
3740	3709
3719	3179
3763	3732
3782	3379
3612	3774
3762	3405
3764	3724
3837	3699
3367	3810
3776	3374
3712	3809
3742	3750
3733	3771
3838	3843
3802	3820
3775	3769
3791	3783
3713	3721
3842	3754
3781	3761
3743	3821
3031	3826
3755	3741
3784	3777
3748	3720
3816	3834
3725	3738
3749	3739
-3749	-4012
-1583	-3532
3817	3803
-1678	3575
3811	3736
-298	-1649
-230	-1920
-806	-2205
2446	-3372
3835	3788
3525	3381
-881	-3704
2556	1481
3710	3579
1477	-1567
3780	3844
3851	3778
3768	3731
3848	3818
3726	3716
3805	3849
3840	3879
3865	3766
3881	3752
3305	3888
3860	3759
3897	3449
-731	3717
-833	3718
3852	3794
3871	3785
-734	3728
3758	-3241
3751	3880
3836	-628
3827	3883
3887	3723
3767	-2691
3858	3793
3753	-582
3868	3907
3864	-1172
3828	3901
3853	3859
3875	3141
3839	3894
3815	3891
3819	3757
3770	3908
3857	3877
3861	-3867
-851	-1686
3866	-2868
-2711	-3151
-323	-2580
-685	3065
3412	-1264
-866	-1017
3873	-1564
-1070	-1752
3902	3850
3919	3882
3722	-3407
-303	3814
3863	3872
3841	3914
3923	1912
2851	3847
2209	-4033
3917	-870
-1969	-2228
3916	-3696
-2428	-2508
3975	1501
3855	3854
3796	-3259
3977	3266
3845	3831
3756	-1079
3869	-1664
3973	-1771
3876	3980
3984	-1250
3986	-2526
3878	3885
-971	-4073
-1193	2828
3987	-277
3922	3918
3886	3991
3896	3735
3920	3899
3960	3867
3941	-2443
3943	-318
3924	-1651
3921	3898
3948	-2280
3982	-1106
3930	-2124
3944	-3261
3999	-2042
3892	3942
3890	3959
3952	-3608
3893	-706
-1553	-2331
-939	-2181
3454	4008
-340	4002
3903	-738
3979	3804
3900	4014
3998	-3924
3965	-1041
4003	3911
3992	3895
3972	-4080
3946	3829
3983	3812
4018	3576
4013	-3620
-408	3997
4012	-3603
-86	3950
3956	-3487
4027	-2590
4025	-430
3934	4005
3929	4009
4024	-1438
4004	-4041
-362	3994
4034	-2861
4026	-1620
4019	3936
-1848	3974
4021	-3910
3938	3925
3947	3990
3926	-1679
-130	3727
4030	3830
3993	-3544
4047	-3187
3978	-1823
4048	2626
4050	-2139
4051	-437
4052	-834
4038	-2776
3779	3976
4035	3714
4036	3744
4037	3962
4039	-154
4001	3798
4023	-1912
3937	4031
4046	-1451
4041	-446
-2	4061
4053	3856
4017	-3429
4058	3910
4057	3931
3906	4015
3927	4054
3874	3981
3795	4044
4059	-2213
3964	3989
4056	3953
4067	3935
3949	4074
3939	4043
3933	4070
4069	-3498
4065	3963
4063	4022
4077	3945
4081	3955
4072	3832
4066	3969
-1010	4040
4087	3971
-1026	-4060
-637	-3714
4091	-3165
-176	-1950
4093	-4159
-359	4064
3915	4055
4082	-1748
4084	3951
4068	3799
-1293	-1998
3909	4090
4094	3904
4089	3913
3912	-3303
3985	4076
4100	3905
4007	-2360
4006	4085
4000	4095
-174	4107
3889	4078
4098	3968
4101	3932
3957	-3345
3958	4092
4105	-1790
4045	-2958
3967	-2474
4032	4110
4033	3961
4103	4104
4062	3870
3995	4099
4049	-3576
4111	4086
3966	4106
3996	4112
4120	4010
3940	4088
4079	3378
4123	4127
3928	3988
4097	4080
4016	4114
4071	4113
4116	-1492
4020	3884
4122	-1849
4108	4126
4133	4011
4075	-590
4138	4102
4141	3970
4139	4115
4128	4109
4073	4029
4060	3862
3806	4096
4137	-3268
-1045	-3478
4140	4121
4125	3846
4124	4129
4135	4143
4119	4083
4132	4028
4131	4142
4130	4148
4136	4145
4134	4153
4147	4118
4151	4157
4155	4152
4149	4156
4144	4146
4159	4154
4161	4042
4163	4158
4162	4165
4164	3954
4166	4160
4170	4167
4169	-3253
4171	-736
4150	-3594
4173	4117
4168	-3018
4174	4175
4176	-1230
4179	4177
4172	4178
4181	4180
